Наслов,Опис,Категорија,Автор,Издавач,Година,Страници,Цена
Standing in the Shadows,"The final novel in the bestselling Alan Banks crime series - and a NUMBER ONE PAPERBACK BESTSELLER (January 2024) - by the master of the police procedural. 'The best mystery-procedural series on the market. Try one and tell me I'm wrong' STEPHEN KING Late November, 1980. Student Nick Hartley returns from a lecture to find his house full of police officers. As he discovers that his ex-girlfriend has been found murdered in a nearby park, and her new boyfriend is missing, he realises two things in quick succession: he is undoubtedly a suspect as he has no convincing alibi, and he has own suspicions as to what might have happened . . . Late November 2019. An dig near Scotch Corner unearths a skeleton that turns out to be far more recent than the Roman remains the archaeologist is looking for. Detective Superintendent Alan Banks and his team are called in and, as an investigation into the find begins, the past and the present meet with devastating consequences. 'The master of the police procedural' MAIL ON SUNDAY","Crime & Thriller , Thriller","Robinson, Peter",Hodder & Stoughton,2024,359,699 Денари
The Girl in the Eagle's Talons,"A pulse-pounding new DRAGON TATTOO thriller ""Lisbeth Salander is back - and maybe better than ever . . . Remarkable"" LEE CHILD ""Fresh, fearless, faithful and original . . . I loved it"" CHRIS WHITAKER The untapped natural resources of Sweden's far north are","Crime & Thriller , Thriller","(translator), Sarah Death",Quercus Publishing,2024,,799 Денари
Resurrection Walk,"Defense attorney Mickey Haller is back, taking the long shot cases, where the chances of winning are one in a million. He agrees to represent a woman in prison for killing her husband, a sheriff's deputy. Despite her conviction four years earlier, she stil","Crime & Thriller , Thriller","Connelly, Michael",Orion Publishing Group,2024,,799 Денари
The Midnight Game,"Rules of The Midnight Game: Do not turn on the lights. Do not go to sleep. Do not leave the building. When a group who have met on a creepy Deddit thread decide to meet in real life, they only have one plan in mind: they are going to summon the Midnight Man. And once you start the Midnight Game, you must finish it - there's no other way out! Six strangers. One night. But how many survivors? From thriller-horror YA queen, Cynthia Murphy, author of Last One To Die and TIKTOK MADE ME BUY IT Win Lose Kill Die, comes her third nail-biting novel about CreepyPasta. Perfect for fans of Karen McManus, Kathryn Foxfield and slasher horror movies like Candyman. With six-character points-of-view, Deddit threads, newspaper articles and DMs, this pacy thriller will keep you awake and guessing until the very last page. PRAISE FOR MIDNIGHT GAME ""If Karen McManus and Stephen King wrote a book together, this would be it!"" - Instagram review ""The CEO of plot twists"" - Praise from BookTok community ""Terrifying and mesmerising"" - Rosie Talbot, author of Sixteen Souls ""So deliciously creepy and atmospheric!"" - Amy McCaw, author of Mina and the Undead series","Crime & Thriller , Thriller","Murphy, Cynthia",Scholastic Inc.,2023,400,699 Денари
City on Fire,"""One of America's greatest storytellers."" - Stephen King ""No one fuses action with emotion like Winslow."" - The Times The new thriller from the #1 international bestseller - the start of a brand new trilogy","Crime & Thriller , Thriller","Winslow, Don",HarperCollins Publishers Limited,2023,384,699 Денари
Killer Instinct,"Cold cases get hot in this unputdownable mystery from Jennifer Lynn Barnes, no.1 New York Times bestselling author of The Inheritance Games series. Perfect for fans of A Good Girl's Guide to Murder. Cassie Hobbes has a gift for profiling people. Her talent","Crime & Thriller , Thriller","Barnes, Jennifer Lynn",Quercus,2023,,799 Денари
Murder for All Seasons [Special Edition],"Agatha Christie's four seasonal short story collections presented in a sumptuous special edition boxset. Forty-eight unforgettable stories from the Queen of Crime to take you through the seasons, from a crackling winter fireside to the beating sun of high summer. Published across her long career and featuring all her most famous characters - Hercule Poirot, Miss Marple, Tommy and Tuppence and more - these beautiful hardbacks are both a treat for any fan and a perfect entry point for anyone new to her writing. There is something for everyone.","Crime & Thriller , Thriller","Christie, Agatha",HarperCollins Publishers Limited,2023,1600,3.599 Денари
No Plan B,"""The gripping new Jack Reacher thriller from the #1 New York Times bestselling authors Lee Child and Andrew Child. The plan: It's coming Fall 2022. No Plan B. In Gerrardsville, Colorado, two witnesses to the same tragedy give two different accounts. One guy sees a woman throw herself in front of a bus in what authorities will call a suicide. The other witness is Jack Reacher. And he sees what actually happened: A man in a gray hoodie and jeans, moving like a shadow, pushed the victim to her death-before swiftly grabbing the dead woman's purse and strolling away. Reacher follows the killer on foot, not knowing that he is part of something much bigger and far-reaching . . . a secret conspiracy with many moving parts, with powerful people on the take, all involved in an undertaking that leaves no room for error. If any step is compromised, the threat will have to be quickly and quietly and permanently removed. Because when the threat is Reacher, there is No Plan B...""--","Crime & Thriller , Thriller","Child, Lee",Tbs-Penguin Random House Wholesale,2023,432,699 Денари
Alex Cross Must Die,"The thirty-first instalment in James Patterson's globally bestselling series. When an American Airlines plane explodes in the sky, detectives Alex Cross and John Sampson are first on the scene. They don't hear the gunfire. At first. It soon becomes clear that the plane was taken down by a rare, stolen machine gun. The list of people who could operate the weapon is short. And time runs even shorter. But this isn't the only case the pair must solve. They're also tracking a serial killer who's ambushing young men in what the media are calling the 'Dead Hours' murders. With two killers and two different motives, Cross and Sampson are in a deadly race against time . . . ________________________________ PRAISE FOR THE ALEX CROSS SERIES 'Patterson never, and I mean never, disappoints' USA Today 'Behind all the noise and the numbers, we shouldn't forget that no one gets this big without amazing natural storytelling talent - which is what Jim has, in spades. The Alex Cross series proves it' Lee Child 'Alex Cross is a legend' Harlan Coben 'Alex Cross ... only gets better and better' Lisa Scottoline 'I wrote, ""Along Came a Spider is the best thriller I've come across in many a year. It deserves to be this season's no. 1 bestseller and should instantly make James Patterson a household name."" A household name, indeed' Nelson DeMille '[Alex Cross] has become one of the greatest fictional detectives of all time, a character for the ages' Douglas Preston and Lincoln Child","Crime & Thriller , Thriller","Patterson, James","PENGUIN RANDOM HOUSE , LLC",2023,400,1.199 Денари
Mister Magic,"Who is Mister Magic? Former child stars reunite to uncover the tragedy that ended their show - and discover the secret of its enigmatic host - in this dark supernatural thriller from the No. 1 New York Times bestselling author of Hide. Thirty years after a tragic accident shut down production of the classic children's program Mister Magic, the five surviving cast members have done their best to move on. But just as generations of cultishly devoted fans still cling to the lessons they learned from the show, the cast, known as the Circle of Friends, have spent their lives searching for the happiness they felt while they were on it. The friendship. The feeling of belonging. And the protection of Mister Magic. But with no surviving video of the show, no evidence of who directed or produced it, and no records of who - or what - the beloved host actually was, memories are all the former circle of friends have. Then a twist of fate brings the castmates back together at the remote desert filming compound that feels like it's been waiting for them all this time. Even though they haven't seen each other for years, they somehow understand one another better than anyone has since. After all, they're the only ones who hold the secret of that circle, the mystery of the magic man in his infinitely black cape, and, maybe, the answers to what really happened on that deadly last day. But as the Circle of Friends reclaim parts of their past, they begin to wonder: Are they here by choice, or have they been lured into a trap? Because magic never forgets the taste of your friendship. . . Kiersten White is a NYT bestselling author as of August 2022.","Crime & Thriller , Thriller","White, Kiersten",Random House Publishing Group,2023,304,1.099 Денари
The Couples Trip,"**Swedish Academy of Crime Writers' Award Best Debut of the Year** **Shortlisted for the Crimetime Award 2022** Two couples set out together on a hiking trip that goes terrifyingly wrong in this addictive psychological thriller for fans of Ruth Ware and Lucy Foley. Anna, Henrik and Milena's annual hiking trip is just around the corner. This year, however, Anna and Henrik have a hard time saying no when Milena asks if her boyfriend, Jacob, can tag along. The hike soon spirals into mayhem when the three friends come to realize that taking Jacob was a decision that could change their lives forever. From the austere mountaintops of northern Sweden, this highly anticipated thriller traverses through the unexplored wilderness--here, there's nowhere to run and nowhere to hide.","Crime & Thriller , Thriller","Kvensler, Ulf",Harlequin Enterprises ULC,2023,400,1.199 Денари
Penance,"One of Granta's Best Young British Novelists 2023 ""Eliza Clark's writing embraces the socially unacceptable and wryly explores themes of gender, power, and violence.""--Granta's Best of Young British Novelists 2023 ""Chilling, clever, and unputdownable.""--Guardian From the author of the cult hit Boy Parts comes a chilling, brilliantly told story of murder among a group of teenage girls--a powerful and disturbing novel as piercing in its portrait of young women as Emma Cline's The Girls. On a beach in a run-down seaside town on the Yorkshire coastline, sixteen-year-old Joan Wilson is set on fire by three other schoolgirls. Nearly a decade after the horrifying murder, journalist Alec Z. Carelli has written the definitive account of the crime, drawn from hours of interviews with witnesses and family members, painstaking historical research, and most notably, correspondence with the killers themselves. The result is a riveting snapshot of lives rocked by tragedy, and a town left in turmoil. But how much of the story is true? Compulsively readable, provocative, and disturbing, Penance is a cleverly nuanced, unflinching exploration of gender, class, and power that raises troubling questions about the media and our obsession with true crime while bringing to light the depraved side of human nature and our darkest proclivities.","Crime & Thriller , Thriller","Clark, Eliza",HarperCollinsPublishers,2023,327,1.699 Денари
The Midnight Game,"Rules of The Midnight Game: Do not turn on the lights. Do not go to sleep. Do not leave the building. When a group who have met on a creepy Deddit thread decide to meet in real life, they only have one plan in mind: they are going to summon the Midnight Man. And once you start the Midnight Game, you must finish it - there's no other way out! Six strangers. One night. But how many survivors? From thriller-horror YA queen, Cynthia Murphy, author of Last One To Die and TIKTOK MADE ME BUY IT Win Lose Kill Die, comes her third nail-biting novel about CreepyPasta. Perfect for fans of Karen McManus, Kathryn Foxfield and slasher horror movies like Candyman. With six-character points-of-view, Deddit threads, newspaper articles and DMs, this pacy thriller will keep you awake and guessing until the very last page. PRAISE FOR MIDNIGHT GAME ""If Karen McManus and Stephen King wrote a book together, this would be it!"" - Instagram review ""The CEO of plot twists"" - Praise from BookTok community ""Terrifying and mesmerising"" - Rosie Talbot, author of Sixteen Souls ""So deliciously creepy and atmospheric!"" - Amy McCaw, author of Mina and the Undead series","Crime & Thriller , Thriller","Murphy, Cynthia",Scholastic Inc.,2023,400,699 Денари
Verity : The thriller that will capture your heart and blow your mind,"OVER 3 MILLION COPIES SOLD - THE NO.1 BESTSELLER AND TIKTOK SENSATION, FROM THE AUTHOR OF IT ENDS WITH US Are you ready to stay up all night? Rebecca meets Gone Girl in this shocking, unpredictable thriller with a twist that will leave you reeling . . . Lowen Ashleigh is a struggling writer on the brink of financial ruin when she accepts the job offer of a lifetime. Jeremy Crawford, husband of bestselling author Verity Crawford, has hired Lowen to complete the remaining books in a successful series his injured wife is unable to finish. Lowen arrives at the Crawford home, ready to sort through years of Verity's notes and outlines, hoping to find enough material to get her started. What Lowen doesn't expect to uncover in the chaotic office is an unfinished autobiography Verity never intended for anyone to read. Page after page of bone-chilling admissions, including Verity's recollection of the night their family was forever altered. Lowen decides to keep the manuscript hidden from Jeremy, knowing its contents would devastate the already-grieving father. But as Lowen's feelings for Jeremy begin to intensify, she recognizes all the ways she could benefit if he were to read his wife's words. After all, no matter how devoted Jeremy is to his injured wife, a truth this horrifying would make it impossible for him to continue loving her . . . If you loved Verity, don't miss the special collector's edition golden hardback coming this autumn, including an exclusive never-before-seen final chapter. Available to order now. 500,000 READERS HAVE ALREADY GIVEN VERITY FIVE STARS 'One of the best thrillers I have ever read' ***** 'Powerful, mind-blowing and emotional' ***** 'The plot twists and that ending came out of nowhere' ***** 'There are no words. Bravo' ***** 'Dark, creepy, and one hundred per cent original' ***** 'I NEEDED to know how this was going to end' ***** 'Left me completely speechless' ***** VERITY was a No.1 Kindle bestseller on 18.03.22","Crime & Thriller , Thriller","Hoover, Colleen","Little, Brown Book Group",2022,336,799 Денари
Anthem,"Epic... Apart from being the Emmy award-winning creator of the superb television series Fargo, the American author Noah Hawley is a talented deviser of high-class literary thrillers... It's a fabulous worst-of-all-fears scenario... Hawley attacks his narrative from a broad, TV drama-ish viewpoint, assembling a large, intercutting cast of characters' - The Sunday Times 'Noah Hawley taps into our existential anxiety- and transforms it into a hefty page-turner that's equal parts horrific, catastrophic and, at times, strangely entertaining' - New York Times 'Terrifyingly good... Hawley is such an experienced storyteller...this book is nothing if not art imitating life' - Irish Sunday Independent From the visionary bestselling author of Before the Fall and The Good Father, an epic literary thriller set where America is right now . . . and the world will be tomorrow. America spins into chaos as the last remnants of political consensus break apart. Against a background of environmental disaster and opioid addiction, debate descends into violence and militias roam the streets - while teenagers across the world seem driven to self-destruction, communicating by memes only they can understand. Yet the markets still tick up and the super-rich, like Ty Oliver, fly above the flames in private jets. After the death of his daughter, Ty dispatches his son Simon to an Anxiety Abatement Center. There he encounters another boy called the Prophet. And the Prophet wants him to join a quest. Before long, Simon is on the road with a crew of new comrades on a rescue mission as urgent as it is enigmatic. Suddenly heroes of their own story, they are crossing the country in search of a young woman held in a billionaire's retreat - and, just possibly, the only hope of escape from the apocalypse bequeathed to them by their parents' generation. Noah Hawley's epic literary thriller, full of unforgettably vivid characters, finds unquenchable lights in the darkest corners. Uncannily topical and yet as timeless as a Grimm's fairy tale, this is a novel of excoriating power, raw emotion and narrative verve, confirming Hawley as one of the most essential writers of our time. 'Hawley makes this sing by combining the social commentary of a Margaret Atwood novel with the horrors of a Stephen King book' - Publishers Weekly * * * PRAISE FOR NOAH HAWLEY: 'He has an intuitive understanding of human behaviour and an instinctive grasp of plot that make him a master storyteller' Guardian 'An addictive thriller whose thematic richness is reminiscent of Franzen' The Sunday Times 'Hawley's sublime prose glows on every page' Daily Mail 'A thriller of masterful precision' Independent 'High-class entertainment' Mail on Sunday 'One of the year's best suspense novels' New York Times","Crime & Thriller , Thriller","Hawley, Noah",Hodder & Stoughton,2022,448,1.199 Денари
The Lonely Ones,"One of the best Nordic Noir writers' - Guardian A trip behind the Iron Curtain would change their lives forever . . . It begins in 1969. Six young people arrive in Uppsala, Sweden. Different circumstances push the three young couples together and, over the course of a few years, they become friends. But a summer trip through Eastern Europe changes everything, and when their time at Uppsala University is over it also signals the end of something else. Years later, a lecturer at Lund University is found dead at the bottom of a cliff in the woods close to Kymlinge. And chillingly, it is the very same spot where one of the Uppsala students died thirty-five years before. Detective Inspector Gunnar Barbarotti takes on this ominous case of history repeating itself, and is forced to confront an increasingly grave reality. The Lonely Ones is the fourth novel of Hakan Nesser's quintet about Inspector Gunnar Barbarotti.","Crime & Thriller , Thriller","Nesser, Hakan",Pan Macmillan,2022,608,699 Денари
Picture You Dead,"The eighteenth Detective Superintendent Roy Grace novel from the highly acclaimed number one bestselling author, Peter James.","Crime & Thriller , Thriller","James, Peter",Pan Macmillan,2022,464,1.099 Денари
Mercy,"Mercy is the gripping follow up to Long Road to Mercy, A Minute to Midnight and Daylight featuring Special Agent Atlee Pine from one of the world's most favourite thriller writers, David Baldacci. THE HUNT IS FINALLY OVER. FBI agent Atlee Pine is at the end of her long journey to discover what happened to her twin sister, Mercy, who was abducted when the girls were just six years old - an incident which destroyed her family and left Atlee physically and mentally scarred. She knew her sister and parents were out there somewhere. And she had to find them. Dead or alive. Atlee and her assistant, Carol Blum, discover the truth. But the truth hurts. And hurt makes you tough. So how tough do you have to be to forgive? As they uncover a shocking trail of lies, greed, fear and revenge, they must face one final challenge. A challenge more deadly and dangerous than they could ever have imagined.","Crime & Thriller , Thriller","Baldacci, David",Pan Macmillan,2022,576,499 Денари
State of Terror,"A Sunday Times and New York Times Bestseller! 'A rip-roaring, brilliant page-turner, but it's also timely, cheeky, important and wonderfully, courageously provocative. What great fun!' - James Patterson 'Smart and fast and twisty, State of Terror is a dazzlingly unpredictable political thriller. I loved it' - Kathy Reichs State of Terror is a compelling and critically acclaimed international political thriller co-written by Hillary Rodham Clinton, the 67th secretary of state, and Louise Penny, a multiple award-winning #1 New York Times bestselling novelist. Take a ringside seat in the high-stakes world of international politics . . . After a tumultuous period in American politics, a new administration has just been sworn in. Secretary of State, Ellen Adams, is determined to do her duty for her country. But she is about to face a horrifying international threat . . . A young foreign service officer has received a baffling text from an anonymous source. Too late, she realizes it was a hastily coded warning. Then a series of bus bombs devastate Europe, heralding the rise of a new rogue terrorist organization who will stop at nothing in their efforts to develop their own nuclear arsenal. As Ellen unravels the damaging effects of the former presidency on international politics, she must also contemplate the unthinkable: that the last president of the United States was more than just an ineffectual leader. Was he also a traitor to his country? ________________________ Praise for State of Terror: 'Clinton and Penny are each a force on their own - put together they are unstoppable' - Karin Slaughter 'This is as close as you'll get to being in the White House Situation Room with a secretary of state.' - The Times 'Fast-paced and packed with insider knowledge.' - Daily Mail 'The perfect political thriller . . . a glimpse into the world of our most powerful politicians.' - Ann Cleeves","Crime & Thriller , Thriller","Clinton, Hillary Rodham",Pan Macmillan,2022,512,699 Денари
The Accomplice,"A gripping psychological thriller on the bonds of friendship and the cost of breaking them, from the New York Times bestselling author of The Passenger and the Spellman Files. Everyone has the same questions about best friends Owen and Luna: What binds the","Crime & Thriller , Thriller","Lutz, Lisa",Titan Books Ltd,2022,448,699 Денари
Dark Objects,"Count to three,' her mother told her, the last words she would ever speak. An Impossible Crime Scene A wealthy woman is found brutally murdered in the locked fortress of her London mansion. Surrounding her are four mysterious objects, including a book on f","Crime & Thriller , Thriller","Toyne, Simon",HarperCollins Publishers,2022,416,899 Денари
Portrait of an Unknown Woman,"In a spellbinding new masterpiece by #1 New York Times-bestselling author Daniel Silva, Gabriel Allon undertakes a high-stakes search for the greatest art forger who ever lived Legendary spy and art restorer Gabriel Allon has at long last severed ties with","Crime & Thriller , Thriller","Silva, Daniel",HarperCollins Publishers,2022,448,1.499 Денари
My Husband's Murder,"So compulsive, chillingly suspenseful' LOUISE O'NEILL 'Brilliant - so atmospheric' DEBBIE HOWELLS 'Kept me gripped until the very last page' LINDSEY KELK Previously published as The Murder of Graham Catton It's time to hear the truth... Ten years ago, Hann","Crime & Thriller , Thriller","Lowe, Katie",HarperCollins Publishers,2022,448,699 Денари
Insomnia,"In the dead of night, madness lies... Emma can't sleep. CHECK THE WINDOWS It's been like this since her big 4-0 started getting closer. LOCK THE DOORS Her mother stopped sleeping just before her 40th birthday too. She went mad and did the unthinkable becau","Crime & Thriller , Thriller","Pinborough, Sarah",HarperCollins Publishers,2022,352,1.099 Денари
All For You,"A galloping pulse-pounder' Heat '[A] gripping thriller . . . with perfectly observed emotions and red herrings that will boggle the mind' Woman & Home 'A full-blown, brilliantly plotted and written novel, with a clarity and originality that is wonderfully","Crime & Thriller , Thriller","Jensen, Louise",HarperCollins Publishers,2022,416,699 Денари
The Judas Tree,"Childhood betrayal casts a long shadow... From the author of The Haven and The Cliff House, this is a devastating thriller set in a Cornish boarding school. 'A gripping page-turner' Tammy Cohen, author of The Wedding Party At a bleak boys' boarding school","Crime & Thriller , Thriller","Jennings, Amanda",HarperCollins Publishers,2022,352,699 Денари
The Girl in the Castle,Thrill seekers will be absorbed by this exciting story' Kirkus 'Nobody does it better.' Jeffery Deaver 'James Patterson is The Boss. End of.' Ian Rankin ____________________________ My Name is Hannah Dory and I need you to believe me Now: Hannah is brought,"Crime & Thriller , Thriller","Patterson, James",Cornerstone,2022,368,699 Денари
Never,"The Sunday Times Thriller of the Month Expertly researched and visionary in scale, international number one bestseller Ken Follett's Never is more than a thriller. It imagines a scenario we all hope never comes true, one which will keep you transfixed until the final page . . . 'Stunning . . . one of the most compelling reads of the year' - Daily Express A stolen US army drone. A shrinking oasis in the Sahara Desert. A secret stash of deadly chemicals. Each is a threat to global stability. Each can be overcome with only the highest levels of diplomacy. But when those in charge disagree and refuse to back down, an international chain reaction kicks off with potentially catastrophic consequences: a world edging closer to war . . . Now three people must work with the utmost skill to stop that from happening: A spy working undercover with jihadis. A brilliant Chinese spymaster. A US president beleaguered by a populist rival for the next election. The only question is - in a game of brinksmanship, can the inevitable ever be stopped? 'Bold in scale and meticulously researched' - Sunday Times 'Probably his best yet' - Stephen King 'Urgent and fiercely compelling' - The Washington Post More than 175 million copies sold worldwide. Published in over eighty territories and thirty-seven languages. The international no.1 bestselling phenomenon returns.","Crime & Thriller , Thriller","Follett, Ken",Pan Macmillan,2022,832,599 Денари
Date with Death,"Meet two sleuths from a sleepy Yorkshire village as they investigate murders and discover the secrets behind the twitching curtains. Date with Death is the first cosy crime novel in Julia Chapman's Dales Detective series, perfect for fans of Richard Osman's The Thursday Murder Club and M. C. Beaton. Samson O'Brien has been dismissed from the police force, and returns to his hometown of Bruncliffe in the Yorkshire Dales to set up the Dales Detective Agency. However, the villagers aren't that welcoming to a man they see as trouble. Delilah Metcalfe is struggling to keep her business, the Dales Dating Agency, afloat as well as trying to control her wayward dog, Tolpuddle, when Samson's first case - a supposed suicide - takes an unexpected turn, and a trail of deaths lead back to the door of Delilah's agency. With suspicion hanging over someone they both care for, the two feuding neighbours soon realize that they need to work together to solve the mystery of the dating deaths. But working together is easier said than done . . . Full of wit, warmth and characters you'll care about, continue the murder mystery series with Date with Malice. 'A classic whodunit set in the spectacular landscape of the Yorkshire Dales . . . A satisfying read riddled with dry Yorkshire humour (and dry-stone walls)' - Cath Staincliffe, author of the Scott & Bailey series.","Crime & Thriller , Thriller","Chapman, Julia",Pan Macmillan,2022,400,699 Денари
Dream Town,"Killer twists. Heroes to believe in. Trust Baldacci. Private Investigator and WWII veteran, Aloysius Archer, returns to solve a new case in Hollywood in this riveting thriller from international number 1 bestselling author, David Baldacci. All that glitters . . . 1952, Los Angeles. It is New Year's Eve and PI Aloysius Archer is dining with his friend and rising Hollywood actress Liberty Callahan when they're approached by Eleanor Lamb, a screenwriter who would like to hire him, as she suspects someone is trying to kill her. Murder and mystery A visit to Lamb's Malibu residence leaves Archer knocked unconscious after he stumbles over a dead body in the hallway; and Lamb seems to have vanished. With the police now involved in the case, a close friend and colleague of Lamb's employs Archer to find out what's happened to the screenwriter. The City of Angels - or somewhere much, much darker? Archer's investigation takes him from the rich, glamorous and glitzy LA to the seedy, dark side of the city, and onward to the gambling mecca of Las Vegas, just now hitting its stride as a hot spot for celebrities and a money-making machine for the mob. In a place where cops and crooks work hand in hand, Archer will cross paths with Hollywood stars, politicians and notorious criminals. He'll almost die several times, and he'll discover bodies and secrets from the canyons and beaches of Malibu and the luxurious mansions of Bel Air and Beverly Hills to the narcotics clubs of Chinatown. With the help of Liberty and his PI partner Willie Dash, Archer will risk everything and leave no stone unturned in finding the missing Eleanor Lamb, and in bringing to justice killers who would love nothing better than to plant Archer six feet under.","Crime & Thriller , Thriller","Baldacci, David",Pan Macmillan,2022,576,499 Денари
Take Your Breath Away,A missing woman. A husband suspected. The truth will ... Take Your Breath Away Linwood Barclay is... 'A suspense master' Stephen King 'In a class of his own' T.M. Logan 'One of the finest thriller writers in the world' Mark Billingham It's always the husba,"Crime & Thriller , Thriller","Barclay, Linwood",HarperCollins Publishers,2022,464,699 Денари
Such a Good Mother,"SOME THINGS ARE TOO PERFECT TO BE TRUE... 'A sharp, compelling take on modern motherhood' HEAT 'A nail-biting, dark thriller' PLATINUM 'Fiendishly entertaining... A suspenseful and unsettling cautionary tale' PUBLISHERS WEEKLY *** Rose O'Connell aspires to","Crime & Thriller , Thriller","Takhar, Helen Monks",HarperCollins Publishers,2022,416,1.099 Денари
Sweet Revenge,Two gripping novellas from the No.1 international bestselling author Women Without Mercy Ingrid gave up her career to support her husband. Now he's having an affair. Birgitta is avoiding the doctor. No one can see the bruises her husband leaves. Victoria l,"Crime & Thriller , Thriller","Lackberg, Camilla",HarperCollins Publishers,2022,240,699 Денари
Mirrorland,"DARK AND DEVIOUS' Stephen King 'UTTERLY ENGROSSING' Daily Mail 'TWISTY AND RICHLY ATMOSPHERIC' Ruth Ware 'TIGHTLY PLOTTED AND UTTERLY GRIPPING' Sarah Pinborough 'A HAUNTING THRILLER' Women's Weekly 'TOTALLY ABSORBING' T.M. Logan 'AN UNSETTLING, LABYRINTHIN","Crime & Thriller , Thriller","Johnstone, Carole",HarperCollins Publishers,2022,432,699 Денари
Lucky,"I devoured it.' Erin Kelly 'An exhilarating voice' Adele Parks 'Unbelievably tense and twisty.' Laura Marshall Lucky Rachel Edwards The more she wins, the more she loses... 'Absorbing, unsettling, unflinching. I've been thinking about it for days and I'll","Crime & Thriller , Thriller","Edwards, Rachel",HarperCollins Publishers,2022,320,699 Денари
Magpie,"Completely, terrifyingly BRILLIANT' Marian Keyes, author of Grown Ups 'I didn't want it to end' Lisa Taddeo, author of Three Women and Animal 'Magnificent: I read it in one sitting' Kate Mosse, author of The City of Tears When Marisa meets Jake, everything","Crime & Thriller , Thriller","Day, Elizabeth",HarperCollins Publishers,2022,336,699 Денари
Her Last Holiday,"From the Sunday Times and Richard & Judy Book Club bestselling author, comes a thrilling, suspenseful tale that will leave you breathless. 'An absolute belter of a novel' ELIZABETH HAYNES 'A sensational novel!' GILLIAN MCALLISTER You come to Soul Shrink to","Crime & Thriller , Thriller","Taylor, C.L.",HarperCollins Publishers,2022,400,699 Денари
The Whisper House : A Rose Gifford Book,"The incredible new novel from C.S. Green - featuring Detective Rose Gifford Something terrible happened in that house... 'An enthralling, multi-layered crime novel that fans of Peter James and Lisa Jewell will adore' MARK EDWARDS 'This dark and tightly plo","Crime & Thriller , Thriller","Green, C S",HarperCollins Publishers,2022,288,1.099 Денари
The Guilty Couple,"Wow. Addictive. And what an ending!' - Sunday Times bestselling author Claire Douglas 'A red-hot, non-stop rollercoaster of a book' - Sunday Times bestselling author Lisa Jewell What would you do if your husband framed you for murder? Five years ago, Olivi","Crime & Thriller , Thriller","Taylor, C.L.",HarperCollins Publishers,2022,352,999 Денари
Femlandia,"The gripping new thriller from the bestselling author of VOX and Q 'A compelling, fast paced read.' Guardian 'The queen of dystopia' Nina Pottell, Prima 'Explosive' Heat 'Provocative, sinister, and fascinating' Stephanie Wrobel, Sunday Times bestselling au","Crime & Thriller , Thriller","Dalcher, Christina",HarperCollins Publishers,2022,336,699 Денари
Other Parents,"They all have opinions. They all have secrets. 'Both funny and engaging while tackling some serious stuff' Jane Fallon 'Deft, wry and perceptive, this drama targets class and modern parenting' Daily Mail 'Set to be one of the most talked-about books of 202","Crime & Thriller , Thriller","Stovell, Sarah",HarperCollins Publishers,2022,400,699 Денари
Trapped,"An incredible new thriller you won't want to put down! A shocking murder... It's a case unlike anything detective Mina Dabiri has seen before. A woman trapped inside a magician's box, with swords pierced through. But this time, it's not a magic trick. It's","Crime & Thriller , Thriller","L?ckberg, Camilla",HarperCollins Publishers,2022,544,899 Денари
Cry Wolf,"From the multi-award winning author of The Bridge (BBC) and Marcella (Netflix, ITV) comes a blockbuster new thriller... A DEAD WOLF A DRUG DEAL GONE WRONG A LETHAL FEMALE ASSASSIN Hannah Wester, a detective in the remote northern Swedish town of Haparanda,","Crime & Thriller , Thriller","Rosenfeldt, Hans",HarperCollins Publishers,2022,384,899 Денари
Cry Wolf,"From the multi-award winning author of The Bridge (BBC) and Marcella (Netflix, ITV) comes a blockbuster new thriller... A DEAD WOLF A DRUG DEAL GONE WRONG A LETHAL FEMALE ASSASSIN Hannah Wester, a detective in the remote northern Swedish town of Haparanda,","Crime & Thriller , Thriller","Rosenfeldt, Hans",HarperCollins Publishers,2022,384,699 Денари
Who's Lying Now?,"Don't miss the captivating new page-turner from Sunday Times bestselling author Susan Lewis You think you know your neighbours. When Jeannie Symonds vanishes without a trace, her small town is thrown into disarray. You think you know who to trust. Cara Jak","Crime & Thriller , Thriller","Lewis, Susan",HarperCollins Publishers,2022,496,699 Денари
The Cellist,"Master of international intrigue Daniel Silva follows up his acclaimed #1 New York Times bestsellers The Order, The New Girl, and The Other Woman with this riveting, action-packed tale of espionage and suspense featuring art restorer and spy Gabriel Allon.","Crime & Thriller , Thriller","Silva, Daniel",HarperCollins Publishers,2022,480,499 Денари
Breakneck Point,"A gripping new crime series for fans of Val McDermid, Jane Casey and Cara Hunter 'Gold-standard crime writing' Erin Kinsley 'An impressive start in an exciting new series' The Sun 'Authentic and atmospheric' Adele Parks, Platinum 'Packed with authenticity'","Crime & Thriller , Thriller","Munro, T. Orr",HarperCollins Publishers,2022,400,899 Денари
So Happy For You,"Bridesmaids meets Black Mirror in the most twisted and entertaining thriller of 2022. 'A firecracker of a book' Micah Nemerever, author of These Violent Delights 'Ridiculously addictive to read. Wildly creative and wickedly funny' Laurie Elizabeth Flynn, a","Crime & Thriller , Thriller","Laskey, Celia",HarperCollins Publishers,2022,304,899 Денари
The Change,"A roar of rage, a pacy page-turner, I loved it with all my broken heart. Read it. You'll love it' Marian Keyes 'I loved this wild mystery about a group of midlife women who have just about had enough. I couldn't put it down' Erin Kelly 'A feminist thriller","Crime & Thriller , Thriller","Miller, Kirsten",HarperCollins Publishers,2022,480,1.099 Денари
The Change,"A roar of rage, a pacy page-turner, I loved it with all my broken heart. Read it. You'll love it' Marian Keyes 'I loved this wild mystery about a group of midlife women who have just about had enough. I couldn't put it down' Erin Kelly 'A propulsive plot a","Crime & Thriller , Thriller","Miller, Kirsten",HarperCollins Publishers,2022,480,899 Денари
The Girls Are Good,"COMPETITION. PERFECTION. DESTRUCTION. 'A tight, frightening story of friendship, rivalry and obsession, told in sparse and beautiful prose' Abigail Dean, author of GIRL A 'Brilliantly observed, beautifully written - it's quite simply unforgettable' Alex Mi","Crime & Thriller , Thriller","Bernardini, Ilaria",HarperCollins Publishers,2022,224,899 Денари
City on Fire,"""One of America's greatest storytellers."" - Stephen King ""No one fuses action with emotion like Winslow."" - The Times The new thriller from the #1 international bestseller - the start of a brand new trilogy 'Superb. This is storytelling with a keen edge. C","Crime & Thriller , Thriller","Winslow, Don",HarperCollins Publishers,2022,384,999 Денари
All That's Left Unsaid,"A vivid portrait of life as a refugee in 1990s Australia . . . Tracey Lien's first novel is a deeply moving tale of rage, regret and resilience . . . A brilliant debut' The Times 'An unforgettable debut, utterly compelling from start to finish. Original. H","Crime & Thriller , Thriller","Lien, Tracey",HarperCollins Publishers,2022,352,899 Денари
An Image to Die For,"Behind the scenes of television production journalist-turned-investigator, Sam Dean, discovers greed, ugliness and murder. When a TV producer offers journalist Sam Dean the job of tracking down a suspect in the brutal murder of a young woman and her child,","Crime & Thriller , Thriller","Phillips, Mike",HarperCollins Publishers,2022,288,699 Денари
Vice,"Betrayal, family loyalties, secrets: not all gangsters live in the east end. Two families run this part of Manchester: the Johnsons and the Bennetts. With the head of the Johnson family banged up, the Bennetts have made their move. But power comes at a pri","Crime & Thriller , Thriller","Woods, Karen",HarperCollins Publishers,2022,320,699 Денари
Desperation in Death,"The #1 New York Times bestselling author presents a gripping new thriller that pits homicide detective Eve Dallas against a conspiracy of exploitation and evil... New York, 2061: The place called the Pleasure Academy is a living nightmare where abducted girls are trapped, trained for a life of abject service while their souls are slowly but surely destroyed. Dorian, a thirteen-year-old runaway who'd been imprisoned there, might never have made it out if not for her fellow inmate Mina, who'd hatched the escape plan. Mina was the more daring of the two?but they'd been equally desperate. Unfortunately, they didn't get away fast enough. Now Dorian is injured, terrified, and wandering the streets of New York, and Mina lies dead near the waterfront while Lt. Eve Dallas looks over the scene. Mina's expensive, elegant clothes and beauty products convince Dallas that she was being groomed, literally and figuratively, for sex trafficking?and that whoever is investing in this high-overhead operation expects windfall profits. Her billionaire husband, Roarke, may be able to help, considering his ties to the city's ultra-rich. But Roarke is also worried about the effect this case is having on Dallas, as it brings a rage to the surface she can barely control. No matter what, she must keep her head clear--because above all, she is desperate for justice and to take down those who prey on and torment the innocent. A Macmillan Audio production from St. Martin's Press.","Crime & Thriller , Thriller","Robb, J. D.",Macmillan Audio,2022,,2.299 Денари
The Kingdom,"INTERNATIONAL BESTSELLER ? A tense and atmospheric thriller about two brothers, one small town, and a lifetime of dark secrets, from the #1 New York Times bestselling author of Cockroaches. ?I read The Kingdom and couldn't put it down.... Suspenseful ... original ... special in every way.??Stephen King, #1 New York Times bestselling author of Fairy Tale Roy and Carl, brothers from a small mountain town, have spent their whole lives hiding from the darkness in their pasts?Roy by staying put and staying quiet, and Carl by running far away. Roy believed his little brother was gone for good. But Carl has big plans for his hometown. And when he returns with a mysterious new wife and a business opportunity that seems too good to be true, simmering tensions begin to surface and unexplained deaths in the town's past come under new scrutiny. Soon powerful players set their sights on taking the brothers down by exposing their role in the town's sordid history. But Roy and Carl are survivors, and no strangers to violence. As the town's long-buried past begins to surface, Roy will be forced to choose between his own flesh and blood and a future he had never dared to believe possible. Don't miss Jo Nesbo's new thriller, Killing Moon, coming soon!","Crime & Thriller , Thriller","Nesbo, Jo",Knopf Doubleday Publishing Group,2021,592,999 Денари
A Time for Mercy,"Jake Brigance, lawyer hero of A Time to Kill and Sycamore Row, is back, in his toughest case ever. 'When Grisham gets in the courtroom he lets rip, drawing scenes so real they're not just alive, they're pulsating' Mirror CAN A KILLER EVER BE ABOVE THE LAW?","Crime & Thriller , Thriller","Grisham, John",Hodder & Stoughton,2021,,799 Денари
Sooley : The Gripping New Bestseller from John Grisham - Perfect for Father's Day,"***THE SUNDAY TIMES BESTSELLER*** 'A master of plotting and pacing' - New York Times 'With every new book I appreciate John Grisham a little more, for his compassion for the underdog, and his willingness to strike out in new directions' - Entertainment Weekly ONE MAN. ONE HOPE. ONCE CHANCE TO BECOME A LEGEND. ONE MAN Seventeen-year-old Samuel Sooleyman comes from a village in South Sudan, a war-torn country where one third of the population is a refugee. His great love is basketball: his prodigious leap and lightning speed make him an exceptional player. And it may also bring him his big chance: he has been noticed by a coach taking a youth team to the United States. ONE HOPE If he gets through the tournament, Samuel's life will change beyond recognition. But it's the longest of long shots. His talent is raw and uncoached. There are hundreds of better-known players ahead of him. And he must leave his family behind, at least at the beginning. ONE CHANCE As American success beckons, devastating news reaches Samuel from home. Caught between his dream and the nightmare unfolding thousands of miles away, 'Sooley', as he's nicknamed by his classmates, must make hard choices about his future. This quiet, dedicated boy must do what no other player has achieved in the history of his chosen game: become a legend in twelve short months. Global bestseller John Grisham takes you to a different kind of court in this gripping and incredibly moving novel that showcases his storytelling powers in an entirely new light. 'Grisham's books are smart, imaginative, and funny, populated by complex interesting people' - The Washington Post 'A superb, instinctive storyteller' - The Times 350+ million copies, 45 languages, 9 blockbuster films: NO ONE WRITES DRAMA LIKE JOHN GRISHAM","Crime & Thriller , Thriller","Grisham, John",Hodder & Stoughton,2021,368,1.399 Денари
Strange Hotel,"From the winner of the Women's Prize for Fiction 'Powerful . . . truly a living and breathing thing.' Financial Times 'McBride is on blistering form.' Sinead Gleeson 'Nothing else feels so fresh, so radically new.' Garth Greenwell 'An emotionally enchanting novel that gets deep under the skin.' Dazed A woman enters an Avignon hotel room. She's been here once before - but while the room hasn't changed, she is a different person now. Forever caught between check-in and check-out, she will go on to occupy other hotel rooms, from Prague to Oslo, Auckland to Austin, each as anonymous as the last. There, amid the open suitcases, the matchbooks, cigarettes, keys and room-service wine, she will negotiate with memory, with the men she sometimes meets, and with what it might mean to return home.","Crime & Thriller , Thriller","Mcbride, Eimear",Faber & Faber,2021,160,699 Денари
An Expert in Murder,"An Expert in Murder is the first in a new series that features Golden Age crime writer Josephine Tey as its lead character, placing her in the richly-peopled world of 1930s theatre which formed the other half of her writing life. It's March 1934, and Tey is travelling from Scotland to London to celebrate what should be the triumphant final week of her celebrated play, Richard of Bordeaux. However, a seemingly senseless murder puts her reputation, and even her life, under threat. An Expert in Murder is both a tribute to one of the most enduringly popular writers of crime and an atmospheric detective novel in its own right.","Crime & Thriller , Thriller","Upson, Nicola",Faber & Faber,2021,368,699 Денари
The Devil and the Dark Water : The mind-blowing new murder mystery from the Sunday Times bestselling author,"CHOSEN AS A BOOK OF THE YEAR BY THE GUARDIAN, SUNDAY TIMES, DAILY MAIL, FINANCIAL TIMES, DAILY EXPRESS AND i PAPER 'A superb historical mystery: inventive, twisty, addictive and utterly beguiling... A TRIUMPH' Will Dean 'If you read one book this year, make sure it's this one' Daily Mail Three impossible crimes Two unlikely detectives One deadly voyage It's 1634 and Samuel Pipps, the world's greatest detective, is being transported from the Dutch East Indies to Amsterdam, where he is set to face trial for a crime that no one dares speak of. But no sooner is the ship out to sea than devilry begins to blight the voyage. Strange symbols appear on the sails. A figure stalks the decks. Livestock are slaughtered. Passengers are plagued with ominous threats, promising them three unholy miracles. First: an impossible pursuit. Second: an impossible theft. Then: an impossible murder. With Pipps imprisoned in the depths of the ship, can his loyal bodyguard, Arent Hayes solve the mystery before the ship descends into anarchy? A beguiling historical mystery from the award-winning author of the dazzling The Seven Deaths of Evelyn Hardcastle. 'Wildly inventive, Turton's tale defies definition as either historical fiction or crime novel, but provides all the pleasures of both genres and more. No novel this year was more fun to read' Sunday Times 'A glorious mash-up of William Golding and Arthur Conan Doyle' Val McDermid 'A locked room murder mystery... by way of Treasure Island' Guardian SELECTED FOR THE BBC TWO BOOK CLUB BETWEEN THE COVERS AND THE RADIO 2 JO WHILEY BOOK CLUB SHORTLISTED FOR THE HWA GOLD CROWN SHORTLISTED FOR THE GOLDSBORO BOOKS GLASS BELL AWARD SHORTLISTED FOR THE CWA IAN FLEMING STEEL DAGGER AWARD","Crime & Thriller , Thriller","Turton, Stuart",Bloomsbury Publishing PLC,2021,576,699 Денари
The Dead Line : A Casey Benedict Investigation,"A SUNDAY TIMES THRILLER OF THE YEAR THE TIMES THRILLER OF THE MONTH LONGLISTED FOR THE CWA IAN FLEMING STEEL DAGGER AWARD 'Vivid and packed with journalistic lore... Mixing pulsating derring-do with painstaking detective work' Sunday Times A Bangladeshi camp. A British ambassador. A Harley Street doctor. Investigative journalist Casey Benedict is used to working on stories that will take her from the bottom to the top of society - stories with a huge human cost. And her latest case is no different. A frantic message is found hidden in clothes manufactured for the British high street. They take the girls... Casey and her team at the Post know they are on the brink of a major expose but identifying the factories in which the clothes have been made is one challenge, following the trail of those taken is another. Their attempts to find the girls will take Casey from her London newsroom across the world and into the very heart of families who will be destroyed if what she uncovers is ever revealed. The Dead Line is the second book by Holly Watt featuring Casey Benedict. The Hunt and the Kill, the third in the Casey Benedict series, is out now.","Crime & Thriller , Thriller","Watt, Holly",Bloomsbury Publishing PLC,2021,480,699 Денари
The Art of Dying,"Parry's Victorian Edinburgh comes vividly alive - and it's a world of pain' Val McDermid 'Brilliantly conceived, fiendishly plotted' Mick Herron SHORTLISTED FOR THE McILVANNEY PRIZE 2020 A Raven and Fisher Mystery: Book 2 Edinburgh, 1849. Hordes of patients are dying all across the city, with doctors finding their remedies powerless. And a whispering campaign seeks to paint Dr James Simpson, pioneer of medical chloroform, as a murderer. Determined to clear Simpson's name, his protege Will Raven and former housemaid Sarah Fisher must plunge into Edinburgh's deadliest streets and find out who or what is behind the deaths. Soon they discover that the cause of the deaths has evaded detection purely because it is so unthinkable.","Crime & Thriller , Thriller","Parry, Ambrose",CANONGATE BOOKS LTD,2021,416,699 Денари
Find You First,"One will change your life. One will end it. Who will ... FIND YOU FIRST? 'The best book of his career' STEPHEN KING 'Insanely paced, wildly entertaining' JOE HILL 'A full-throttle powerhouse of a thriller' T.M. LOGAN 'Sharply drawn' SUNDAY TIMES 'Keeps the","Crime & Thriller , Thriller","Barclay, Linwood",HarperCollins Publishers,2021,480,699 Денари
The Cellist,"Master of international intrigue Daniel Silva follows up his acclaimed #1 New York Times bestsellers The Order, The New Girl, and The Other Woman with this riveting, action-packed tale of espionage and suspense featuring art restorer and spy Gabriel Allon.","Crime & Thriller , Thriller","Silva, Daniel",HarperCollins Publishers,2021,480,999 Денари
The Heron's Cry,"Matthew Venn is a keeper . . . stunning' David Baldacci The number one Sunday Times bestselling series featuring Detective Matthew Venn, from author and creator of the Vera and Shetland series, Ann Cleeves - soon to be a major TV series. North Devon is enjoying a rare hot summer with tourists flocking to its coastline. Detective Matthew Venn is called out to a rural crime scene at the home of a group of artists. What he finds is an elaborately staged murder - Dr Nigel Yeo has been fatally stabbed. His daughter Eve is a glassblower, and the murder weapon is a shard of one of her broken vases. Dr Yeo seems an unlikely murder victim. He's a good man, a public servant, beloved by his daughter. Matthew is unnerved, though, to find that she is a close friend of Jonathan, his husband. Then another body is found - killed in a similar way. Matthew finds himself treading carefully through the lies that fester at the heart of his community and a case that is dangerously close to home . . . The Heron's Cry is the second novel in Ann Cleeves' Two Rivers crime series, following her Sunday Times bestseller, The Long Call. Praise for The Long Call 'As a huge fan of both the Shetland and Vera series of books, I had high expectations for Cleeves' latest. Matthew Venn is a keeper. A stunning debut for Cleeves' latest crimefighter' - David Baldacci 'Had me hooked . . . a promising beginning to another fine chapter in the Ann Cleeves story' - The Times 'A triumph that cements Cleeves' status as one of Britain's best crime writers' - Daily Express 'Clever, compassionate and atmospheric . . . I am already a Matthew Venn fan' - Elly Griffiths 'Cleeves combines a flair for evoking sense of place with a thoughtful, complex plot' - Mail on Sunday 'A traditional mystery of the best sort' - Guardian","Crime & Thriller , Thriller","Cleeves, Ann",Pan Macmillan,2021,400,1.099 Денари
Troubled Blood - A Strike Novel,"***The 7th novel in the Strike series, THE RUNNING GRAVE, is coming in September 2023. Pre-order now and be the first to read it*** Winner of the Crime and Thriller British Book of the Year Award 2021 'One of crime's most engaging duos' Guardian 'Magnifice","Crime & Thriller , Thriller","Galbraith, Robert","Little, Brown",2021,,899 Денари
Daylight,"Daylight is the gripping follow up to Long Road to Mercy and A Minute to Midnight featuring Special Agent Atlee Pine, from one of the world's most favourite thriller writers, David Baldacci. The hunt Ever since Mercy was abducted aged six, Atlee has been relentless in her search for her. Finally, she gets her most promising breakthrough yet - the identity of her sister's kidnapper. The capture As Atlee and her assistant, Carol Blum, race to track down the suspect, they run into Pine's old friend and fellow agent, John Puller, who is investigating the suspect's family for another crime. The kill Working together, Pine and Puller must pull back the layers of deceit, lies and cover-ups that strike at the very heart of global democracy. And the truth about what happened to Mercy will finally be revealed. That truth will shock Atlee Pine to her very core. Continue the gripping series with Mercy.","Crime & Thriller , Thriller","Baldacci, David",Pan Macmillan,2020,576,699 Денари
The Lamplighters,"The Sunday Times Bestseller 2021. As recommended by the BBC Radio 2 Book Club 'The novel I've enjoyed most this year' - Hilary Mantel 'A mystery, a love story and a ghost story, all at once. Wonderful' - S J Watson Cornwall, 1972. Three keepers vanish from a remote lighthouse, miles from the shore. The entrance door is locked from the inside. The clocks have stopped. The Principal Keeper's weather log describes a mighty storm, but the skies have been clear all week. What happened to those three men, out on the tower? The heavy sea whispers their names. The tide shifts beneath the swell, drowning ghosts. Can their secrets ever be recovered from the waves? Twenty years later, the women they left behind are still struggling to move on. Helen, Jenny and Michelle should have been united by the tragedy, but instead it drove them apart. And then a writer approaches them. He wants to give them a chance to tell their side of the story. But only in confronting their darkest fears can the truth begin to surface . . . Inspired by real events, The Lamplighters by Emma Stonex is an intoxicating and suspenseful mystery, an unforgettable story of love and grief that explores the way our fears blur the line between the real and the imagined. 'Gripping' - Guardian 'Riveting' - Independent 'Excellent' - Observer 'A triumph' - Daily Mail","Crime & Thriller , Thriller","Stonex, Emma",Pan Macmillan,2020,368,1.099 Денари
The Secret Life of Mr Roos,"A secluded hut in the middle of the woods. A double life that could be his downfall. The Secret Life of Mr Roos is the third Inspector Barbarotti novel from the 'Godfather of Swedish crime' (Metro), Hakan Nesser. At fifty-nine years old, Valdemar Roos is tired of life. Working a job he hates, with a wife he barely talks to and two step-daughters he doesn't get on with, he doesn't have a lot to look forward to. Then, one day, a winning lottery ticket gives him an opportunity to start afresh. Without telling a soul, he quits his job and buys a hut in the remote Swedish countryside. Every day he travels down to this man-made oasis, returning each evening to his unsuspecting wife. Life couldn't be better, until a young woman arrives in paradise . . . Anna Gambowska is a twenty-one-year-old recovering drug addict. On the run from the rehab centre she hated and an abusive relationship she can't go back to, all Anna's prayers are answered when she comes across a seemingly vacant hut in the Swedish woodland. But it's not long before Anna's ex discovers her location, and an incident occurs that will mar the lives of both Anna and Valdemar forever. Inspector Barbarotti doesn't take much interest when a woman reports her husband as missing. That is, until a dead body is found near the missing man's newly bought hut, and Mr Roos becomes the number one murder suspect . . . The Secret Life of Mr Roos is the third novel in Hakan Nesser's Inspector Barbarotti quintet.","Crime & Thriller , Thriller","Nesser, Hakan",Pan Macmillan,2020,512,799 Денари
Daylight,"Daylight is the gripping follow up to Long Road to Mercy and A Minute to Midnight featuring Special Agent Atlee Pine from one of the world's most favourite thriller writers, David Baldacci. The hunt Ever since Mercy was abducted aged six, Atlee has been relentless in her search for her. Finally, she gets her most promising breakthrough yet - the identity of her sister's kidnapper. The capture As Atlee and her assistant, Carol Blum, race to track down the suspect, they run into Pine's old friend and fellow agent, John Puller, who is investigating the suspect's family for another crime. The kill Working together, Pine and Puller must pull back the layers of deceit, lies and cover-ups that strike at the very heart of global democracy. And the truth about what happened to Mercy will finally be revealed. That truth will shock Atlee Pine to her very core.","Crime & Thriller , Thriller","Baldacci, David",Pan Macmillan,2020,576,499 Денари
Hidden in Plain Sight,"Newly promoted, Detective Sergeant William Warwick has been reassigned to the drugs squad. His first case: to investigate a notorious south London drug lord known as the Viper. But as William and his team close the net around a criminal network unlike any they have ever encountered, he is also faced with an old enemy, Miles Faulkner. It will take all of William's cunning to devise a means to bring both men to justice, a trap neither will expect, one that is hidden in plain sight . . . Filled with Jeffrey Archer's trademark twists and turns, Hidden in Plain Sight is the gripping next instalment in the life of William Warwick. It follows on from Nothing Ventured, but can be read as a standalone story.","Literature , Historical Fiction","Archer, Jeffrey",Pan Macmillan,2020,336,599 Денари
I Follow You,"From the number one bestselling author, Peter James, comes I Follow You, a nerve-shredding standalone thriller. To the outside world, suave, charming and confident doctor Marcus Valentine has it all. A loving wife, three kids, a great job. But there's something missing, there always has been. . . . or rather, someone . . . Driving to work one morning, his mind elsewhere and not on the road, he almost mows down a female jogger on a crossing. As she runs on, Marcus is transfixed. Infatuated. She is the spitting image of a girl he was crazy about in his teens. A girl he has never been able to get out of his mind. Lynette had dumped him harshly. For years he has fantasized about seeing her again and rekindling their flame. Might that jogger possibly be her all these years later? Could this be the most incredible coincidence? Despite all his attempts to resist, he is consumed by cravings for this woman. And when events take a tragically unexpected turn, his obsession threatens to destroy both their worlds. But still he won't stop. Can't stop.","Crime & Thriller , Thriller","James, Peter",Pan Macmillan,2020,448,699 Денари
The Cook of the Halcyon,"The Cook of the Halcyon is the penultimate novel in the Inspector Montalbano mystery series from the master of Sicilian crime, Andrea Camilleri. Moments later the all-white schooner, which looked like a hospital ship, began to pass ever so slowly before him, as if wanting to show itself off in all its beauty. The name on the prow said: Halcyon. Two deaths - the suicide of a recently fired worker and the murder of an unscrupulous businessman - lead Inspector Montalbano to the Halcyon, a mysterious ship that visits Vigata's port each day. With very few crewmen, no passengers, and a stern large enough to land a helicopter, it piques the Inspector's interest straight away. In the midst of this, a rare trip to Genoa to visit Livia ends with the Vigata police department in disarray, and Inspector Montalbano's position as the head of the commissariat in jeopardy. It will be up to Montalbano to fix the damage done.","Crime & Thriller , Thriller","Camilleri, Andrea",Pan Macmillan,2020,272,699 Денари
Disappearing Earth,"ONE OF THE NEW YORK TIMES 10 BEST BOOKS OF THE YEAR NATIONAL BOOK AWARD FINALIST Finalist for The New York Public Library Young Lions Fiction Award One August afternoon, two sisters--Sophia, eight, and Alyona, eleven--go missing from a beach on the far-flung Kamchatka Peninsula in northeastern Russia. Taking us through the year that follows, Disappearing Earth enters the lives of women and girls in this tightly knit community who are connected by the crime: a witness, a neighbor, a detective, a mother. We are transported to vistas of rugged beauty--open expanses of tundra, soaring volcanoes, dense forests, the glassy seas that border Japan and Alaska--and into a region as complex as it is alluring, where social and ethnic tensions have long simmered, and where outsiders are often the first to be accused. In a story as propulsive as it is emotionally engaging, Julia Phillips's powerful novel brings us to a new understanding of the intricate bonds of family and community, in a Russia unlike any we have seen before.","Crime & Thriller , Thriller","Phillips, Julia",Random House USA Inc,2020,272,1.199 Денари
One Of Us Is Next,"Book Two of the Bayview Trilogy. The sequel to the international bestseller One of Us is Lying. Welcome back to Bayview High . . . It is a year after the action of One of Us Is Lying, and someone has started playing a game of Truth or Dare. But this is no","Crime & Thriller , Thriller","McManus, Karen M.",Penguin Books,2020,,699 Денари
The Girl Who Lived Twice : A Thrilling New Dragon Tattoo Story,"**THE GIRL WITH THE DRAGON TATTOO IS BACK!** **The sixth in the Millennium series - more than 100 million copies sold worldwide** ""Expertly told, the plot crackles with life"" DAILY MAIL ""Salander is centre stage . . . A pacy read"" SUNDAY EXPRESS ""Exciting","Crime & Thriller , Thriller","LAGERCRANTZ, DAVID",Quercus Publishing,2020,368,699 Денари
A Time for Mercy,"Jake Brigance is back! The hero of A Time to Kill, one of the most popular novels of our time, returns in a courtroom drama that The New York Times says is riveting and suspenseful. Clanton, Mississippi. 1990. Jake Brigance finds himself embroiled in a deeply divisive trial when the court appoints him attorney for Drew Gamble, a timid sixteen-year-old boy accused of murdering a local deputy. Many in Clanton want a swift trial and the death penalty, but Brigance digs in and discovers that there is more to the story than meets the eye. Jake's fierce commitment to saving Drew from the gas chamber puts his career, his financial security, and the safety of his family on the line. In what may be the most personal and accomplished legal thriller of John Grisham's storied career, we deepen our acquaintance with the iconic Southern town of Clanton and the vivid cast of characters that so many readers know and cherish. The result is a richly rewarding novel that is both timely and timeless, full of wit, drama, and--most of all--heart. Bursting with all the courthouse scheming, small-town intrigue, and stunning plot twists that have become the hallmarks of the master of the legal thriller, A Time for Mercy is John Grisham's most powerful courtroom drama yet. There is a time to kill and a time for justice. Now comes A Time for Mercy.","Crime & Thriller , Thriller","Grisham, John",Doubleday Books,2020,480,1.699 Денари
Camino Winds,"In American icon John Grisham's new novel, Camino Winds, an odd assortment of mystery and crime authors, some of them felons themselves, discover one of their colleagues has been murdered during the fury of a massive hurricane--the perfect crime scene. Since officials are preoccupied with the aftermath of the storm, the authors set out to solve the mystery themselves, in the type of wild but smart caper that Grisham's readers love. --Delia Owens, author of Where the Crawdads Sing John Grisham, #1 bestselling author and master of the legal thriller, sweeps you away to paradise for a little sun, sand, mystery, and mayhem. With Camino Winds, America's favorite storyteller offers the perfect escape. Welcome back to Camino Island, where anything can happen--even a murder in the midst of a hurricane, which might prove to be the perfect crime . . . Just as Bruce Cable's Bay Books is preparing for the return of bestselling author Mercer Mann, Hurricane Leo veers from its predicted course and heads straight for the island. Florida's governor orders a mandatory evacuation, and most residents board up their houses and flee to the mainland, but Bruce decides to stay and ride out the storm. The hurricane is devastating: homes and condos are leveled, hotels and storefronts ruined, streets flooded, and a dozen people lose their lives. One of the apparent victims is Nelson Kerr, a friend of Bruce's and an author of thrillers. But the nature of Nelson's injuries suggests that the storm wasn't the cause of his death: He has suffered several suspicious blows to the head. Who would want Nelson dead? The local police are overwhelmed in the aftermath of the storm and ill equipped to handle the case. Bruce begins to wonder if the shady characters in Nelson's novels might be more real than fictional. And somewhere on Nelson's computer is the manuscript of his new novel. Could the key to the case be right there--in black and white? As Bruce starts to investigate, what he discovers between the lines is more shocking than any of Nelson's plot twists--and far more dangerous. Camino Winds is an irresistible romp and a perfectly thrilling beach read--# 1 bestselling author John Grisham at his beguiling best.","Crime & Thriller , Thriller","Grisham, John",Doubleday Books,2020,304,1.699 Денари
One Minute Out,"A #1 NEW YORK TIMES BESTSELLER! From Mark Greaney, the New York Times bestselling author of Mission Critical and a coauthor of Tom Clancy's Jack Ryan novels, comes another high-stakes thriller featuring the world's most dangerous assassin: the Gray Man. While on a mission to Croatia, Court Gentry uncovers a human trafficking operation. The trail leads from the Balkans all the way back to Hollywood. Court is determined to shut it down, but his CIA handlers have other plans. The criminal ringleader has actionable intelligence about a potentially devastating terrorist attack on the US. The CIA won't move until they have that intel. It's a moral balancing act with Court at the pivot point.","Crime & Thriller , Thriller","Greaney, Mark",Berkley Books,2020,672,599 Денари
A Time for Mercy,"Jake Brigance is back! The hero of A Time to Kill, one of the most popular novels of our time, returns in a courtroom drama that The New York Times says is riveting and suspenseful. Clanton, Mississippi. 1990. Jake Brigance finds himself embroiled in a deeply divisive trial when the court appoints him attorney for Drew Gamble, a timid sixteen-year-old boy accused of murdering a local deputy. Many in Clanton want a swift trial and the death penalty, but Brigance digs in and discovers that there is more to the story than meets the eye. Jake's fierce commitment to saving Drew from the gas chamber puts his career, his financial security, and the safety of his family on the line. In what may be the most personal and accomplished legal thriller of John Grisham's storied career, we deepen our acquaintance with the iconic Southern town of Clanton and the vivid cast of characters that so many readers know and cherish. The result is a richly rewarding novel that is both timely and timeless, full of wit, drama, and--most of all--heart. Bursting with all the courthouse scheming, small-town intrigue, and stunning plot twists that have become the hallmarks of the master of the legal thriller, A Time for Mercy is John Grisham's most powerful courtroom drama yet. There is a time to kill and a time for justice. Now comes A Time for Mercy.","Crime & Thriller , Thriller","Grisham, John",Doubleday Books,2020,480,1.699 Денари
Camino Winds,"In American icon John Grisham's new novel, Camino Winds, an odd assortment of mystery and crime authors, some of them felons themselves, discover one of their colleagues has been murdered during the fury of a massive hurricane--the perfect crime scene. Since officials are preoccupied with the aftermath of the storm, the authors set out to solve the mystery themselves, in the type of wild but smart caper that Grisham's readers love. --Delia Owens, author of Where the Crawdads Sing John Grisham, #1 bestselling author and master of the legal thriller, sweeps you away to paradise for a little sun, sand, mystery, and mayhem. With Camino Winds, America's favorite storyteller offers the perfect escape. Welcome back to Camino Island, where anything can happen--even a murder in the midst of a hurricane, which might prove to be the perfect crime . . . Just as Bruce Cable's Bay Books is preparing for the return of bestselling author Mercer Mann, Hurricane Leo veers from its predicted course and heads straight for the island. Florida's governor orders a mandatory evacuation, and most residents board up their houses and flee to the mainland, but Bruce decides to stay and ride out the storm. The hurricane is devastating: homes and condos are leveled, hotels and storefronts ruined, streets flooded, and a dozen people lose their lives. One of the apparent victims is Nelson Kerr, a friend of Bruce's and an author of thrillers. But the nature of Nelson's injuries suggests that the storm wasn't the cause of his death: He has suffered several suspicious blows to the head. Who would want Nelson dead? The local police are overwhelmed in the aftermath of the storm and ill equipped to handle the case. Bruce begins to wonder if the shady characters in Nelson's novels might be more real than fictional. And somewhere on Nelson's computer is the manuscript of his new novel. Could the key to the case be right there--in black and white? As Bruce starts to investigate, what he discovers between the lines is more shocking than any of Nelson's plot twists--and far more dangerous. Camino Winds is an irresistible romp and a perfectly thrilling beach read--# 1 bestselling author John Grisham at his beguiling best.","Crime & Thriller , Thriller","Grisham, John",Doubleday Books,2020,304,1.699 Денари
The Dirty South : Witness the becoming of Charlie Parker,"It is 1997, and someone is slaughtering young black women in Burdon County, Arkansas. But no one wants to admit it, not in the Dirty South. In an Arkansas jail cell sits a former NYPD detective, stricken by grief. He is mourning the death of his wife and child, and searching in vain for their killer. He cares only for his own lost family. But that is about to change . . . Witness the becoming of Charlie Parker.","Crime & Thriller , Thriller","Connolly, John",Hodder & Stoughton,2020,480,1.099 Денари
Girl at Midnight : the bestselling Polish crime sensation,"Girl at Midnight has sold over a million copies in Poland and Katarzyna Bonda has become her country's undisputed Queen of Crime. For seven years, Sasza Zaluska has lived with her little girl in the north of England. Far from her previous job as an undercover cop, far from her dependence on alcohol and the traumatic case that made her flee from the police, her family and her native Poland. But now she is coming back. This time, Sasza is looking for a quieter life. She has studied to become a psychological profiler and she soon picks up a freelance job to check out some threats made against the owner of a nightclub. But no sooner has Sasza visited the club than a man is murdered there and Sasza finds herself drawn back towards the world she left behind. The dead man is a musician - famous for one song in particular: Girl at Midnight. Both the song and the crime seem to be connected to a double tragedy of years before, when a brother and sister both died on the same day. Now Sasza Zaluska must follow a crooked, complex trail from a violent past to a more sophisticated criminal present, in which the gangsters have corrupted every level of society.","Crime & Thriller , Thriller","Bonda, Katarzyna",Hodder & Stoughton,2020,544,699 Денари
A Time for Mercy : John Grisham's Latest No. 1 Bestseller,"Jake Brigance, lawyer hero of A Time to Kill and Sycamore Row, is back, in his toughest case ever. 'A new Grisham legal thriller is always an event, but this one is exceptional as the author is returning to Jake Brigance, the hero of his very first book, A Time To Kill . . . There is a lot of Grisham in Brigance - they were both street lawyers on the side of the people, not big corporations. It gives the book an emotional core that burns with a white heat' - Daily Mail 'A master of plotting and pacing . . . suspenseful' - New York Times CAN A KILLER EVER BE ABOVE THE LAW? Deputy Stuart Kofer is a protected man. Though he's turned his drunken rages on his girlfriend, Josie, and her children many times before, the police code of silence has always shielded him. But one night he goes too far, leaving Josie for dead on the floor before passing out. Her son, sixteen-year-old Drew, knows he only has this one chance to save them. He picks up a gun and takes the law into his own hands. In Clanton, Mississippi, there is no one more hated than a cop killer - but a cop killer's defence lawyer comes close. Jake Brigance doesn't want this impossible case but he's the only one with enough experience to defend the boy. As the trial begins, it seems there is only one outcome: the gas chamber for Drew. But, as the town of Clanton discovers once again, when Jake Brigance takes on an impossible case, anything is possible ... Starring the same hero and setting that featured in John Grisham's multi-million-selling bestsellers A Time to Kill (adapted as a film starring Samuel L. Jackson and Matthew McConaughey) and Sycamore Row, A Time for Mercy is an unforgettable thriller you won't be able to put down. 'When Grisham gets in the courtroom he lets rip, drawing scenes so real they're not just alive, they're pulsating' Mirror 'A superb, instinctive storyteller' The Times 'Storytelling genius ... he is in a league of his own' Daily Record 350+ million copies, 45 languages, 9 blockbuster films: NO ONE WRITES DRAMA LIKE JOHN GRISHAM","Crime & Thriller , Thriller","Grisham, John",Hodder & Stoughton,2020,480,1.399 Денари
Camino Winds : The Ultimate Summer Murder Mystery from the Greatest Thriller Writer Alive,"Is a Perfect Storm the Perfect Time for a Murder? 'Another gem from John Grisham' Observer When Hurricane Leo threatens Florida's Camino Island, the Governor is quick to issue an evacuation order. Most residents flee but a small group of diehards decide to ride it out. Amongst them is Bruce Cable, proprietor of Bay Books in downtown Santa Rosa. The hurricane is devastating: homes and condos are levelled, hotels and storefronts ruined, streets flooded, and a dozen people are killed. One of the victims is Nelson Kerr, a friend of Bruce's who wrote timely political thrillers. But evidence suggests that the storm wasn't the cause of Nelson's death - he had received several mysterious blows to the head. Who would want Nelson dead? The local police are overwhelmed with the aftermath of the storm and in no condition to handle the case. Bruce begins to wonder if the shady characters in Nelson's novels were more fact than fiction. And somewhere on Nelson's computer is the manuscript of his new novel - could the key to the case be right there, in black and white? Bruce starts to look into it and what he finds between the lines is more shocking than any of Nelson's plot twists - and far more dangerous. Gripping, compelling and pacy, this exceptional new thriller from international bestseller John Grisham is the perfect escapist read this summer. *************************************** Praise for Camino Winds: 'In American icon John Grisham's new novel, Camino Winds, an odd assortment of mystery and crime authors, some of them felons themselves, discover one of their colleagues has been murdered during the fury of a massive hurricane-the perfect crime scene' Delia Owens, author of Where the Crawdads Sing 'The Camino Island series, featuring trouble-prone bookseller Bruce Cable, is a perfect escapist mix of detective action, insider riffs on the literary world - and even a little romance' Mail on Sunday 'Camino Winds has all the usual Grisham hallmarks - a pacy plot and tension-filled scenes' Independent 'Another compelling read from Grisham, and will satisfy old fans and please new readers alike' Press Association 'The novel has enough plot twists to keep you engaged' The Herald","Crime & Thriller , Thriller","Grisham, John",Hodder & Stoughton,2020,304,1.399 Денари
Watching You Without Me,"LONGLISTED FOR THE SCOTIABANK GILLER PRIZE! From the author of the Scotiabank Giller Prize-winning story collection Hellgoing--an electrifying, brooding novel about the lengths we go to care for family, and what happens when a stranger places himself at the center of one household. Watching You Without Me is like a Lorrie Moore book suffering a Patricia Highsmith fever dream. You slide right along on Coady's witty and endearing style, and meanwhile the trap has closed over you without your ever standing a chance. --Jonathan Lethem After her mother's sudden death, Karen finds herself back in her childhood home in Nova Scotia for the first time in a decade, acting as full-time caregiver to her older sister, Kelli. Overwhelmed and consumed by the isolation of her new role, Karen finds a shoulder to cry on in Trevor--one of Kelli's caregivers. Karen gratefully accepts his friendship and comes to trust him all the more when she discovers how close Trevor was to her mother, Irene. But all is not as it appears to be. What begins with friendly advice and someone to talk to soon takes a dark and mysterious turn. Who is this person Karen has let into her home and into her family's life? How well does she know the stranger she has entrusted with her sister's well-being? As Trevor slowly weaves himself into Karen and Kelli's lives, Karen starts to grasp the unsettling truth about him and his relationship with her mother--and to experience for herself the true and dangerous nature of Trevor's care.","Crime & Thriller , Thriller","Coady, Lynn",Knopf Publishing Group,2020,320,1.499 Денари
Lazarus,"One of the best thrillers of the year! Kepler treats us readers to a nonstop roller coaster of suspense, taking us deep into the hearts and minds of perfectly realized characters. And, oh, what a villain! Lazarus is the definition of a one-sitting read! --Jeffery Deaver, New York Times best-selling author of The Goodbye Man Sometimes the past won't stay buried. All across Europe, the most ruthless criminals are suffering gruesome deaths. At first, it seems coincidental that their underworld affiliations are finally catching up to them. But when two of the victims are found to have disturbing connections to Detective Joona Linna, it becomes clear that there's a single killer at work. Still, police are reluctant to launch an investigation. If a mysterious vigilante is making their jobs easier, why stand in his way? Joona, however, is convinced this is no would-be hero. These deaths serve a much darker purpose. Desperate for help, Joona turns to Saga Bauer. If his hunch is correct, she's one of the few people who stands a chance at bringing this criminal mastermind down. But Saga is fighting her own demons--and the killer knows just how to use them to his advantage. He continues to strike with impunity, and no one, it seems, is safe. When the killer begins targeting those closest to Saga and Joona, it appears more and more likely that Joona has been right all along, and that tracking down the person responsible will force him to confront a ghost from his past . . . the most terrifying villain he's ever had to face.","Crime & Thriller , Thriller","Kepler, lars",Knopf Publishing Group,2020,496,1.699 Денари
The Golden Cage,"A sexy, deliciously dark journey. -- Los Angeles Times A CrimeReads Most Anticipated Book of 2020 An exhilarating new novel from a global superstar--a sexy, over-the-top psychological thriller that tells the story of the scorned wife of a billionaire and her delicious plot to get her revenge and bring him to his knees. Faye has loved Jack since they were students at business school. Jack, the perpetual golden boy, grew up wealthy, unlike Faye, who has worked hard to bury a dark past. When Jack needs help launching a new company, Faye leaves school to support him, waitressing by day and working as his strategist by night. With the business soaring, Faye and Jack have a baby, and Faye finds herself at home, caring for their daughter, wealthier than she ever imagined, but more and more removed from the excitement of the business world. And none of the perks of wealth make up for the fact that Jack has begun to treat her coldly, undermining her intelligence and forgetting all she sacrificed for his success. When Faye discovers that he's having an affair, the polished facade of their life cracks wide open. Faye is alone, emotionally shattered, and financially devastated--but hell hath no fury like a woman with a violent past bent on vengeance. Jack is about to get exactly what he deserves--and so much more. In this splashy, electrifying story of sex, betrayal, and secrets, a woman's revenge is a brutal but beautiful thing.","Crime & Thriller , Thriller","Lackberg, Camilla",Knopf Publishing Group,2020,352,1.499 Денари
The End of Her,"AN INSTANT NEW YORK TIMES BESTSELLER! ""The End of Her will keep you guessing right up to the end . . . once you pick it up, you will not want to put it down.""--USA Today The new domestic suspense novel from the New York Times bestselling author of The Couple Next Door and Someone We Know A long-ago accident--and a visitor from out of the blue. . . Stephanie and Patrick are adjusting to life with their colicky twin girls. The babies are a handful, but even as Stephanie struggles with the disorientation of sleep deprivation, there's one thing she's sure of: she has all she ever wanted. Then Erica, a woman from Patrick's past, appears and makes a disturbing accusation. Patrick had always said his first wife's death was an accident, but now Erica claims it was murder. Patrick insists he's innocent, that this is nothing but a blackmail attempt. Still, Erica knows things about Patrick--things that make Stephanie begin to question her husband. Stephanie isn't sure what, or who, to believe. As Stephanie's trust in Patrick begins to falter, Patrick stands to lose everything. Is Patrick telling the truth--is Erica the persuasive liar Patrick says she is? Or has Stephanie made a terrible mistake? How will it end?","Crime & Thriller , Thriller","Lapena, Shari",Pamela Dorman Books,2020,352,1.599 Денари
Daylight,"Daylight is the gripping follow up to Long Road to Mercy and A Minute to Midnight featuring Special Agent Atlee Pine, from one of the world's most favourite thriller writers, David Baldacci. The hunt Ever since Mercy was abducted aged six, Atlee has been relentless in her search for her. Finally, she gets her most promising breakthrough yet - the identity of her sister's kidnapper. The capture As Atlee and her assistant, Carol Blum, race to track down the suspect, they run into Pine's old friend and fellow agent, John Puller, who is investigating the suspect's family for another crime. The kill Working together, Pine and Puller must pull back the layers of deceit, lies and cover-ups that strike at the very heart of global democracy. And the truth about what happened to Mercy will finally be revealed. That truth will shock Atlee Pine to her very core. Continue the gripping series with Mercy.","Crime & Thriller , Thriller","Baldacci, David",Pan Macmillan,2020,576,699 Денари
The Fifth Column,"The Fifth Column is a thrilling novel about the only man who can thwart a Nazi sympathizer uprising in New York during the Second World War, from bestselling author Andrew Gross. A Man in Trouble February 1939 and Europe is on the brink of war. Charles Mossman is in a bar in Hell's Kitchen, New York, reeling from the loss of his job and his failing marriage, whilst outside thousands of Nazi sympathizers are attending a hate-spewing rally. As he confronts one, Charles makes a horrendous mistake with deadly consequences. A City of Secrets Two years later, Charles is released from prison and tries to reunite with his family. The US has kept out of the war for now but the pressure in the city is rising as those sympathetic to the Nazi cause lay the foundations for what lies ahead. The Enemy Within As he tries to make amends with his wife and daughter, Charles starts to understand that surrounding them there are forces that will use any means necessary to bring about the downfall of his nation. And when his daughter is befriended by a seemingly amiable Swiss couple, it brings to the surface his fears of a 'Fifth Column' of embedded German spies in their new neighbourhood. All Charles wants is to redeem himself as a husband and father, but sometimes a man must do questionable things to stand up for his family and what he believes, even sacrificing his life to do so . . .","Crime & Thriller , Thriller","Gross, Andrew",Pan Macmillan,2020,336,699 Денари
Daylight,"Daylight is the gripping follow up to Long Road to Mercy and A Minute to Midnight featuring Special Agent Atlee Pine from one of the world's most favourite thriller writers, David Baldacci. The hunt Ever since Mercy was abducted aged six, Atlee has been relentless in her search for her. Finally, she gets her most promising breakthrough yet - the identity of her sister's kidnapper. The capture As Atlee and her assistant, Carol Blum, race to track down the suspect, they run into Pine's old friend and fellow agent, John Puller, who is investigating the suspect's family for another crime. The kill Working together, Pine and Puller must pull back the layers of deceit, lies and cover-ups that strike at the very heart of global democracy. And the truth about what happened to Mercy will finally be revealed. That truth will shock Atlee Pine to her very core.","Crime & Thriller , Thriller","Baldacci, David",Pan Macmillan,2020,576,499 Денари
Hidden in Plain Sight,"Newly promoted, Detective Sergeant William Warwick has been reassigned to the drugs squad. His first case: to investigate a notorious south London drug lord known as the Viper. But as William and his team close the net around a criminal network unlike any they have ever encountered, he is also faced with an old enemy, Miles Faulkner. It will take all of William's cunning to devise a means to bring both men to justice, a trap neither will expect, one that is hidden in plain sight . . . Filled with Jeffrey Archer's trademark twists and turns, Hidden in Plain Sight is the gripping next instalment in the life of William Warwick. It follows on from Nothing Ventured, but can be read as a standalone story.","Literature , Historical Fiction","Archer, Jeffrey",Pan Macmillan,2020,336,599 Денари
I Follow You,"From the number one bestselling author, Peter James, comes I Follow You, a nerve-shredding standalone thriller. To the outside world, suave, charming and confident doctor Marcus Valentine has it all. A loving wife, three kids, a great job. But there's something missing, there always has been. . . . or rather, someone . . . Driving to work one morning, his mind elsewhere and not on the road, he almost mows down a female jogger on a crossing. As she runs on, Marcus is transfixed. Infatuated. She is the spitting image of a girl he was crazy about in his teens. A girl he has never been able to get out of his mind. Lynette had dumped him harshly. For years he has fantasized about seeing her again and rekindling their flame. Might that jogger possibly be her all these years later? Could this be the most incredible coincidence? Despite all his attempts to resist, he is consumed by cravings for this woman. And when events take a tragically unexpected turn, his obsession threatens to destroy both their worlds. But still he won't stop. Can't stop.","Crime & Thriller , Thriller","James, Peter",Pan Macmillan,2020,448,699 Денари
The Flight Attendant,"Now a limited series on HBO Max! A powerful story about the ways an entire life can change in one night: A flight attendant wakes up in the wrong hotel, in the wrong bed, with a dead man--and no idea what happened. Cassandra Bowden is no stranger to hungover mornings. She's a binge drinker, her job with the airline making it easy to find adventure, and the occasional blackouts seem to be inevitable. She lives with them, and the accompanying self-loathing. When she awakes in a Dubai hotel room, she tries to piece the previous night back together, counting the minutes until she has to catch her crew shuttle to the airport. She quietly slides out of bed, careful not to aggravate her already pounding head, and looks at the man she spent the night with. She sees his dark hair. His utter stillness. And blood, a slick, still wet pool on the crisp white sheets. Afraid to call the police--she's a single woman alone in a hotel room far from home--Cassie begins to lie. She lies as she joins the other flight attendants and pilots in the van. She lies on the way to Paris as she works the first class cabin. She lies to the FBI agents in New York who meet her at the gate. Soon it's too late to come clean-or face the truth about what really happened back in Dubai. Could she have killed him? If not, who did? Set amid the captivating world of those whose lives unfold at forty thousand feet, The Flight Attendant unveils a spellbinding story of memory, of the giddy pleasures of alcohol and the devastating consequences of addiction, and of murder far from home. A NEW YORK TIMES BESTSELLER A WALL STREET JOURNAL BESTSELLER A USA TODAY BESTSELLER A NATIONAL INDIEBOUND BESTSELLER","Crime & Thriller , Thriller","Bohjalian, Chris",Vintage,2020,480,599 Денари
Disappearing Earth,"ONE OF THE NEW YORK TIMES 10 BEST BOOKS OF THE YEAR NATIONAL BOOK AWARD FINALIST Finalist for The New York Public Library Young Lions Fiction Award One August afternoon, two sisters--Sophia, eight, and Alyona, eleven--go missing from a beach on the far-flung Kamchatka Peninsula in northeastern Russia. Taking us through the year that follows, Disappearing Earth enters the lives of women and girls in this tightly knit community who are connected by the crime: a witness, a neighbor, a detective, a mother. We are transported to vistas of rugged beauty--open expanses of tundra, soaring volcanoes, dense forests, the glassy seas that border Japan and Alaska--and into a region as complex as it is alluring, where social and ethnic tensions have long simmered, and where outsiders are often the first to be accused. In a story as propulsive as it is emotionally engaging, Julia Phillips's powerful novel brings us to a new understanding of the intricate bonds of family and community, in a Russia unlike any we have seen before.","Crime & Thriller , Thriller","Phillips, Julia",Random House USA Inc,2020,272,1.199 Денари
The Flight Attendant (Television Tie-In Edition) : A Novel,"Now a limited series on HBO Max starring Kaley Cuoco and Rosie Perez, a powerful story about the ways an entire life can change in one night: a flight attendant wakes up in the wrong hotel, in the wrong bed, with a dead man--and no idea what happened. Cassandra Bowden is no stranger to hungover mornings. She's a binge drinker, her job with the airline making it easy to find adventure, and the occasional blackouts seem to be inevitable. She lives with them--and the accompanying self-loathing. When she awakes in a Dubai hotel room, she tries to piece the previous night back together, counting the minutes until she has to catch her crew shuttle to the airport. She quietly slides out of bed, careful not to aggravate her already pounding head, and looks at the man she spent the night with. She sees his dark hair. His utter stillness. And blood, a slick, still wet pool on the crisp white sheets. Afraid to call the police--she's a single woman alone in a hotel room far from home--Cassie begins to lie. She lies as she joins the other flight attendants and pilots in the van. She lies on the way to Paris as she works the first class cabin. She lies to the FBI agents in New York who meet her at the gate. Soon it's too late to come clean-or face the truth about what really happened back in Dubai. Could she have killed him? If not, who did? Set amid the captivating world of those whose lives unfold at forty thousand feet, The Flight Attendant unveils a spellbinding story of memory, of the giddy pleasures of alcohol and the devastating consequences of addiction, and of murder far from home.","Crime & Thriller , Thriller","Bohjalian, Chris",Random House USA Inc,2020,368,899 Денари
Fright Night,"Full of menace and suspense, this unputdownable original paperback thriller is perfect for fans of Natasha Preston and anyone looking for a spine-chilling Halloween read! Sofia isn't so sure about Fright Night. When she suggested it to her friends, she was only thinking of it as an excuse to get closer to Dylan. Now that it's happening, she's worried that spending the night in a deserted forest is a bad idea. But it's totally safe--there's even a safe word if things get too intense. And they do. Sofia and her friends are forced to face their greatest fears, and suddenly? It's too late to turn back. Underlined is a line of totally addictive romance, thriller, and horror paperback original titles coming to you fast and furious each month. Enjoy everything you want to read the way you want to read it.","Crime & Thriller , Thriller","Stoffels, Maren",Random House USA Inc,2020,240,599 Денари
Pretty Things,"NEW YORK TIMES BESTSELLER - Two wildly different women--one a grifter, the other an heiress--are brought together by the scam of a lifetime in a page-turner from the New York Times bestselling author of Watch Me Disappear. An ID Book Club Selection - ""It's Dynasty meets Patricia Highsmith.""--The Washington Post Nina once bought into the idea that her fancy liberal arts degree would lead to a fulfilling career. When that dream crashed, she turned to stealing from rich kids in L.A. alongside her wily Irish boyfriend, Lachlan. Nina learned from the best: Her mother was the original con artist, hustling to give her daughter a decent childhood despite their wayward life. But when her mom gets sick, Nina puts everything on the line to help her, even if it means running her most audacious, dangerous scam yet. Vanessa is a privileged young heiress who wanted to make her mark in the world. Instead she becomes an Instagram influencer--traveling the globe, receiving free clothes and products, and posing for pictures in exotic locales. But behind the covetable facade is a life marked by tragedy. After a broken engagement, Vanessa retreats to her family's sprawling mountain estate, Stonehaven: a mansion of dark secrets not just from Vanessa's past, but from that of a lost and troubled girl named Nina. Nina's, Vanessa's, and Lachlan's paths collide here, on the cold shores of Lake Tahoe, where their intertwined lives give way to a winter of aspiration and desire, duplicity and revenge. This dazzling, twisty, mesmerizing novel showcases acclaimed author Janelle Brown at her best, as two brilliant, damaged women try to survive the greatest game of deceit and destruction they will ever play.","Crime & Thriller , Thriller","Brown, Janelle",Random House USA Inc,2020,496,1.599 Денари
This Is My America,"Incredible and searing. --Nic Stone, #1 New York Times bestselling author of Dear Martin The Hate U Give meets Just Mercy in this unflinching yet uplifting first novel that explores the racist injustices in the American justice system. Every week, seventeen-year-old Tracy Beaumont writes letters to Innocence X, asking the organization to help her father, an innocent Black man on death row. After seven years, Tracy is running out of time--her dad has only 267 days left. Then the unthinkable happens. The police arrive in the night, and Tracy's older brother, Jamal, goes from being a bright, promising track star to a thug on the run, accused of killing a white girl. Determined to save her brother, Tracy investigates what really happened between Jamal and Angela down at the Pike. But will Tracy and her family survive the uncovering of the skeletons of their Texas town's racist history that still haunt the present? Fans of Nic Stone, Tiffany D. Jackson, and Jason Reynolds won't want to miss this provocative and gripping debut.","Crime & Thriller , Thriller","Johnson, Kim",Random House USA Inc,2020,416,1.099 Денари
Tell Me Everything,"A compulsive page-turner with shades of Donna Tartt's The Secret History peopled by a new generation.--Catherine Steadman, New York Times bestselling author of Something in the Water NAMED ONE OF THE BEST BOOKS OF THE YEAR BY GOOD HOUSEKEEPING In her first weeks at Hawthorne College, Malin is swept up into a tight-knit circle that will stick together through all four years. There's Gemma, an insecure theater major from London; John, a tall, handsome, wealthy New Englander; Max, John's cousin, a shy pre-med major; Khaled, a wisecracking prince from Abu Dhabi; and Ruby, a beautiful art history major. But Malin isn't like the rest of her friends. She's an expert at hiding her troubled past. She acts as if she shares the preoccupations of those around her--dating, partying--all while using her extraordinary insight to detect their deepest vulnerabilities and weaknesses. By Senior Day, on the cusp of graduation, Malin's secrets--and those of her friends--are revealed. While she scrambles to maintain her artfully curated image, her missteps set in motion a devastating chain of events that ends in a murder. And as fragile relationships hang in the balance and close alliances shift, Malin must test the limits of what she's capable of to stop the truth from coming out. In a mesmerizing novel that peels back the innumerable layers of a seductive protagonist, debut author Cambria Brockman brings to life an entrancing story of friendship, heartbreak, and betrayal. Praise for Tell Me Everything ""Gripping . . . Brockman paints an unnerving portrait of the power people hold over one another--especially as they blur the line between protective and obsessive.""--Time ""At once a complex thriller and antihero origin story, Cambria Brockman's riveting debut is a true page-turner.""--Lisa Lutz, New York Times bestselling author of the Spellman series and The Passenger ""Cambria Brockman's dark and twisty Tell Me Everything is an impressive debut, a complicated and compelling novel of psychological suspense that deftly explores the questions of how well we know our friends and of whom we can trust.""--Karen Dionne, author of the international bestseller The Marsh King's Daughter","Crime & Thriller , Thriller","Brockman, Cambria",Ballantine Books,2020,368,999 Денари
Too Close to Home,"His cover: courthouse janitor. His cause: justice. But when Paul McGrath uncovers a shocking connection to a file of missing evidence, he finds the truth sometimes hits a little too close to home. An intelligence agent-turned-courthouse janitor, Paul McGrath notices everything and everyone--but no one notices him. It's the perfect cover for the justice he seeks for both his father and the people who've been wronged by a corrupt system. Now he's discovered a missing file on Alex Pardew--the man who defrauded and likely murdered McGrath's father but avoided conviction, thanks in large part to the loss of this very file. And what lies behind its disappearance is even worse than McGrath had feared. Meanwhile, at the courthouse, he stumbles on the case of Len Hendrie, a small businessman who's been accused of torching a venture capitalist's mansion. Though Hendrie admits starting the fire, McGrath learns how the VC has preyed on average Joes to benefit himself--and his extensive wine collection. McGrath can't resist looking deeper into this financial predator and soon finds himself in a gray area between his avenging moral compass and the limits of the law. Then, just as the Hendrie case is heating up, McGrath receives word of the death of his father's former housekeeper, sending him back to his family home to confront unfinished business from his past. And he's about to find some unwelcome truths about the mother he lost as a child--and the father who hid even more secrets than he realized.","Crime & Thriller , Thriller","Grant, Andrew",Ballantine Books,2020,384,599 Денари
Playing Nice,"What if you found out that your family isn't yours at all? How far would you go to protect them? A gripping new psychological thriller from the bestselling author of The Girl Before. . . . ""[JP] Delaney takes domestic suspense beyond its comfort zone.""--Marilyn Stasio, The New York Times Book Review Pete Riley answers the door one morning and lets in a parent's worst nightmare. On his doorstep is Miles Lambert, a stranger who breaks the devastating news that Pete's son, Theo, isn't actually his son--he is the Lamberts', switched at birth by an understaffed hospital while their real son was sent home with Miles and his wife, Lucy. For Pete, his partner Maddie, and the little boy they've been raising for the past two years, life will never be the same again. The two families, reeling from the shock, take comfort in shared good intentions, eagerly entwining their very different lives in the hope of becoming one unconventional modern family. But a plan to sue the hospital triggers an official investigation that unearths some disturbing questions about the night their children were switched. How much can they trust the other parents--or even each other? What secrets are hidden behind the Lamberts' glossy front door? Stretched to the breaking point, Pete and Maddie discover they will each stop at nothing to keep their family safe. They are done playing nice.","Crime & Thriller , Thriller","Delaney, Jp",Ballantine Books,2020,416,1.599 Денари
The Better Liar,"Smart, sinister, and utterly engrossing--this debut delivers.--Joshilyn Jackson, New York Times bestselling author of Never Have I Ever When a woman conceals her sister's death to claim their joint inheritance, her deception exposes a web of dangerous secrets in this addictive new thriller for fans of Megan Abbott, Gillian Flynn, and Paula Hawkins. NAMED ONE OF THE MOST ANTICIPATED BOOKS OF 2020 BY Entertainment Weekly - New York Post - Lit Hub - Crime Reads - E! News - BookRiot - PopSugar - Hello GIggles ""Like most of the dead, I want to be remembered."" Robin Voigt is dead. If Leslie had arrived at her sister's cramped Las Vegas apartment just hours earlier, this would have been their first reunion in a decade. In the years since Robin ran away from home as a teenager, Leslie has stayed in New Mexico, taking care of their dying father even as she began building a family of her own. But when their father passed away, Leslie received a rude awakening: She and Robin would receive the inheritance he left them together--or not at all. Now her half of the money may be beyond her grasp. And unbeknownst to anyone, even her husband, Leslie needs it desperately. When she meets a charismatic young woman who bears an uncanny resemblance to Robin--and has every reason to leave her past behind--the two make a reckless bargain: Mary will impersonate Robin for a week in exchange for Robin's half of the cash. But neither realizes how high the stakes will become when Mary takes a dead woman's name. Even as Mary begins to suspect Leslie is hiding something, and Leslie realizes the stranger living in her house, babysitting her newborn son, and charming her husband has secrets of her own, Robin's wild, troubled legacy threatens to eclipse them both. An electric, twisted portrait of sisterhood and the ties that bind, The Better Liar is a stunning debut with a heart-stopping, twist-after-twist finale that will beg the question: How far would you go to get what's yours? Praise for The Better Liar ""Jones' sensational debut has the bones of a thriller but reads like literary fiction: lean, shrewd, and gratifyingly real.""--Entertainment Weekly ""Jones's debut novel is clever, absorbing, and full of red herrings. . . . A stunning twist ending will leave readers waiting to see what Jones will give them next.""--Booklist (starred review)","Crime & Thriller , Thriller","Jones, Tanen",Ballantine Books,2020,320,1.499 Денари
A Madness of Sunshine,"New York Times bestselling author Nalini Singh welcomes you to a remote town on the edge of the world where even the blinding brightness of the sun can't mask the darkness that lies deep within a killer.... On the rugged West Coast of New Zealand, Golden Cove is more than just a town where people live. The adults are more than neighbors; the children, more than schoolmates. That is until one fateful summer--and several vanished bodies--shatters the trust holding Golden Cove together. All that's left are whispers behind closed doors, broken friendships, and a silent agreement to not look back. But they can't run from the past forever. Eight years later, a beautiful young woman disappears without a trace, and the residents of Golden Cove wonder if their home shelters something far more dangerous than an unforgiving landscape. It's not long before the dark past collides with the haunting present and deadly secrets come to light.","Crime & Thriller , Thriller","Singh, Nalini",Berkley Books,2020,480,599 Денари
Close Up,"Welcome to Burning Cove, California where 1930s Hollywood glamour conceals a ruthless killer... Vivian Brazier never thought life as an art photographer would include nightly wake-up calls to snap photos of grisly crime scenes or headshots for aspiring male actors. Although she is set on a career of transforming photography into a new art form, she knows her current work is what's paying the bills. After shooting crime scene photos of a famous actress, the latest victim of the murderer the press has dubbed the ""Dagger Killer,"" Vivian notices eerie similarities to the crime scenes of previous victims--details that only another photographer would have noticed--details that put Vivian at the top of the killer's target list. Nick Sundridge has always been able to ""see"" things that others don't, coping with disturbing dreams and visions. His talent, or as he puts it--his curse--along with his dark past makes him a recluse, but a brilliant investigator. As the only one with the ability to help, Nick is sent to protect Vivian. Together, they discover the Dagger Killer has ties to the glitz and glamour of Hollywood royalty and high society. It is a cutthroat world of allure and deception that Vivian and Nick must traverse--all in order to uncover the killer who will stop at nothing to add them to their gallery of murders.","Crime & Thriller , Thriller","Quick, Amanda",Berkley Books,2020,304,999 Денари
One Minute Out,"A #1 NEW YORK TIMES BESTSELLER! From Mark Greaney, the New York Times bestselling author of Mission Critical and a coauthor of Tom Clancy's Jack Ryan novels, comes another high-stakes thriller featuring the world's most dangerous assassin: the Gray Man. While on a mission to Croatia, Court Gentry uncovers a human trafficking operation. The trail leads from the Balkans all the way back to Hollywood. Court is determined to shut it down, but his CIA handlers have other plans. The criminal ringleader has actionable intelligence about a potentially devastating terrorist attack on the US. The CIA won't move until they have that intel. It's a moral balancing act with Court at the pivot point.","Crime & Thriller , Thriller","Greaney, Mark",Berkley Books,2020,672,599 Денари
A Time for Mercy,"Jake Brigance is back! The hero of A Time to Kill, one of the most popular novels of our time, returns in a courtroom drama that The New York Times says is riveting and suspenseful. Clanton, Mississippi. 1990. Jake Brigance finds himself embroiled in a deeply divisive trial when the court appoints him attorney for Drew Gamble, a timid sixteen-year-old boy accused of murdering a local deputy. Many in Clanton want a swift trial and the death penalty, but Brigance digs in and discovers that there is more to the story than meets the eye. Jake's fierce commitment to saving Drew from the gas chamber puts his career, his financial security, and the safety of his family on the line. In what may be the most personal and accomplished legal thriller of John Grisham's storied career, we deepen our acquaintance with the iconic Southern town of Clanton and the vivid cast of characters that so many readers know and cherish. The result is a richly rewarding novel that is both timely and timeless, full of wit, drama, and--most of all--heart. Bursting with all the courthouse scheming, small-town intrigue, and stunning plot twists that have become the hallmarks of the master of the legal thriller, A Time for Mercy is John Grisham's most powerful courtroom drama yet. There is a time to kill and a time for justice. Now comes A Time for Mercy.","Crime & Thriller , Thriller","Grisham, John",Doubleday Books,2020,480,1.699 Денари
Camino Winds,"In American icon John Grisham's new novel, Camino Winds, an odd assortment of mystery and crime authors, some of them felons themselves, discover one of their colleagues has been murdered during the fury of a massive hurricane--the perfect crime scene. Since officials are preoccupied with the aftermath of the storm, the authors set out to solve the mystery themselves, in the type of wild but smart caper that Grisham's readers love. --Delia Owens, author of Where the Crawdads Sing John Grisham, #1 bestselling author and master of the legal thriller, sweeps you away to paradise for a little sun, sand, mystery, and mayhem. With Camino Winds, America's favorite storyteller offers the perfect escape. Welcome back to Camino Island, where anything can happen--even a murder in the midst of a hurricane, which might prove to be the perfect crime . . . Just as Bruce Cable's Bay Books is preparing for the return of bestselling author Mercer Mann, Hurricane Leo veers from its predicted course and heads straight for the island. Florida's governor orders a mandatory evacuation, and most residents board up their houses and flee to the mainland, but Bruce decides to stay and ride out the storm. The hurricane is devastating: homes and condos are leveled, hotels and storefronts ruined, streets flooded, and a dozen people lose their lives. One of the apparent victims is Nelson Kerr, a friend of Bruce's and an author of thrillers. But the nature of Nelson's injuries suggests that the storm wasn't the cause of his death: He has suffered several suspicious blows to the head. Who would want Nelson dead? The local police are overwhelmed in the aftermath of the storm and ill equipped to handle the case. Bruce begins to wonder if the shady characters in Nelson's novels might be more real than fictional. And somewhere on Nelson's computer is the manuscript of his new novel. Could the key to the case be right there--in black and white? As Bruce starts to investigate, what he discovers between the lines is more shocking than any of Nelson's plot twists--and far more dangerous. Camino Winds is an irresistible romp and a perfectly thrilling beach read--# 1 bestselling author John Grisham at his beguiling best.","Crime & Thriller , Thriller","Grisham, John",Doubleday Books,2020,304,1.699 Денари
Watching You Without Me,"LONGLISTED FOR THE SCOTIABANK GILLER PRIZE! From the author of the Scotiabank Giller Prize-winning story collection Hellgoing--an electrifying, brooding novel about the lengths we go to care for family, and what happens when a stranger places himself at the center of one household. Watching You Without Me is like a Lorrie Moore book suffering a Patricia Highsmith fever dream. You slide right along on Coady's witty and endearing style, and meanwhile the trap has closed over you without your ever standing a chance. --Jonathan Lethem After her mother's sudden death, Karen finds herself back in her childhood home in Nova Scotia for the first time in a decade, acting as full-time caregiver to her older sister, Kelli. Overwhelmed and consumed by the isolation of her new role, Karen finds a shoulder to cry on in Trevor--one of Kelli's caregivers. Karen gratefully accepts his friendship and comes to trust him all the more when she discovers how close Trevor was to her mother, Irene. But all is not as it appears to be. What begins with friendly advice and someone to talk to soon takes a dark and mysterious turn. Who is this person Karen has let into her home and into her family's life? How well does she know the stranger she has entrusted with her sister's well-being? As Trevor slowly weaves himself into Karen and Kelli's lives, Karen starts to grasp the unsettling truth about him and his relationship with her mother--and to experience for herself the true and dangerous nature of Trevor's care.","Crime & Thriller , Thriller","Coady, Lynn",Knopf Publishing Group,2020,320,1.499 Денари
Lazarus,"One of the best thrillers of the year! Kepler treats us readers to a nonstop roller coaster of suspense, taking us deep into the hearts and minds of perfectly realized characters. And, oh, what a villain! Lazarus is the definition of a one-sitting read! --Jeffery Deaver, New York Times best-selling author of The Goodbye Man Sometimes the past won't stay buried. All across Europe, the most ruthless criminals are suffering gruesome deaths. At first, it seems coincidental that their underworld affiliations are finally catching up to them. But when two of the victims are found to have disturbing connections to Detective Joona Linna, it becomes clear that there's a single killer at work. Still, police are reluctant to launch an investigation. If a mysterious vigilante is making their jobs easier, why stand in his way? Joona, however, is convinced this is no would-be hero. These deaths serve a much darker purpose. Desperate for help, Joona turns to Saga Bauer. If his hunch is correct, she's one of the few people who stands a chance at bringing this criminal mastermind down. But Saga is fighting her own demons--and the killer knows just how to use them to his advantage. He continues to strike with impunity, and no one, it seems, is safe. When the killer begins targeting those closest to Saga and Joona, it appears more and more likely that Joona has been right all along, and that tracking down the person responsible will force him to confront a ghost from his past . . . the most terrifying villain he's ever had to face.","Crime & Thriller , Thriller","Kepler, lars",Knopf Publishing Group,2020,496,1.699 Денари
The Golden Cage,"A sexy, deliciously dark journey. -- Los Angeles Times A CrimeReads Most Anticipated Book of 2020 An exhilarating new novel from a global superstar--a sexy, over-the-top psychological thriller that tells the story of the scorned wife of a billionaire and her delicious plot to get her revenge and bring him to his knees. Faye has loved Jack since they were students at business school. Jack, the perpetual golden boy, grew up wealthy, unlike Faye, who has worked hard to bury a dark past. When Jack needs help launching a new company, Faye leaves school to support him, waitressing by day and working as his strategist by night. With the business soaring, Faye and Jack have a baby, and Faye finds herself at home, caring for their daughter, wealthier than she ever imagined, but more and more removed from the excitement of the business world. And none of the perks of wealth make up for the fact that Jack has begun to treat her coldly, undermining her intelligence and forgetting all she sacrificed for his success. When Faye discovers that he's having an affair, the polished facade of their life cracks wide open. Faye is alone, emotionally shattered, and financially devastated--but hell hath no fury like a woman with a violent past bent on vengeance. Jack is about to get exactly what he deserves--and so much more. In this splashy, electrifying story of sex, betrayal, and secrets, a woman's revenge is a brutal but beautiful thing.","Crime & Thriller , Thriller","Lackberg, Camilla",Knopf Publishing Group,2020,352,1.499 Денари
The Fifth Column,"The Fifth Column is a thrilling novel about the only man who can thwart a Nazi sympathizer uprising in New York during the Second World War, from bestselling author Andrew Gross. A Man in Trouble February 1939 and Europe is on the brink of war. Charles Mossman is in a bar in Hell's Kitchen, New York, reeling from the loss of his job and his failing marriage, whilst outside thousands of Nazi sympathizers are attending a hate-spewing rally. As he confronts one, Charles makes a horrendous mistake with deadly consequences. A City of Secrets Two years later, Charles is released from prison and tries to reunite with his family. The US has kept out of the war for now but the pressure in the city is rising as those sympathetic to the Nazi cause lay the foundations for what lies ahead. The Enemy Within As he tries to make amends with his wife and daughter, Charles starts to understand that surrounding them there are forces that will use any means necessary to bring about the downfall of his nation. And when his daughter is befriended by a seemingly amiable Swiss couple, it brings to the surface his fears of a 'Fifth Column' of embedded German spies in their new neighbourhood. All Charles wants is to redeem himself as a husband and father, but sometimes a man must do questionable things to stand up for his family and what he believes, even sacrificing his life to do so . . .","Crime & Thriller , Thriller","Gross, Andrew",Pan Macmillan,2020,336,699 Денари
Daylight,"Daylight is the gripping follow up to Long Road to Mercy and A Minute to Midnight featuring Special Agent Atlee Pine from one of the world's most favourite thriller writers, David Baldacci. The hunt Ever since Mercy was abducted aged six, Atlee has been relentless in her search for her. Finally, she gets her most promising breakthrough yet - the identity of her sister's kidnapper. The capture As Atlee and her assistant, Carol Blum, race to track down the suspect, they run into Pine's old friend and fellow agent, John Puller, who is investigating the suspect's family for another crime. The kill Working together, Pine and Puller must pull back the layers of deceit, lies and cover-ups that strike at the very heart of global democracy. And the truth about what happened to Mercy will finally be revealed. That truth will shock Atlee Pine to her very core.","Crime & Thriller , Thriller","Baldacci, David",Pan Macmillan,2020,576,499 Денари
Hidden in Plain Sight,"Newly promoted, Detective Sergeant William Warwick has been reassigned to the drugs squad. His first case: to investigate a notorious south London drug lord known as the Viper. But as William and his team close the net around a criminal network unlike any they have ever encountered, he is also faced with an old enemy, Miles Faulkner. It will take all of William's cunning to devise a means to bring both men to justice, a trap neither will expect, one that is hidden in plain sight . . . Filled with Jeffrey Archer's trademark twists and turns, Hidden in Plain Sight is the gripping next instalment in the life of William Warwick. It follows on from Nothing Ventured, but can be read as a standalone story.","Literature , Historical Fiction","Archer, Jeffrey",Pan Macmillan,2020,336,599 Денари
I Follow You,"From the number one bestselling author, Peter James, comes I Follow You, a nerve-shredding standalone thriller. To the outside world, suave, charming and confident doctor Marcus Valentine has it all. A loving wife, three kids, a great job. But there's something missing, there always has been. . . . or rather, someone . . . Driving to work one morning, his mind elsewhere and not on the road, he almost mows down a female jogger on a crossing. As she runs on, Marcus is transfixed. Infatuated. She is the spitting image of a girl he was crazy about in his teens. A girl he has never been able to get out of his mind. Lynette had dumped him harshly. For years he has fantasized about seeing her again and rekindling their flame. Might that jogger possibly be her all these years later? Could this be the most incredible coincidence? Despite all his attempts to resist, he is consumed by cravings for this woman. And when events take a tragically unexpected turn, his obsession threatens to destroy both their worlds. But still he won't stop. Can't stop.","Crime & Thriller , Thriller","James, Peter",Pan Macmillan,2020,448,699 Денари
The Cook of the Halcyon,"The Cook of the Halcyon is the penultimate novel in the Inspector Montalbano mystery series from the master of Sicilian crime, Andrea Camilleri. Moments later the all-white schooner, which looked like a hospital ship, began to pass ever so slowly before him, as if wanting to show itself off in all its beauty. The name on the prow said: Halcyon. Two deaths - the suicide of a recently fired worker and the murder of an unscrupulous businessman - lead Inspector Montalbano to the Halcyon, a mysterious ship that visits Vigata's port each day. With very few crewmen, no passengers, and a stern large enough to land a helicopter, it piques the Inspector's interest straight away. In the midst of this, a rare trip to Genoa to visit Livia ends with the Vigata police department in disarray, and Inspector Montalbano's position as the head of the commissariat in jeopardy. It will be up to Montalbano to fix the damage done.","Crime & Thriller , Thriller","Camilleri, Andrea",Pan Macmillan,2020,272,699 Денари
Daylight,"Daylight is the gripping follow up to Long Road to Mercy and A Minute to Midnight featuring Special Agent Atlee Pine, from one of the world's most favourite thriller writers, David Baldacci. The hunt Ever since Mercy was abducted aged six, Atlee has been relentless in her search for her. Finally, she gets her most promising breakthrough yet - the identity of her sister's kidnapper. The capture As Atlee and her assistant, Carol Blum, race to track down the suspect, they run into Pine's old friend and fellow agent, John Puller, who is investigating the suspect's family for another crime. The kill Working together, Pine and Puller must pull back the layers of deceit, lies and cover-ups that strike at the very heart of global democracy. And the truth about what happened to Mercy will finally be revealed. That truth will shock Atlee Pine to her very core. Continue the gripping series with Mercy.","Crime & Thriller , Thriller","Baldacci, David",Pan Macmillan,2020,576,699 Денари
The End of Her,"AN INSTANT NEW YORK TIMES BESTSELLER! ""The End of Her will keep you guessing right up to the end . . . once you pick it up, you will not want to put it down.""--USA Today The new domestic suspense novel from the New York Times bestselling author of The Couple Next Door and Someone We Know A long-ago accident--and a visitor from out of the blue. . . Stephanie and Patrick are adjusting to life with their colicky twin girls. The babies are a handful, but even as Stephanie struggles with the disorientation of sleep deprivation, there's one thing she's sure of: she has all she ever wanted. Then Erica, a woman from Patrick's past, appears and makes a disturbing accusation. Patrick had always said his first wife's death was an accident, but now Erica claims it was murder. Patrick insists he's innocent, that this is nothing but a blackmail attempt. Still, Erica knows things about Patrick--things that make Stephanie begin to question her husband. Stephanie isn't sure what, or who, to believe. As Stephanie's trust in Patrick begins to falter, Patrick stands to lose everything. Is Patrick telling the truth--is Erica the persuasive liar Patrick says she is? Or has Stephanie made a terrible mistake? How will it end?","Crime & Thriller , Thriller","Lapena, Shari",Pamela Dorman Books,2020,352,1.599 Денари
A Time for Mercy : John Grisham's Latest No. 1 Bestseller,"Jake Brigance, lawyer hero of A Time to Kill and Sycamore Row, is back, in his toughest case ever. 'A new Grisham legal thriller is always an event, but this one is exceptional as the author is returning to Jake Brigance, the hero of his very first book, A Time To Kill . . . There is a lot of Grisham in Brigance - they were both street lawyers on the side of the people, not big corporations. It gives the book an emotional core that burns with a white heat' - Daily Mail 'A master of plotting and pacing . . . suspenseful' - New York Times CAN A KILLER EVER BE ABOVE THE LAW? Deputy Stuart Kofer is a protected man. Though he's turned his drunken rages on his girlfriend, Josie, and her children many times before, the police code of silence has always shielded him. But one night he goes too far, leaving Josie for dead on the floor before passing out. Her son, sixteen-year-old Drew, knows he only has this one chance to save them. He picks up a gun and takes the law into his own hands. In Clanton, Mississippi, there is no one more hated than a cop killer - but a cop killer's defence lawyer comes close. Jake Brigance doesn't want this impossible case but he's the only one with enough experience to defend the boy. As the trial begins, it seems there is only one outcome: the gas chamber for Drew. But, as the town of Clanton discovers once again, when Jake Brigance takes on an impossible case, anything is possible ... Starring the same hero and setting that featured in John Grisham's multi-million-selling bestsellers A Time to Kill (adapted as a film starring Samuel L. Jackson and Matthew McConaughey) and Sycamore Row, A Time for Mercy is an unforgettable thriller you won't be able to put down. 'When Grisham gets in the courtroom he lets rip, drawing scenes so real they're not just alive, they're pulsating' Mirror 'A superb, instinctive storyteller' The Times 'Storytelling genius ... he is in a league of his own' Daily Record 350+ million copies, 45 languages, 9 blockbuster films: NO ONE WRITES DRAMA LIKE JOHN GRISHAM","Crime & Thriller , Thriller","Grisham, John",Hodder & Stoughton,2020,480,1.399 Денари
Camino Winds : The Ultimate Summer Murder Mystery from the Greatest Thriller Writer Alive,"Is a Perfect Storm the Perfect Time for a Murder? 'Another gem from John Grisham' Observer When Hurricane Leo threatens Florida's Camino Island, the Governor is quick to issue an evacuation order. Most residents flee but a small group of diehards decide to ride it out. Amongst them is Bruce Cable, proprietor of Bay Books in downtown Santa Rosa. The hurricane is devastating: homes and condos are levelled, hotels and storefronts ruined, streets flooded, and a dozen people are killed. One of the victims is Nelson Kerr, a friend of Bruce's who wrote timely political thrillers. But evidence suggests that the storm wasn't the cause of Nelson's death - he had received several mysterious blows to the head. Who would want Nelson dead? The local police are overwhelmed with the aftermath of the storm and in no condition to handle the case. Bruce begins to wonder if the shady characters in Nelson's novels were more fact than fiction. And somewhere on Nelson's computer is the manuscript of his new novel - could the key to the case be right there, in black and white? Bruce starts to look into it and what he finds between the lines is more shocking than any of Nelson's plot twists - and far more dangerous. Gripping, compelling and pacy, this exceptional new thriller from international bestseller John Grisham is the perfect escapist read this summer. *************************************** Praise for Camino Winds: 'In American icon John Grisham's new novel, Camino Winds, an odd assortment of mystery and crime authors, some of them felons themselves, discover one of their colleagues has been murdered during the fury of a massive hurricane-the perfect crime scene' Delia Owens, author of Where the Crawdads Sing 'The Camino Island series, featuring trouble-prone bookseller Bruce Cable, is a perfect escapist mix of detective action, insider riffs on the literary world - and even a little romance' Mail on Sunday 'Camino Winds has all the usual Grisham hallmarks - a pacy plot and tension-filled scenes' Independent 'Another compelling read from Grisham, and will satisfy old fans and please new readers alike' Press Association 'The novel has enough plot twists to keep you engaged' The Herald","Crime & Thriller , Thriller","Grisham, John",Hodder & Stoughton,2020,304,1.399 Денари
Girl at Midnight : the bestselling Polish crime sensation,"Girl at Midnight has sold over a million copies in Poland and Katarzyna Bonda has become her country's undisputed Queen of Crime. For seven years, Sasza Zaluska has lived with her little girl in the north of England. Far from her previous job as an undercover cop, far from her dependence on alcohol and the traumatic case that made her flee from the police, her family and her native Poland. But now she is coming back. This time, Sasza is looking for a quieter life. She has studied to become a psychological profiler and she soon picks up a freelance job to check out some threats made against the owner of a nightclub. But no sooner has Sasza visited the club than a man is murdered there and Sasza finds herself drawn back towards the world she left behind. The dead man is a musician - famous for one song in particular: Girl at Midnight. Both the song and the crime seem to be connected to a double tragedy of years before, when a brother and sister both died on the same day. Now Sasza Zaluska must follow a crooked, complex trail from a violent past to a more sophisticated criminal present, in which the gangsters have corrupted every level of society.","Crime & Thriller , Thriller","Bonda, Katarzyna",Hodder & Stoughton,2020,544,699 Денари
The Dirty South : Witness the becoming of Charlie Parker,"It is 1997, and someone is slaughtering young black women in Burdon County, Arkansas. But no one wants to admit it, not in the Dirty South. In an Arkansas jail cell sits a former NYPD detective, stricken by grief. He is mourning the death of his wife and child, and searching in vain for their killer. He cares only for his own lost family. But that is about to change . . . Witness the becoming of Charlie Parker.","Crime & Thriller , Thriller","Connolly, John",Hodder & Stoughton,2020,480,1.099 Денари
All That's Bright and Gone,"One of Amazon's Best Books of December 2019! Fans of Jodi Picoult and Fredrik Backman will fall for this tenderhearted debut mystery following a young girl on a quest to save her family. I know my brother is dead. But sometimes Mama gets confused. There's plenty about the grownup world that six-year-old Aoife doesn't understand. Like what happened to her big brother Theo and why her mama is in the hospital instead of home where she belongs. Uncle Donny says she just needs to be patient, but Aoife's sure her mama won't be able to come home until Aoife learns what really happened to her brother. The trouble is no one wants to talk about Theo because he was murdered. But by whom? With her imaginary friend Teddy by her side and the detecting skills of her nosy next door neighbor, Aoife sets out to uncover the truth about her family. But as her search takes her from the banks of Theo's secret hideout by the river to the rooftops overlooking Detroit, Aoife will learn that some secrets can't stay hidden forever and sometimes the pain we bury is the biggest secret of them all. Driven by Aoife's childlike sincerity and colored by her vivid imagination, All That's Bright and Gone illuminates the unshakeable bond between families--and the lengths we'll go to bring our loved ones home.","Crime & Thriller , Thriller","Nellums, Eliza",Crooked Lane Books,2020,247,1.099 Денари
A Desperate Place : A McKenna and Riggs Novel,"Perfect for fans of Tess Gerritsen's Rizzoli & Isles and Kathy Reichs, comes an explosive debut thriller about a team of two strong women and a crime that will shake you to your core. Three separate homicides. Three unrelated victims. One grisly secret. When the body of famous actress Niki Francis is unearthed from its shallow grave, the small town of Medford, Oregon is alarmed, but not shook. After all, there should be plenty of motives and suspects--Niki had fame, wealth, looks. The kill was targeted, premeditated, and it's about her celebrity. Or so they thought. Whit McKenna is licking her wounds, working as a reporter for the local Medford rag. Fresh from a harrowing assignment for her previous post at the L. A. Times which cost her her husband, Whit must pull herself together for the sake of her two daughters. The wound has hardly begun to scab when she's called to cover the murder, so she teams up with her best friend, medical examiner Katie Riggs. Then two more victims turn up, completely disconnected from one another, and McKenna loses all hope of a breakthrough. Rather than clarity, the possible suspects and motives become scrambled. But time is running out, and each front page article McKenna writes brings her closer to a killer who will stop at nothing to realize a deadly vision.","Crime & Thriller , Thriller","Greer, Jennifer",Crooked Lane Books,2020,,1.599 Денари
Hurry Home,"From the bestselling author of Our Little Secret comes a suspenseful new thriller featuring two estranged sisters desperate to keep their deepest and darkest secret where it belongs--in the past. Close to my heart you'll be, sisters forever you and me... Alexandra Van Ness has the perfect life. She lives in an idyllic resort town tucked away in the Rocky Mountains, shares a designer loft with her handsome boyfriend, Chase, and has her dream job working in child protection. Every day, Alex goes above and beyond to save children at risk. But when her long-lost sister, Ruth, unexpectedly shows up at her door, Alex's perfect life is upended. Growing up, Ruth was always the troublemaker, pulling Alex into her messes, and this time will be no different. Still, Alex will help Ruth under one condition: we will never, ever, talk about the past. But when trouble befalls a local child, both women are forced to confront the secrets they've promised to keep buried. Utterly engrossing and claustrophobic, Hurry Home is a tantalizing reflection of the chain-and-shackles relationship between sisters that asks: what lines wouldn't you cross for your own?","Crime & Thriller , Thriller","Nay, Roz",Crooked Lane Books,2020,,1.499 Денари
Poppy Redfern And The Fatal Flyers,"You'll love this character so much, you'll want her as your best friend.--Alyssa Maxwell, author of the Gilded Newport Mysteries and a Lady and Lady's Maid Mysteries Poppy Redfern is back on the case when two female fighter pilots take a fatal dive in an all-new Woman of World War II Mystery by Tessa Arlen. It is the late autumn of 1942. Our indomitable heroine Poppy Redfern is thoroughly immersed in her new job as a scriptwriter at the London Crown Film Unit, which produces short films featuring British civilians who perform acts of valor and heroism in wartime. After weeks of typing copy and sharpening pencils, Poppy is thrilled to receive her first solo script project: a fifteen-minute film about the Air Transport Auxiliary, known as Attagirls, a group of female civilians who have been trained to pilot planes from factories to military airfields all over Britain. Poppy could not be more excited to spend time with these amazing ladies, but she never expects to see one of the best pilots die in what is being labeled an accident. When another Attagirl meets a similar fate, Poppy and her American fighter-pilot boyfriend, Griff, believe foul play may be at work. They soon realize that a murderer with a desire for revenge is dead set on grounding the Attagirls for good. . . .","Crime & Thriller , Thriller","Arlen, Tessa",Penguin Adult,2020,320,899 Денари
A Time for Mercy,"Jake Brigance is back! The hero of A Time to Kill, one of the most popular novels of our time, returns in a courtroom drama that The New York Times says is riveting and suspenseful. Clanton, Mississippi. 1990. Jake Brigance finds himself embroiled in a deeply divisive trial when the court appoints him attorney for Drew Gamble, a timid sixteen-year-old boy accused of murdering a local deputy. Many in Clanton want a swift trial and the death penalty, but Brigance digs in and discovers that there is more to the story than meets the eye. Jake's fierce commitment to saving Drew from the gas chamber puts his career, his financial security, and the safety of his family on the line. In what may be the most personal and accomplished legal thriller of John Grisham's storied career, we deepen our acquaintance with the iconic Southern town of Clanton and the vivid cast of characters that so many readers know and cherish. The result is a richly rewarding novel that is both timely and timeless, full of wit, drama, and--most of all--heart. Bursting with all the courthouse scheming, small-town intrigue, and stunning plot twists that have become the hallmarks of the master of the legal thriller, A Time for Mercy is John Grisham's most powerful courtroom drama yet. There is a time to kill and a time for justice. Now comes A Time for Mercy.","Crime & Thriller , Thriller","Grisham, John",Diversified Publishing,2020,736,1.799 Денари
Searching for Sylvie Lee,"Description 'Powerful . . . A twisting tale of love, loss, and dark family secrets' Paula Hawkins, #1 New York Times bestselling author of The Girl on the Train and Into the Water It begins with a mystery. Sylvie, the beautiful, brilliant, successful older daughter of the Lee family, flies to the Netherlands for one final visit with her dying grandmother - and then vanishes. Amy, the sheltered baby of the Lee family, is too young to remember a time when her parents were newly immigrated and too poor to keep Sylvie. Seven years older, Sylvie was raised by a distant relative in a faraway, foreign place, and didn't rejoin her family in America until age nine. Timid and shy, Amy has always looked up to her sister, the fierce and fearless protector who showered her with unconditional love. But what happened to Sylvie? Amy and her parents are distraught and desperate for answers. Sylvie has always looked out for them. Now, it's Amy's turn to help. Terrified yet determined, Amy retraces her sister's movements, flying to the last place Sylvie was seen. But instead of simple answers, she discovers something much more valuable: the truth. Sylvie, the golden girl, kept painful secrets . . . secrets that will reveal more about Amy's complicated family - and herself - than she ever could have imagined. A deeply moving story of family, secrets, identity, and longing, Searching for Sylvie Lee is both a gripping page-turner and a sensitive portrait of an immigrant family. It is a profound exploration of the many ways culture and language can divide us and the impossibility of ever truly knowing someone - especially those we love.","Crime & Thriller , Thriller","Kwok, Jean",John Murray Press,2020,336,1.299 Денари
Baby,"Description Cynthia can understand how Anahera feels just by looking at her body. Cynthia is twenty-one, bored and desperately waiting for something big to happen. Her striking fitness instructor, Anahera, is ready to throw in the towel on her job and marriage. With stolen money and a dog in tow they run away and buy 'Baby', an old boat docked in a beautiful bay, where Cynthia dreams they will live in a state of love. But strange events on an empty island turn their life together in a different direction. Baby is a sunburnt psychological thriller of obsession and escape by one of the most exciting new voices in New Zealand fiction.","Crime & Thriller , Thriller","Jochems, Annaleese",Scribe Publications,2019,272,899 Денари
Murder at the Museum,"A second mystery for thirteen-year-old Agatha Oddly - a bold, determined heroine, and the star of this stylish new detective series. Agatha Oddlow's set to become the youngest member of the Gatekeepers' Guild, but before that, she's got a mystery to solve! There's been a murder at the British Museum and, although the police are investigating, Agatha suspects that they're missing a wider plot going on below London - a plot involving a disused Tube station, a huge fireworks display, and five thousand tonnes of gold bullion...","Crime & Thriller , Thriller","Jones, Lena",HarperCollins Publishers Limited,2019,336,300 Денари
"Take Me In : the twisty, unputdownable thriller from the bestselling author of Lie With Me","Description ***longlisted for the Theakston's Old Peculier Crime Novel of the Year!*** He saved your son's life. Now he wants yours... Tessa and Marcus went on holiday to save their marriage. Instead they nearly lost their son. In that fatal moment of inattention a stranger stepped in. And now Dave Jepsom is in their lives. They owe him - they know that - but he seems to want everything. He's on the streets they walk down. He's at the office where they work. He's knocking at their front door... And he's exposing secrets they would do anything to hide. If they could just go back. Not make that one terrible mistake. But it's never how it starts that matters. It's always how it ends. *** What readers are saying about this gripping book: 'This is definitely one of the best books I've read this year.' 'This is a brilliant read. From the first page you don't want to put down.' 'I was completely taken in with this book and cannot get the characters out of my head!' 'I thoroughly recommend this book.' 'A fast paced, exciting and dark thriller, Sabine has done it again, keeping me reading into the night.'","Crime & Thriller , Thriller","Durrant, Sabine",Hodder & Stoughton,2019,352,599 Денари
Miracle Creek : Winner of the 2020 Edgar Award for best first novel,"Description 'That wonderful, brilliant sort of book you want to shove at people as soon as you've finished so they can experience it for themselves' Erin Morgenstern WINNER OF THE EDGAR AWARD FOR BEST FIRST NOVEL BY AN AMERICAN AUTHOR A thrilling debut novel for fans of Liane Moriarty and Celeste Ng about how far we'll go to protect our families - and our deepest secrets My husband asked me to lie. Not a big lie. He probably didn't even consider it a lie, and neither did I, at first . . . In rural Virginia, Young and Pak Yoo run an experimental medical treatment device known as the Miracle Submarine - a pressurised oxygen chamber that patients enter for ""dives"", used as an alternative therapy for conditions including autism and infertility. But when the Miracle Submarine mysteriously explodes, killing two people, a dramatic murder trial upends the Yoos' small community. Who or what caused the explosion? Was it the mother of one of the patients, who claimed to be sick that day but was smoking down by the creek? Or was it Young and Pak themselves, hoping to cash in on a big insurance payment and send their daughter to college? The ensuing trial uncovers unimaginable secrets from that night?trysts in the woods, mysterious notes, child-abuse charges?as well as tense rivalries and alliances among a group of people driven to extraordinary degrees of desperation and sacrifice. Angie Kim's Miracle Creek is a thoroughly contemporary take on the courtroom drama, drawing on the author's own life as a Korean immigrant, former trial lawyer, and mother of a real-life ""submarine"" patient. Both a compelling page-turner and an excavation of identity and the desire for connection, Miracle Creek is a brilliant, empathetic debut from an exciting new voice.","Crime & Thriller , Thriller","Kim, Angie",Hodder & Stoughton,2019,368,1.099 Денари
The Club,"A blistering, timely and gripping novel set at Cambridge University, centring around an all-male dining club for the privileged and wealthy. Hans Stichler's uncomplicated German childhood ends abruptly when his aunt invites him to study at Cambridge, where she teaches. She will ensure his application is accepted, but in return he must help her investigate an elite university society, the Pitt Club, which has existed for centuries, its long legacy of tradition and privilege largely unquestioned. But there are secrets in the club's history, as well as in its present, and Hans soon finds himself in the inner sanctum of an increasingly dangerous institution, forced to grapple with the notion that sometimes one must do wrong to do right.","Crime & Thriller , Thriller","Wurger, Takis",Grove Press / Atlantic Monthly Press,2019,224,599 Денари
This Storm,"Description January '42. L.A. reels behind the shock of Pearl Harbor. Local Japanese residents are rounded up and slammed behind bars. Massive thunderstorms hit the city. A body is unearthed in Griffith Park. The cops tag it a routine dead-man job. They're wrong. It's an early-warning signal of Chaos. There's a murderous fire and a gold heist. There's Fifth Column treason on American soil. There are homegrown Nazis, Commies, and race racketeers. It's populism ascendant. There's two dead cops in a dive off the jazz-club strip. And three men and one woman have a hot date with history. Elmer Jackson is a corrupt Vice cop. He's a flesh peddler and a bagman for the L.A. Chief of Police. Hideo Ashida is a crime-lab whiz, lashed by anti-Japanese rage. Dudley Smith is PD hardnose working Army Intelligence. He's gone rogue and gone all-the-way fascist. Joan Conville was born rogue. She's a defrocked Navy lieutenant and a war profiteer to her core. L.A. '42. Homefront madness. Wartime inferno--This Storm is James Ellroy's most audacious novel yet. It is by turns savage, tender, elegiac. It lays bare and celebrates crazed Americans of all stripes. It is a masterpiece.","Crime & Thriller , Thriller","Ellroy, James",Knopf Publishing Group,2019,608,999 Денари
Hour Game,"David Baldacci's heart-stopping Hour Game is the second fast-paced thriller in the King and Maxwell series. Following their collaboration in Split Second, ex-Secret Service agents Sean King and Michelle Maxwell have gone into partnership and are investigating the robbery of some secret documents at the residence of the incredibly wealthy Battle family. It seems like a straightforward case of domestic burglary, but soon they begin to suspect links to larger, more terrifying events now shaking the prosperous town of Wrightsburg . . . The unidentified corpse of an attractive young woman turns up in the woods; two high school kids, one shot in the back, the other in the face, are found dead in their car; a successful lawyer is discovered stabbed to death in her own home. A serial killer is on the loose. The murderer kills in the manner of famous killers of the past but takes care to leave a stopped watch at the scene of each crime - corresponding to the victim's position on his hit list. As the killing spree escalates it seems that the fractured Battle family are somehow involved and Maxwell and King suddenly find themselves racing to solve an intricate puzzle, one that is full of tantalizing clues but barren of solid evidence, and one that is leaving even the FBI confounded. And all the while, the body count is rising . . . Hour Game is followed by Simple Genius, First Family, The Sixth Man and King and Maxwell.","Crime & Thriller , Thriller","Baldacci, David",Pan Macmillan,2019,736,699 Денари
The Guardians : The Sunday Times Bestseller,"Description The Sunday Times bestseller from international bestseller John Grisham. 'Grisham at his passionate best' - Daily Mail He was framed for murder. Now he needs a miracle. 22 years ago Quincy Miller was sentenced to life without parole. He was accused of killing Keith Russo, a lawyer in a small Florida town. But there were no reliable witnesses and little motive. Just the fact that Russo had botched Quincy's divorce case, that Quincy was black in a largely all-white town and that a blood-splattered torch was found in the boot of Quincy's car. A torch he swore was planted. A torch that was conveniently destroyed in a fire just before his trial. The lack of evidence made no difference to judge or jury. In the eyes of the law Quincy was guilty and, no matter how often he protested his innocence, his punishment was life in prison. Finally, after 22 years, comes Quincy's one and only chance of freedom. An innocence lawyer and minister, Cullen Post, takes on his case. Post has exonerated eight men in the last ten years. He intends to make Quincy the next. But there were powerful and ruthless people behind Russo's murder. They prefer that an innocent man dies in jail rather than one of them. There's one way to guarantee that. They killed one lawyer 22 years ago, and they'll kill another without a second thought. Praise for John Grisham's THE GUARDIANS: 'A canny and engrossing blend of two types of Grisham novel: enough of the familiar formula of a single lawsuit in a single town, mixed with a more picaresque and multistranded approach that has the significant advantage of taking in a wider swathe of America' - The Sunday Times 'Delivered with all his signature easy, flowing style. A past master at the art of deft characterisation and the skilful delivery of hair-raising crescendos, Grisham makes this a deceptively easy read' - Irish Independent 'This is typical Grisham: speedy, gripping, very good at conveying the complexities of the law in a digestible way' - Sunday Express 'Speedy and gripping' - Daily Mirror ************ THE INNOCENT MAN by John Grisham is now a major six-part documentary series on Netflix ************","Crime & Thriller , Thriller","Grisham, John",Hodder & Stoughton,2019,384,1.299 Денари
The Silent Patient,"- THE RECORD-BREAKING, MULTIMILLION COPY GLOBAL BESTSELLER AND TIKTOK SENSATION - Discover the #1 New York Times and Sunday Times bestselling thriller with a jaw-dropping twist that everyone is talking about - as seen on TikTok. Soon to be a major film. Al","Crime & Thriller , Thriller","Michaelides, Alex",Orion Books,2019,,799 Денари
The Guardians,"In this instant #1 New York Times bestseller, John Grisham delivers a classic legal thriller--with a twist. ""Terrific...affecting...Grisham has done it again.""--Maureen Corrigan, The Washington Post ""A suspenseful thriller mixed with powerful themes.""--Associated Press In the small Florida town of Seabrook, a young lawyer named Keith Russo was shot dead at his desk as he worked late one night. The killer left no clues. There were no witnesses, no one with a motive. But the police soon came to suspect Quincy Miller, a young black man who was once a client of Russo's. Quincy was tried, convicted, and sent to prison for life. For twenty-two years he languished in prison, maintaining his innocence. But no one was listening. He had no lawyer, no advocate on the outside. In desperation, he writes a letter to Guardian Ministries, a small nonprofit run by Cullen Post, a lawyer who is also an Episcopal minister. Guardian accepts only a few innocence cases at a time. Cullen Post travels the country fighting wrongful convictions and taking on clients forgotten by the system. With Quincy Miller, though, he gets far more than he bargained for. Powerful, ruthless people murdered Keith Russo, and they do not want Quincy Miller exonerated. They killed one lawyer twenty-two years ago, and they will kill another without a second thought.","Crime & Thriller , Thriller","Grisham, John",Doubleday Books,2019,384,1.699 Денари
The Pharaoh Key,"Description Don't miss the this exciting, New York Times bestselling adventure from Preston & Child, in which the secrets of a mysterious ancient tablet may point the way to untold treasure--or unspeakable danger. ""I just want to be crystal clear about this: if it has value, we're gonna steal it. Are you with me?"" Effective Engineering Solutions has been inexplicably shut down and the head of the company, Eli Glinn, has all but vanished. Fresh off a diagnosis that gives him only months to live, Gideon Crew is contacted by one of his coworkers at EES, Manuel Garza, who tells him the two have mere hours to collect their belongings before the office closes forever. After years of dedicated service and several high-risk missions, theirs seems like the most ignoble of terminations-until Gideon and Garza happen upon an incredible discovery. After centuries of silence, a code-breaking machine at EES has cracked the long-awaited translation of a centuries-old stone tablet, the Phaistos Disc, that dates back to an otherwise completely unknown, ancient civilization. The mysteries of the message itself hint at incredible treasures, and perhaps even a world-altering secret. No one remains at EES to take on this most remarkable mission but Gideon and Garza. The two agree to solve the mystery of the disc's message and split the spoils: the perfect parting gift their employer doesn't know he has given. What lies at the end of the trail may save Gideon's life-or bring it to a sudden, shocking close. As Gideon and Garza soon discover, some missions are more dangerous than others. But as Gideon has proved again and again, there's no such thing as too great a risk when you're living on borrowed time. p.p1 {margin: 0.0px 0.0px 0.0px 0.0px; font: 11.0px Helvetica} span.s1 {font-kerning: none}","Crime & Thriller , Thriller","Preston, Douglas",Grand Central Publishing,2019,336,499 Денари
Run Away,"Description A perfect family is shattered when their daughter goes missing in this ""brilliantly executed"" New York Times bestselling thriller from a ""master storyteller"" (Providence Sunday Journal). You've lost your daughter. She's addicted to drugs and to an abusive boyfriend. And she's made it clear that she doesn't want to be found. Then, by chance, you see her playing guitar in Central Park. But she's not the girl you remember. This woman is living on the edge, frightened, and clearly in trouble. You don't stop to think. You approach her, beg her to come home. She runs. And you do the only thing a parent can do: you follow her into a dark and dangerous world you never knew existed. Before you know it, both your family and your life are on the line. And in order to protect your daughter from the evils of that world, you must face them head on.","Crime & Thriller , Thriller","Coben, Harlan",Grand Central Publishing,2019,384,899 Денари
ONE GOOD DEED,"Description It's 1949. When World War II veteran Aloysius Archer is released from Carderock Prison, he is sent to Poca City on parole with a short list of do's and a much longer list of don'ts: do report regularly to his parole officer, don't go into bars, certainly don't drink alcohol, do get a job--and don't ever associate with loose women.","Crime & Thriller , Thriller","Baldacci, David",Hachette Book Group USA,2019,422,899 Денари
Minute to Midnight,"Description FBI Agent Atlee Pine returns to her Georgia hometown to investigate her twin sister's abduction, only to encounter a serial killer in this #1 New York Times bestselling thriller. FBI Agent Atlee Pine's life was never the same after her twin sister Mercy was kidnapped -- and likely killed -- thirty years ago. After a lifetime of torturous uncertainty, Atlee's unresolved anger finally gets the better of her on the job, and she finds she has to deal with the demons of her past if she wants to remain with the FBI. Atlee and her assistant Carol Blum head back to Atlee's rural hometown in Georgia to see what they can uncover about the traumatic night Mercy was taken and Pine was almost killed. But soon after Atlee begins her investigation, a local woman is found ritualistically murdered, her face covered with a wedding veil -- and the first killing is quickly followed by a second bizarre murder. Atlee is determined to continue her search for answers, but now she must also set her sights on finding a potential serial killer before another victim is claimed. But in a small town full of secrets -- some of which could answer the questions that have plagued Atlee her entire life -- and digging deeper into the past could be more dangerous than she realizes . . .","Crime & Thriller , Thriller","Baldacci, David",Hachette Book Group USA,2019,418,899 Денари
Old Bones,"Description The #1 NYT bestselling authors Preston & Child bring the true story of the ill-fated Donner Party to new life in this thrilling novel of archaeology, history, murder, and suspense. Nora Kelly, a young curator at the Santa Fe Institute of Archaeology, is approached by historian Clive Benton with a once-in-a-lifetime proposal: to lead a team in search of the so-called ""Lost Camp"" of the tragic Donner Party. This was a group of pioneers who earned a terrible place in American history when they became snow-bound in the California mountains in 1847, their fate unknown until the first skeletonized survivors stumbled out of the wilderness, raving about starvation, murder-and cannibalism. Benton tells Kelly he has stumbled upon an amazing find: the long-sought diary of one of the victims, which has an enigmatic description of the Lost Camp. Nora agrees to lead an expedition to locate and excavate it-to reveal its long-buried secrets. Once in the mountains, however, they learn that discovering the camp is only the first step in a mounting journey of fear. For as they uncover old bones, they expose the real truth of what happened, one that is far more shocking and bizarre than mere cannibalism. And when those ancient horrors lead to present-day violence on a grand scale, rookie FBI agent Corrie Swanson is assigned the case...only to find that her first investigation might very well be her last. p.p1 {margin: 0.0px 0.0px 0.0px 0.0px; font: 12.0px Helvetica; color: #454545} p.p2 {margin: 0.0px 0.0px 0.0px 0.0px; font: 12.0px Helvetica; color: #454545; min-height: 14.0px}","Crime & Thriller , Thriller","Preston, Douglas",Hachette Book Group USA,2019,369,899 Денари
Cari Mora : A Novel,,"Crime & Thriller , Thriller","Harris, Thomas",Hachette Book Group USA,2019,311,899 Денари
Verses for the Dead,"Description In this #1 New York Times bestseller, FBI Agent Pendergast reluctantly teams up with a new partner to investigate a rash of Miami Beach murders . . . only to uncover a deadly conspiracy that spans decades. After an overhaul of leadership at the FBI's New York field office, A. X. L. Pendergast is abruptly forced to accept an unthinkable condition of continued employment: the famously rogue agent must now work with a partner. Pendergast and his new colleague, junior agent Coldmoon, are assigned to investigate a rash of killings in Miami Beach, where a bloodthirsty psychopath is cutting out the hearts of his victims and leaving them with cryptic handwritten letters at local gravestones. The graves are unconnected save in one bizarre way: all belong to women who committed suicide. But the seeming lack of connection between the old suicides and the new murders is soon the least of Pendergast's worries. Because as he digs deeper, he realizes the brutal new crimes may be just the tip of the iceberg: a conspiracy of death that reaches back decades.","Crime & Thriller , Thriller","Preston, Douglas",Hachette Book Group USA,2019,336,899 Денари
The Golden Tresses of the Dead : A Flavia de Luce Novel,"NEW YORK TIMES BESTSELLER A finger in a wedding cake is only the beginning in this deliciously shocking mystery featuring Flavia de Luce, the world s greatest adolescent British chemist/busybody/sleuth (The Seattle Times). Although it is autumn in the small English town of Bishop s Lacey, the chapel is decked with exotic flowers. Yes, Flavia de Luce s sister Ophelia is at last getting hitched, like a mule to a wagon. A church is a wonderful place for a wedding, muses Flavia, surrounded as it is by the legions of the dead, whose listening bones bear silent witness to every promise made at the altar. Flavia is not your normal twelve-year-old girl. An expert in the chemical nature of poisons, she has solved many mysteries, sharpening her considerable detection skills to the point where she had little choice but to turn professional. So Flavia and dependable Dogger, estate gardener and sounding board extraordinaire, set up shop at the once-grand mansion of Buckshaw, eager to serve not so simple an endeavor with her odious little moon-faced cousin, Undine, constantly underfoot. But Flavia and Dogger persevere. Little does she know that their first case will be extremely close to home, beginning with an unwelcome discovery in Ophelia s wedding cake: a human finger. Praise for The Golden Tresses of the Dead Delightful . . . The mysteries in Mr. Bradley s books are engaging, but the real lure is Ms. de Luce, the irreverent youngster. The Wall Street Journal A ghoulish question is at the heart of Bradley s excellent tenth Flavia de Luce novel. . . . Bradley, who has few peers at combining fair-play clueing with humor and has fun mocking genre conventions, shows no sign of running out of ideas. Publishers Weekly (starred review)","Crime & Thriller , Thriller","Bradley, Alan",Bantam Doubleday Dell,2019,352,499 Денари
The Things She's Seen,"This brilliantly written thriller explores the lives--and deaths--of two girls, and what they will do to win justice. Sure to be one of the most talked-about books of the year! Nothing's been the same for Beth Teller since the day she died. Her dad is drowning in grief. He's also the only one who has been able to see and hear her since the accident. But now she's got a mystery to solve, a mystery that will hopefully remind her detective father that he needs to reconnect with the living. The case takes them to a remote Australian town, where there's been a suspicious fire. All that remains are an unidentifiable body and an unreliable witness found wandering nearby. This witness speaks in riddles. Isobel Catching has a story to tell, and it's a tale to haunt your dreams--but does it even connect to the case at hand? As Beth and her father unravel the mystery, they find a shocking and heartbreaking story lurking beneath the surface of a small town.","Crime & Thriller , Thriller","KWAYMULLINA, AMBELIN",Random House USA Inc,2019,208,699 Денари
The Butterfly Girl,"Description ""A heartbreaking, finger-gnawing, and yet ultimately hopeful novel by the amazing Rene Denfeld."" -Margaret Atwood, via Twitter After captivating readers in The Child Finder, Naomi-the investigator with an uncanny ability for finding missing children-returns, trading snow-covered woods for dark, gritty streets on the search for her missing sister in a city where young, homeless girls have been going missing and turning up dead. From the highly praised author of The Child Finder and The Enchanted comes The Butterfly Girl, a riveting novel that ripples with truth, exploring the depths of love and sacrifice in the face of a past that cannot be left dead and buried. A year ago, Naomi, the investigator with an uncanny ability for finding missing children, made a promise that she would not take another case until she finds the younger sister who has been missing for years. Naomi has no picture, not even a name. All she has is a vague memory of a strawberry field at night, black dirt under her bare feet as she ran for her life. The search takes her to Portland, Oregon, where scores of homeless children wander the streets like ghosts, searching for money, food, and companionship. The sharp-eyed investigator soon discovers that young girls have been going missing for months, many later found in the dirty waters of the river. Though she does not want to get involved, Naomi is unable to resist the pull of children in need-and the fear she sees in the eyes of a twelve-year old girl named Celia. Running from an abusive stepfather and an addict mother, Celia has nothing but hope in the butterflies-her guides and guardians on the dangerous streets. She sees them all around her, tiny iridescent wisps of hope that soften the edges of this hard world and illuminate a cherished memory from her childhood-the Butterfly Museum, a place where everything is safe and nothing can hurt her. As danger creeps closer, Naomi and Celia find echoes of themselves in one another, forcing them each to consider the question: Can you still be lost even when you've been found? But will they find the answer too late?","Crime & Thriller , Thriller","Denfeld, Rene",Harper Collins,2019,272,1.099 Денари
The American Agent : A Maisie Dobbs Novel,"Description Beloved heroine Maisie Dobbs, ""one of the great fictional heroines"" (Parade), investigates the mysterious murder of an American war correspondent in London during the Blitz in a page-turning tale of love and war, terror and survival.When Catherine Saxon, an American correspondent reporting on the war in Europe, is found murdered in her London digs, news of her death is concealed by British authorities. Serving as a linchpin between Scotland Yard and the Secret Service, Robert MacFarlane pays a visit to Maisie Dobbs, seeking her help. He is accompanied by an agent from the US Department of Justice--Mark Scott, the American who helped Maisie get out of Hitler's Munich in 1938. MacFarlane asks Maisie to work with Scott to uncover the truth about Saxon's death. As the Germans unleash the full terror of their blitzkrieg upon the British Isles, raining death and destruction from the skies, Maisie must balance the demands of solving this dangerous case with her need to protect Anna, the young evacuee she has grown to love and wants to adopt. Entangled in an investigation linked to the power of wartime propaganda and American political intrigue being played out in Britain, Maisie will face losing her dearest friend--and the possibility that she might be falling in love again.","Crime & Thriller , Thriller","Winspear, Jacqueline",Harper Collins,2019,384,999 Денари
Perfect Ten : A powerful novel about one woman's search for revenge,"An explosive debut thriller about one woman's search for revenge - and the dangerous chain of events she sets in motion... 'Compelling... Wildly entertaining' Daily Mail __________ Caroline Atkinson is powerless and angry. She has lost more than most - her marriage, her reputation, even her children. Then one day, she receives an unusual delivery: lost luggage belonging to the very man who is responsible, her estranged husband Jack. In a leather holdall, Caroline unearths a dark secret, one that finally confirms her worst suspicions. Jack has kept a detailed diary of all his affairs; every name, every meeting, every lie is recorded. He even marks the women out of ten. Caroline decides it's time to even the score. She will make this man pay, even if it means risking everything... 'Hugely engrossing - a dark delight.' Catherine Ryan Howard, author of Rewind","Crime & Thriller , Thriller","Ward, Jacqueline",Atlantic Books,2019,336,599 Денари
The Last House Guest,"REESE'S BOOK CLUB x HELLO SUNSHINE AUGUST 2019 PICK! FROM THE BESTSELLING AUTHOR OF ALL THE MISSING GIRLS 'The perfect summer thriller ... twisty and tense, with a pace that made my heart race. An edge-of-your-seat, up-all-night read.' Riley Sager, author of The Last Time I Lied 'A riveting read!' Mary Kubica, author of The Good Girl 'Dizzying plot twists and multiple surprise endings are this author's stock in trade... And, oh boy, does she ever know how to write [them].' Marilyn Stasio, New York Times Book Review Never overstay your welcome... Littleport, Maine is like two separate towns: a vacation paradise for wealthy holidaymakers and a simple harbour community for the residents who serve them. Friendships between locals and visitors are unheard of - but that's just what happened with Avery Greer and Sadie Loman. Each summer for a decade the girls are inseparable - until Sadie is found dead. When the police rule the death a suicide, Avery can't help but feel there are those in the community, including a local detective and Sadie's brother Parker, who blame her. Someone knows more than they're saying, and Avery is intent on clearing her name before she's branded a killer. 'Fast-paced and gripping.' People","Crime & Thriller , Thriller","Miranda, Megan",Atlantic Books,2019,368,899 Денари
Macbeth,"A NEW YORK TIMES NOTABLE BOOK OF 2018 Shakespeare's dark and tragic play retold in a heart-pounding New York Times bestselling thriller from the author of The Snowman and The Thirst.   Set in the 1970s in a run-down, rainy industrial town, Jo Nesbo's Macbeth centers around a police force struggling to shed an incessant drug problem. Duncan, chief of police, is idealistic and visionary, a dream to the townspeople but a nightmare for criminals. The drug trade is ruled by two drug lords, one of whom?a master of manipulation named Hecate?has connections with the highest in power, and plans to use them to get his way.    Hecate's plot hinges on steadily, insidiously manipulating Inspector Macbeth: the head of SWAT and a man already susceptible to violent and paranoid tendencies. What follows is an unputdownable story of love and guilt, political ambition, and greed for more, exploring the darkest corners of human nature, and the aspirations of the criminal mind.","Crime & Thriller , Thriller","Nesbo, Jo",Random House Publishing Group,2019,464,999 Денари
Apology for a murder,"Translated from the Italian. ""This translation is based on the edition of Lorenzino's Apologia and Francesco Bibboni's Morte di Lorenzino de' Medici published by L'Instituto Editoriale Italiano""-- Colophon. ""Poems by Lorenzino de' Medici (translated by J.","Literature , Classics","Lorenzino de' Medici, 1514-1548,",Alma Classics,2019,105,299 Денари
"Scrublands : The stunning, Sunday Times Crime Book of the Year 2019","Description 'Stunning ... Scrublands is that rare combination, a page-turner that stays long in the memory' Sunday Times (Crime Book of the Month) 'A heatwave of a novel, scorching and powerful... Extraordinary' AJ Finn The #1 Bestselling Australian crime novel, perfect for fans of Peter May and Jane Harper In an isolated country town ravaged by drought, a charismatic young priest opens fire on his congregation, killing five men before being shot dead himself. A year later, journalist Martin Scarsden arrives in Riversend to write a feature on the anniversary of the tragedy. But the stories he hears from the locals don't fit with the accepted version of events. Just as Martin believes he is making headway, a shocking discovery rocks the town. The bodies of two backpackers - missing since the time of the massacre - are found in the scrublands. The media descends on Riversend and Martin is the one in the spotlight. Wrestling with his own demons, Martin finds himself risking everything to uncover a truth that becomes more complex with every twist. But there are powerful forces determined to stop him, and he has no idea how far they will go to make sure the town's secrets stay buried.","Crime & Thriller , Thriller","Hammer, Chris",Headline Publishing Group,2019,496,1.099 Денари
Triple Jeopardy (Daniel Pitt Mystery 2),"Description The second thrilling mystery in an exciting new generation of Pitt novels, from the New York Times bestselling author and queen of Victorian crime, Anne Perry. 'Anne Perry's Victorian mysteries are marvels of plot construction' New York Times Daniel Pitt is delighted that his sister is visiting London with her American husband Patrick, a policeman, and their young daughters. But Patrick's trip has another purpose, for which he enlists Daniel's help. Philip Sidney, a young British diplomat, is accused of robbery and assault in Washington, but he has taken diplomatic immunity and fled to England. The perfect opportunity to obtain justice presents itself when Sidney is accused of a small embezzlement at the British Embassy in the USA, but as Daniel digs deeper into the case it becomes clear that vengeance is involved. When a witness is murdered in America suspicion of guilt falls on Sidney. But is somebody trying to frame him? And, if so, who and why? Daniel follows a trail that uncovers another murder, and leads from Washington to the idyllic Channel Islands, then to a dramatic scene in court that almost defies belief...","Crime & Thriller , Thriller","Perry, Anne",Headline Publishing Group,2019,352,699 Денари
A Measure of Darkness,"Description The fantastic follow-up to CRIME SCENE by masters of the psychological thriller genre Jonathan and Jesse Kellerman. A MEASURE OF DARKNESS features deputy coroner Clay Edison in another gripping case . . . A wild party in a gentrifying East Bay neighbourhood. A heated argument that spills into the street. Gunshots. Chaos. When the smoke clears, the mystery reveals itself: there is one victim whose death doesn't match the others. She has been brutalized and abandoned, stripped of ID and left to die: it falls to Deputy Coroner Clay Edison to give her a name and a voice. Clay embarks upon a journey into a hidden world where innocence and perversity mingle . . . and before long, his relentless pursuit of the truth will lead him right into the line of fire. If you love the Alex Delaware series, and are a fan of Harlan Coben and Michael Connelly, you will be hooked by A MEASURE OF DARKNESS.","Crime & Thriller , Thriller","Kellerman, Jonathan",Headline Publishing Group,2019,352,499 Денари
Bloody January,"Description HOW MUCH IS THE TRUTH WORTH? When Detective Harry McCoy arrives at the scene of a double shooting in the middle of a busy Glasgow street, he is sure of one thing. This was not a random act of violence. McCoy must enlist the help of his criminal underworld connections to find out the truth. How long will it be before McCoy himself ends up on the wrong side of the law?","Crime & Thriller , Thriller","Parks, Alan",CANONGATE BOOKS LTD,2019,352,699 Денари
The Night Visitor : the gripping thriller from the author of Magpie Lane,"Description 'One of the most vivid, memorable and menacing characters I've ever read' C.L. Taylor, author of The Fear She knows your secret . . . and she'll make you pay As high-flying TV presenter and historian Olivia Sweetman stands before an adoring crowd at the launch of her new bestseller she can barely pretend to smile. Her life has spiralled into lies and if the truth comes out she'll lose everything. Only one person knows what Olivia has done. Vivian Tester is the socially awkward housekeeper of a Sussex manor who has become Olivia's unofficial research assistant. But Vivian has secrets too, and as the relationship between the women grows more and more tangled, a bizarre act of violence changes everything . . . Perfect for fans of Little Fires Everywhere and He Said She Said. PRAISE FOR THE NIGHT VISITOR: 'WONDERFUL' - Clare Mackintosh, author of Let Me Lie 'INSIDIOUS' - Guardian 'BRILLIANT' - Fiona Barton, author of The Child 'PROPULSIVE' - Metro 'INGENIOUS' - Sabine Durrant, author of Lie With Me 'SINISTER' - Red 'MENACING' - C.L. Taylor, author of The Fear 'FANTASTIC' - Sunday Mirror 'ELEGANT' - Joanna Cannon, author of Three Things about Elsie 'GRIPPING' - The Literary Review 'UNRELENTING' - Mick Herron, author of Spook Street 'ENTHRALLING' - Heat 'FASCINATING' - Linda Green, author of When My Eyes Were Closed 'INTELLIGENT' - Good Housekeeping","Crime & Thriller , Thriller","Atkins, Lucy",Quercus Publishing,2019,368,599 Денари
A Long Night in Paris : Winner of the Crime Writers' Association International Dagger,"Description Chinese gangsters and Israeli intelligence face off in Paris - Israel's bestselling book of 2017, perfect for fans of Homeland, John Le Carre and Mick Herron When an Israeli tech entrepreneur disappears from Charles de Gaulle airport with a woman in red, logic dictates youthful indiscretion. But Israel is on a state of high alert nonetheless. Colonel Zeev Abadi, the new head of Unit 8200's autonomous Special Section, who just happens to be in Paris, also just happens to have arrived on the same flight. For Commissaire Leger of the Paris Police coincidences have their reasons, and most are suspect. When a second young Israeli is kidnapped soon after arriving on the same flight, this time at gunpoint from his hotel room, his suspicions are confirmed - and a diplomatic incident looms. Back in Tel Aviv, Lieutenant Oriana Talmor, Abadi's deputy, is his only ally, applying her sharp wits to the race to identify the victims and the reasons behind their abduction. In Paris a covert Chinese commando team listens to the investigation unfurl and watches from the rooftops. While by the hour the morgue receives more bodies from the river and the city's arrondissements. The clock has been set. And this could be a long night in the City of Lights.","Crime & Thriller , Thriller","Alfon, Dov",Quercus Publishing,2019,432,1.099 Денари
The Lost Man,"Description Jane Harper's new novel, The Survivors, now available for pre-order A best crime fiction book of 2019 pick in The Times A thriller of the year 2019 pick in the Observer A bestselling Richard & Judy book club pick 2019 by the author of The Dry WHY DID CAMERON BRIGHT DIE? He had started to remove his clothes as logic had deserted him, and his skin was cracked. Whatever had been going through Cameron's mind when he was alive, he didn't look peaceful in death. Two brothers meet at the remote border of their vast cattle properties under the unrelenting sun of the outback. In an isolated part of Australia, they are each other's nearest neighbour, their homes hours apart. They are at the stockman's grave, a landmark so old that no one can remember who is buried there. But today, the scant shadow it casts was the last hope for their middle brother, Cameron. The Bright family's quiet existence is thrown into grief and anguish. Something had been troubling Cameron. Did he choose to walk to his death? Because if he didn't, the isolation of the outback leaves few suspects... PRAISE FOR THE LOST MAN 'Harper secures her place as queen of outback noir with this haunting family mystery' Sunday Times 'Her best book yet' Evening Standard 'A riveting, deeply atmospheric read' Mail on Sunday 'Harper's intricate, beautifully woven mystery...sucks you into a world where nothing is ever what it seems and everyone has secrets . . . Told with mesmerising skill' Daily Mail","Crime & Thriller , Thriller","Harper, Jane","Little, Brown Book Group",2019,432,699 Денари
A Taste for Death,"Winner of the CWA Crime Awards Silver Dagger Two men lie in a welter of blood in the vestry of St Matthew's Church, Paddington, thier throats brutally slashed. One is Sir Paul Berowne, a baronet and recently-resigned Minister of the Crown, the other an alcoholic vagrant. Dalgliesh and his team, set up to investigate crimes of particular sensitivity, are faced with a case of extraordinary complexity as they discover the Berowne family's veneer of prosperous gentility conceals ugly and dangerous secrets.","Crime & Thriller , Thriller","James, P. D.",Faber & Faber,2019,656,699 Денари
Devotion,"Description 'Sexy-but-literary' Sunday Times 'Complex and psychologically taut' Observer 'Sensual and unsettling' The Scotsman '[A] literary psychological smoulderer' Metro Desire. Deception. Destruction. Devotion. Ella is 26, lonely, hungry and far from home. Lonnie is also 26, but rich, talented and beautiful - with a husband and son to match. Their fates intertwine the day Ella is hired as the family's nanny. She finds herself mesmerised by Lonnie's girlish affection and disregard for the normal boundaries of friendship and marriage, but soon resentment grows too. Crackling with sensuality and suspense, Madeline Stevens's debut novel is a dizzying thriller in which roles are confused and reversed and nothing is ever quite as it seems.","Crime & Thriller , Thriller","Stevens, Madeline",Faber & Faber,2019,304,999 Денари
Leverage in Death : An Eve Dallas thriller (Book 47),"Description What would you do to protect your family? When Paul Rogan sets off a bomb at his office, killing eleven people, no one can understand why. He was a loving husband and father, with everything to live for. Then his wife and daughter are found chained up in the family home, and everything becomes clear. Rogan had been given a horrifying choice - set off the bomb, or see his loved ones suffer and die. Lieutenant Eve Dallas knows the violence won't end here. The men behind the attack are determined, organised and utterly ruthless. In this shocking and challenging case, both Eve and husband Roarke are heading into serious danger.","Crime & Thriller , Thriller","Robb, J. D.","Little, Brown Book Group",2019,480,699 Денари
The Lying Room,"Description One little secret between a married woman, her lover, and a killer. In this thrilling standalone from the internationally bestselling author of the Frieda Klein series, a married woman's affair with her boss spirals into a dangerous game of chess with the police when she discovers he's been murdered and she clears the crime scene of all evidence. It should have been just a mid-life fling. A guilty indiscretion that Neve Connolly could have weathered. An escape from twenty years of routine marriage to her overworked husband, and from her increasingly distant children. But when Neve pays a morning-after visit to her lover, Saul, and finds him brutally murdered, their pied-a-terre still heady with her perfume, all the lies she has so painstakingly stitched together threaten to unravel. After scrubbing clean every trace of her existence from Saul's life--and death--Neve believes she can return to normal, shaken but intact. But she can't get out of her head the one tormenting question: what was she forgetting? An investigation into the slaying could provide the answer. It's brought Detective Chief Inspector Alastair Hitching, and Neve's worst fears, to her door. But with every new lie, every new misdirection to save herself, Neve descends further into the darkness of her betrayal--and into more danger than she ever imagined. Because Hitching isn't the only one watching Neve. So is a determined killer who's about to make the next terrifying move in a deadly affair.... --Kirkus Reviews","Crime & Thriller , Thriller","French, Nicci",William Morrow & Company,2019,432,899 Денари
Seventeen,"Description A tense, powerful thriller from the bestselling author of Six Four 1985. Kazumasa Yuuki, a seasoned reporter at the North Kanto Times, runs a daily gauntlet of the power struggles and office politics that plague its newsroom. But when an air disaster of unprecedented scale occurs on the paper's doorstep, its staff is united by an unimaginable horror and a once-in-a-lifetime scoop. 2003. Seventeen years later, Yuuki remembers the adrenaline-fueled, emotionally charged seven days that changed his and his colleagues' lives. He does so while making good on a promise he made that fateful week--one that holds the key to its last solved mystery and represents Yuuki's final, unconquered fear. From Hideo Yokoyama, the celebrated author of Six Four, comes Seventeen--an investigative thriller set amid the aftermath of disaster.","Crime & Thriller , Thriller","Yokoyama, Hideo",Picador USA,2019,368,1.099 Денари
The Punishment She Deserves : A Lynley Novel,"NEW YORK TIMES BESTSELLER Detective Sergeant Barbara Havers and Detective Inspector Thomas Lynley are forced to confront the past as they try to solve a crime that threatens to tear apart the very fabric of a quiet, historic medieval town in England The cozy, bucolic town of Ludlow is stunned when one of its most revered and respected citizens--Ian Druitt, the local deacon--is accused of a serious crime. Then, while in police custody, Ian is found dead. Did he kill himself? Or was he murdered? When Barbara Havers is sent to Ludlow to investigate the chain of events that led to Ian's death, all the evidence points to suicide. But Barbara can't shake the feeling that she's missing something. She decides to take a closer look at the seemingly ordinary inhabitants of Ludlow--mainly elderly retirees and college students--and discovers that almost everyone in town has something to hide. A masterful work of suspense, The Punishment She Deserves sets Detective Sergeant Barbara Havers and Inspector Thomas Lynley against one of their most intricate cases. Fans of the longtime series will love the many characters from Elizabeth George's previous novels who join Lynley and Havers, and readers new to the series will quickly see why she is one of the most popular and critically acclaimed writers of our time. Both a page-turner and a deeply complex story about the lies we tell, the lies we believe, and the redemption we need, this novel will be remembered as one of George's best.","Crime & Thriller , Thriller","George, Elizabeth",Penguin Putnam Inc,2019,720,599 Денари
The Witch ELM,"Named a New York Times Notable Book of 2018 and a Best Book of 2018 by NPR, The New York Times Book Review, Amazon, The Boston Globe, LitHub, Vulture, Slate, Elle, Vox, and Electric Literature ""Tana French's best and most intricately nuanced novel yet."" --The New York Times An ""extraordinary"" (Stephen King) and ""mesmerizing"" (LA Times) new standalone novel from the master of crime and suspense and author of the forthcoming novel The Searcher. From the writer who ""inspires cultic devotion in readers"" (The New Yorker) and has been called ""incandescent"" by Stephen King, ""absolutely mesmerizing"" by Gillian Flynn, and ""unputdownable"" (People) comes a gripping new novel that turns a crime story inside out. Toby is a happy-go-lucky charmer who's dodged a scrape at work and is celebrating with friends when the night takes a turn that will change his life--he surprises two burglars who beat him and leave him for dead. Struggling to recover from his injuries, beginning to understand that he might never be the same man again, he takes refuge at his family's ancestral home to care for his dying uncle Hugo. Then a skull is found in the trunk of an elm tree in the garden--and as detectives close in, Toby is forced to face the possibility that his past may not be what he has always believed. A spellbinding standalone from one of the best suspense writers working today, The Witch Elm asks what we become, and what we're capable of, when we no longer know who we are.","Crime & Thriller , Thriller","French, Tana",Penguin Books,2019,528,999 Денари
The Swallows,"Description A blistering, timely tale of revenge from the bestselling author of The Passenger GIRLS WILL BE GIRLS What do you love? What do you hate? What do you want? It starts with this simple writing prompt from Alex Witt to her students at Stonebridge Academy. When their answers raise disturbing questions of their own, Ms. Witt knows there's more going on at the school than anyone will admit. She finds the few girls who've started to question the school's `boys will be boys' attitude and incites a resistance that quickly becomes a movement. As the school's secrets begin to trickle out, the skirmish turns into an all-out war, with deeply personal - and potentially fatal - consequences for everyone involved.","Crime & Thriller , Thriller","Lutz, Lisa",Titan Books Ltd,2019,528,699 Денари
Mycroft and Sherlock,"Description The new novel by NBA All-Star Kareem Abdul-Jabbar, starring brothers Mycroft and Sherlock Holmes. It is 1872, and a series of gruesome murders is the talk of London. Mycroft Holmes-now twenty-six and a force to be reckoned with at the War Office-has no interest in the killings; however his brother Sherlock has developed a distasteful fascination for the macabre to the detriment of his studies, much to Mycroft's frustration. When a ship carrying cargo belonging to Mycroft's best friend Cyrus Douglas runs aground, Mycroft persuades Sherlock to serve as a tutor at the orphanage that Douglas runs as a charity, so that Douglas might travel to see what can be salvaged. Sherlock finds himself at home among the street urchins, and when a boy dies of a suspected drug overdose, he decides to investigate, following a trail of strange subterranean symbols to the squalid opium dens of the London docks. Meanwhile a meeting with a beautiful Chinese woman leads Mycroft to the very same mystery, one that forces him to examine the underbelly of the opium trade that is enriching his beloved Britain's coffers. As the stakes rise, the brothers find that they need one another's assistance and counsel. But a lifetime of keeping secrets from each other may have catastrophic consequences...","Crime & Thriller , Thriller","Abdul-Jabbar, Kareem",Titan Books Ltd,2019,416,699 Денари
Triumph of the Spider Monkey,"Description Unavailable for 40 years, this seminal novel of madness and murder is acclaimed author Joyce Carol Oates' powerful trip into the mind of a maniac. Abandoned as a baby in a bus station locker, shuttled from one abusive foster home and detention center to another, Bobbie Gotteson grew up angry, hurting, damaged. His hunger to succeed as a musician brought him across the country to Hollywood, but along with it came his seething rage, his paranoid delusions, and his capacity for acts of shocking violence. Unavailable for 40 years, The Triumph of the Spider Monkey is an eloquent, terrifying, heartbreaking exploration of madness by one of the most acclaimed authors of the past century. This definitive edition for the first time pairs the original novel with a never-before-collected companion novella by Joyce Carol Oates, unseen since its sole publication in a literary journal nearly half a century ago, which examines the impact of Gotteson's killing spree on a woman who survived it, as seen through the eyes of the troubled young man hired by a private detective to surveil her...","Crime & Thriller , Thriller","Oates, Joyce Carol",Titan Books Ltd,2019,224,599 Денари
Hidden Bodies : The sequel to Netflix smash hit YOU,"We all binged on YOU when it became a major hit Netflix series last Christmas. ***Now the major Netflix series is back for SERIES TWO, based on the even more twisted HIDDEN BODIES*** JOE GOLDBERG IS BACK . . . Joe came to Los Angeles to start over, to forget about what happened in New York. But in a darkened room in Soho House everything suddenly changed. She is like no one he's ever met before. She doesn't know about his past and never can. The problem is, hidden bodies don't always stay that way. Praise for You: 'THRILLER OF THE YEAR' Daily Mail 'I am RIVETED, AGHAST, AROUSED you name it. The rare instance when prose and plot are equally delicious' Lena Dunham 'Hypnotic and scary' Stephen King 'Brilliant thriller with attitude, guts and true insight into the nature of obsession' Sophie Hannah 'A fantastically creepy thriller.... The kind of book you put your life on hold for' Glamour 'Clever and chilling' Elle 'A brilliant tale ... It's Gone Girl meets a sinister version of Girls' Marie Claire 'An addictive thriller!' Closer","Crime & Thriller , Thriller","Kepnes, Caroline",Simon & Schuster Ltd,2019,464,599 Денари
The Cold Dish : A Longmire Mystery,"Introducing Wyoming's Sheriff Walt Longmire in this riveting novel from the New York Times bestselling author of Hell Is Empty and As the Crow Flies, the first in the Longmire Mystery Series, the basis for LONGMIRE, the hit Netflix original drama series.Fans of Ace Atkins, Nevada Barr and Robert B. Parker will love this outstanding first novel, in which New York Times bestselling author Craig Johnson introduces Sheriff Walt Longmire of Wyoming's Absaroka County. Johnson draws on his deep attachment to the American West to produce a literary mystery of stunning authenticity, and full of memorable characters. After twenty-five years as sheriff of Absaroka County, Walt Longmire's hopes of finishing out his tenure in peace are dashed when Cody Pritchard is found dead near the Northern Cheyenne Reservation. Two years earlier, Cody has been one of four high school boys given suspended sentences for raping a local Cheyenne girl. Somebody, it would seem, is seeking vengeance, and Longmire might be the only thing standing between the three remaining boys and a Sharps .45-70 rifle. With lifelong friend Henry Standing Bear, Deputy Victoria Moretti, and a cast of characters both tragic and humorous enough to fill in the vast emptiness of the high plains, Walt Longmire attempts to see that revenge, a dish best served cold, is never served at all.","Crime & Thriller , Thriller","Johnson, Craig",Penguin Putnam Inc,2019,448,899 Денари
Far Cry: Absolution,"The official prequel to the latest instalment of the Far Cry video game series. Hope County, Montana. Land of the free and the brave, but also home to a fanatical doomsday cult known as The Church of Eden's Gate that has slowly been infiltrating the residents' daily lives in the past years. Mary May Fairgrave, a local barkeep, has lost almost everything to the Church: her parents died in suspicious conditions and her brother, entranced by the cult leader's charismatic words, has vanished. When the authorities refuse to investigate further, she decides to take matters into her own hands. Local hunter William Boyd was saved by Eden's Gate years ago, during the darkest moments of his life. When his duties lead him to cross paths with Mary May, the daughter of one of his old friends, he soon discovers that what is happening in the county is far from what he believed. Up against an omniscient and dangerous adversary, Mary May stands little chance. But the unexpected intervention of William Boyd will change her journey-as well as his.","Crime & Thriller , Thriller","Waite, Urban",Titan Books Ltd,2018,288,599 Денари
It All Falls Down,"Description The brilliant, fearless, deeply flawed Nora Watts-introduced in the ""utterly compelling"" (Jeffery Deaver) atmospheric thriller The Lost Ones-finds deadly trouble as she searches for the truth about her late father in this immersive thriller that moves from the hazy Canadian Pacific Northwest to the gritty, hollowed streets of Detroit. Growing up, Nora Watts only knew one parent-her father. When he killed himself, she denied her grief and carried on with her life. Then a chance encounter with a veteran who knew him raises disturbing questions Nora can't ignore-and dark emotions she can't control. To make her peace with the past, she has to confront it. Finding the truth about her father's life and his violent death takes her from Vancouver to Detroit where Sam Watts grew up, far away from his people and the place of his birth. Thanks to a disastrous government policy starting in the 1950s, thousands of Canadian native children like Sam were adopted by American families. In the Motor City, Nora discovers that the circumstances surrounding Sam's suicide are more unsettling than she'd imagined. Yet no matter how far away Nora gets from Vancouver, she can't shake trouble. Back in the Pacific Northwest, former police detective turned private investigator Jon Brazuca is looking into the overdose death of a billionaire's mistress. His search uncovers a ruthless opiate ring and a startling connection to Nora, the infuriatingly distant woman he'd once tried to befriend. He has no way to warn or protect her, because she's become a ghost, vanishing completely off the grid. Focused on the mysterious events of her father's past and the clues they provide to her own fractured identity and that of her estranged daughter, Nora may not be able to see the danger heading her way until it's too late. But it's not her father's old ties that could get her killed-it's her own.","Crime & Thriller , Thriller","Kamal, Sheena",William Morrow & Company,2018,336,999 Денари
Death Comes to Pemberley,"Two great literary minds-master of suspense P.D. James and literary icon Jane Austen-come together in Death Comes to Pemberley, a bestselling historical crime fiction tribute to Pride and Prejudice. Conjuring the world of Elizabeth Bennett and Mr. Fitzwilliam Darcy and combining the trappings of Regency British society with a classic murder mystery, James creates a delightful mash-up that will intrigue any Janeite. The year is 1803, and Darcy and Elizabeth have been married for six years. There are now two handsome and healthy sons in the nursery, Elizabeth's beloved sister Jane and her husband Bingley live nearby and the orderly world of Pemberley seems unassailable. But all this is threatened when, on the eve of the annual autumn ball, the guests are preparing to retire for the night when a chaise appears, rocking down the path from Pemberley's wild woodland. As it pulls up, Lydia Wickham - Elizabeth's younger, unreliable sister - stumbles out screaming that her husband, George Wickham, has been murdered. Inspired by a lifelong passion for the work of Jane Austen, P.D. James masterfully recreates the world of Pride and Prejudice. Combining Austen's wit and the social commentary of Downton Abbey with her own signature excitement and suspense, James has crafted a brilliant crime story. Death Comes to Pemberley is a distinguished work of fiction, from one of the best-loved, most- read writers of our time, and was adapted as a miniseries by the BBC in 2013, starring Matthew Rhys, Anna Maxwell Martin, and Matthew Goode.","Crime & Thriller , Thriller","James, P. D.",Faber & Faber,2018,352,699 Денари
Sunburn,"Sunburn is a dark, gleaming noir gem. Read it.' GILLIAN FYNN 'Thrilling.' ROXANE GAY 'Note perfect noir . . . Not to be missed.' MEGAN ABBOTT Meet Polly, which may or may not be her real name, this year's most dangerous leading lady... They meet by chance in a local bar in a small town in Delaware. Polly is heading west. Adam says he's also passing through. Yet she stays and so does he - drawn to this mysterious redhead who unnerves and excites him. Over the course of one hot summer, they abandon themselves to a steamy affair. But each holds back something from the other - dangerous, even lethal, secrets . . . Winner of the eDunnit Award for best crime novel in e book and nominated for the CWA Gold Dagger, 2018. Don't miss Laura Lippman's newest thriller, Dream Girl, now available for preorder","Crime & Thriller , Thriller","Lippman, Laura",Faber & Faber,2018,304,699 Денари
The Thirst : A Harry Hole Novel,"Description #1 International Best Seller In this electrifying thriller from the author of Police and The Snowman, Inspector Harry Hole hunts down a serial murderer who targets his victims . . . on Tinder. The murder victim, a self-declared Tinder addict. The one solid clue--fragments of rust and paint in her wounds--leaves the investigating team baffled. Two days later, there's a second murder: a woman of the same age, a Tinder user, an eerily similar scene. The chief of police knows there's only one man for this case. But Harry Hole is no longer with the force. He promised the woman he loves, and he promised himself, that he'd never go back: not after his last case, which put the people closest to him in grave danger. But there's something about these murders that catches his attention, something in the details that the investigators have missed. For Harry, it's like hearing ""the voice of a man he was trying not to remember."" Now, despite his promises, despite everything he risks, Harry throws himself back into the hunt for a figure who haunts him, the monster who got away.","Crime & Thriller , Thriller","Nesbo, Jo",Vintage Crime/Black Lizard,2018,544,999 Денари
Manhattan Beach,"Description * Winner of the Andrew Carnegie Medal for Excellence in Fiction * New York Times Bestseller * A New York Times Notable Book and a Washington Post Notable Fiction Book of 2017 * Longlisted for the National Book Award for Fiction * Named a Best Book of 2017 by NPR, The Guardian, Vogue, Esquire, Kirkus Reviews, Philadelphia Inquirer, BookPage, Bustle, Southern Living, and St. Louis Post-Dispatch ""Immensely satisfying...an old-fashioned page-turner, tweaked by this witty and sophisticated writer...Egan is masterly at displaying mastery...she works a formidable kind of magic."" -Dwight Garner, The New York Times The long-awaited novel from the Pulitzer Prize-winning author of A Visit from the Goon Squad, Manhattan Beach opens in Brooklyn during the Great Depression. Anna Kerrigan, nearly twelve years old, accompanies her father to the house of a man who, she gleans, is crucial to the survival of her father and her family. Anna observes the uniformed servants, the lavishing of toys on the children, and some secret pact between her father and Dexter Styles. Years later, her father has disappeared and the country is at war. Anna works at the Brooklyn Navy Yard, where women are allowed to hold jobs that had always belonged to men. She becomes the first female diver, the most dangerous and exclusive of occupations, repairing the ships that will help America win the war. She is the sole provider for her mother, a farm girl who had a brief and glamorous career as a Ziegfield folly, and her lovely, severely disabled sister. At a night club, she chances to meet Styles, the man she visited with her father before he vanished, and she begins to understand the complexity of her father's life, the reasons he might have been murdered. Mesmerizing, hauntingly beautiful, with the pace and atmosphere of a noir thriller and a wealth of detail about organized crime, the merchant marine and the clash of classes in New York, Egan's first historical novel is a masterpiece, a deft, startling, intimate exploration of a transformative moment in the lives of women and men, America and the world. Manhattan Beach is a magnificent novel by one of the greatest writers of our time.","Crime & Thriller , Thriller","Egan, Jennifer","Little, Brown Book Group",2018,512,799 Денари
Prague Spring,"Description It's the summer of 1968, the year of love and hate, of Prague Spring and Cold War winter. Two English students, Ellie and James, set off to hitch-hike across Europe with no particular aim in mind but a continent, and themselves, to discover. Somewhere in southern Germany they decide, on a whim, to visit Czechoslovakia where Alexander Dubcek's ""socialism with a human face"" is smiling on the world. Meanwhile Sam Wareham, a first secretary at the British embassy in Prague, is observing developments in the country with a mixture of diplomatic cynicism and a young man's passion. In the company of Czech student, Lenka Koneckova, he finds a way into the world of Czechoslovak youth, its hopes and its ideas. It seems that, for the first time, nothing is off limits behind the Iron Curtain. Yet the wheels of politics are grinding in the background. The Soviet leader, Leonid Brezhnev is making demands of Dubcek and the Red Army is massed on the borders. How will the looming disaster affect those fragile lives caught up in the invasion?","Crime & Thriller , Thriller","Mawer, Simon","Little, Brown Book Group",2018,400,1.099 Денари
"The Stolen Girls : A totally gripping thriller with a twist you won't see coming (Detective Lottie Parker, Book 2)","Description Shortlisted for the Irish Book Awards - RTE Radio One's The Ryan Tubridy Show Listeners' Choice The young woman standing on Lottie's step was a stranger. She was clutching the hand of a young boy. 'Help me,' she said to Lottie. 'Please help me.' One Monday morning, the body of a young pregnant woman is found. The same day, a mother and her son visit the house of Detective Lottie Parker, begging for help to find a lost friend. Could this be the same girl? When a second victim is discovered by the same man, with the murder bearing all the same hallmarks as the first, Lottie needs to work fast to discover how else the two were linked. Then two more girls go missing. Detective Lottie Parker is a woman on the edge, haunted by her tragic past and struggling to keep her family together through difficult times. Can she fight her own demons and catch the killer before he claims another victim? The Stolen Girls is a gripping and page-turning thriller that will leave you breathless. Perfect for fans of Karin Slaughter, Tess Gerritsen and Helen Fields. What people are saying about The Stolen Girls: 'THE BEST BOOK I'VE READ IN A LONG, LONG TIME! If I could have given it ten stars I would have!' Goodreads Reviewer 'A thrilling mystery with great characters and a dark and disturbing plot.' Deja Read 'A highly engrossing and very emotive story, tension which will keep you on the edge of your seat and not just chewing but chomping at those finger nails.' Jen Med's Book Reviews 'I absolutely, totally and utterly blinking loved reading The Stolen Girls and I can't wait to read more.' Ginger Book Geek 'Patricia has written another un-putdownable police procedural which is fast-paced and a page-turner of epic proportions.' Sweet Little Book Blog 'This is Patricia Gibney's second novel, following her amazing debut, The Missing Ones. I gave The Missing Ones 5 stars, and I liked this one even better, but alas, Goodreads won't let me give it 6 stars.' Dark Twisty Books","Crime & Thriller , Thriller","Gibney, Patricia","Little, Brown Book Group",2018,464,699 Денари
The Confession,"Description SOMETIMES THE TRUTH IS NOT ALL IT SEEMS... SOMETIMES A CONFESSION IS JUST THE BEGINNING... NOW A NUMBER ONE BESTSELLER 'Brilliant' BA Paris, author of Behind Closed Doors and The Breakdown 'Chilling' Sunday Times 'Enthralling' JP Delaney, author of The Girl Before 'Compulsive' Sunday Mirror 'Addictive' Michelle Frances, author of The Girlfriend ********** Late one night a man walks into the luxurious home of disgraced banker Harry McNamara and his wife Julie. The man launches an unspeakably brutal attack on Harry as a horror-struck Julie watches, frozen by fear. It looks like Harry's many sins - corruption, greed, betrayal - have finally caught up with him. An hour later the intruder, JP Carney, hands himself in, confessing to the assault. The police have a victim, a suspect in custody and an eye-witness account, but Julie remains troubled. Has Carney's surrender really been driven by a guilty conscience or is this confession the first calculated move in a deadly game? THE MOST GRIPPING PSYCHOLOGICAL THRILLER OF 2018: PERFECT FOR FANS OF THEN SHE WAS GONE AND THE GOOD DAUGHTER. ********** 'Brutal' Fiona Cummins, author of Rattle 'Gripping' Best 'Jaw-dropping' Chris Whitaker, author of Tall Oaks 'Vivid' Irish Times 'Fabulous' Amanda Jennings, author of In Her Wake 'A contender for the most arresting opening paragraph of the year' Sunday Express","Crime & Thriller , Thriller","Spain, Jo",Quercus Publishing,2018,432,799 Денари
The Scarred Woman,"Description The international no. 1 bestseller returns with his most captivating and suspenseful novel yet - perfect for fans of Stieg Larsson and Jo Nesbo. In a Copenhagen park the body of an elderly woman is discovered. Though the case bears a striking resemblance to another unsolved homicide from over a decade ago, the police cannot find any connection between the two victims. Across town a group of young women are being hunted down. The attacks seem random, but could these brutal acts of violence be related? Detective Carl Morck of Department Q is charged with solving the mystery. Back at headquarters, Carl and his team are under pressure to deliver results: failure to meet his superiors' expectations will mean the end of Department Q. Solving the case, however, is not their only concern. After a breakdown, their colleague Rose is struggling to deal with the ghosts of her past - a past seemingly connected to one of the division's most sinister case-files. It is up to Carl, Assad and Gordon to unearth the dark and violent truth plaguing Rose before it is too late. Translated by William Frost","Crime & Thriller , Thriller","Adler-Olsen, Jussi",Quercus Publishing,2018,544,499 Денари
Y is for Yesterday,"Description THE FINAL INSTALLMENT IN SUE GRAFTON'S ALPHABET SERIES  WINNER OF THE ANTHONY/BILL CRIDER AWARD FOR BEST NOVEL IN A SERIES   Private investigator Kinsey Millhone confronts her darkest and most disturbing case in this #1 New York Times bestseller from Sue Grafton. In 1979, four teenage boys from an elite private school sexually assault a fourteen-year-old classmate—and film the attack. Not long after, the tape goes missing and the suspected thief, a fellow classmate, is murdered. In the investigation that follows, one boy turns state’s evidence and two of his peers are convicted. But the ringleader escapes without a trace.         Now, it’s 1989 and one of the perpetrators, Fritz McCabe, has been released from prison. Moody, unrepentant, and angry, he is a virtual prisoner of his ever-watchful parents—until a copy of the missing tape arrives with a ransom demand. That’s when the McCabes call Kinsey Millhone for help. As she is drawn into their family drama, she keeps a watchful eye on Fritz. But he’s not the only one being haunted by the past. A vicious sociopath with a grudge against Millhone may be leaving traces of himself for her to find...","Crime & Thriller , Thriller","Grafton, Sue",Penguin Lcc Us,2018,496,499 Денари
Greeks Bearing Gifts,"Description An NPR Book of the Year A Crime Reads Best Crime Book of 2018 A vicious murder puts Bernie Gunther on the trail of World War 2 criminals in Greece in this riveting historical thriller in Philip Kerr's New York Times bestselling series. Munich, 1956. Bernie Gunther has a new name, a chip on his shoulder, and a dead-end career when an old friend arrives to repay a debt and encourages ""Christoph Ganz"" to take a job as a claims adjuster in a major German insurance company with a client in Athens, Greece. Under the cover of his new identity, Bernie begins to investigate a claim by Siegfried Witzel, a brutish former Wehrmacht soldier who served in Greece during the war. Witzel's claimed losses are large , and, even worse, they may be the stolen spoils of Greek Jews deported to Auschwitz. But when Bernie tries to confront Witzel, he finds that someone else has gotten to him first, leaving a corpse in his place. Enter Lieutenant Leventis, who recognizes in this case the highly grotesque style of a killer he investigated during the height of the war. Back then, a young Leventis suspected an S.S. officer whose connection to the German government made him untouchable. He's kept that man's name in his memory all these years, waiting for his second chance at justice... Working together, Leventis and Bernie hope to put their cases--new and old--to bed. But there's a much more sinister truth to acknowledge: A killer has returned to Athens...one who may have never left.","Crime & Thriller , Thriller","Kerr, Philip",Penguin Publishing Group,2018,528,699 Денари
Banker's Wife,"Description A USA Today Bestseller ""Immersive, satisfying, tense--and timely: This is probably happening for real right now.""--Lee Child ""First-rate...Slick, heart-hammering entertainment.""--The New York Times Book Review On an early morning in November, a couple boards a private plane bound for Geneva, flying into a storm. Soon after, it simply drops off the radar, and its wreckage is later uncovered in the Alps. Among the disappeared is Matthew Werner, a banking insider at Swiss United, a powerful offshore bank. His young widow, Annabel, is left grappling with the secrets he left behind, including an encrypted laptop and a shady client list. As she begins a desperate search for answers, she determines that Matthew's death was no accident, and that she is now in the crosshairs of his powerful enemies. Meanwhile, ambitious society journalist Marina Tourneau has finally landed at the top. Now that she's engaged to Grant Ellis, she will stop writing about powerful families and finally be a part of one. Her entry into the upper echelons of New York's social scene is more appealing than any article could ever be, but, after the death of her mentor, she agrees to dig into one more story. While looking into Swiss United, Marina uncovers information that implicates some of the most powerful men in the financial world, including a few who are too close to home. The story could also be the answer to Annabel's heartbreaking search--if Marina chooses to publish it. The Banker's Wife is both a high-stakes thriller and an inside look at the personal lives in the intriguing world of finance, introducing Cristina Alger as a powerful new voice in the genre.","Crime & Thriller , Thriller","Alger, Cristina",Penguin Publishing Group,2018,352,699 Денари
The Reckoning,"Description #1 bestselling author John Grisham's The Reckoning is his most powerful, surprising, and suspenseful thriller yet. ""A murder mystery, a courtroom drama, a family saga...The Reckoning is Grisham's argument that he's not just a boilerplate thriller writer. Most jurors will think the counselor has made his case."" --USA Today October 1946, Clanton, Mississippi Pete Banning was Clanton, Mississippi's favorite son--a decorated World War II hero, the patriarch of a prominent family, a farmer, father, neighbor, and a faithful member of the Methodist church. Then one cool October morning he rose early, drove into town, and committed a shocking crime. Pete's only statement about it--to the sheriff, to his lawyers, to the judge, to the jury, and to his family--was: ""I have nothing to say."" He was not afraid of death and was willing to take his motive to the grave. In a major novel unlike anything he has written before, John Grisham takes us on an incredible journey, from the Jim Crow South to the jungles of the Philippines during World War II; from an insane asylum filled with secrets to the Clanton courtroom where Pete's defense attorney tries desperately to save him. Reminiscent of the finest tradition of Southern Gothic storytelling, The Reckoning would not be complete without Grisham's signature layers of legal suspense, and he delivers on every page.","Crime & Thriller , Thriller","Grisham, John",Random House Large Print Publishing,2018,656,1.799 Денари
A Measure of Darkness,"Description The fantastic follow-up to CRIME SCENE by masters of the psychological thriller genre Jonathan and Jesse Kellerman. A MEASURE OF DARKNESS features deputy coroner Clay Edison in another gripping case . . . Clay Edison gets the call in the middle of the night and it's a bad one. A party in Oakland, feuding neighbours, a wild crowd in the street. Two guns, firing at random, spreading chaos and death. Nobody knows the body count yet. It's going to be a long night for Clay - longer than he ever could have imagined. Because when the dust settles, there's a victim who can't be accounted for. A young woman, strangled instead of shot, without ID and a stranger to all. Clay's journey to give her a name and bring her justice will lead him into a bizarre world where right and wrong begin to blur. If you love the Alex Delaware series, and are a fan of Harlan Coben and Michael Connelly, you will be hooked by A MEASURE OF DARKNESS.","Crime & Thriller , Thriller","Kellerman, Jonathan",Headline Publishing Group,2018,352,1.299 Денари
Full Wolf Moon,"Description The New York Times bestselling author of The Forgotten Room and Deep Storm is back with a new thriller that follows the trail of a killer who cannot exist . . . featuring Jeremy Logan, the renowned investigator of the supernatural and fantastic. Legends, no matter how outlandish, are often grounded in reality. This has been the guiding principle behind the exhilarating career of Jeremy Logan, the ""enigmalogist""—an investigator who specializes in analyzing phenomena that have no obvious explanation—previously seen in The Forgotten Room, The Third Gate, and Deep Storm. Logan has often found himself in situations where keeping an open mind could mean the difference between life and death, and that has never been more true than now.      Logan travels to an isolated writers' retreat deep in the Adirondacks to finally work on his book when the remote community is rocked by the grisly discovery of a dead hiker on Desolation Mountain. The body has been severely mauled, but the unusual savagery of the bite and claw marks call into question the initial suspicions of a wild bear attack. When Logan is asked to help investigate, he discovers no shortage of suspects capable of such an attack—and no shortage of locals willing to point the finger and spread incredible rumors. One rumor, too impossible to believe, has even the forest ranger believing in werewolves. As Logan gets to know the remote deep-woods landscape, including a respected woman scientist still struggling with the violent loss of her father in these very woods, Logan realizes he's up against something he has never seen before.      His most action-packed and white-knuckled novel to date, Full Wolf Moon is the perfect combination of exotic locales, provocative science, and raw action that make for a deeply entertaining Lincoln Child blockbuster.","Crime & Thriller , Thriller","Child, Lincoln",Knopf Doubleday Publishing Group,2018,320,499 Денари
Don't Close Your Eyes,"Description Robin and Sarah weren't the closest of twins. They weren't even that similar. But they loved each other dearly. Until, in the cruellest of domestic twists, they were taken from one another. Now, in her early 30s, Robin lives alone. Agoraphobic and suffering from panic attacks, she spends her days pacing the rooms of her house. The rest of the time she watches - watches the street, the houses, the neighbours. Until one day, she sees something she shouldn't... And Sarah? Sarah got what she wanted - the good-looking man, the beautiful baby, the perfect home. But she's just been accused of the most terrible thing of all. She can't be around her new family until she has come to terms with something that happened a long time ago. And to do that, she needs to track down her twin sister. But Sarah isn't the only person looking for Robin. As their paths intersect, something dangerous is set in motion, leading Robin and Sarah to fight for much more than their relationship...","Crime & Thriller , Thriller","Seddon, Holly",Atlantic Books,2018,336,599 Денари
Troll,"Description Years ago, Fortune gave up on his daughter, Sophie, after a troubled adolescence. Now she's gone missing, vanished without trace. And after weeks of investigation, the police have given up on her, too. Driven by guilt, and a determination to atone for his failures as a father, he takes on the search himself. He soon finds that his daughter had been living in fear of a vicious online troll who seemed to know far too much about her. Could Sophie's disappearance be linked to this unknown predator? Fortune is about to discover that monsters which live online don't always stay there...","Crime & Thriller , Thriller","Thorne, D. B.",Atlantic Books,2018,368,599 Денари
The President is Missing,"Description `The dream team delivers big time ... Clinton's insider secrets and Patterson's storytelling genius make this the political thriller of the decade.' - Lee Child ________________________________ The President is Missing. The world is in shock. But the reason he's missing is much worse than anyone can imagine. With details only a President could know, and the kind of suspense only James Patterson can deliver. ________________________________ `A bullet train of a thriller. The Day of the Jackal for the twenty-first century.' - A.J. Finn, author of The Woman in the Window 'This book moves like Air Force One. Big and fast.' - Michael Connelly, author of the Harry Bosch series 'The President Is Missing is a big, splashy juggernaut of a novel, combining thrills with a truly authentic look at the inner happenings in Washington. I read it in one gulp. You will too.' - Harlan Coben, #1 bestselling author of Don't Let Go `Yes, The President is Missing is fiction - it's a thriller - but James Patterson and I have come up with three of the most frightening days in the history of the presidency. And it could really happen... These days, the seemingly impossible can happen. And it happens so fast. I believe that readers will not soon forget President Jonathan Duncan and his story.' - Bill Clinton `Needless to say, we had some great conversations about the presidency, what life in Washington is really like, and about the state of America and the rest of the world.' - James Patterson `I felt like I was right along with the characters for the shocking twists and turns you'll never guess are coming. Patterson and Clinton have created a truly unique character in their `missing' President. The President is Missing puts the listener inside the White House and inside the mind of a President grappling with extraordinary circumstances.' - Dennis Quaid on the audiobook of The President is Missing 'Relentless in its plotting and honest in its examination of issues that strike close to our hearts.' - Jeffery Deaver 'A first-rate collaboration from a couple of real pros! Engrossing from page one.' - David Baldacci 'The President is Missing is more than a thriller - it's a skeleton key that lets you inside the head of a U.S. president.' - Brad Meltzer, author of The Escape Artist 'From the pens of two American icons comes a political thriller that rocks... a helluva story.' - Nelson DeMille, author of The Cuban Affair 'The President Is Missing is heart-pounding, gripping, terrifying... a genuinely masterful thriller. My knuckles are still white!' - Louise Penny, #1 bestselling author of Glass Houses 'Marry the political savvy of Bill Clinton with the craftsmanship of James Patterson and you get a fabulously entertaining thriller that is meticulous in its portrayal of Washington politics, gripping in its pacing, and harrowing in its depiction of the perils of cyberwarfare.' - Ron Chernow, #1 bestselling and Pulitzer Prize-winning author of Alexander Hamilton and Grant","Crime & Thriller , Thriller","Clinton, President Bill",Cornerstone,2018,528,1.499 Денари
The Disappeared,"Description Wyoming game warden Joe Pickett has two lethal cases to contend with in this electrifying #1 New York Times-bestseller from C. J. Box. Wyoming's new governor isn't sure what to make of Joe Pickett, but he has a job for him that is extremely delicate. A prominent female British executive never came home from the high-end guest ranch she was visiting, and the British Embassy is pressing hard. Pickett knows that happens sometimes--these ranches are stocked with handsome young cowboys, and ""ranch romances"" aren't uncommon. But no sign of her months after she vanished? That suggests something else. At the same time, his friend Nate Romanowski has asked Joe to intervene with the feds on behalf of falconers who can no longer hunt with eagles even though their permits are in order. Who is blocking the falconers and why? The more he investigates both cases, the more someone wants him to go away. Is it because of the missing woman or because he's become Nate's advocate? Or are they somehow connected? The answers, when they come, will be even worse than he'd imagined.","Crime & Thriller , Thriller","Box, C J",G.P. Putnam's Sons,2018,400,1.199 Денари
Golden Prey,"Description Lucas Davenport's first case as a U.S. marshal takes him into unexplored territory in this thrilling novel in the #1 New York Times-bestselling Prey series. The man was smart and he didn't mind killing people. Welcome to the big leagues, Davenport. Thanks to some very influential people whose lives he saved, Lucas is no longer working for the Minnesota Bureau of Criminal Apprehension, but for the U.S. Marshals Service, and with unusual scope. He gets to pick his own cases, whatever they are, wherever they lead him. And where they've led him this time is into real trouble. A Biloxi, Mississippi, drug-cartel counting house gets robbed, and suitcases full of cash disappear, leaving behind five bodies, including that of a six-year-old girl. Davenport takes the case, which quickly spirals out of control, as cartel assassins, including a torturer known as the ""Queen of home-improvement tools"" compete with Davenport to find the Dixie Hicks shooters who knocked over the counting house. Things get ugly real fast, and neither the cartel killers nor the holdup men give a damn about whose lives Davenport might have saved; to them, he's just another large target. Filled with his trademark razor-sharp plotting and some of the best characters in suspense fiction, Golden Prey is further reason why ""Sandford has always been at the top of any list of great mystery writers"" (The Huffington Post).","Crime & Thriller , Thriller","Sandford, John",G.P. Putnam's Sons,2018,384,699 Денари
The Marsh King's Daughter,"Description THE INTERNATIONAL BESTSELLER ""Brilliant....About as good as a thriller can be.""--The New York Times Book Review ""[A] nail-biter perfect for Room fans.""--Cosmopolitan ""Sensationally good psychological suspense.""--Lee Child Praised by Karin Slaughter and Megan Abbott, The Marsh King's Daughter is the mesmerizing tale of a woman who must risk everything to hunt down the dangerous man who shaped her past and threatens to steal her future: her father. Helena Pelletier has a loving husband, two beautiful daughters, and a business that fills her days. But she also has a secret: she is the product of an abduction. Her mother was kidnapped as a teenager by her father and kept in a remote cabin in the marshlands of Michigan's Upper Peninsula. Helena, born two years after the abduction, loved her home in nature, and despite her father's sometimes brutal behavior, she loved him, too...until she learned precisely how savage he could be. More than twenty years later, she has buried her past so soundly that even her husband doesn't know the truth. But now her father has killed two guards, escaped from prison, and disappeared into the marsh. The police begin a manhunt, but Helena knows they don't stand a chance. Knows that only one person has the skills to find the survivalist the world calls the Marsh King--because only one person was ever trained by him: his daughter.","Crime & Thriller , Thriller","Dionne, Karen",G.P. Putnam's Sons,2018,352,999 Денари
The Perfect Mother,"Description A night out - a few hours of fun.What could possibly go wrong? SOON TO BE A MAJOR MOTION PICTURE ""The Perfect Mother is a gripping page-turner that explores the pressures of modern motherhood as well as a mother's absolute worst nightmare. At once wonderfully nuanced and compulsively readable, it keeps you guessing at every moment, up until the very end. I could not be prouder to be bringing this thriller to the big screen.""-Kerry Washington Some people are so good at making perfect look easy. They call themselves the May Mothers-a collection of new moms who gave birth in the same month. Twice a week, with strollers in tow, they get together in Prospect Park, seeking refuge from the isolation of new motherhood; sharing the fears, joys, and anxieties of their new child-centered lives. When the group's members agree to meet for drinks at a hip local bar, they have in mind a casual evening of fun, a brief break from their daily routine. But on this sultry Fourth of July night during the hottest summer in Brooklyn's history, something goes terrifyingly wrong: one of the babies is taken from his crib. Winnie, a single mom, was reluctant to leave six-week-old Midas with a babysitter, but the May Mothers insisted that everything would be fine. Now Midas is missing, the police are asking disturbing questions, and Winnie's very private life has become fodder for a ravenous media. Though none of the other members in the group is close to the reserved Winnie, three of them will go to increasingly risky lengths to help her find her son. And as the police bungle the investigation and the media begin to scrutinize the mothers in the days after Midas goes missing, damaging secrets are exposed, marriages are tested, and friendships are formed and fractured. Unfolding over the course of thirteen fraught days and culminating in an exquisite and unexpected twist, The Perfect Mother is the perfect book for our times-a nuanced and addictively readable story that exposes the truth of modern mothers' lives as it explores the power of an ideal that is based on a lie.","Crime & Thriller , Thriller","Molloy, Aimee",Harper Collins,2018,336,1.099 Денари
The Wife,,"Crime & Thriller , Thriller","Burke, Alafair",Harper Collins,2018,352,1.099 Денари
Watch Me Disappear,"Description NEW YORK TIMES BESTSELLER - The disappearance of a beautiful, charismatic mother leaves her family to piece together her secrets in this propulsive novel for fans of Big Little Lies--from the bestselling author of All We Ever Wanted Was Everything and the upcoming Pretty Things. ""Watch Me Disappear is just as riveting as Gone Girl.""--San Francisco Chronicle Who you want people to be makes you blind to who they really are. It's been a year since Billie Flanagan--a Berkeley mom with an enviable life--went on a solo hike in Desolation Wilderness and vanished from the trail. Her body was never found, just a shattered cellphone and a solitary hiking boot. Her husband and teenage daughter have been coping with Billie's death the best they can: Jonathan drinks as he works on a loving memoir about his marriage; Olive grows remote, from both her father and her friends at the all-girls school she attends. But then Olive starts having strange visions of her mother, still alive. Jonathan worries about Olive's emotional stability, until he starts unearthing secrets from Billie's past that bring into question everything he thought he understood about his wife. Who was the woman he knew as Billie Flanagan? Together, Olive and Jonathan embark on a quest for the truth--about Billie, but also about themselves, learning, in the process, about all the ways that love can distort what we choose to see. Janelle Brown's insights into the dynamics of intimate relationships will make you question the stories you tell yourself about the people you love, while her nervy storytelling will keep you guessing until the very last page. Praise for Watch Me Disappear ""Watch Me Disappear is a surprising and compelling read. Like the best novels, it takes the reader somewhere she wouldn't otherwise allow herself to go. . . . It's strongest in the places that matter most: in the believability of its characters and the irresistibility of its plot.""--Chicago Tribune ""Janelle Brown's third family drama delivers an incisive and emotional view of how grief and recovery from loss can seep into each aspect of a person's life. . . . Brown imbues realism in each character, whose complicated emotions fuel the suspenseful story.""--Associated Press ""When a Berkeley mother vanishes and is declared dead, her daughter is convinced she's alive in Janelle Brown's thriller, calling to mind Big Little Lies and Gone Girl.""--Variety","Crime & Thriller , Thriller","Brown, Janelle",Random House USA Inc,2018,384,999 Денари
The Grave's a Fine and Private Place : A Flavia de Luce Novel,"Description NEW YORK TIMES BESTSELLER • “The world’s greatest adolescent British chemist/busybody/sleuth” (The Seattle Times), Flavia de Luce, returns in a twisty mystery novel from award-winning author Alan Bradley. In the wake of an unthinkable family tragedy, twelve-year-old Flavia de Luce is struggling to fill her empty days. For a needed escape, Dogger, the loyal family servant, suggests a boating trip for Flavia and her two older sisters. As their punt drifts past the church where a notorious vicar had recently dispatched three of his female parishioners by spiking their communion wine with cyanide, Flavia, an expert chemist with a passion for poisons, is ecstatic. Suddenly something grazes her fingers as she dangles them in the water. She clamps down on the object, imagining herself Ernest Hemingway battling a marlin, and pulls up what she expects will be a giant fish. But in Flavia’s grip is something far better: a human head, attached to a human body. If anything could take Flavia’s mind off sorrow, it is solving a murder—although one that may lead the young sleuth to an early grave. Praise for The Grave’s a Fine and Private Place “Flavia [is] irrepressible, precocious and indefatigable. . . . A whole new chapter of Flavia’s life opens as she approaches adolescence. Will she become the Madame Curie of crime?”—Bookreporter “Outstanding . . . As usual, Bradley makes his improbable series conceit work and relieves the plot’s inherent darkness with clever humor.”—Publishers Weekly (starred review)   “There’s only one Flavia. . . . Series fans will anticipate the details of this investigation, along with one last taste of Flavia’s unorthodox family life.”—Library Journal (starred review)   “Bradley’s unquenchable heroine brings ‘the most complicated case I had ever come across’ to a highly satisfying conclusion, with the promise of still brighter days ahead.”—Kirkus Reviews","Crime & Thriller , Thriller","Bradley, Alan",Bantam Doubleday Dell,2018,384,599 Денари
Origin,"Description Robert Langdon, Harvard professor of symbology, arrives at the ultramodern Guggenheim Museum Bilbao to attend the unveiling of a discovery that ""will change the face of science forever."" The evening's host is Edmond Kirsch, a forty-year-old billionaire and futurist, and one of Langdon's first students. But the meticulously orchestrated evening suddenly erupts into chaos, and Kirsch's precious discovery teeters on the brink of being lost forever. Facing an imminent threat, Langdon is forced to flee. With him is Ambra Vidal, the elegant museum director who worked with Kirsch. They travel to Barcelona on a perilous quest to locate a cryptic password that will unlock Kirsch's secret. Navigating the dark corridors of hidden history and extreme re-ligion, Langdon and Vidal must evade an enemy whose all-knowing power seems to emanate from Spain's Royal Palace. They uncover clues that ultimately bring them face-to-face with Kirsch's shocking discovery...and the breathtaking truth that has long eluded us.","Crime & Thriller , Thriller","Brown, Dan",Anchor Books,2018,656,599 Денари
The Whispering Room : A Jane Hawk Novel,"Description NEW YORK TIMES BESTSELLER • Jane Hawk—fiction’s most relentless, resourceful, stunning new heroine—continues her battle against a murderous conspiracy in the riveting sequel to The Silent Corner. “No time to delay. Do what you were born to do. Fame will be yours when you do this.” These are the words that ring in the mind of mild-mannered, beloved schoolteacher Cora Gundersun—just before she takes her own life, and many others’, in a shocking act of carnage. When the disturbing contents of her secret journal are discovered, it seems certain that she must have been insane. But Jane Hawk knows better. In the wake of her husband’s inexplicable suicide—and the equally mysterious deaths of scores of other exemplary individuals—Jane picks up the trail of a secret cabal of powerful players who think themselves above the law and beyond punishment. But the ruthless people bent on hijacking America’s future for their own monstrous ends never banked on a highly trained FBI agent willing to go rogue—and become the nation’s most wanted fugitive—in order to derail their insidious plans to gain absolute power with a terrifying technological breakthrough. Driven by love for her lost husband and by fear for the five-year-old son she has sent into hiding, Jane Hawk has become an unstoppable predator. Those she is hunting will have nowhere to run when her shadow falls across them. Don’t miss any of Dean Koontz’s gripping Jane Hawk thrillers: THE SILENT CORNER • THE WHISPERING ROOM • THE CROOKED STAIRCASE • THE FORBIDDEN DOOR • THE NIGHT WINDOW  Praise for The Whispering Room “Koontz has never exactly shied away from complex characters or situations. And this situation gets very complex indeed, as Jane pursues the people behind the conspiracy with the kind of single-minded relentlessness that makes the book absolutely spellbinding. As good as The Silent Corner was, this one’s even better. . . . Koontz is on another roll with a new series that boasts a juicy premise and a compelling star. . . . Pure gold.”—Booklist (starred review)   “A deeply layered, satisfying thriller that is character-driven and nearly impossible to put down . . . grounded in many real-world, current issues . . . [The Whispering Room] never loses sight of the classic political/sci-fi/thriller elements that make it so much fun to read.”—Bookreporter","Crime & Thriller , Thriller","Koontz, Dean",Bantam Doubleday Dell,2018,656,499 Денари
Since We Fell,"The new novel from New York Times bestseller Dennis Lehane, author of Mystic River and Shutter Island ""Lehane is the master of complex human characters thrust into suspenseful, page-turning situations."" --Gillian Flynn Since We Fell follows Rachel Childs, a former journalist who, after an on-air mental breakdown, now lives as a virtual shut-in. In all other respects, however, she enjoys an ideal life with an ideal husband. Until a chance encounter on a rainy afternoon causes that ideal life to fray. As does Rachel's marriage. As does Rachel herself. Sucked into a conspiracy thick with deception, violence, and possibly madness, Rachel must find the strength within herself to conquer unimaginable fears and mind-altering truths. By turns heart- breaking, suspenseful, romantic, and sophisticated, Since We Fell is a novel of profound psychological insight and tension. It is Dennis Lehane at his very best.","Crime & Thriller , Thriller","Lehane, Dennis",Ecco Press,2018,432,1.099 Денари
Judgment Road,"Description #1 New York Times Bestseller An outlaw motorcycle club sets up shop next door to Sea Haven in the dangerously sexy new series from New York Times bestselling author Christine Feehan. A brutal education in a Russian training facility for assassins has taught this group of men one thing: It's a long road to redemption... As the enforcer of the Torpedo Ink motorcycle club, Reaper lives for riding and fighting. He's a stone-cold killer who turns his wrath on those who deserve it. Feelings are a weakness he can't afford--until a gorgeous bartender gets under his skin... Near Sea Haven, the small town of Caspar has given Anya Rafferty a new lease on life. And she's desperate to hold on to her job at the biker bar, even if the scariest member of the club seems to have it out for her. But Reaper's imposing presence and smoldering looks just ratchet up the heat. Anya's touch is everything Reaper doesn't want--and it brands him to the bone. But when her secrets catch up to her, Reaper will have to choose between Anya and his club--his heart and his soul.","Crime & Thriller , Thriller","Feehan, Christine",Berkley Books,2018,464,599 Денари
Robicheaux: You Know My Name,"Description In New Orleans, powerful mob boss Tony Nemo has a Civil War sword he'd like to give to Levon Broussard, a popular local author whose books have been adapted into major Hollywood films. The sword's history can be traced back to Broussard's ancestors, and Tony figures it belongs to Levon. But Tony's intentions aren't so pure.","Crime & Thriller , Thriller","Burke, James Lee",Orion Publishing Group,2018,447,599 Денари
He Said/She Said : the must-read bestselling suspense novel of the year,"Description SHORTLISTED FOR THE SPECSAVERS NATIONAL BOOK AWARDS 2018 RICHARD AND JUDY BOOK CLUB PICK 2018 SUNDAY TIMES BESTSELLER SIMON MAYO RADIO 2 BOOK CLUB PICK SHORTLISTED FOR CRIME AND THRILLER BOOK OF THE YEAR 2018 LONGLISTED FOR THEAKSTON OLD PECULIER CRIME NOVEL OF THE YEAR 2018 'Haunting. Mesmerising. Unforgettable.' Gillian Flynn, author of Gone Girl *********** Don't be left in the dark. In the hushed aftermath of a total eclipse, Laura witnesses a brutal attack. She and her boyfriend Kit call the police, and in that moment, four lives change forever. Fifteen years on, Laura and Kit live in fear. And while Laura knows she was right to speak out, she also knows that you can never see the whole picture: something is always hidden . . . something she never could have guessed. *********** 'I'm calling it: THIS is the book I wish I'd written' Clare Mackintosh, author of Let Me Lie 'It's SO good . . . I was carrying it around the house I was so gripped' Sarah Perry, author of The Essex Serpent 'A gripping, twisting, furiously clever read . . . I loved it' Ruth Ware, author of The Lying Game 'It's magnificent. Stunningly twisty plot and weep-makingly brilliant writing' Marian Keyes, author of The Break **STONE MOTHERS, the new novel by Erin Kelly, is available to buy now!**","Crime & Thriller , Thriller","Kelly, Erin",Hodder & Stoughton,2018,432,699 Денари
End Game : A Richard and Judy Book Club Pick,"A Richard & Judy Book Club pick, End Game is the fifth book in the thrilling Will Robie series by international number one bestselling author David Baldacci. Will Robie, highly trained assassin and the US government's most indispensable asset, is called to London. An imminent terrorist attack threatens the Underground and with the US next in line, Robie is the perfect choice to stop it before it begins. He knows he has one chance to succeed. One chance to save London. One chance to make it safely home to find out what has happened to fellow agent Jessica Reel following their last deadly mission together. But Robie is about to learn that even if he succeeds, the worst is yet to come. The game has started. Now only he can end it . . .","Crime & Thriller , Thriller","Baldacci, David",Pan Macmillan,2018,624,699 Денари
The Truth Lies Here,"Description Stranger Things meets Men in Black in this funny and eerie young adult novel. WHAT'S GOING ON IN BONE LAKE? THE TRUTH WILL SURPRISE YOU. In small town Michigan, Penny Hardjoy, an aspiring journalist, teams up with the nerdy boy next door and the town's star quarterback to find her conspiracy theorist father after he goes missing and several other people turn up dead in the woods. The deeper she digs, the weirder things start to get. Townspeople repeat the same phrases-verbatim. Men in black suits stroll around Main Street. Chunks of Penny's memory go missing. Pretty soon, her research leads her to the long-ago meteorite crash in Bone Lake's woods, and she's going to have to reconsider her definition of ""real"" if she wants answers. . . .","Crime & Thriller , Thriller","Klingele, Lindsey",HarperCollins Publishers Inc,2018,416,999 Денари
Tomorrow Never Knows,"Description ""When people say they want to read a really good novel, the kind you just can't put down, this is the kind of book they mean. Exceptional."" --STEPHEN KING NAMED A BEST BOOK OF THE YEAR BY Entertainment Weekly - Washington Post - AARP - Newsweek - Dallas Morning News - South Florida Sun-Sentinel - Chicago Public Library - Real Book Spy - CrimeReads - Litreactor - Library Journal - LitHub - Booklist Winner of the Barry, Macavity, and Anthony Awards, the Hammett Prize, the Left Coast Crime ""Lefty"" Award for Best Mystery Novel, and the Oklahoma Book Award for Best Fiction Novel! Set against the assassination of JFK, a poignant and evocative crime novel that centers on a desperate cat-and-mouse chase across 1960s America--a story of unexpected connections, daring possibilities, and the hope of second chances from the Edgar Award-winning author of The Long and Faraway Gone. Frank Guidry's luck has finally run out. A loyal street lieutenant to New Orleans' mob boss Carlos Marcello, Guidry has learned that everybody is expendable. But now it's his turn--he knows too much about the crime of the century: the assassination of President John F. Kennedy. Within hours of JFK's murder, everyone with ties to Marcello is turning up dead, and Guidry suspects he's next: he was in Dallas on an errand for the boss less than two weeks before the president was shot. With few good options, Guidry hits the road to Las Vegas, to see an old associate--a dangerous man who hates Marcello enough to help Guidry vanish. Guidry knows that the first rule of running is ""don't stop,"" but when he sees a beautiful housewife on the side of the road with a broken-down car, two little daughters and a dog in the back seat, he sees the perfect disguise to cover his tracks from the hit men on his tail. Posing as an insurance man, Guidry offers to help Charlotte reach her destination, California. If she accompanies him to Vegas, he can help her get a new car. For her, it's more than a car-- it's an escape. She's on the run too, from a stifling existence in small-town Oklahoma and a kindly husband who's a hopeless drunk. It's an American story: two strangers meet to share the open road west, a dream, a hope--and find each other on the way. Charlotte sees that he's strong and kind; Guidry discovers that she's smart and funny. He learns that's she determined to give herself and her kids a new life; she can't know that he's desperate to leave his old one behind. Another rule--fugitives shouldn't fall in love, especially with each other. A road isn't just a road, it's a trail, and Guidry's ruthless and relentless hunters are closing in on him. But now Guidry doesn't want to just survive, he wants to really live, maybe for the first time. Everyone's expendable, or they should be, but now Guidry just can't throw away the woman he's come to love. And it might get them both killed.","Crime & Thriller , Thriller","Berney, Lou",HarperCollins Publishers Inc,2018,320,999 Денари
Camino Island,"Description *****The Sunday Times 'Thriller of the Month', Mail on Sunday 'Thriller of the Week' and Sun 'Best for Mystery-Lovers'***** Someone is about to make a killing . . . The most daring and devastating heist in literary history targets a high security vault located deep beneath Princeton University. Valued at $25 million (though some would say priceless) the five manuscripts of F Scott Fitzgerald's only novels are amongst the most valuable in the world. After an initial flurry of arrests, both they and the ruthless gang of thieves who took them have vanished without trace. Now it falls to struggling writer Mercer Mann to crack a case that has thwarted the FBI's finest minds. Praise for Camino Island 'A bewitching blend of high-stakes spying mission and summer romance, with a fascinatingly ambiguous central character' - The Sunday Times 'The gripping plot will have you devouring the chapters in such a frantic fashion you'll begin to wonder if you are somehow complicit in this perfect crime' - Heat 'Grisham shows charm, wit and a light touch' - The Times","Crime & Thriller , Thriller","Grisham, John",Hodder & Stoughton,2018,320,599 Денари
Elevation,"Description 'Stephen King's slim new novel tackles weighty matters' - New York Post Castle Rock is a small town, where word gets around quickly. That's why Scott Carey wants to confide only in his friend Doctor Bob Ellis about his strange condition: he's losing weight, without getting thinner, and the scales register the same when he is in his clothes or out of them, however heavy they are. Scott also has new neighbours, who have opened a 'fine dining experience' in town, although it's an experience being shunned by the locals; Deidre McComb and her wife Missy Donaldson don't exactly fit in with the community's expectations. And now Scott seems trapped in a feud with the couple over their dogs dropping their business on his lawn. Missy may be friendly, but Deidre is cold as ice. As the town prepares for its annual Thanksgiving 12k run, Scott starts to understand the prejudices his neighbours face and he tries to help. Unlikely alliances form and the mystery of Scott's affliction brings out the best in people who have indulged the worst in themselves and others. From master storyteller Stephen King, our 'most precious renewable resource, like Shakespeare in the malleability of his work' (Guardian), comes this timely, upbeat tale about finding common ground despite deep-rooted differences. Compelling and eerie, Elevation is as gloriously joyful (with a twinge of deep sadness) as 'It's a Wonderful Life.' Includes illustrations (c) Mark Edward Geyer.","Crime & Thriller , Thriller","King, Stephen",Hodder & Stoughton,2018,160,1.099 Денари
Every Last Lie,"Description A widow's pursuit of the truth leads her to the darkest corners of the psyche in this exhilarating thriller from New York Times bestselling author Mary Kubica Clara Solberg's world shatters when her husband and their four-year-old daughter are in a car crash, killing Nick while Maisie is remarkably unharmed. The crash is ruled an accident...until the coming days, when Maisie starts having night terrors that make Clara question what really happened on that fateful afternoon. Who would have wanted Nick dead? And why? Clara will stop at nothing to find out--and the truth is only the beginning of this twisted tale of secrets and deceit. Told in the alternating perspectives of Clara's investigation and Nick's last months leading up to the crash, master of suspense Mary Kubica weaves her most chilling thriller to date--one that explores the dark recesses of a mind plagued by grief and shows that some secrets might be better left buried.","Crime & Thriller , Thriller","Kubica, Mary",Park Row,2018,384,899 Денари
My Sister : an addictive psychological thriller with twists that grip you until the very last page,"Description 'SO fantastic; twisty and exciting yet original and beautifully written' - Gillian McAllister, Anything You Do Say 'Kept me gripped to the stunning finale' - Amanda Reynolds, Close to Me 'I loved this dark and disturbing thriller' - C. J. Tudor, The Chalk Man One was kept. One was sent away. Who is hiding the truth? An addictive psychological thriller perfect for fans of Laura Marshall's FRIEND REQUEST and Jenny Blackhurt's THE FOSTER CHILD. My name is Irini. Our parents sent me away. My sister is Elle. They kept her. Families should stay together. What happened that day ripped mine apart. A successful doctor, with a loving boyfriend, Irini Harringford is finally happy. But when Elle tracks her down everything starts to unravel. Irini knows only too well what her sister is capable of. However, her desperate need for answers drags her back to a shocking past. She always thought her family didn't want her. What if the truth is even worse? 'Chilling and tragic in equal measure' - Nuala Ellwood, My Sister's Bones **** What readers are saying about MY SISTER: 'Couldn't put this one down.. absolutely gripping' Goodreads Reviewer, 5 stars 'I couldn't get enough of this twisted psychological thriller! I wanted to skip work and hide myself away until I could devour the whole book.' Goodreads Reviewer, 5 stars 'I read the entire book in a day!' Goodreads Reviewer, 5 stars 'I absolutely loved this book, never quite knowing how it was going to end' Goodreads Reviewer, 5 stars","Crime & Thriller , Thriller","Adams, Michelle",Headline Publishing Group,2018,384,799 Денари
Twenty-One Days (Daniel Pitt Mystery 1),"Description TWENTY-ONE DAYS is the first in an exciting new generation of Pitt novels, featuring Daniel Pitt, by New York Times bestseller and queen of Victorian crime, Anne Perry. 1910. Sir Thomas Pitt's son, Daniel, is in the middle of his first case as a barrister when he is summoned to the Old Bailey for an important trial. Renowned biographer Russell Graves is charged with the brutal murder of his wife and Daniel must assist in his defence. When the jury finds the accused guilty, Graves insists he has been framed. He is writing a shocking expose of a powerful figure, revealing state secrets so damning that someone might well have wanted to silence him. With the reputations of those closest to him at stake, Daniel has twenty-one days to uncover the truth and ensure that an innocent man isn't sent to the gallows . . . 'Anne Perry's Victorian mysteries are marvels of plot construction' New York Times","Crime & Thriller , Thriller","Perry, Anne",Headline Publishing Group,2018,352,799 Денари
Believe Me,"Description In this twisty psychological thriller from the New York Times bestselling author of The Girl Before, an actress plays both sides of a murder investigation. ""A compelling read . . . redefines the concept of an unreliable narrator . . . [a] rich, nuanced, highly literary take on the Gone Girl theme.""--Booklist (starred review) A struggling actor, a Brit in America without a green card, Claire needs work and money to survive. Then she gets both. But nothing like she expected. Claire agrees to become a decoy for a firm of divorce lawyers. Hired to entrap straying husbands, she must catch them on tape with their seductive propositions. The rules? Never hit on the mark directly. Make it clear you're available, but he has to proposition you, not the other way around. The firm is after evidence, not coercion. The innocent have nothing to hide. Then the game changes. When the wife of one of Claire's targets is violently murdered, the cops are sure the husband is to blame. Desperate to catch him before he kills again, they enlist Claire to lure him into a confession. Claire can do this. She's brilliant at assuming a voice and an identity. For a woman who's mastered the art of manipulation, how difficult could it be to tempt a killer into a trap? But who is the decoy . . . and who is the prey? Read by Sally Scott, with Matt Reeves, Lorelei King, John Chancer, and Eric Meyers","Crime & Thriller , Thriller","Delaney, Jp",Random House Audio Publishing Group,2018,,2.199 Денари
One of Us Is Lying - One of Us Is Lying,The international bestselling YA thriller by acclaimed author Karen M. McManus - now available in a bold new cover look complete with a blood red background and matching sprayed edges. Five students walk into detention. Only four come out alive. Yale hopef,"Crime & Thriller , Thriller","McManus, Karen M.",Penguin Random House Children's UK,2017,,699 Денари
The Whistler,"Description From John Grisham, America's #1 bestselling author, comes the most electrifying novel of the year, a high-stakes thrill ride through the darkest corners of the Sunshine State. We expect our judges to be honest and wise. Their integrity and impartiality are the bedrock of the entire judicial system. We trust them to ensure fair trials, to protect the rights of all litigants, to punish those who do wrong, and to oversee the orderly and efficient flow of justice. But what happens when a judge bends the law or takes a bribe? It's rare, but it happens. Lacy Stoltz is an investigator for the Florida Board on Judicial Conduct. She is a lawyer, not a cop, and it is her job to respond to complaints dealing with judicial misconduct. After nine years with the Board, she knows that most problems are caused by incompetence, not corruption. But a corruption case eventually crosses her desk. A previously disbarred lawyer is back in business with a new identity. He now goes by the name Greg Myers, and he claims to know of a Florida judge who has stolen more money than all other crooked judges combined. And not just crooked judges in Florida. All judges, from all states, and throughout U.S. history. What's the source of the ill-gotten gains? It seems the judge was secretly involved with the construction of a large casino on Native American land. The Coast Mafia financed the casino and is now helping itself to a sizable skim of each month's cash. The judge is getting a cut and looking the other way. It's a sweet deal: Everyone is making money. But now Greg wants to put a stop to it. His only client is a person who knows the truth and wants to blow the whistle and collect millions under Florida law. Greg files a complaint with the Board on Judicial Conduct, and the case is assigned to Lacy Stoltz, who immediately suspects that this one could be dangerous. Dangerous is one thing. Deadly is something else.","Crime & Thriller , Thriller","Grisham, John",Random House Audio Publishing Group,2017,,899 Денари
Slow Horses : Slough House Thriller 1,"Description *Soon to be a TV series starring Oscar-award winning actor Gary Oldman as Jackson Lamb* Shortlisted for the CWA Ian Fleming Steel Dagger Award 'The UK's new spy master' Sunday Times You don't stop being a spook just because you're no longer in the game. Banished to Slough House from the ranks of achievers at Regent's Park for various crimes of drugs and drunkenness, lechery and failure, politics and betrayal, Jackson Lamb's misfit crew of highly trained joes don't run ops, they push paper. But not one of them joined the Intelligence Service to be a 'slow horse'. A boy is kidnapped and held hostage. His beheading is scheduled for live broadcast on the net. And whatever the instructions of the Service, the slow horses aren't going to just sit quiet and watch . . .","Crime & Thriller , Thriller","Herron, Mick",John Murray Press,2017,336,699 Денари
Pretty Baby,"Description ""Thrilling and illuminating...[Pretty Baby] raises the ante on the genre and announces the welcome second coming of a talent well worth watching."" --LA Times Heidi Wood has always been a charitable woman. Still, her husband and daughter are horrified when Heidi returns home one day with a young woman named Willow and her four-month-old baby in tow. Disheveled and apparently homeless, this girl could be a criminal--or worse. Nevertheless, Heidi invites Willow and the baby to take refuge in their home, despite her family's objections. As clues into Willow's past begin to surface, Heidi is forced to decide how far she's willing to go to help a stranger. What starts as an act of kindness quickly spirals into an unrelenting web of lies and a story far more twisted than anyone could have anticipated.","Crime & Thriller , Thriller","Kubica, Mary",Park Row,2017,448,599 Денари
Every Last Lie,"Description New York Times bestselling author of THE GOOD GIRL, Mary Kubica is back with another exhilarating thriller as a widow's pursuit of the truth leads her to the darkest corners of the psyche. Clara Solberg's world shatters when her husband and their four-year-old daughter are in a car crash, killing Nick while Maisie is remarkably unharmed. The crash is ruled an accident...until the coming days, when Maisie starts having night terrors that make Clara question what really happened on that fateful afternoon. Tormented by grief and her obsession that Nick's death was far more than just an accident, Clara is plunged into a desperate hunt for the truth. Who would have wanted Nick dead? And, more important, why? Clara will stop at nothing to find out--and the truth is only the beginning of this twisted tale of secrets and deceit. Told in the alternating perspectives of Clara's investigation and Nick's last months leading up to the crash, master of suspense Mary Kubica weaves her most chilling thriller to date--one that explores the dark recesses of a mind plagued by grief and shows that some secrets might be better left buried.","Crime & Thriller , Thriller","Kubica, Mary",Park Row,2017,336,999 Денари
Right Behind You : The gripping new thriller from the Sunday Times bestseller,"Description Lisa Gardner's next thriller following her runaway New York Times bestseller Find Her takes her wildly popular brand of suspense to new heights. Thirteen-year-old Sharlah Nash knows that the first time her brother killed eight years ago, he did it to save their lives. Now retired FBI profiler Pierce Quincy and his wife Rainie Connor have offered Sharlah a new life of safety. She desperately wants to believe this is her shot at happily ever after. Then two people are murdered in their local convenience store and Sharlah's brother is identified as the killer. Telly Ray Nash is on the hunt for Sharlah and as the death count rises it becomes clear that nothing and no-one, including Pierce and Rainie, will stop him getting to her. Now, Sharlah has one chance to take control. She can run for her life... or turn and face the danger right behind her.","Crime & Thriller , Thriller","Gardner, Lisa",Headline Publishing Group,2017,368,1.299 Денари
Terror In The Caribbean,"Five yeas after resigning as an intelligence operative, Jeff Daher rejoins the CIA and teams with Jane Jackson (JJ) in St. Thomas and Puerto Rico to seek, locate, and take down an Islamic terrorist and find out why and who murdered their CIA assets and friends Mike Shay and his wife. Will they be able to stop this Islamic terrorist? Come, read, and discover as these characters dive in to this deadly mission that might just cost their lives.","Crime & Thriller , Thriller","Frangie, Joseph",Xlibris Corporation LLC,2017,180,300 Денари
The Rooster Bar : The New York Times and Sunday Times Number One Bestseller,"Description 'The Best Thriller Writer Alive' Ken Follett John Grisham's legal thriller takes you inside a law firm that shouldn't exist. They were three young law students. They dreamed of changing the world. But they were duped. They took out massive student loans and have no hope of graduating with a good job. Now the three friends have given up studying and spend a lot of time plotting in a bar. There is only way out of their crushing debt: pretend to be real lawyers and expose the crooked hedge fund operator who owns both the school and the bank that arranged their student loans. They are taking a desperate risk. After all, they are going to war with a billionaire and the might of the FBI. ********** Praise for The Rooster Bar 'Scintillating storytelling' - The Sunday Times 'A buoyant, mischievous thriller . . . This reliable best-selling author is feeling real pleasure, and not just obligation, in delivering his work' - New York Times 'A wild, hard-to-put-down romp' - Pittsburgh Post-Gazette","Crime & Thriller , Thriller","Grisham, John",Hodder & Stoughton,2017,384,599 Денари
The Edge of the Light : Book 4 of The Edge of Nowhere Series,"Description Becca's ability to hear the broken thoughts of others has not turned out to be a fabulous gift after all. It has got in the way of her being able to function in the world normally. More seriously, it makes her think she knows things that she doesn't know at all. Becca's friends are also dealing with stressful situations and coming to terms with troubling discoveries about themselves. Seth Darrow's learning disability makes him vulnerable. The girl he loves is not what she appears to be. His grandfather might lose his property and be thrust into care. Jenn has to come to terms with her sexuality, while Derric finds out that the cover-up he has engaged in for the last ten years was never necessary in the first place. Acclaimed author Elizabeth George brings her extraordinary talents to this intriguing story that blends mystery and myth. In this final book in the Edge of Nowhere series, Becca and her friends do their best to navigate a difficult world and come to a resolution - and acceptance - of their futures.","Crime & Thriller , Thriller","George, Elizabeth",Hodder & Stoughton,2017,352,499 Денари
Jericho's War,"Description Jericho's War is a relentlessly powerful novel of our times from 'the best thriller writer in the world' (Daily Telegraph) In a moment of nerve shredding suspense that will affect many thousands of lives, a handful of men and women will converge on a barren stretch of Yemeni desert. Each of them will need spirit, courage and immense luck to survive the next forty-eight hours. Corrie Rankin is already a legend at MI6 when he is called back with little regard for the horrors of his recent past. Corrie is sent to take advantage of a chance to take down a high value player in the war against Al Qaeda - and, a chance for the Brits to succeed without begging help from the Americans. The sniper and his spotter who will go with Corrie are less than top team, but the best that can be found if the mission is to stay 'deniable'. And once the three misfits are in-country, they must rely on intelligence brought to them by a young British Jihadi - on the ground and close to the target - and now turned. And, close to him, is an archaeologist digging in the ruins of the Queen of Sheba' civilisation who will be their cut-out contact point. The mission is the brain-child of an apparently old, fat fool in a striped cricket blazer, a sweating figure of fun among the ex-pat community across the border in Muscat. This is Jericho ... not as old or fat or foolish as he appears, nor as harmless. This is Jericho's War. The weapons it deploys, the brutal aims it pursues, are state of the art. The fear it breeds and the raw bravery it demands are as timeless as the desert itself.","Crime & Thriller , Thriller","Seymour, Gerald",Hodder & Stoughton,2017,480,699 Денари
A Time of Torment : A Charlie Parker Thriller: 14. The Number One bestseller,"Description Jerome Burnel was once a hero. He intervened to prevent multiple killings and in doing so damned himself. His life was torn apart. He was imprisoned, brutalized. But in his final days, with the hunters circling, he tells his story to private detective Charlie Parker. He speaks of the girl who was marked for death but was saved, of the ones who tormented him, and an entity that hides in a ruined stockade. Parker is not like other men. He died, and was reborn. He is ready to wage war. Now he will descend upon a strange, isolated community called the Cut, and face down a force of men who rule by terror, intimidation, and murder. All in the name of the being they serve. All in the name of the Dead King.","Crime & Thriller , Thriller","Connolly, John",Hodder & Stoughton,2017,496,599 Денари
Harmony,"Description An unputdownable story about the strength of love, the bonds of family, and how you survive the unthinkable. How far will a mother go to save her family? The Hammond family is living in Washington DC, where everything seems to be going just fine, until it becomes clear that the oldest daughter, Tilly - a mix of off-the-charts genius and social incompetence - is on the autistic spectrum. Once Tilly is kicked out of the last school in the area, her mother Alexandra is at her wits' end. The family turns to Camp Harmony and the wisdom of child behaviour guru Scott Bean for a solution. But what they discover in the woods of New Hampshire will push them to the very limit.","Crime & Thriller , Thriller","Parkhurst, Carolyn",Hodder & Stoughton,2017,288,699 Денари
The Black Book,"Description The ""thrilling"" #1 New York Times and USA Today bestseller (Karin Slaughter): when three bodies are found in a Chicago bedroom, a black book goes missing . . . and the city has never been more dangerous. Billy Harney was born to be a cop. As the son of Chicago's chief of detectives with a twin sister on the force, Billy plays it by the book. Teaming up with his adrenaline-junkie partner, Detective Kate Fenton, there's nothing he wouldn't sacrifice for his job. Enter Amy Lentini, a hard-charging assistant attorney hell-bent on making a name for herself who suspects Billy isn't the cop he claims to be. They're about to be linked by more than their careers. A horrifying murder leads investigators to an unexpected address-an exclusive brothel that caters to Chicago's most powerful citizens. There's plenty of incriminating evidence on the scene, but what matters most is what's missing: the madam's black book. Now with shock waves rippling through the city's elite, everyone's desperate to find it. As Chicago's elite scramble to get their hands on the elusive black book, no one's motives can be trusted. An ingenious, inventive thriller about power, corruption, and the secrets that can destroy a city, The Black Book is James Patterson at his page-turning best.","Crime & Thriller , Thriller","Patterson, James",Little Brown and Company,2017,448,1.599 Денари
After on : A Novel of Silicon Valley,"Description The definitive novel of today's Silicon Valley, After On flash-captures our cultural and technological moment with up-to-the-instant savvy. Matters of privacy and government intrusion, post-Tinder romance, nihilistic terrorism, artificial consciousness, synthetic biology, and much more are tackled with authority and brash playfulness by New York Times bestselling author Rob Reid. Meet Phluttr--a diabolically addictive new social network and a villainess, heroine, enemy, and/or bestie to millions. Phluttr has ingested every fact and message ever sent to, from, and about her innumerable users. Her capabilities astound her makers--and they don't even know the tenth of it. But what's the purpose of this stunning creation? Is it a front for something even darker and more powerful than the NSA? A bid to create a trillion-dollar market by becoming ""The UberX of Sex""? Or a reckless experiment that could spawn the digital equivalent of a middle-school mean girl with enough charisma, dirt, and cunning to bend the entire planet to her will? Phluttr has it in her to become the greatest gossip, flirt, or matchmaker in history. Or she could cure cancer, bring back Seinfeld, then start a nuclear war. Whatever she does, it's not up to us. But a motley band of Silicon Valley entrepreneurs, venture capitalists, and engineers might be able to influence her. After On achieves the literary singularity--fusing speculative satire and astonishing reality into a sharp-witted, ferociously believable, IMAX-wide view of our digital age. Praise for After On ""Rob Reid's mind is like no other known thing in the universe, and this book is a truly spectacular way to discover it.""--Chris Anderson, head of TED ""An extended philosophy seminar run by a dozen insane Cold War heads-of-station, three millennial COOs and that guy you went to college with who always had the best weed but never did his laundry.""--NPR ""An epic cyberthriller peppered with pop-culture references, metadata, and Silicon Valley in-jokes.""--Kirkus Reviews ""It's rare to find a book that combines laugh-out-loud humor and cutting-edge science with profound philosophical speculation. This is that book.""--Analog ""[Rob Reid] writes in a humorous and sarcastic style while unveiling a terrifying and frightening scenario that seems all too real.""--Associated Press","Crime & Thriller , Thriller","Reid, Rob",Del Rey Books,2017,576,1.499 Денари
Origin,"Description The #1 New York Times Bestseller (October 2017) from the author of The Da Vinci Code. Bilbao, Spain Robert Langdon, Harvard professor of symbology and religious iconology, arrives at the ultramodern Guggenheim Museum Bilbao to attend a major announcement--the unveiling of a discovery that ""will change the face of science forever."" The evening's host is Edmond Kirsch, a forty-year-old billionaire and futurist whose dazzling high-tech inventions and audacious predictions have made him a renowned global figure. Kirsch, who was one of Langdon's first students at Harvard two decades earlier, is about to reveal an astonishing breakthrough . . . one that will answer two of the fundamental questions of human existence. As the event begins, Langdon and several hundred guests find themselves captivated by an utterly original presentation, which Langdon realizes will be far more controversial than he ever imagined. But the meticulously orchestrated evening suddenly erupts into chaos, and Kirsch's precious discovery teeters on the brink of being lost forever. Reeling and facing an imminent threat, Langdon is forced into a desperate bid to escape Bilbao. With him is Ambra Vidal, the elegant museum director who worked with Kirsch to stage the provocative event. Together they flee to Barcelona on a perilous quest to locate a cryptic password that will unlock Kirsch's secret. Navigating the dark corridors of hidden history and extreme religion, Langdon and Vidal must evade a tormented enemy whose all-knowing power seems to emanate from Spain's Royal Palace itself . . . and who will stop at nothing to silence Edmond Kirsch. On a trail marked by modern art and enigmatic symbols, Langdon and Vidal uncover clues that ultimately bring them face-to-face with Kirsch's shocking discovery . . . and the breathtaking truth that has long eluded us. Origin is stunningly inventive--Dan Brown's most brilliant and entertaining novel to date.","Crime & Thriller , Thriller","Brown, Dan",Doubleday Books,2017,480,1.699 Денари
Cross the Line,"Description Homicide Detective Alex Cross teams up with his wife to beat a D. C. criminal at his own game. Washington, DC, has never been more dangerous. After shots pierce the tranquil nighttime calm of Rock Creek Park, a man is dead: what looks at first like road rage might be something much more sinister. But Alex has only just begun asking questions when he's called across town to investigate a new murder, one that hits close to home: his former boss and the beloved mentor of Alex's wife, Bree. Now there's a killer on the loose, a long list of possible suspects, a city in panic, and nobody in charge of the besieged police force. . . until Bree gets tapped for the job. As Bree scrambles to find her footing and close two high-profile cases, new violence stuns the capital. What should be a time for her to rely on Alex for support and cooperation is instead a moment of crisis in their marriage as well as their city when their investigative instincts clash and their relationship reaches a breaking point. And the fiendish mind behind all the violence has appointed himself judge, jury, and executioner, with a terrifying master plan he's only begun to put in motion. To beat him at his own game, Alex and Bree must take the law back into their own hands before he puts them both out of commission . . . permanently.","Crime & Thriller , Thriller","Patterson, James",Grand Central Publishing,2017,400,999 Денари
Dangerous Minds : A Knight and Moon Novel,"Description NEW YORK TIMES BESTSELLER • The irrepressibly charming duo of Emerson Knight and Riley Moon returns in another gripping mystery by #1 New York Times bestselling author Janet Evanovich. Buddhist monk Wayan Bagus lost his island of solitude and wants to get it back. The island was about two hundred miles northeast of Samoa. It had a mountain, beaches, a rain forest, and a volcano. And now it’s gone. Poof! Vanished without a trace. Brilliant and boyishly charming Emerson Knight likes nothing better than solving an unsolvable, improbable mystery. And finding a missing island is better than Christmas morning in the Knight household. When clues lead to a dark and sinister secret that is being guarded by the National Park Service, Emerson will need to assemble a crack team for help. Since a crack team isn’t available, he enlists Riley Moon and his cousin Vernon. Riley Moon has a Harvard business degree and can shoot the eyes out of a grasshopper at fifty feet, but she can’t figure out how to escape the vortex of Emerson Knight’s odd life. Vernon has been Emerson’s loyal and enthusiastic partner in crime since childhood. He now lives in an RV behind Emerson’s house. Together, this ragtag, mismatched trio will embark on a worldwide investigation that will expose a conspiracy one hundred years in the making.","Crime & Thriller , Thriller","Evanovich, Janet",Bantam Doubleday Dell,2017,336,999 Денари
The Child Finder,"Description A haunting, richly atmospheric, and deeply suspenseful novel from the acclaimed author of The Enchanted about an investigator who must use her unique insights to find a missing little girl. ""Where are you, Madison Culver? Flying with the angels, a silver speck on a wing? Are you dreaming, buried under snow? Or--is it possible--you are still alive?"" Three years ago, Madison Culver disappeared when her family was choosing a Christmas tree in Oregon's Skookum National Forest. She would be eight-years-old now--if she has survived. Desperate to find their beloved daughter, certain someone took her, the Culvers turn to Naomi, a private investigator with an uncanny talent for locating the lost and missing. Known to the police and a select group of parents as ""the Child Finder,"" Naomi is their last hope. Naomi's methodical search takes her deep into the icy, mysterious forest in the Pacific Northwest, and into her own fragmented past. She understands children like Madison because once upon a time, she was a lost girl, too. As Naomi relentlessly pursues and slowly uncovers the truth behind Madison's disappearance, shards of a dark dream pierce the defenses that have protected her, reminding her of a terrible loss she feels but cannot remember. If she finds Madison, will Naomi ultimately unlock the secrets of her own life? Told in the alternating voices of Naomi and a deeply imaginative child, The Child Finder is a breathtaking, exquisitely rendered literary page-turner about redemption, the line between reality and memories and dreams, and the human capacity to survive.","Crime & Thriller , Thriller","Denfeld, Rene",Harper Collins,2017,288,1.199 Денари
House of Spies,"Description A Kirkus Best Book of the Year #1 NYT Bestseller #1 USA Bestseller #1 WSJ Bestseller From the #1 New York Times bestselling author of The Black Widow comes the thrilling new summer blockbuster featuring legendary spy, assassin and art restorer Gabriel Allon. A heart-stopping tale of suspense, Daniel Silva's runaway bestseller, The Black Widow, was one of 2016's biggest novels. Now, in House of Spies, Gabriel Allon is back and out for revenge - determined to hunt down the world's most dangerous terrorist, a shadowy ISIS mastermind known only as Saladin. Four months after the deadliest attack on the American homeland since 9/11, terrorists leave a trail of carnage through London's glittering West End. The attack is a brilliant feat of planning and secrecy, but with one loose thread. The thread leads Gabriel Allon and his team of operatives to the south of France and to the gilded doorstep of Jean-Luc Martel and Olivia Watson. A beautiful former British fashion model, Olivia pretends not to know that the true source of Martel's enormous wealth is drugs. And Martel, likewise, turns a blind eye to the fact he is doing business with a man whose objective is the very destruction of the West. Together, under Gabriel's skilled hand, they will become an unlikely pair of heroes in the global war on terror. Written in seductive and elegant prose, the story moves swiftly from the glamour of Saint-Tropez to the grit of Casablanca and, finally, to an electrifying climax that will leave readers breathless long after they turn the final page. But House of Spies is more than just riveting entertainment; it is a dazzling tale of avarice and redemption, set against the backdrop of the great conflict of our times. And it proves once again why Daniel Silva is ""quite simply the best"" (Kansas City Star). --Pittsburg Post-Gazette","Crime & Thriller , Thriller","Silva, Daniel",Harper Collins,2017,544,1.599 Денари
The River at Night : A Taut and Gripping Thriller,"Description Raw, relentless and heart-poundingly real, this book knocked me off my feet like a river in flood' Ruth Ware, bestselling author of In a Dark, Dark Wood and The Woman in Cabin 10 'A thought came to me that I couldn't force away: What we are wearing is how we'll be identified out in the wilderness.' Win Allen doesn't want an adventure. After a miserable divorce and the death of her beloved brother, she just wants to spend some time with her three best friends, far away from her soul-crushing job. But athletic, energetic Pia has other plans. Plans for an adrenaline-raising, breath-taking, white-water rafting trip in the Maine wilderness. Five thousand square miles of remote countryside. Just mountains, rivers and fresh air. No phone coverage. No people. No help...","Crime & Thriller , Thriller","Ferencik, Erica",Bloomsbury Publishing PLC,2017,304,999 Денари
Bad Move : A Zack Walker Mystery #1,"Description Zack Walker Mystery #1 Zack Walker is a writer with an overactive imagination and two teenage children. After a murder on their street, he uproots his family from the city - insisting it's for their own good - and heads for the security of the suburbs. However, his peaceful new life is soon shattered when he finds a body while out walking by the creek. Zack recognizes the dead man - and knows who his killer might be. Things go from bad to worse as Zack follows a trail of deceit that leads right to his front door. To protect his family - and so he doesn't get framed for a crime he didn't commit - he's going to have to track down the killer himself. Suddenly the suburbs are not looking nearly so safe . . . Linwood Barclay's debut novels, available for the first time in the UK.","Crime & Thriller , Thriller","Barclay, Linwood",Orion Publishing Co,2017,384,699 Денари
Bad News : A Zack Walker Mystery #4,"Description *THIS BOOK WAS PREVIOUSLY PUBLISHED IN THE USA UNDER THE TITLE STONE RAIN* Zack Walker Mystery #4 Journalist Zack Walker has a dangerous habit of finding deadly stories. But this is one his good friend Trixie Snelling doesn't want told. It turns out Trixie has her fair share of skeletons in her closet and, as Zack discovers, a dead body in her basement. With other journalists circling the story - and no sign of Trixie, who has gone missing - Zack could find himself implicated in a murder, unless he finds out the truth fast. The bad news is: it will cost him his job, and teach him that everything he knows about his friend, his town, and even his marriage, is a lie. The good news? It hasn't cost him his life . . . yet.","Crime & Thriller , Thriller","Barclay, Linwood",Orion Publishing Co,2017,416,699 Денари
Defender : The most gripping and original post-apocalyptic thriller (The Voices 1),"Description Defender by G X Todd is an imaginative thriller that draws on influences from Stephen King, Clive Barker and Neil Gaiman to create a new world - where the biggest threat mankind faces is from the voices inside your own head. If you loved The Stand, you'll love Defender, the first in a four part series. 'So accomplished that it's difficult to believe it's a first novel, Defender is already worthy to take its place alongside The Stand in the canon. An absolute gem of a book' John Connolly 'On the cusp of sleep, have we not all heard a voice call out our name?' In a world where long drinks are in short supply, a stranger listens to the voice in his head telling him to buy a lemonade from the girl sitting on a dusty road. The moment locks them together. Here and now it's dangerous to listen to your inner voice. Those who do, keep it quiet. These voices have purpose. And when Pilgrim meets Lacey, there is a reason. He just doesn't know it yet. Defender pulls you on a wild ride to a place where the voices in your head will save or slaughter you. #HearTheVoices","Crime & Thriller , Thriller","Todd, G. X.",Headline Publishing Group,2017,464,1.199 Денари
"Heartbreak Hotel (Alex Delaware series, Book 32) : A twisting psychological thriller","Description In Heartbreak Hotel by New York Times No.1 bestseller Jonathan Kellerman, criminal psychologist Dr. Alex Delaware investigates the death of his most mysterious patient to date. Fans of Michael Connelly and Harlan Coben will revel in this knife-sharp storytelling from the master of psychological suspense. At nearly one hundred years old, Thalia Mars is a far cry from the patients child psychologist Dr. Alex Delaware normally treats. But the charming, witty woman convinces Alex to meet with her in a suite at The Aventura - a luxury hotel with a checkered history. What Thalia wants from Alex are answers to unsettling questions - about guilt, patterns of criminal behaviour, victim selection. When Alex asks the reason for her morbid fascination, Thalia promises to tell all during their next session. But when he returns the following morning, his question goes unanswered, and new ones arise... In their most puzzling investigation to date, Alex and homicide detective Milo Sturgis must peel back the layers of a fascinating but elusive woman's life. For Thalia Mars is a victim like no other, an enigma who harboured nearly a century of secrets and whose life and death draw those around her into a vortex of violence. FORTY BESTSELLERS. HUNDREDS OF CASES SOLVED.","Crime & Thriller , Thriller","Kellerman, Jonathan",Headline Publishing Group,2017,384,599 Денари
Her Husband's Lover : A gripping psychological thriller with the most unforgettable twist yet,"Description Sophie Hannah says Julia Crouch is 'brilliant' and Erin Kelly calls her 'one of the best writers in a strong field'. A woman has to stop her husband's lover from ruining her life in this stunning psychological thriller, HER HUSBAND'S LOVER, from the acclaimed Julia Crouch. She stole her husband. Now she wants to take her life. After the horrors of the past, Louisa Williams is desperate to make a clean start. Her husband Sam is dead. Her children, too, are gone, victims of the car accident in which he died. Sam said that she would never get away from him. That he would hound her until she died if she tried to leave. Louisa never thought that he would want to harm their children though. But then she never thought that he would betray her with a woman like Sophie. And now Sophie is determined to take all that Louisa has left. She wants to destroy her reputation and to take what she thinks is owed her - the life she would have had if Sam had lived. Her husband's lover wants to take her life. The only question is will Louisa let her?","Crime & Thriller , Thriller","Crouch, Julia",Headline Publishing Group,2017,480,799 Денари
My Sister : an addictive psychological thriller with twists that grip you until the very last page,"Description MY SISTER is a dark and gripping psychological thriller - a twisting, shocking tale of family secrets for readers who loved Clare Mackintosh's I SEE YOU and Erin Kelly's HE SAID/SHE SAID. 'SO fantastic; twisty and exciting yet original and beautifully written. I'm in awe!' Gillian McAllister, author of Everything But The Truth My name is Irini. I was given away. My name is Elle. I was kept. All her life Irini thought she was given away because her family didn't want her. What if the truth is something much worse? Two sisters. Two separate lives. One family bound by a harrowing secret.","Crime & Thriller , Thriller","Adams, Michelle",Headline Publishing Group,2017,384,1.099 Денари
The Thirty-Nine Steps,"Description When Richard Hannay finds the corpse of freelance spy Franklin P. Scudder in his London flat, he goes on the run, fearing that his life is in danger. Scudder had previously revealed that he was investigating a ring of German spies, who were conspiring to sabotage Britain's war capability. Hannay becomes both hunter and hunted as he struggles to unravel the tangled threads of this plot while staying one step ahead of his pursuers, who will stop at nothing to keep their nefarious secrets. First published in 1915, John Buchan's definitive spy novel was the first in a long line of espionage thrillers to delve into the underbelly of the British establishment. Over a hundred years later, The Thirty-Nine Steps remains resonant, and the various film, television and theatre adaptations of this classic - most notably Alfred Hitchcock's 1935 version - are a testament to its capacity to thrill.","Literature , Classics","Buchan, Charles",Alma Books Ltd,2017,128,299 Денари
Switch : A Novel,"Description A simple mix up throws an innocent man into the cross-hairs of sinister government secrets and ruthless political ambitions in this timely, electrifying thriller from New York Times bestselling author Joseph Finder. Michael Tanner is on his way home from a business trip when he accidentally picks up the wrong MacBook in an airport security line. He doesn’t notice the mix-up until he arrives home in Boston, but by then it’s too late. Tanner’s curiosity gets the better of him when he discovers that the owner is a US senator and that the laptop contains top secret files.       When Senator Susan Robbins realizes she’s come back with the wrong laptop, she calls her young chief of staff, Will Abbott, in a panic. Both know that the senator broke the law by uploading classified documents onto her personal computer. If those documents wind up in the wrong hands, it could be Snowden 2.0—and her career in politics will be over. She needs to recover the MacBook before it’s too late.   When Will fails to gain Tanner’s cooperation, he is forced to take measures to retrieve the laptop before a bigger security breach is revealed. He turns to an unscrupulous “fixer” for help. In the meantime, the security agency whose files the senator has appropriated has its own methods, darker still—and suddenly Tanner finds himself a hunted man, on the run, terrified for the safety of his family, in desperate need of a plan, and able to trust no one.","Crime & Thriller , Thriller","Finder, Joseph",Penguin Publishing Group,2017,384,999 Денари
Exit Strategy,"Description In the stunning follow-up to the New York Times bestseller The Second Life of Nick Mason, the remarkable hero fights to take back control from the crime lord who owns his life, as he races to complete a daring and dangerous new mission... Nick Mason has been given a true mission impossible: Infiltrate WITSEC, the top-secret federal witness-protection program that has never been compromised, locate the three men who put his boss Darius Cole behind bars for life, and kill them. But first he has to find them—they’re ghost prisoners locked down around the clock in classified “deep black” locations by an battalion of heavily armed U.S. marshals charged with protecting them—and the clock is ticking. Cole is appealing his conviction, and these witnesses are either his ticket to freedom or the final nail in his coffin. If they testify, Darius Cole will never step foot in the outside world again. If they are killed, he will walk out a free man.  As he risks everything to complete his mission, Mason finds himself being hunted by the very man he replaced, the ruthless assassin who once served, then betrayed, Darius Cole. Rather than waiting to be Mason's next victim, he has escaped witness protection to hunt down and kill Mason himself. In an action-packed journey that leads from a high-security military installation in the Appalachian Mountains to a secret underground bunker hidden far below the streets of New York City, Nick Mason will have to become, more than ever before, the lethal weapon that Darius Cole created.","Crime & Thriller , Thriller","Hamilton, Steve",Penguin Publishing Group,2017,304,899 Денари
The Child,"Description From the New York Times bestselling author of The Widow comes a twisting novel of psychological suspense—as seen in People, Entertainment Weekly, Time, USA Today, Bustle, Good Housekeeping.com, HelloGiggles, The Boston Globe, PureWow, The Dallas Morning News, and more!     “The Child is a perfect blend of beach read and book club selection....[A] page-turning whodunit….A novel that is both fast-paced and thought-provoking.”—USA Today   As an old house is demolished in a gentrifying section of London, a workman discovers human remains, buried for years. For journalist Kate Waters, it’s a story that deserves attention. She cobbles together a piece for her newspaper, but at a loss for answers, she can only pose a question: Who has been found at the building site? As Kate investigates, she unearths connections to a crime that rocked the city decades earlier: A child was stolen from the maternity ward in a local hospital and was never found. Her heartbroken parents were left devastated by the loss. But there is more to the story, and Kate is drawn—house by house—into the pasts of the people who once lived in this neighborhood that has given up its greatest mystery. And she soon finds herself the keeper of unexpected secrets that erupt in the lives of three women—and torn between what she can and cannot tell... An NPR Best Book of the Year A Bustle Best Thriller Novel of the Year","Crime & Thriller , Thriller","Barton, Fiona",Penguin Publishing Group,2017,384,999 Денари
The Plea : His client is innocent. His wife is guilty.,"Your client is innocent. Your wife is guilty. Who would you fight for? * 'Quite simply, THE PLEA is one of the most purely entertaining books you'll read this year' John Connolly 'A gripping thriller' Ian Rankin * When David Child, a major client of a corrupt New York law firm, is arrested for murder, the FBI ask con artist-turned-lawyer Eddie Flynn to persuade him to testify against the firm. Eddie is not someone who is easily coerced, but when the FBI reveal that they have incriminating files on his wife, he knows he has no choice. But Eddie is convinced the man is innocent, despite overwhelming evidence to the contrary. With the FBI putting pressure on him to secure the deal, Eddie must find a way to prove his client's innocence. But the stakes are high - his wife is in danger. And not just from the FBI . . . * Praise for race-against-time legal thriller writer, Steve Cavanagh: 'A fantastic thriller writer' Mark Billingham 'Cavanagh stands head and shoulders above the competition, with his skilfully plotted, action-packed and big-hearted Eddie Flynn novels . . . highly intelligent, twist-laden and absolutely unputdownable' Eva Dolan, author of the critically acclaimed Tell No Tales 'What a thriller! Breathlessly brilliant and fiendishly clever' Miranda Dickinson 'A cleverly constructed legal thriller combined with a classic locked-room mystery. Eddie Flynn is fast becoming one of my favourite fictional heroes and Cavanagh one of my favourite thriller writers.' S.J.I. Holliday, author of Black Wood 'Raymond Chandler could have created Eddie Flynn. THE PLEA is Phillip Marlowe and Michael Connolly's Mickey Haller combined, with a bit of Jim Thompson's THE GRIFTERS thrown in. A superb read with a main character destined to be one of the most talked about in crime fiction.' Howard Linskey, author of The Search * If you like John Grisham, Lee Child and Michael Connelly, you will LOVE the gripping and twisty Eddie Flynn series: 1. The Defence 2. The Plea 3. The Liar 4. Thirteen * Each Eddie Flynn thriller can be read as a standalone or in series order *","Crime & Thriller , Thriller","Cavanagh, Steve",Orion Publishing Co,2017,400,699 Денари
Coffin Road : the Sunday Times Bestseller and BBC Radio 2 Book Club Pick,"Description **A SUNDAY TIMES TOP 5 BESTSELLER** **A BBC RADIO 2 BOOK CLUB PICK** **FROM THE AUTHOR OF THE BLACKHOUSE, CAST IRON AND I'LL KEEP YOU SAFE** MILLION-SELLING PETER MAY MIXES MURDER, MYSTERY and MEMORY . . . AND MARKS HIS RETURN TO THE OUTER HEBRIDES A man stands bewildered on a deserted beach on the Hebridean Isle of Harris. He cannot remember who he is. The only clue to his identity is a folded map of a path named the Coffin Road. He does not know where this search will take him. A detective from Lewis sits aboard a boat, filled with doubt. DS George Gunn knows that a bludgeoned corpse has been discovered on a remote rock twenty miles offshore. He does not know if he has what it takes to uncover how and why. A teenage girl lies in her Edinburgh bedroom, desperate to discover the truth about her scientist father's suicide. Two years on, Karen Fleming still cannot accept that he would wilfully abandon her. She does not yet know his secret. Coffin Road follows three perilous journeys towards one shocking truth - and the realisation that ignorance can kill us. 'A riveting, atmospheric read' The Times 'A chilling standalone mystery' Daily Record 'Clever, twisty . . . in the mode of Le Carre's The Constant Gardener' Guardian LOVE PETER MAY? Order his new thriller, A SILENT DEATH!","Crime & Thriller , Thriller","May, Peter",Quercus Publishing,2017,400,699 Денари
Fallout : A V.I. Warshawski Novel,"Description LEE CHILD says she's a genius. P.D. JAMES called her the most remarkable of today's suspense writers. STIEG LARSSON loved her work so much, he named her in his novels. And now SARA PARETSKY returns with the most extraordinary novel of her legendary career: FALLOUT. Before there was Lisbeth Salander, before there was Stephanie Plum, there was V.I. WARSHAWSKI. To her parents, she's Victoria Iphigenia. To her friends, she's Vic. But to clients seeking her talents as a detective, she's V.I. And her new case will lead her from her native Chicago... and into Kansas, on the trail of a vanished film student and a faded Hollywood star. Accompanied by her dog, V.I. tracks her quarry through a university town, across fields where missile silos once flourished -- and into a past riven by long-simmering racial tensions, a past that holds the key to the crimes of the present. But as the mysteries stack up, so does the body count. And in this, her toughest case, not even V.I. is safe. Exciting and provocative, fiercely intelligent and witty, FALLOUT is reading at its most enjoyable and powerful. --Lee Child","Crime & Thriller , Thriller","Paretsky, Sara",William Morrow & Company,2017,592,599 Денари
Fallout : A V.I. Warshawski Novel,"Description P.D. JAMES called her ""the most remarkable"" of today's suspense writers. STIEG LARSSON loved her work so much, he named her in his novels. And now SARA PARETSKY returns with the most extraordinary novel of her legendary career: FALLOUT. Before there was Lisbeth Salander, before there was Stephanie Plum, there was V.I. WARSHAWSKI. To her parents, she's Victoria Iphigenia. To her friends, she's Vic. But to clients seeking her talents as a detective, she's V.I. And her new case will lead her from her native Chicago... and into Kansas, on the trail of a vanished film student and a faded Hollywood star. Accompanied by her dog, V.I. tracks her quarry through a university town, across fields where missile silos once flourished -- and into a past riven by long-simmering racial tensions, a past that holds the key to the crimes of the present. But as the mysteries stack up, so does the body count. And in this, her toughest case, not even V.I. is safe. Exciting and provocative, fiercely intelligent and witty, FALLOUT is reading at its most enjoyable and powerful. ""","Crime & Thriller , Thriller","Paretsky, Sara",William Morrow & Company,2017,448,1.099 Денари
Her Every Fear,"Description 'I loved it! A brilliantly original premise, delivered with panache.' CLARE MACKINTOSH, Sunday Times bestselling author of I See You Following a brutal attack, Kate Priddy makes the uncharacteristically bold decision of moving from London to Boston - in an apartment swap with her cousin, Corbin Dell. But soon after her arrival Kate makes a shocking discovery: Corbin's next-door neighbour, Audrey Marshall, may have been murdered. Far from home and emotionally unstable, her imagination playing out her every fear, who can Kate trust? As tantalizing as Rear Window, Gone Girl, The Girl on the Train and The Talented Mr Ripley","Crime & Thriller , Thriller","Swanson, Peter",Faber & Faber,2017,432,799 Денари
The Lost Ones,"Description A dark, compulsively readable psychological suspense debut, the first in a new series featuring the brilliant, fearless, chaotic, and deeply flawed Nora Watts--a character as heartbreakingly troubled, emotionally complex, and irresistibly compelling as Stieg Larsson's Lisbeth Salander and Jo Nesbo's Harry Hole. It begins with a phone call that Nora Watts has dreaded for fifteen years--since the day she gave her newborn daughter up for adoption. Bonnie has vanished. The police consider her a chronic runaway and aren't looking, leaving her desperate adoptive parents to reach out to her birth mother as a last hope. A biracial product of the foster system, transient, homeless, scarred by a past filled with pain and violence, Nora knows intimately what happens to vulnerable girls on the streets. Caring despite herself, she sets out to find Bonnie with her only companion, her mutt Whisper, knowing she risks reopening wounds that have never really healed--and plunging into the darkness with little to protect her but her instincts and a freakish ability to detect truth from lies. The search uncovers a puzzling conspiracy that leads Nora on a harrowing journey of deception and violence, from the gloomy rain-soaked streets of Vancouver, to the icy white mountains of the Canadian interior, to the beautiful and dangerous island where she will face her most terrifying demon. All to save a girl she wishes had never been born.","Crime & Thriller , Thriller","Kamal, Sheena",William Morrow & Company,2017,352,1.099 Денари
xXx : Return of Xander Cage - The Official Movie Novelization,"XANDER CAGE IS BACK.After coming out of self-imposed exile, extreme athlete turned government operative Xander Cage must race against time to recover a sinister weapon known as Pandora's Box, a device that controls every military satellite in the world. Recruiting a new group of thrill-seeking cohorts, Xander finds himself entangled in a deadly conspiracy that points to collusion at the highest levels of government.","Crime & Thriller , Thriller","Waggoner, Tim",Titan Books Ltd,2017,336,599 Денари
Big Little Lies,"DISCOVER THE GRIPPING NO. 1 BESTSELLER BEHIND THE AWARD WINNING HBO SENSATION STARRING REESE WITHERSPOON, NICOLE KIDMAN & MERYL STREEP ____________ Perfect families, perfect houses, perfect lives. Three mothers, Jane, Madeline and Celeste appear to have it","Crime & Thriller , Thriller","Moriarty, Liane",Penguin Books,2017,,799 Денари
Open Season,"Don't miss the Spectrum Originals series JOE PICKETT! The first novel in the thrilling series featuring Wyoming game warden Joe Pickett from #1 New York Times bestselling author C. J. Box. Joe Pickett is the new game warden in Twelve Sleep, Wyoming, a town where nearly everyone hunts and the game warden--especially one like Joe who won't take bribes or look the other way--is far from popular. When he finds a local hunting outfitter dead, splayed out on the woodpile behind his state-owned home, he takes it personally. There had to be a reason that the outfitter, with whom he's had run-ins before, chose his backyard, his woodpile to die in. Even after the ""outfitter murders,"" as they have been dubbed by the local press after the discovery of the two more bodies, are solved, Joe continues to investigate, uneasy with the easy explanation offered by the local police. As Joe digs deeper into the murders, he soon discovers that the outfitter brought more than death to his backdoor: he brought Joe an endangered species, thought to be extinct, which is now living in his woodpile. But if word of the existence of this endangered species gets out, it will destroy any chance of InterWest, a multi-national natural gas company, building an oil pipeline that would bring the company billions of dollars across Wyoming, through the mountains and forests of Twelve Sleep. The closer Joe comes to the truth behind the outfitter murders, the endangered species and InterWest, the closer he comes to losing everything he holds dear.","Crime & Thriller , Thriller","Box, C. J.",Penguin Putnam Inc,2016,352,899 Денари
24 : Trial by Fire,"1994. Before the clock started ticking...Tateos Gadjoyan, an Armenian arms merchant, has been a target of the Central Intelligence Agency for years. Efforts to thwart his selling of American military weapons to terrorists have been unsuccessful, but finally two undercover agents have infiltrated Gadjoyan's inner circle. Soon they will have sufficient evidence to seize the arms dealer. On the small Japanese island of Okinawa, Gadjoyan's representatives are concluding a deal with Miroji Jimura, an arms dealer who's only too happy to profit from the sale of American weapons to be used against American people. When a rival of Jimura's sabotages the arms deal, the case against Tateos Gadjoyan is threatened and another far greater menace to American security is revealed. The only thing standing against this new danger is a single junior CIA agent named Jack Bauer. Working without backup, Bauer has no choice but to face this urgent new threat head-on, but the stakes are high and time is already running out...An all-new Jack Bauer adventure by New York Times bestselling author Dayton Ward","Crime & Thriller , Thriller","Ward, Dayton",Titan Books Ltd,2016,320,599 Денари
A Long Way to Shiloh,"Description The no. 1 bestseller from the author of Kolymsky Heights 'As significant as . . . le Carre in bringing a gritty new realism to the thriller.' Sunday Telegraph An ancient scroll has been discovered in Israel. Caspar Laing, a young and brilliant professor, is asked to decipher it. It contains the directions to the secret location of a priceless artefact. As he makes the treacherous journey into the desert, he is joined by dangerous rivals determined to claim the prize. He must win the race at all costs. 'Ceaselessly gripping . . . A joy to devour.' The Times 'Brilliantly entertaining.' Sunday Express","Crime & Thriller , Thriller","Davidson, Lionel",Faber & Faber,2016,288,799 Денари
Viral,"Description So far, twenty-three thousand and ninety-six people have seen me online. Su has always been the successful sister. It's Leah who is wild and often angry. But when they go to Magaluf to celebrate their exam results, Su disappears. Su is on the run, humiliated and afraid. There's an online video of her performing multiple sex acts in a nightclub. And everyone has seen it. Their mother Ruth, a prominent court judge, is furious. Can she bring justice to the men who took advantage of her daughter, and what will it take to bring Su home? 'Read it.' Stylist 'Gripping.' Tammy Cohen, author of When She Was Bad 'A real psychological roller-coaster.' Scotsman","Crime & Thriller , Thriller","Fitzgerald, Helen",Faber & Faber,2016,272,699 Денари
The Travelers,"Description The pulse-racing international thriller of the year Meet Will Rhodes: travel writer, recently married, barely solvent, his idealism rapidly giving way to disillusionment and the worry that he's living the wrong life. Then one night in Argentina a beautiful woman makes him an offer he can't refuse. Soon Will's bad choices - and dark secrets - take him across Europe, from a Bordeaux chateau to a midnight raid in Paris, from a Dublin dive-bar to a mega-yacht in the Mediterranean and an isolated cabin perched on the cliffs of Iceland. As Will is drawn further into a tangled web of international intrigue, it becomes clear that the network of deception ensnaring him is part of an immense and deadly conspiracy with terrifying global implications - and that the people closest to him may pose the greatest threat of all.","Crime & Thriller , Thriller","Pavone, Chris",Faber & Faber,2016,656,599 Денари
Gone Again,"Description 'It's just to say that no-one has come to pick Nathan up from school, and we were wondering if there was a problem of some kind?' As Mark Douglas photographs a pod of whales stranded in the waters off Edinburgh's Portobello Beach, he is called by his son's school: his wife, Lauren, hasn't turned up to collect their son. Calm at first, Mark collects Nathan and takes him home but as the hours slowly crawl by he increasingly starts to worry. With brilliantly controlled reveals, we learn some of the painful secrets of the couple's shared past, not least that it isn't the first time Lauren has disappeared. And as Mark struggles to care for his son and shield him from the truth of what's going on, the police seem dangerously short of leads. That is, until a shocking discovery...","Crime & Thriller , Thriller","Johnstone, Doug",Faber & Faber,2016,256,699 Денари
The Bone Tree,"Description From #1 New York Times bestselling author Greg Iles comes the second novel in his Natchez Burning trilogy--which also includes Natchez Burning and the upcoming Mississippi Blood--an epic trilogy of blood and race, family and justice, featuring Southern lawyer Penn Cage. Former prosecutor Penn Cage and his fiancee, reporter and publisher Caitlin Masters, have barely escaped with their lives after being attacked by wealthy businessman Brody Royal and his Double Eagles, a KKK sect with ties to some of Mississippi's most powerful men. But the real danger has only begun as FBI Special Agent John Kaiser warns Penn that Brody wasn't the true leader of the Double Eagles. The puppeteer who actually controls the terrorist group is a man far more fearsome: the chief of the state police's Criminal Investigations Bureau, Forrest Knox. The only way Penn can save his father, Dr. Tom Cage--who is fleeing a murder charge as well as corrupt cops bent on killing him--is either to make a devil's bargain with Knox or destroy him. While Penn desperately pursues both options, Caitlin uncovers the real story behind a series of unsolved civil rights murders that may hold the key to the Double Eagles' downfall. The trail leads her deep into the past, into the black backwaters of the Mississippi River, to a secret killing ground used by slave owners and the Klan for over two hundred years . . . a place of terrifying evil known only as ""the bone tree."" The Bone Tree is an explosive, action-packed thriller full of twisting intrigue and deadly secrets, a tale that explores the conflicts and casualties that result when the darkest truths of American history come to light. It puts us inside the skin of a noble man who has always fought for justice--now finally pushed beyond his limits. Just how far will Penn Cage, the hero we thought we knew, go to protect those he loves? --Kirkus Reviews","Crime & Thriller , Thriller","Iles, Greg",William Morrow & Company,2016,880,599 Денари
The Lost Girls,"Description A stunning debut novel that examines the price of loyalty, the burden of regret, the meaning of salvation, and the sacrifices we make for those we love In the summer of 1935, six-year-old Emily Evans vanishes from her family's vacation home on a remote Minnesota lake. Her disappearance destroys her mother, who spends the rest of her life at the lake house, hoping in vain that her favorite daughter will walk out of the woods. Emily's two older sisters stay, too, each keeping her own private, decades-long vigil for the lost child. Sixty years later, Lucy, the quiet and watchful middle sister, lives in the lake house alone. Before she dies, she writes the story of that devastating summer in a notebook that she leaves, along with the house, to the only person to whom it might matter: her grandniece, Justine. For Justine, the lake house offers a chance to escape her manipulative boyfriend and give her daughters the stable home she never had. But it's not the sanctuary she hoped for. The long Minnesota winter has begun. The house is cold and dilapidated, the frozen lake is silent and forbidding, and her only neighbor is a strange old man who seems to know more than he's telling about the summer of 1935. Soon Justine's troubled oldest daughter becomes obsessed with Emily's disappearance, Justine's mother arrives with designs on her inheritance, and the man she left behind launches a dangerous plan to get her back. In a house haunted by the sorrows of the women who came before her, Justine must overcome their tragic legacy if she hopes to save herself and her children.","Crime & Thriller , Thriller","Young, Heather",William Morrow & Company,2016,352,999 Денари
A Game for All the Family,"Description Pulled into a deadly game of deception, secrets, and lies, a woman must find the truth in order to defeat a mysterious opponent, protect her daughter, and save her own life in this dazzling standalone psychological thriller with an unforgettable ending from the New York Times bestselling author of Woman with a Secret and The Monogram Murders.You thought you knew who you were. A stranger knows better.You ve left the city and the career that nearly destroyed you for a fresh start on the coast. But trouble begins when your daughter withdraws, after her new best friend, George, is unfairly expelled from school.You beg the principal to reconsider, only to be told that George hasn t been expelled. Because there is, and was, no George.Who is lying? Who is real? Who is in danger? Who is in control? As you search for answers, the anonymous calls begin a stranger, who insists that you and she share a traumatic past and a guilty secret. And then the caller threatens your life. . . .This is Justine s story. This is Justine s family. This is Justine s game. But it could be yours.""","Crime & Thriller , Crime","Hannah, Sophie",William Morrow & Company,2016,464,999 Денари
The Night of Wenceslas,"Description The award-winning debut thriller from the bestselling author of Kolymsky Heights 'Quite simply the best thriller writer around.' Spectator Nicolas Whistler is young, bored and in debt. When an opportunity to make some money arises, he can't turn it down. He is sent to Prague to carry out a simple assignment, but he soon finds himself trapped between the secret police and the clutches of the mysterious Vlasta. Whether he likes it or not, Nicolas is now a spy. 'Fast-moving, exciting, often extraordinarily funny.' Sunday Times 'Brilliant. Don't miss it.' Observer","Crime & Thriller , Thriller","Davidson, Lionel",Faber & Faber,2016,256,799 Денари
The Rose of Tibet,"Description From the bestselling author of Kolymsky Heights 'I devoured it.' Anthony Horowitz With an introduction by Anthony Horowitz A filmmaker is reported dead near Mount Everest. His brother, Charles Houston, is convinced he's alive and is determined to find him. It's a dangerous expedition. He travels from India to the forbidden land of Tibet. In the Yamdring monastery, he discovers an emerald treasure guarded by a woman with a deadly secret. But the Chinese army is coming... 'I hadn't realised how much I had missed the genuine adventure story until I read The Rose of Tibet.' Graham Greene 'Thrilling . . . a perilous journey across Tibet in search of a missing brother.' Jake Kerridge, Telegraph","Crime & Thriller , Thriller","Davidson, Lionel",Faber & Faber,2016,384,699 Денари
The Dry : The Sunday Times Crime Book of the Year 2017,"Description Jane Harper's new novel, The Survivors, is now available for pre-order WINNER OF THE BRITISH BOOK AWARDS CRIME THRILLER BOOK OF THE YEAR 2018 WINNER OF THE CWA GOLD DAGGER AWARD 2017 Amazon.com's #1 Pick for Best Mystery & Thriller 2017 'One of the most stunning debuts I've ever read...Read it!' David Baldacci 'Packed with sneaky moves and teasing possibilities that keep the reader guessing...The Dry is a breathless page-turner' Janet Maslin, New York Times WHO REALLY KILLED THE HADLER FAMILY? I just can't understand how someone like him could do something like that. Amid the worst drought to ravage Australia in a century, it hasn't rained in small country town Kiewarra for two years. Tensions in the community become unbearable when three members of the Hadler family are brutally murdered. Everyone thinks Luke Hadler, who committed suicide after slaughtering his wife and six-year-old son, is guilty. Policeman Aaron Falk returns to the town of his youth for the funeral of his childhood best friend, and is unwillingly drawn into the investigation. As questions mount and suspicion spreads through the town, Falk is forced to confront the community that rejected him twenty years earlier. Because Falk and Luke Hadler shared a secret, one which Luke's death threatens to unearth. And as Falk probes deeper into the killings, secrets from his past and why he left home bubble to the surface as he questions the truth of his friend's crime. Praise for The Dry 'Spellbinding' Ian Rankin 'Riveting' Mail on Sunday 'Stunningly atmospheric' Val McDermid","Crime & Thriller , Thriller","Harper, Jane","Little, Brown Book Group",2016,432,699 Денари
The Darkest Corners,"Description ""Gripping from start to finish . . . with twists that left me shocked.""—Victoria Aveyard, #1 New York Times bestselling author of Red Queen For fans of Gillian Flynn and Pretty Little Liars, The Darkest Corners is a psychological thriller about the lies little girls tell, and the deadly truths those lies become.     There are secrets around every corner in Fayette, Pennsylvania. Tessa left when she was nine and has been trying ever since not to think about what happened there that last summer.     She and her childhood best friend Callie never talked about what they saw. Not before the trial. And certainly not after.     But ever since she left, Tessa has had questions. Things have never quite added up. And now she has to go back to Fayette—to Wyatt Stokes, sitting on death row; to Lori Cawley, Callie’s dead cousin; and to the one other person who may be hiding the truth.     Only the closer Tessa gets to what really happened, the closer she gets to a killer—and this time, it won’t be so easy to run away. And don't miss Kara's next ""eerie and masterly psychological thriller"" Little Monsters—on sale now (SLJ)!","Crime & Thriller , Thriller","Thomas, Kara",Random House Lcc Us,2016,327,899 Денари
"A Country Road, A Tree","Description From the best-selling author of Longbourn, a haunting new novel of spies and artists, passion and danger, hope in the face of despair   Paris, 1939. The pavement rumbles with the footfall of Nazi soldiers marching along the Champs-Elysees. A young, unknown writer—Samuel Beckett—recently arrived from Ireland to make his mark, smokes one last cigarette with his lover before the city they know is torn apart. Soon he will put them both in mortal danger by joining the Resistance . . . Through it all we are witness to the workings of a uniquely brilliant mind struggling to create a language that will express this shattered world. Here is a remarkable story of survival and determination, and a portrait of the extremes of human experience alchemized into one man’s timeless art. From the Hardcover edition.","Crime & Thriller , Thriller","Baker, Jo",Random House Lcc Us,2016,289,1.199 Денари
The Defence : Win the trial. Or lose his life.,"Everything a great thriller should be and I can't wait to see more of Eddie Flynn.' Mark Billingham 'So Hollywood, punchy and cool and pacy as hell.' Eva Dolan Eddie Flynn has 48 hours to save his daughter... Eddie Flynn used to be a con artist. Then he became a lawyer. Turned out the two weren't that different. It's been over a year since Eddie vowed never to set foot in a courtroom again. But now he doesn't have a choice. Olek Volchek, the infamous head of the Russian mafia in New York, has strapped a bomb to Eddie's back and kidnapped his ten-year-old daughter, Amy. Eddie only has forty-eight hours to defend Volchek in an impossible murder trial - and win - if he wants to save his daughter. Under the scrutiny of the media and the FBI, Eddie must use his razor-sharp wit and every con-artist trick in the book to defend his 'client' and ensure Amy's safety. With the timer on his back ticking away, can Eddie convince the jury of the impossible? Praise for race-against-time legal thriller writer, Steve Cavanagh: 'A gripping, twisty thriller' Ian Rankin, number 1 bestselling author of Rather Be The Devil 'Legal thrillers are my blind spot, but I'll always make an exception for Steve Cavanagh. Quite simply, THE PLEA is one of the most purely entertaining books you'll read this year. It's a blast.' John Connolly, bestselling author of the Charlie Parker series 'In the crowded field of legal thrillers, Steve Cavanagh stands head and shoulders above the competition, with his skilfully plotted, action-packed and big-hearted Eddie Flynn novels . . . highly intelligent, twist-laden and absolutely unputdownable' Eva Dolan, author of the critically acclaimed Tell No Tales 'A cleverly constructed legal thriller combined with a classic locked-room mystery. Eddie Flynn is fast becoming one of my favourite fictional heroes and Cavanagh one of my favourite thriller writers.' S.J.I. Holliday, author of Black Wood 'Raymond Chandler could have created Eddie Flynn. THE PLEA is Phillip Marlowe and Michael Connolly's Mickey Haller combined, with a bit of Jim Thompson's THE GRIFTERS thrown in. A superb read with a main character destined to be one of the most talked about in crime fiction.' Howard Linskey, author of The Search If you like John Grisham, Lee Child and Michael Connelly, you will LOVE the gripping and twisty Eddie Flynn series: 1. The Defence 2. The Plea 3. The Liar * Each Eddie Flynn thriller can be read as a standalone or in series order *","Crime & Thriller , Thriller","Cavanagh, Steve",Orion Publishing Co,2016,320,699 Денари
Beware That Girl,"Description For fans of We Were Liars, Gone Girl, and The Girl on the Train comes a powerful psychological thriller with a gripping pace and Hitchcockian twists. Set against the backdrop of New York City, this compelling novel delves into the dysfunctional yet mesmerizing world of the mega-wealthy elite and will keep readers guessing until the very last page.   The Haves. The Have-Nots. Kate O’Brien appears to be a Have-Not. Her whole life has been a series of setbacks she’s had to snake her way out of—some more sinister than others. But she’s determined to change all that. She’s book-smart. She’s street-smart. And she’s also a masterful liar. As the scholarship student at the elite Waverly School in NYC, Kate has her work cut out for her: her plan is to climb the social ranks and land a spot at Yale. She’s already found her “people” among the senior-class “it” girls—specifically in the cosseted, mega-wealthy yet deeply damaged Olivia Sumner. As for Olivia, she considers Kate the best friend she’s always needed, the sister she never had.   When the handsome and whip-smart Mark Redkin joins the Waverly administration as head of fund-raising, he immediately charms his way into the faculty’s and students’ lives, becoming especially close to Olivia, a fact she’s intent on keeping to herself. It becomes increasingly obvious that Redkin poses a threat to Kate, too, in a way she can’t reveal—and can’t afford to ignore. Mark has his own plan for a bright future and never doubts that he can pull it off. How close can Kate and Olivia get to him without having to share their dark pasts?   “Combines a Gossip Girl milieu with the unsettled psychological terrain of Gone Girl.” —PW   “It’s smart, dark, entertaining, and unpredictable.” —Quill & Quire, Starred From the Hardcover edition.","Crime & Thriller , Thriller","Toten, Teresa",Penguin Lcc Us,2016,319,899 Денари
Escape Clause,"Description Whenever you hear the sky rumble, that usually means a storm. In Virgil Flowers’ case, make that two. The exceptional new thriller from the writer whose books are “pure reading pleasure” (Booklist).   The first storm comes from, of all places, the Minnesota zoo. Two large, and very rare, Amur tigers have vanished from their cage, and authorities are worried sick that they’ve been stolen for their body parts. Traditional Chinese medicine prizes those parts for home remedies, and people will do extreme things to get what they need. Some of them are a great deal more extreme than others—as Virgil is about to find out. Then there’s the homefront. Virgil’s relationship with his girlfriend Frankie has been getting kind of serious, but when Frankie’s sister Sparkle moves in for the summer, the situation gets a lot more complicated. For one thing, her research into migrant workers is about to bring her up against some very violent people who emphatically do not want to be researched. For another…she thinks Virgil’s kind of cute.      “You mess around with Sparkle,” Frankie told Virgil, “you could get yourself stabbed.”      “She carries a knife?”      “No, but I do.” Forget a storm—this one’s a tornado.","Crime & Thriller , Thriller","Sandford, John",Penguin Publishing Group,2016,400,999 Денари
Obsession,"Description The riveting novel from the #1 New York Times bestselling author of The Liar.   “She stood in the deep, dark woods, breath shallow and cold prickling over her skin despite the hot, heavy air. She took a step back, then two, as the urge to run fell over her.”   Naomi Bowes lost her innocence the night she followed her father into the woods. In freeing the girl trapped in the root cellar, Naomi revealed the horrible extent of her father’s crimes and made him infamous. No matter how close she gets to happiness, she can’t outrun the sins of Thomas David Bowes.   Now a successful photographer living under the name Naomi Carson, she has found a place that calls to her, a rambling old house in need of repair, thousands of miles away from everything she’s ever known. Naomi wants to embrace the solitude, but the kindly residents of Sunrise Cove keep forcing her to open up—especially the determined Xander Keaton.   Naomi can feel her defenses failing, and knows that the connection her new life offers is something she’s always secretly craved. But the sins of her father can become an obsession, and, as she’s learned time and again, her past is never more than a nightmare away.","Crime & Thriller , Thriller","Roberts, Nora",Penguin Publishing Group,2016,464,999 Денари
Fall of Man in Wilmslow,"Description A powerful tale of honour, prejudice and the twentieth century's most maltreated hero, by the acclaimed author of THE GIRL IN THE SPIDER'S WEB. June 8, 1954. Alan Turing, the visionary mathematician, is found dead at his home in sleepy Wilmslow, dispatched by a poisoned apple. Taking the case, Detective Constable Leonard Corell quickly learns Turing is a convicted homosexual. Confident it's a suicide, he is nonetheless confounded by official secrecy over Turing's war record. What is more, Turing's sexuality appears to be causing alarm among the intelligence services - could he have been blackmailed by Soviet spies? Stumbling across evidence of Turing's genius, and sensing an escape from a narrow life, Corell soon becomes captivated by Turing's brilliant and revolutionary work, and begins to dig deeper. But in the febrile atmosphere of the Cold War, loose cannons cannot be tolerated. As his innocent curiosity takes him far out of his depth, Corell realises he has much to learn about the dangers of forbidden knowledge.","Crime & Thriller , Thriller","Lagercrantz, David",Quercus Publishing,2016,368,799 Денари
"Breakdown (Alex Delaware series, Book 31) : A thrillingly suspenseful psychological crime novel","Description Criminal psychologist Dr. Alex Delaware is pushed to his limit like never before in Breakdown by New York Times No.1 bestseller Jonathan Kellerman. Fans of Michael Connelly and Harlan Coben will love this sabre-sharp storytelling from the master of psychological suspense. Dr. Alex Delaware first meets beautiful and emotionally fragile actress Zelda Chase when called upon to evaluate her five-year-old son. Years later, Alex is unexpectedly reunited with Zelda when she is involuntarily committed after a bizarre psychotic episode. But tragedy strikes and shortly after her release, Zelda is discovered dead in the grounds of a palatial L.A. estate. Having experienced more than enough of the city's dark side to recognise the scent of evil, Alex turns to his friend, LAPD Lieutenant Milo Sturgis, for help in finding the perpetrator. Meanwhile, Alex is caught up in another quest: the search for Zelda's missing son. And when other victims vanish from the same upscale neighborhood, worry turns to terror. As Alex struggles to piece together the brief rise and steep fall of a gorgeous, talented actress, he and Milo unveil shattered dreams, the corruption of a family, and a grotesque betrayal of innocence. With each devastating revelation and damning clue, Alex's brilliant mind is challenged as never before - and his determination grows to see a killer caged and the truth set free.","Crime & Thriller , Thriller","Kellerman, Jonathan",Headline Publishing Group,2016,384,799 Денари
The Templar Succession,"Description 1998. Kosovo is in the grip of civil war, and John Hart is an aspiring photojournalist determined to capture the devastating scenes. On his mission to shed light on the atrocities he discovers a house where women are enslaved purely for the pleasure of the Serbian soldiers. Hart risks his own life to free the imprisoned women. 2015. John Hart has his world turned upside down when he is left to care for a young woman - the daughter of one of the women he freed that fateful day in Kosovo. She is determined to track down the man known as the Captain: a war criminal, and her father. Unable to turn his back on the girl, Hart sets out to find the Captain. His quest takes him across Europe and into Africa where, on an isolated plateau in the mountains of Ethiopia, he confronts the man who shows no remorse, and no regard for life...","Crime & Thriller , Thriller","Reading, Mario",Atlantic Books,2016,464,599 Денари
Brighton,"Description A gritty and suspenseful Boston thriller for fans of Dennis Lehane and The Departed You came back here to bury your past ... Thing is, you gotta kill it first Brighton, 1975: a Boston neighbourhood where racial tensions run high and gangs jostle for dominance in the trades that matter - drugrunning, book-keeping and theft. Fifteen-year-old Kevin Pearce knows his best hope is to get the hell out before its bloody streets get a grip on his dreams. Bitterness and brutality stalk the hard-drinking generations of his Irish immigrant family. But when an act of violence tears their home apart, Kevin is forced to leave for New York, changing the course of his life forever. Twenty-seven years later, in 2002, Kevin wins the Pulitzer Prize for an investigative article on the wrongful conviction and death of a man from Brighton, and decides to visit his old neighbourhood for the first time in decades. But his past has long shadows - shadows which have taken on a life of their own. And when Kevin's prosecutor girlfriend Lisa asks his advice on a murder case, he is plunged into a web of deception and bloodshed that will test his loyalties to the limit and place the life he has built at risk. Grittily realistic, razor-sharp and darkly compelling, Brighton is about the meaning of family, the price of friendship, and survival in a world where one misstep can cost everything.","Crime & Thriller , Thriller","Harvey, Michael",Bloomsbury Publishing PLC,2016,368,999 Денари
Beside Myself,"Description Helen and Ellie are identical twins - like two peas in a pod, everyone says. The girls know this isn't true, though: Helen is the leader and Ellie the follower. Until they decide to swap places: just for fun, and just for one day. But Ellie refuses to swap back... And so begins a nightmare from which Helen cannot wake up. Her toys, her clothes, her friends, her glowing record at school, the favour of her mother and the future she had dreamed of are all gone to a sister who blossoms in the approval that used to belong to Helen. And as the years pass, she loses not only her memory of that day but also herself - until eventually only 'Smudge' is left. Twenty-five years later, Smudge receives a call from out of the blue. It threatens to pull her back into her sister's dangerous orbit, but if this is her only chance to face the past, how can she resist? Beside Myself is a compulsive and darkly brilliant psychological drama about family and identity - what makes us who we are and how very fragile it can be.","Crime & Thriller , Thriller","Morgan, Ann",Bloomsbury Publishing PLC,2016,336,1.099 Денари
Keep You Close,"Description Those who love Girl on the Train, The Good Liar and The Widow will love this thrilling new novel from acclaimed author Lucie Whitehouse. They said it was a tragic accident. She knows better... The brilliant young painter Marianne Glass is found dead in her snow-covered garden. Rowan Winter, once her closest friend, knows it wasn't an accident. Marianne had vertigo, paralysing vertigo. She never would have gone that close to the edge...","Crime & Thriller , Thriller","Whitehouse, Lucie",Bloomsbury Publishing PLC,2016,368,1.099 Денари
The Thirteen Problems,"A weekly dinner party Ten amateur sleuths The Tuesday Night Club murders On a quiet Tuesday in St Mary Mead, a group of friends gather for dinner. A policeman, a clergyman, a solicitor, an author, an artist, and an unassuming lady with a shrewd gaze - Miss Jane Marple. Conversation naturally turns to crime. Each recounts a seemingly unsolvable mystery. Each thinks they know the answer. But it's the one they least expect who understands the true nature of each wicked act... Never underestimate Miss Marple 'Billions of readers can't be wrong.' Dreda Say Mitchell 'The plots are so good that one marvels . . . most of them would have made a full-length thriller.' Daily Mirror","Crime & Thriller , Thriller","Christie, Agatha",Harper Collins,2016,250,599 Денари
The Moving Finger,"A malicious letter A tragic death A village filled with suspects Nothing ever happens in the sleepy village of Lymstock. Until letters accusing the villagers of unspeakable acts start to appear. They try to dismiss them as a cruel hoax, but then one of the recipients is found dead. The letter next to her body reads simply, 'I can't go on'. As fear spreads among the villagers, Jane Marple must uncover who is writing these letters - before anyone else is hurt. Never underestimate Miss Marple 'Miss Marple is one of the most subversive, the most original, most distinctive characters in fiction. Often underestimated and overlooked, she always triumphs in the end.' Kate Mosse 'Beyond all doubt the puzzle in The Moving Finger is fit for experts.' The Times","Crime & Thriller , Thriller","Christie, Agatha",Harper Collins,2016,240,599 Денари
Appointment with Death,"All wish her dead Who succeeded? Among the towering red cliffs of Petra, like some monstrous swollen Buddha, sat the corpse of Mrs Boynton. A tiny puncture mark on her wrist was the only sign of the fatal injection that had killed her. With only 24 hours available to solve the mystery, Hercule Poirot recalled a chance remark he'd overheard back in Jerusalem: 'You see, don't you, that she's got to be killed?' Mrs Boynton was, indeed, the most detestable woman he'd ever met...","Crime & Thriller , Thriller","Christie, Agatha",Harper Collins,2016,259,599 Денари
Just Fall : A Novel,"Description Perfect for fans of Patricia Highsmith and Gillian Flynn, this sexy and seductive debut novel asks: How can you find out that the person you love is a killer . . . and continue to love him anyway? THEN Ellie Larrabee’s life is perfect. She’s thriving at work, living in a fabulous apartment, and engaged to the man of her dreams. To all appearances, Ellie and Rob Beauman are a golden couple—blessed with good looks, success, and romantic chemistry that’s off the charts. Surely their future together promises nothing but happiness. But on what should be the most wonderful day of her life, moments after saying “I do,” a shocking secret threatens to shatter Ellie’s happily-ever-after. She learns that the man she just married and loves with all her heart hides a dark past beneath his charismatic exterior. And the more harrowing truth she uncovers, the deeper Ellie is swept into a vortex of betrayal and uncertainty from which she may never escape. NOW On the island paradise of St. Lucia, Ellie isn’t basking in honeymoon splendor—she’s grappling with the chilling realities of her violently derailed life: Rob has blood on his hands and some very dangerous people on his trail, and only Ellie stands between him and the lethal destiny he’s facing. Rob never dreamed that Ellie would be dragged into the deadly world he’s trapped in—or used as a pawn against him. And Ellie could never have imagined how far she’d be forced to go to save the man she loves. Praise for Just Fall “[A] tense, wild fever dream of a debut.”—Entertainment Weekly “What a terrific novel! Just Fall arrived in the mail this morning and I read the book in one sitting, which I haven’t done for years. Nina Sadowsky’s premise is original, her voice is clear, her storytelling skills are remarkable, and her pacing is perfect.”—Sue Grafton “Character-rich and compulsively readable, Just Fall is a marvelous surprise. Exploring the universal need for family and human connection, and the costs incurred when those bonds are severed, Just Fall takes the reader on a wild ride through the psyches of two damaged people who hope to find redemption in each other. The writing is lush, the insights sharp. This novel is a winner.”—Diane Keaton “Apt comparisons to The Girl on the Train and Gone Girl . . . The tension becomes almost unbearable. . . . The many plot strands are neatly woven together as the story hurtles towards its shocking . . . ending.”—Booklist “Chilling . . . Sadowsky’s debut is an excellent foray into the depths of the depraved criminal mind and its control over others.”—RT Book Reviews (four stars) “[An] intriguing setup . . . Sex and violence abound. . . . Ellie must decide how much she’s willing to sacrifice for a man she only thought she knew.”—Publishers Weekly “Impressive and memorable . . . [Sadowsky’s] creative abilities, honed in the film industry, are on display here. She knows just how much to give the reader, and when.”—Bookreporter “A chilling story exploring the fine lines between love and hate, good and evil, Just Fall is a wild ride of unnerving twists and turns, right up to the last page.”—Andrea Kane, New York Times bestselling author of The Silence That Speaks","Crime & Thriller , Thriller","Sadowsky, Nina",Random House USA Inc,2016,304,999 Денари
Curious Minds : A Knight and Moon Novel,"Description NEW YORK TIMES BESTSELLER • Janet Evanovich, bestselling author of the Stephanie Plum series, teams up with Emmy-winning writer Phoef Sutton for a brand-new series of mysteries featuring Emerson Knight and Riley Moon, a dynamic duo with instant and undeniable chemistry.   Emerson Knight is introverted, eccentric, and has little to no sense of social etiquette. Good thing he’s also brilliant, rich, and (some people might say) handsome, or he’d probably be homeless. Riley Moon has just graduated from Harvard Business and Harvard Law. Her aggressive Texas spitfire attitude has helped her land her dream job as a junior analyst with mega-bank Blane-Grunwald. At least Riley Moon thought it was her dream job, until she is given her first assignment: babysitting Emerson Knight.   What starts off as an inquiry about missing bank funds in the Knight account leads to inquiries about a missing man, missing gold, and a life-and-death race across the country. Through the streets of Washington, D.C., and down into the underground vault of the Federal Reserve in New York City, an evil plan is exposed. A plan so sinister that only a megalomaniac could think it up, and only the unlikely duo of the irrepressibly charming Emerson Knight and the tenacious Riley Moon can stop it. Praise for Curious Minds   “The one-liners fly at a ferocious pace. . . . Evanovich fans will find this closer in style to the Stephanie Plum novels.”—Booklist   “Evanovich’s comedic timing and pacing are evident on every page.”—Daily Republic","Crime & Thriller , Thriller","Evanovich, Janet",Bantam Doubleday Dell,2016,336,1.099 Денари
Ashley Bell,"Description NO. 1 NEW YORK TIMES BESTSELLER • NAMED ONE OF THE BEST BOOKS OF THE YEAR BY BOOKPAGE • The must-read thriller of the year, for readers of dark psychological suspense and modern classics of mystery and adventure The girl who said no to death. Bibi Blair is a fierce, funny, dauntless young woman—whose doctor says she has one year to live. She replies, “We’ll see.” Her sudden recovery astonishes medical science. An enigmatic woman convinces Bibi that she escaped death so that she can save someone else. Someone named Ashley Bell. But save her from what, from whom? And who is Ashley Bell? Where is she? Bibi’s obsession with finding Ashley sends her on the run from threats both mystical and worldly, including a rich and charismatic cult leader with terrifying ambitions. Here is an eloquent, riveting, brilliantly paced story with an exhilarating heroine and a twisting, ingenious plot filled with staggering surprises. Ashley Bell is a new milestone in literary suspense from the long-acclaimed master. Praise for Ashley Bell “A mind-bender filled with satisfying surprises.”—People (book of the week)   “[With] lyrical writing and compelling characters . . . Koontz stands alone, and this novel is a prime example of literary suspense. . . . One of his best.”—Associated Press   “Grabs you on page one and keeps you enthralled with ever widening loops of intrigue, spine-tingling plot twists, absorbing characters and emotional involvement . . . extraordinary.”—Bookreporter   “Heart-pounding and mind boggling . . . a rarity of a thriller—one that asks big questions about life and destiny while succeeding in creating [an] eerie sense of reality.”—Shelf Awareness   “Strap in and hold on. . . . When a writer has managed to catch this kind of lightning in a bottle, every reader should experience the full jolt.”—BookPage","Crime & Thriller , Thriller","Koontz, Dean",Bantam Doubleday Dell,2016,736,499 Денари
Career of Evil - A Cormoran Strike Novel,"***The 7th novel in the Strike series, THE RUNNING GRAVE, is coming in September 2023. Pre-order now and be the first to read it*** 'Deliriously clever' GUARDIAN ----- Now a major BBC drama: The Strike series When a mysterious package is delivered to Robin","Crime & Thriller , Thriller","Galbraith, Robert","Little, Brown",2016,,799 Денари
The Last Time I Saw Her,"Description In this world, Dr Charlotte Stone is an expert psychologist, helping to catch serial killers. In the next world, Charlotte's ghostly lover - wrongly executed killer Michael Garland - is facing death yet again: the ultimate annihilation of his soul. Can Charlie prove Michael's innocence and rescue him from total oblivion? A stranger has turned up in Big Stone Gap, Virginia - a man who could be Michael's identical twin. But the resemblance is only skin deep - behind the handsome face lurks the twisted mind of the real Southern Slasher, whose heinous crimes sent Michael to death row. Charlie intends to draw the truth out of the mysterious killer . . . whatever it takes. But Michael will move heaven and hell - even make a devil's bargain - for the chance to save Charlie's life, and feel her touch once more . . . maybe for the final time.","Crime & Thriller , Thriller","Robards, Karen",Hodder & Stoughton,2016,336,699 Денари
Darkness,"Description Beautiful, brilliant Dr Gina Solomon is one of a handful of scientists stationed on a remote island off the Arctic Circle. Out conducting research in the last few days before winter wraps the area in months-long darkness, she witnesses a small plane crash over the Bering Sea, and rescues a survivor from the wreckage - Mal Connolly. With a snowstorm stranding them unexpectedly, it's at least twenty-four hours before they return to the research station. When they do, Gina is horrified to discover that the rest of her party has been murdered. Whoever killed the scientists is still on the island, hunting Mal, who is a military weapons expert with a terrible secret. Someone will do anything to stop him from revealing what he knows. And now Gina is in danger too. With no escape until the plane comes for them the following week, Gina and Mal try to stay one step ahead of the killers, and discover a potent sexual chemistry... But will they get off the island before they are swallowed up in darkness forever?","Crime & Thriller , Thriller","Robards, Karen",Hodder & Stoughton,2016,384,699 Денари
Elephants Can Remember,"""Hercule Poirot is determined to solve an old husband and wife double murder that is still an open verdict ... Hercule Poirot stood on the cliff-top. For here, many years earlier, there had been a tragic accident - the broken body of a woman was discovered on the rocks at the foot of the cliff. This was followed by the grisly discovery of two more bodies - a husband and wife - shot dead. But who had killed whom? Was it a suicide pact? A crime of passion? Or cold-blooded murder? Poirot delves back into a crime committed 15 years earlier and discovers that, when there is a distinct lack of physical evidence, it's just as well that 'old sins leave long shadows' ..."" (publisher).","Crime & Thriller , Thriller","Christie, Agatha",HarperCollins Publishers,2016,245,599 Денари
A Pocket Full of Rye,"A wealthy family A fatal cup of tea Rex Fortescue was enjoying his morning cup of tea when he met his untimely end. Suspicions naturally turn to his wife. He was filthy rich, after all. Then she too is found dead. Strange clues have Scotland Yard's finest minds scratching their heads. Poisoned marmalade. Dead blackbirds. A victim found with a pocketful of rye. It's up to Jane Marple to put the pieces of this strange puzzle together... Never underestimate Miss Marple 'Captivating and addictive, Agatha Christie's work never fails to delight.' Jean Kwok 'This is the best of the novels starring Christie's Miss Marple.' New York Times","Crime & Thriller , Thriller","Christie, Agatha",HarperCollinsPublishers,2016,249,599 Денари
Three Act Tragedy,"At an apparently respectable dinner party, a vicar is the first to die... Thirteen guests arrived at dinner at the actor's house. It was to be a particularly unlucky evening for the mild-mannered Reverend Stephen Babbington, who choked on his cocktail, went into convulsions and died. But when his martini glass was sent for chemical analysis, there was no trace of poison - just as Poirot had predicted. Even more troubling for the great detective, there was absolutely no motive...","Crime & Thriller , Thriller","Christie, Agatha",HarperCollins Publishers Limited,2016,260,599 Денари
Murder in Mesopotamia,"CLASSIC CRIME. A new paperback slipcase featuring six of Hercule Poirot's very best cases. 'My name is Hercule Poirot and I am probably the greatest detective in the world.' This new boxed set of paperbacks collects six of Hercule Poirot's most famous and best-loved cases, perfect for readers who who would like to be introduced - or introduce their friends - to some of the twentieth century's most iconic murder books. This boxed set contains six quintessential Poirot classics: Death on the Nile, Evil Under the Sun, Appointment with Death, Murder in Mesapotamia, The Hollow, and Cat Among the Pigeons.","Crime & Thriller , Thriller","Christie, Agatha",HarperCollins Publishers Limited,2016,280,599 Денари
Cards on the Table,"A dangerous game A deadly outcome Mr Shaitana has the most unusual hobby: he collects criminals who have evaded justice. Among his dinner guests are four suspected murderers. And, to match them, four experts in crime, including Hercule Poirot. To understand which of them went on to kill their host, Poirot must delve deep into the psychology of each suspect. Which of them has the mind of a cold-hearted killer?","Crime & Thriller , Thriller","Christie, Agatha",HarperCollins Publishers Limited,2016,258,599 Денари
Murder in the Mews,"Murder, stolen plans, a mysterious death and a menage a trois - four intriguing novellas featuring Hercule Poirot... How did a woman holding a pistol in her right hand manage to shoot herself in the left temple? What was the link between a ghost sighting and the disappearance of top secert military plans? How did the bullet that killed Sir Gervase shatter a mirror in another part of the room? And who destroyed the 'eternal triangle' of love involving renowned beauty, Valentine Chantry? Hercule Poirot is faced with four mystifying cases - Murder in the Mews, The Incredible Theft, Dead Man's Mirror and Triangle at Rhodes - each a miniature classic of characterisation, incident and suspense.","Crime & Thriller , Thriller","Christie, Agatha",HarperCollins Publishers Limited,2016,310,599 Денари
The World's Favourite,"CLASSIC FICTION (PRE C 1945). A boxed set of the three books that have been confirmed in a popular vote as the World's Favourite Agatha Christie novels. In a worldwide poll to mark the Queen of Crime's 125th birthday on 15 September 2015, three books stood","Crime & Thriller , Thriller","Christie, Agatha",HarperCollinsPublishers,2015,,599 Денари
The Clocks,"A typist uncovers a man's body from behind the sofa... As instructed, stenographer Sheila Webb let herself into the house at 19 Wilbraham Crescent. It was then that she made a grisly discovery: the body of a dead man sprawled across the living room floor. What intrigued Poirot about the case was the time factor. Although in a state of shock, Sheila clearly remembered having heard a cuckoo clock strike three o'clock. Yet, the four other clocks in the living room all showed the time as 4.13. Even more strangely, only one of these clocks belonged to the owner of the house...","Crime & Thriller , Thriller","Christie, Agatha",HarperCollins Publishers Limited,2015,311,599 Денари
The Murder on the Links,"Stabbed in the back A pieced of lead piping nearby It should be a simple case... Poirot is summoned to France, but arrives too late to save his client, whose body now lies face down in a shallow grave on a golf course. Why is the dead man wearing his son's overcoat? And who was the intended recipient of the love-letter in the pocket? Before Poirot can answer these questions, the case is turned upside down by the discovery of a second, identically murdered corpse...","Crime & Thriller , Thriller","Christie, Agatha",HarperCollins Publishers Limited,2015,288,599 Денари
The Mystery of the Blue Train,"The daughter of an American millionaire dies on a train en route for Nice... When the luxurious Blue Train arrives at Nice, a guard attempts to wake serene Ruth Kettering from her slumbers. But she will never wake again - for a heavy blow has killed her, disfiguring her features almost beyond recognition. What is more, her precious rubies are missing. The prime suspect is Ruth's estranged husband, Derek. Yet Poirot is not convinced, so he stages an eerie re-enactment of the journey, complete with the murderer on board...","Crime & Thriller , Thriller","Christie, Agatha",HarperCollins Publishers Limited,2015,307,599 Денари
Taken at the Flood,"A man returns from the dead, and the body of a mysterious stranger is found in his room... A few weeks after marrying an attractive young widow, Gordon Cloade is tragically killed by a bomb blast in the London blitz. Overnight, the former Mrs Underhay finds herself in sole possession of the Cloade family fortune. Shortly afterwards, Hercule Poirot receives a visit from the dead man's sister-in-law who claims she has been warned by 'spirits' that Mrs Underhay's first husband is still alive. Poirot has his suspicions when he is asked to find a missing person guided only by the spirit world. Yet what mystifies Poirot most is the woman's true motive for approaching him...","Crime & Thriller , Thriller","Christie, Agatha",HarperCollins Publishers Limited,2015,279,599 Денари
Pretty Sly,"Description Pretty Sly is Elisa Ludwig's heart-pounding sequel to Pretty Crooked and the second book in a trilogy perfect for fans of Sarah Mlynowski, Ally Carter, or Sara Shepard. Willa Fox was ordered to stay out of trouble by a juvenile court judge. But that was before her house was ransacked ...and her mother went missing. Now Willa and her sexy crush, Aidan, must violate her probation and hit the California highway in search of her mom. When Willa and Aidan wind up being the focus of a national manhunt, their journey becomes dangerously criminal. Soon Willa realizes it's easier to escape the law than the truth. And everything she thought she knew about her mom-and her life-was wrong.","Crime & Thriller , Thriller","Ludwig, Elisa",HarperCollins Publishers Inc,2015,352,599 Денари
Vanishing Girls,"Description New York Times bestselling author Lauren Oliver delivers a gripping story perfect for fans of We Were Liars and I Was Here, about two sisters inexorably altered by a terrible accident. Dara and Nick used to be inseparable, but that was before the accident that left Dara's beautiful face scarred and the two sisters totally estranged. When Dara vanishes on her birthday, Nick thinks Dara is just playing around. But another girl, nine-year-old Madeline Snow, has vanished, too, and Nick becomes increasingly convinced that the two disappearances are linked. Now Nick has to find her sister, before it's too late. In this edgy and compelling novel, Lauren Oliver creates a world of intrigue, loss, and suspicion as two sisters search to find themselves, and each other.","Crime & Thriller , Thriller","Oliver, Lauren",HarperCollins,2015,368,699 Денари
The Patriot Threat,"""The 16th Amendment to the Constitution legalized federal income tax, but what if there were problems with the 1913 ratification of that amendment? Problems that call into question decades of tax collecting, and could even bring down the US economy. There is a surprising truth to this possibility a truth wholly entertained by Steve Berry, a top-ten New York Times bestselling writer, in his new thriller, The Patriot Threat. His protagonist, Cotton Malone, once a member of an elite intelligence division within the Justice Department known as the Magellan Billet, is now retired. But when his former boss, Stephanie Nelle, asks him to track a rogue North Korean who may have acquired some top secret Treasury Department files the kind that could bring the United States to its knees. Malone is vaulted into a harrowing twenty-four-hour chase that begins on the water in Venice and ends in the remote highlands of Croatia. With appearances by Franklin Roosevelt, Andrew Mellon, and a curious painting that still hangs in the National Gallery of Art, Steve Berry's trademark mix of history and suspense is 90% fact and 10% exciting speculation, a provocative thriller that poses a dangerous question. What if the federal income tax is illegal?""--Publisher.","Crime & Thriller , Thriller","Berry, Steve",Minotaur Books,2015,386,999 Денари
Hope to Die,"Description Detective Alex Cross is being stalked by a psychotic genius, forced to play the deadliest game of his career. Cross's family-his loving wife Bree, the wise and lively Nana Mama, and his precious children-have been ripped away. Terrified and desperate, Cross must give this mad man what he wants if he has any chance of saving the most important people in his life. The stakes have never been higher: What will Cross sacrifice to save the ones he loves? Widely praised by the greatest crime and thriller writers of our time, Cross My Heart set a jaw-dropping story in motion. Hope to Die propels Alex Cross's greatest challenge to its astonishing finish, proving why Jeffery Deaver says ""nobody does it better"" than James Patterson.","Crime & Thriller , Thriller","Patterson, James","Little, Brown & Company",2015,400,599 Денари
Dark Fire,"Winner of the CWA Ellis Peters Historical Dagger, Dark Fire is the second thrilling book in C. J. Sansom's number one bestselling Shardlake series, perfect for fans of Hilary Mantel and Philippa Gregory. 'When it comes to intriguing Tudor-based narratives, Hilary Mantel has a serious rival' - Sunday Times 'Sansom has the trick of writing an enthralling narrative. Like Hilary Mantel, he produces densely textured historical novels that absorb their readers in another time' - Andrew Taylor, Spectator England, 1540: Matthew Shardlake, believing himself out of favour with Thomas Cromwell, is busy trying to maintain his legal practice and keep a low profile. But his involvement with a murder case, defending a girl accused of brutally murdering her young cousin, brings him once again into contact with the king's chief minister - and a new assignment . . . The secret of Greek Fire, the legendary substance with which the Byzantines destroyed the Arab navies, has been lost for centuries. Now an official of the Court of Augmentations has discovered the formula in the library of a dissolved London monastery. When Shardlake is sent to recover it, he finds the official and his alchemist brother horribly murdered - the formula has disappeared. Now Shardlake must follow the trail of Greek Fire across Tudor London, while trying at the same time to prove his young client's innocence. But very soon he discovers nothing is as it seems . . . An internationally bestselling phenomenon, this gripping historical series continues with Sovereign, Revelation, Heartstone, Lamentation and Tombland.","Crime & Thriller , Thriller","Sansom, C. J.",Pan Macmillan,2015,608,799 Денари
Saint Odd : An Odd Thomas Novel,"Description From “one of the master storytellers of this or any age” comes the stunning final adventure of “one of the most remarkable and appealing characters in current fiction”—as no. 1 internationally bestselling author Dean Koontz brings the unforgettable odyssey of Odd Thomas to its dazzling conclusion.   Odd Thomas is back where it all started . . . because the time has come to finish it. Since he left his simple life in the small town of Pico Mundo, California, his journey has taken him to places strange and wonderful, mysterious and terrifying. Across the land, in the company of mortals and spirits alike, he has known kindness and cruelty, felt love and loss, saved lives and taken them—as he’s borne witness to humanity’s greatest good and darkest evil. Again and again, he has gone where he must and done what he had to do—for better or worse—with his courage and devotion sorely tested, and his soul forever changed. Every triumph has been hard won. Each sacrifice has taken its toll.   Now, whatever destiny drives him has finally steered his steps home, where those he cares for most surround him, the memory of his tragically lost true love haunts him, and one last challenge—vast and dreadful—awaits him. For Odd Thomas, born to serve a purpose far greater than himself, the wandering is done. Only the reckoning remains. Praise for Saint Odd   “Equal parts supernatural thriller, cultural satire, character study, bildungsroman, offbeat love story, road trip, spiritual meditation, and apocalyptic adventure, the Odd Thomas books . . . are more than irresistible page-turners. They are intimate, haunting, often heartrending, exhilarating, and beautifully composed.”—Biography.com   “Odd Thomas is such an endearing and likable character and, more than anything else, has been the reason for the success of the series. . . . For readers who have been with Odd all along, Saint Odd will satisfy.”—Bookreporter   Acclaim for Dean Koontz and his Odd Thomas novels   “Odd’s strange gifts, coupled with his intelligence and self-effacing humor, make him one of the most quietly authoritative characters in recent popular fiction.”—Publishers Weekly   “Koontz gives his character wit, good humor, a familiarity with the dark side of humanity—and moral outrage.”—USA Today   “The ultimate Everyman . . . an avatar of hope and honor and courage for all of us—the linchpin of a rollicking good tale . . . Odd evokes the homespun wisdom of Forrest Gump amid the mind-spinning adventures of a Jack Bauer.”—BookPage   “There’s never anything predictable about an Odd Thomas adventure.”—Booklist   “The nice young fry cook with the occult powers is [Koontz’s] most likable creation . . . candid, upright, amusing and sometimes withering.”—The New York Times   “An inventive . . . mix of suspense, whimsy and uplift.”—The Washington Post   “Heartfelt and provocative . . . a wonderfully rich and entertaining story.”—Chicago Sun-Times","Crime & Thriller , Thriller","Koontz, Dean",Bantam Doubleday Dell,2015,432,499 Денари
Borderline : An Annika Bengtzon Thriller,"Description The inspiration for the hit film series, Annika Bengtzon: Crime Reporter, now available on Netflix. In the newest thriller from #1 internationally bestselling author Liza Marklund, dubbed the ""Queen of Scandinavian Crime Fiction,"" Annika Bengtzon tracks an unknown adversary through a web of lies and violence--bringing her face-to-face with a terrifying enemy. Annika Bengtzon is back at Kvallspressen's Stockholm offices after three years as the newspaper's Washington, DC correspondent. One afternoon, a young woman is found dead behind a nursery school in a Stockholm suburb. She is the fourth victim with the same characteristics: a young mother, stabbed from behind. In the editorial offices of Kvallspressen they sense a serial killer, but Annika dismisses it as a wild fantasy. Meanwhile, her husband Thomas is attending an international conference in Nairobi, Kenya. During a reconnaissance trip to the Somali border the entire delegation of seven European envoys is kidnapped. As the murder spree in Stockholm continues, Annika is dragged into a violent hostage situation that shakes both Europe and East Africa. When their unreasonable demands are rejected, the kidnappers begin to execute the hostages, one by one.","Crime & Thriller , Thriller","Marklund, Liza",Atria Books,2015,384,899 Денари
The Grownup,"NEW YORK TIMES BESTSELLER ? Gillian Flynn's Edgar Award-winning homage to the classic ghost story, published for the first time as a standalone. A canny young woman is struggling to survive by perpetrating various levels of mostly harmless fraud. On a rainy April morning, she is reading auras at Spiritual Palms when Susan Burke walks in. A keen observer of human behavior, our unnamed narrator immediately diagnoses beautiful, rich Susan as an unhappy woman eager to give her lovely life a drama injection. However, when the ""psychic"" visits the eerie Victorian home that has been the source of Susan's terror and grief, she realizes she may not have to pretend to believe in ghosts anymore. Miles, Susan's teenage stepson, doesn't help matters with his disturbing manner and grisly imagination. The three are soon locked in a chilling battle to discover where the evil truly lurks and what, if anything, can be done to escape it. ?The Grownup,? which originally appeared as ?What Do You Do?? in George R. R. Martin's Rogues anthology, proves once again that Gillian Flynn is one of the world's most original and skilled voices in fiction.","Crime & Thriller , Thriller","Flynn, Gillian",Crown Publications,2015,64,599 Денари
Perfidia,"Description NATIONAL BESTSELLER AN NPR BEST BOOK OF THE YEAR Los Angeles. December, 1941. America stands at the brink of World War II. War fever and racial hatred grip the city. The hellish murder of a Japanese family summons three men and one woman. LAPD captain William H. Parker is superbly gifted, corrosively ambitious, liquored-up, and consumed by dubious ideology. He is bitterly at odds with Sergeant Dudley Smith--Irish emigre, ex-IRA killer, fledgling war profiteer. Hideo Ashida is a police chemist and the only Japanese on the L.A. cop payroll. Kay Lake is a twenty-one-year-old dilettante looking for adventure. The investigation throws them together and rips them apart. The crime becomes a political storm center that brilliantly illuminates these four driven souls--comrades, rivals, lovers, history's pawns. Here, Ellroy gives us the party at the edge of the abyss and the precipice of America's ascendance. Perfidia is that moment, spellbindingly captured.","Crime & Thriller , Thriller","Ellroy, James",Vintage,2015,720,999 Денари
Kisscut : A Grant County Thriller,"Description Gillian Flynn says, ""Karin Slaughter is simply one of the best thriller writers working today."" Saturday night dates at the skating rink have long been a tradition in the small southern town of Heartsdale, but when a teenage quarrel explodes into a deadly shoot-out, medical examiner Sara Linton and police chief Jeffrey Tolliver find themselves entangled in a terrible tragedy. Then a young girl is abducted, and it becomes clear that the first death is linked to an even more brutal crime, one more shocking than anyone could have imagined. Meanwhile, Detective Lena Adams, recovering from a staggering personal loss, finds herself drawn to a young man who might hold the answers. But unless Lena, Sara, and Jeffrey can uncover the dark truth, someone will die again. Mercilessly suspenseful, utterly moving, this is a searing thriller from one of the world's most talented suspense writers. --Library Journal","Crime & Thriller , Thriller","Slaughter, Karin",Harper Collins,2015,512,599 Денари
Dumb Witness,"A simple accident? Or attempted murder? Everyone blamed the dog. When a wealthy spinster trips on the stairs, it seems only natural to assume it was an accident - a rubber ball left there by her lively terrier. And yet the more Emily Arundell thought about it, the more convinced she became that one of her relatives was trying to kill her. Seeking answers, she writes to the famous detective, Hercule Poirot. Only, by the time her letter arrives, Miss Arundell is dead.","Crime & Thriller , Thriller","Christie, Agatha",Harper Collins,2015,327,599 Денари
The Spider of Sarajevo,"Description From the secret archives of the Comptrollerate-General for Scrutiny and Survey Summer 1914: Europe is on the brink. As Britain's enemies grow stronger, the Comptroller-General must confront the man with whom he has struggled for a generation - a man he knows only as the Spider. In a desperate gamble, he sends four agents out across the continent, on a mission they do not understand... The future of British intelligence - of the British Empire - is in their hands. Not all of them will return. Unique and resourceful, hunted and deceived, they have embarked on a journey that will climax in the town of Sarajevo on the 28th of June 1914.","Crime & Thriller , Thriller","Wilton, Robert",Atlantic Books,2015,416,699 Денари
The Big Bow Mystery,"Regarded as the first full-length locked room mystery, The Big Bow Mystery focuses on a murder that has occurred inside a locked room, with no clear indication as to the weapon used, the perpetrator of the horrendous crime, or a possible escape route. Scotland Yard is stumped. Yet the seemingly unsolvable case has, as Inspector Grodman says, """"one sublimely simple solution"""" that is revealed in a final chapter full of revelations and a shocking denouement. The Big Bow Mystery has been almost continuously in print since 1891 and has been used as the basis for three commercial films.","Crime & Thriller , Thriller","Zangwill, Israel",Lulu.com,2015,106,300 Денари
The Tournament,"Description From global superstar Matthew Reilly comes a gripping historical thriller; a tale of murder, passion and intrigue set in the majestic city of Constantinople. England, 1546. A young Princess Elizabeth is in a dangerous position as her older siblings jostle for the throne. Roger Ascham, Elizabeth's teacher and mentor, is determined to keep her safe. So when he receives an unusual invitation from the Sultan in Constantinople, asking him to take part in the greatest chess tournament the world has ever seen, he resolves to take the princess with him. But death stalks the streets of the glittering Ottoman capital - a cardinal has been found mutilated. Ascham is asked to investigate, but as he and Elizabeth delve deeper, they uncover a secret that marks the young Princess for life. And a darkness that defines the queen she will become.","Crime & Thriller , Thriller","Reilly, Matthew",Orion Publishing Co,2015,432,799 Денари
The Assassins,"Description Recently retired from US military intelligence, Judd Ryder is walking home one evening when he sees a man wearing his clothes step out of his house. Moments later, the man is killed in a hit-and-run. Was the stranger the intended victim, or was it Judd himself? Searching the man, Judd finds a phone with only one number dialled - to CIA trainee Eva Blake, Judd's former girlfriend. What Judd and Eva don't know is that they've unwittingly been trapped in a battle to the death against six professional assassins, and only one will be left standing....","Crime & Thriller , Thriller","Lynds, Gayle",Atlantic Books,2015,416,599 Денари
The Assassins,"Description Recently retired from US military intelligence, Judd Ryder is walking home one evening when he sees a man wearing his clothes step out of his house. Moments later, the man is killed in a hit-and-run. Was the stranger the intended victim, or was it Judd himself? Searching the man, Judd finds a phone with only one number dialled - to CIA trainee Eva Blake, Judd's former girlfriend. What Judd and Eva don't know is that they've unwittingly been trapped in a battle to the death against six professional assassins, and only one will be left standing....","Crime & Thriller , Thriller","Lynds, Gayle",Atlantic Books,2015,416,599 Денари
Cop Town : A Novel,"Description INTERNATIONAL BESTSELLER Karin Slaughter, author of the bestselling Will Trent novels, is widely acclaimed as “one of the best crime novelists in America” (The Washington Post). Now she delivers her first stand-alone novel: an epic story of a city in the midst of seismic upheaval, a serial killer targeting cops, and a divided police force tasked with bringing a madman to justice.   Atlanta, 1974: As a brutal murder and a furious manhunt rock the city’s police department, Kate Murphy wonders if her first day on the job will also be her last. She’s determined to defy her privileged background by making her own way—wearing a badge and carrying a gun. But for a beautiful young woman, life will be anything but easy in the macho world of the Atlanta PD, where even the female cops have little mercy for rookies. It’s also the worst day possible to start given that a beloved cop has been gunned down, his brothers in blue are out for blood, and the city is on the edge of war.   Kate isn’t the only woman on the force who’s feeling the heat. Maggie Lawson followed her uncle and brother into the ranks to prove her worth in their cynical eyes. When she and Kate, her new partner, are pushed out of the citywide search for a cop killer, their fury, pain, and pride finally reach the boiling point. With a killer poised to strike again, they will pursue their own line of investigation, risking everything as they venture into the city’s darkest heart.   Relentlessly paced, acutely observed, wickedly funny, and often heartbreaking, Cop Town is Karin Slaughter’s most powerful novel yet—a tour de force of storytelling from our foremost master of character, atmosphere, and suspense. Features a preview of Karin Slaughter’s next novel, Pretty Girls   “Karin Slaughter is simply one of the best thriller writers working today, and Cop Town shows the author at the top of her game—relentless pacing, complex characters, and gritty realism, all set against the backdrop of a city on the edge. Slaughter’s eye for detail and truth is unmatched. . . . I’d follow her anywhere.”—Gillian Flynn   “Cop Town proves Karin Slaughter is one of America’s best writers. . . . She pulls her readers into a twisted tale of mystery and keeps them fascinated from start to finish.”—The Huffington Post “Stunning . . . Karin Slaughter breaks new ground with this riveting story. If you haven’t yet read her, this is the moment.”—Michael Connelly   “Compulsively readable . . . will have your heart racing.”—O: The Oprah Magazine   “Intense . . . engrossing . . . evocative . . . [Karin Slaughter’s] first stand-alone novel [has] a gritty, action-packed plot and strong, believable characters.”—Associated Press   “Slaughter graphically exposes the rampant racism, homophobia, and misogyny of cop culture in the 1970s. . . . Winning leads, the retro setting, and a riveting plot make this one of Slaughter’s best.”—Booklist (starred review)   “Superb . . . explosive . . . [Cop Town] is sure to win over readers new to Slaughter’s work while reminding old fans of her enormous talent.”—Library Journal (starred review)   “Evocative writing . . . amazing characters . . . with edge-of-your-seat suspense and a riveting plot . . . Slaughter’s first stand-alone book is a knockout.”—RT Book Reviews","Crime & Thriller , Thriller","Slaughter, Karin",Random House Lcc Us,2015,464,499 Денари
The Girl Who Kicked the Hornets' Nest : The third unputdownable novel in the Dragon Tattoo series - 100 million copies sold worldwide,"Description *********************** Lisbeth Salander returns to take her revenge in the most explosive novel of the series - 100 million copies of the Girl With the Dragon Tattoo series sold worldwide ""Complex, satisfying, clever, moral . . . a grown-up novel for grown-up readers . . . Rightly a publishing phenomenon all over the world"" Kate Mosse Salander is plotting her revenge - against the man who tried to kill her, and against the government institutions that very nearly destroyed her life. But it is not going to be a straightforward campaign. After taking a bullet to the head, Salander is under close supervision in Intensive Care, and is set to face trial for three murders and one attempted murder on her eventual release. With the help of journalist Mikael Blomkvist and his researchers at Millennium magazine, Salander must not only prove her innocence, but identify and denounce the corrupt politicians that have allowed the vulnerable to become victims of abuse and violence. Once a victim herself, Salander is now ready to fight back. Stieg Larsson's phenomenal trilogy is continued in The Girl in the Spider's Web and The Girl Who Takes an Eye for an Eye by David Lagercrantz. Stieg Larsson's groundbreaking trilogy is continued in The Girl in the Spider's Web, The Girl Who Takes an Eye for an Eye and The Girl Who Lived Twice by David Lagercrantz","Crime & Thriller , Thriller","Larsson, Stieg",Quercus Publishing,2015,720,699 Денари
Influx,"Description New York Times bestselling author Daniel Suarez imagines a chilling future where technological advances are held hostage by the government in this thriller that perfectly blends ""nail-biting suspense with accessible science"" (Publishers Weekly). Physicist Jon Grady and his team have discovered a device that can reflect gravity--a triumph that will revolutionize the field of physics and change the future. But instead of acclaim, Grady's lab is locked down by a covert organization known as the Bureau of Technology Control. The bureau's mission: suppress the truth of sudden technological progress and prevent the social upheaval it would trigger. Because the future is already here. And it's rewards are only for a select few. When Grady refuses to join the BTC, he's thrown into a nightmarish high-tech prison housing other doomed rebel intellects. Now, as the only hope to usher humanity out of its artificial dark age, Grady and his fellow prisoners must try to expose the secrets of an unimaginable enemy--one that wields a technological advantage half a century in the making.","Crime & Thriller , Thriller","Suarez, Daniel",Dutton Books,2015,528,599 Денари
24 - Rogue,"The time is 8:00 P.M.Jack Bauer is a man without a country, a fugitive hunted by the most powerful nations in the world. He lives on the run, survives by his wits, and finds purpose in his exile by waging a one-man war against those who profit from the deaths and sufferings of others.On a self-imposed crusade to destroy the criminal empire of international arms dealer Karl Rask, Jack has infiltrated the crew of one of Rask's freighters. But his mission is disrupted when the ship is hijacked by a band of suspiciously well-informed pirates off the coast of Somalia.As Jack fights to free the ship, he discovers a deadly secret hidden in its hold: a prize the pirates were hired to steal and that could be used to ignite a world war-unless Jack captures it first.An all-new Jack Bauer adventure by New York Times bestselling author David Mack","Crime & Thriller , Thriller","Mack, David",Titan Books Ltd,2015,352,599 Денари
To the Top of the Mountain : An Intercrime Novel,"Description Don't miss this latest installment in Arne Dahl's acclaimed thriller series, winner of the German Crime Writing Prize. Stockholm's Intercrime team--a specialized group created to investigate violent, international crime--has been split up, their leader forced into early retirement, and his officers reassigned to mundane cases. Detectives Arto Soderstedt and Viggo Norlander answer calls around the city, Gunnar Nyberg is on the child abuse team, Jorge Chavez is immersed in dull research tasks, Paul Hjelm and Kerstin Holm are assigned to the meaningless murder of a young soccer supporter in a pub. But a series of precisely targeted bomb attacks--in a high-security prison, a car involved in a drug deal, and a dark suburban street--brings the Intercrime team back together, urgently. There is something dangerous approaching Sweden, and they are the only people who can do anything to stop it.","Crime & Thriller , Thriller","Dahl, Arne",Vintage Crime/Black Lizard,2015,400,899 Денари
Kolymsky Heights,"Description A sensational classic: this chilling tale of Siberian espionage is 'the best thriller I've ever read' (Philip Pullman) ranking with 'The Silence of the Lambs, Casino Royale and Smiley's People' (Spectator). 'Hugely thrilling, brilliantly written, perfect ... I didn't want this book to end.' (Anthony Horowitz) WITH AN INTRODUCTION BY PHILIP PULLMAN Kolymsky Heights. A Siberian hell lost in endless night: the perfect setting for an underground Russian research station. It's a place so secret it doesn't officially exist; once there, the scientists are forbidden to leave. But one scientist is desperate to get a message to the outside world. So desperate, he sends a plea across the wildness to the West in order to summon the one man alive capable of achieving the impossible ... 'Sensationally good ... One of the great thrillers of the last century.' (Charles Cumming) 'As significant as ... le Carre in bringing a gritty new realism to the thriller.' (Sunday Telegraph) 'A breathless story of fear and courage.' (Daily Telegraph)","Crime & Thriller , Thriller","Davidson, Lionel",Faber & Faber,2015,496,799 Денари
Indelible : A Grant County Thriller,"Description Gillian Flynn says, ""Karin Slaughter is simply one of the best thriller writers working today."" Two armed men enter the police station in tiny Heartsdale, Georgia, and open fire. When the shooting stops, an officer is dead, Police Chief Jeffrey Tolliver is seriously wounded, and the survivors--including a class of grade-school children and medical examiner Sara Linton--are held hostage. In a tense standoff that could erupt at any moment into more bloodletting--with her ex-husband on the threshold of death--Sara must search for answers and an escape in the memories of a time at the start of their relationship when another brutal, shocking crime shattered their small-town world. Because the sins of the past have caught up with Sara and Jeffrey ... with a vengeance. --Tess Gerritsen","Crime & Thriller , Thriller","Slaughter, Karin",William Morrow & Company,2015,512,599 Денари
Theodore Boone Box Set,"Description The perfect gift for middle graders or their teachers--starring #1 New York Times bestseller John Grisham's Theo Boone! Four pulse-pounding Theodore Boone mysteries in one amazing gift set! In the small city of Strattenburg, there are many lawyers, and though he's only thirteen years old, Theo Boone thinks he's one of them. Theo knows every judge, policeman, court clerk--and a lot about the law. And he won't stop until justice is served! ""John Grisham is about as good a storyteller as we've got.""--The New York Times Book Review ""Grisham is an absolute master!""--The Washington Post","Crime & Thriller , Thriller","Grisham, John",Puffin Books,2015,1152,1.799 Денари
The Infernal Device (A Professor Moriarty Novel),"When American journalist Benjamin Barrett is sent to Constantinople to report on the sea trials of a new submarine, the assignment soon becomes more eventful than he had predicted, particularly after rescuing a certain professor from an attack...","Crime & Thriller , Thriller","Kurland, Michael",Titan Books Ltd,2014,320,599 Денари
The Great Game : A Professor Moriarty Novel,"Benjamin Barnett and his wife, the former Cecily Perrine are travelling in Europe when they realize that they have become objects of scrutiny from persons unknown. Using his contacts, friends, and the not-so-desired help of his often nemesis Sherlock Holmes, Moriarty must save his friends and outwit his most cunning opponent while the fate of history hangs in the balance.","Crime & Thriller , Thriller","Kurland, Michael",Titan Books Ltd,2014,320,599 Денари
24 - Deadline,"THE TIME IS 5:00 P.M. One hour ago, federal agent Jack Bauer was declared a fugitive. If he wants to survive, he must get out of the country, and he doesn't have much time. With his former colleagues in the Counter Terrorist Unit now dead, under arrest, or shut down, Jack has no resources to call upon, no backup, and nowhere to go - only his determination can drive him on. One thing remains clear to him: the promise he made to his daughter, Kim. Jack vows that he will see Kim one last time to tell her he loves her ...before he drops off the radar forever. Meanwhile, a hastily assembled FBI task force sets out to track down and capture Jack, even as a covert operations unit of Russia's SVR sets out to do the same - only the remit of the Russians is to ""kill on sight."" As the clock runs down, Jack must face old friends and past enemies in a desperate race to stay one step ahead of the hunters, leaving them with a grim warning - Stay out of my way, and I'll be gone within twenty-four hours. You'll never see me again. Come after me ...and you'll regret it.","Crime & Thriller , Thriller","Swallow, James",Titan Books Ltd,2014,352,599 Денари
Cockroaches,"Description In this #1 New York Times bestseller, Inspector Harry Hole heads to Thailand to investigate the murder of an ambassador. When the Norwegian ambassador to Thailand is found dead in a Bangkok brothel, Inspector Harry Hole is dispatched from Oslo to help hush up the case. But once he arrives Harry discovers that this case is about much more than one random murder. There is something else, something more pervasive, scrabbling around behind the scenes. Or, put another way, for every cockroach you see in your hotel room, there are hundreds behind the walls. Surrounded by round-the-clock traffic noise, Harry wanders the streets of Bangkok lined with go-go bars, temples, opium dens, and tourist traps, trying to piece together the story of the ambassador's death even though no one asked him to, and no one wants him to--not even Harry himself.","Crime & Thriller , Thriller","Nesbo, Jo",Vintage Crime/Black Lizard,2014,367,999 Денари
Breaking Point,"Wyoming game warden Joe Pickett's hunt for a fugitive reveals a conspiracy in this taut thriller in the #1 New York Times bestselling series. Joe Pickett always liked Butch Roberson--a hardworking local business-owner whose daughter is friends with his own. Little does he know that when Butch says he is heading into the mountains to scout elk, he is actually going on the run. Two EPA employees have been murdered, and all signs point to Butch as the killer. Soon, Joe hears of the land Butch and his wife had bought to retire on--until they are told the EPA declared it a wetland--and the penalties they charged Butch until the family was torn apart by debt. Finally, it seems, the man just cracked. It's an awful story. But is it the whole story? The more Joe investigates, the more he begins to wonder--and the more he finds himself in the middle of a war in which he must choose sides.","Crime & Thriller , Thriller","Box, C. J.",Penguin Putnam Inc,2014,464,899 Денари
The Redeemer,"Description Inspector Harry Hole pursues an assassin bent on revenge in this installment of Jo Nesbo's New York Times bestselling series. Shots ring out at a Salvation Army Christmas concert in Oslo, leaving one of the singers dead in the street. The trail will lead Harry Hole, Oslo's best investigator and worst civil servant, deep into the darkest corners of the city and, eventually, to Croatia. An assassin forged in the war-torn region has been brought to Oslo to settle an old debt. As the police circle in, the killer becomes increasingly desperate and the danger mounts for Harry and his colleagues.","Crime & Thriller , Thriller","Nesbo, Jo",Vintage Crime/Black Lizard,2014,500,999 Денари
Bad Blood,"Description When police find a Swedish literary critic tortured to death in a janitor's closet at Newark International Airport, they realize that the murderer has made off with the victim's ticket and boarded a flight to Stockholm, where he apparently slipped through customs. With no clear motive in sight, Detectives Paul Hjelm and Kerstin Holm of Intercrime' s A-Unit take over the investigation. They learn that the method of torture used was not only a highly specialized means of extracting information--secretly developed during the Vietnam War--but also that it was the modus operandi of an allegedly deceased homicidal maniac known only as ""the Kentucky Killer."" As additional victims turn up on Stockholm's outskirts, the team finds itself coming up empty-handed. Hjelm and Holm fly to New York, hoping to discover both the killer's identity and the source of his interest in Sweden. What they quickly learn is that bad blood always comes back around.","Crime & Thriller , Thriller","Dahl, Arne",Vintage Crime/Black Lizard,2014,341,899 Денари
An Event in Autumn,"Description After nearly thirty years in the same job, Inspector Kurt Wallander is tired, restless, and itching to make a change. He is taken with a certain old farmhouse, perfectly situated in a quiet countryside with a charming, overgrown garden. There he finds the skeletal hand of a corpse in a shallow grave. Wallander's investigation takes him deep into the history of the house and the land, until finally the shocking truth about a long-buried secret is brought to light. INCLUDES AN AFTERWORD BY THE AUTHOR","Crime & Thriller , Thriller","Mankell, Henning",Vintage Crime/Black Lizard,2014,169,899 Денари
Raining Fire,"Description The gun is the coward's fist. The gun is power. Alex and Ethan are growing up on an estate where there are just two choices: sport or crime. Ethan is selected for a football training programme in the US, his chance to escape the gangs that terrorise his neighbourhood. But Alex is drawn into an explosive feud with a gun at its heart. In this gripping and absorbing real life thriller, Alan Gibbons explores the complex issue of gun crime, and the far reaching consequences it can have.","Crime & Thriller , Thriller","Gibbons, Alan",Hachette Children's Group,2014,304,599 Денари
Hold Tight,"Description How far will you go to protect your child? A superb SUNDAY TIMES No.1 bestseller from the author of SIX YEARS. Tia and Mike Baye never imagined they'd become the type of overprotective parents who spy on their kids. But their 16-year-old son Adam has been unusually distant lately, and after the suicide of his classmate Spencer, they can't help but worry. They install a sophisticated spy program on Adam's computer, and within days they are jolted by a message from an unknown correspondent addressed to their son: 'Just stay quiet and all safe.' Meanwhile, browsing through an online memorial for Spencer, Betsy Hill is struck by a photo that appears to have been taken on the night of her son's death and he wasn't alone. She thinks it is Adam Baye standing just outside the camera's range, but when Adam goes missing, it soon becomes clear that something deep and sinister has infected their community...","Crime & Thriller , Thriller","Coben, Harlan",Orion Publishing Co,2014,448,699 Денари
The Templar Prophecy,"Description June 1190. A Knight Templar, Johannes von Hartelius, rescues the Holy Lance from his drowning King during the Third Crusade. April 1945. In one of his last acts in the bunker, Hitler seals secret documents inside a vacuum canister and attaches it to a case containing the Holy Lance. Both are sent away, guarded by a descendant of Johannes von Hartelius. Present Day. British photojournalist John Hart finds his father crucified. The mark of a spear is in his side. Now, Hart learns the incredible story of his family's destiny - to be the Guardians of the Lance. When Hart discovers a link from his father's death to a German occult right-wing organization called the Brotherhood of the Lance, he chooses to infiltrate the organization to find his father's murderer - but the secret of the Lance is more terrifying than Hart could ever have imagined...","Crime & Thriller , Thriller","Reading, Mario",Atlantic Books,2014,400,599 Денари
To Play the King,"Description The #1 International Bestseller from the Executive Producer of the hit Netflix series House of Cards. Francis Urquhart is back and the newly elected Prime Minister continues his climb to power. This time he will take on the King himself, threatening to expose Royal secrets. This game is winner-takes-all, but who will walk away the victor? The role of the monarchy in modern Britain comes under scrutiny as Prime Minister Francis Urquhart threatens to expose Royal secrets when his plans are blocked by the idealistic new King. Their differences of opinion quickly degenerate into open hostility. The battlefield ranges from architecture to the underprivileged; the battle is fought with rigged opinion polls, manipulated newspaper headlines, sexual scandal and economic brinkmanship as Urquhart sets out to destroy not only the King's family and friends but even the King himself. Continuing the dark tale of greed, corruption, and unquenchable ambition, To Play the King reveals that no matter the country, politics, intrigue and passion reign in the corridors of power. An explosive political thriller, fans of Vince Flynn, David Baldacci and Robert Ludlum will enjoy this second tale of Urquhart's intrigues and schemes. As a former advisor to Margaret Thatcher, Conservative Party Chief of Staff, and now peer of the realm and Conservative member of the House of Lords, Baron Dobbs provides an insider look at the twists and turns of British politics. Other books in the House of Cards series: House of Cards, Book 1 - The dark, twisting schemes of a politician determined to succeed To Play The King, Book 2 - Newly elected Prime Minister plots to take on the Monarchy to grab even more power The Final Cut, Book 3 - The perfect finale to this twisted trilogy, Urquhart refuses to close his career quietly What readers are saying about House of Cards: ""Engrossing, brilliantly written, fast moving political drama."" ""Superb trilogy of political ruthlessness"" ""great read and an uncanny look at British politics from an ex politician. Buy it and get hooked."" ""Engaging and fun to read with all the drama expected from Dobbs."" ""Full of intrigue and manipulation. The Machiavellian Prime Minister pitted against the Monarchy in a bitter fight to the death."" ""an explosive end and full of intrigue, both political and personal."" ""a masterful performance"" ""If you are a fan of the modern TV series than you should definitely pick up these books."" What reviewers are saying about House of Cards: 'Michael Dobbs has an uncanny knack of forecasting the future. A fascinating read and a conclusion that would send a chill through Buckingham Palace.' - Sunday Express 'With a friend like Michael Dobbs, who needs enemies? A good romp, and gloriously cheeky. Dobbs' books grab because of their authenticity - the man knows his stuff.' - The Times 'Rattles along from scandal to scandal...excellent entertainment.' - Mail on Sunday What everyone is saying about the House of Cards books: ""This blood and thunder tale, lifelike and thoroughly cynical, certainly carries the ring of authenticity....a great triumph."" -The Independent .."".a political thriller writer with a marvellous inside track knowledge of government."" - Daily Express ""If you are a fan of the modern TV series than you should definitely pick up these books."" ""Michael Dobbs has an uncanny knack of forecasting the future. A fascinating read and a conclusion that would send a chill through Buckingham Palace."" - Sunday Express","Crime & Thriller , Thriller","Dobbs, Michael","Sourcebooks, Incorporated",2014,356,1.599 Денари
The Final Cut,"Description The final book in the Internationally Bestselling trilogy that inspired the hit Netflix series House of Cards. Months from taking his place as the longest-serving Prime Minister this century, Francis Urquhart's country is tiring of him. But he's not about to be driven from office. If the public demands new blood, that is precisely what he will give them... This is a different Francis Urquhart - more vulnerable, more loving, and more ruthless than ever. He will risk everything, but one thing is certain: whatever the outcome of this, his greatest gamble, the name of Francis Urquhart will never be forgotten. Finishing the dark tale of greed, corruption, and unquenchable ambition, The Final Cut reveals that no matter the country, politics, intrigue and passion reign in the corridors of power. An explosive political thriller, fans of Vince Flynn, David Baldacci and Robert Ludlum will enjoy this stunning conclusion to Dobb's trilogy. As a former advisor to Margaret Thatcher, Conservative Party Chief of Staff, and now peer of the realm and Conservative member of the House of Lords, Baron Michael Dobbs provides an insider look at the twists and turns of British politics. Other books in the House of Cards series: House of Cards, Book 1 - The dark, twisting schemes of a politician determined to succeed To Play The King, Book 2 - Newly elected Prime Minister plots to take on the Monarchy to grab even more power The Final Cut, Book 3 - The perfect finale to this twisted trilogy, Urquhart refuses to close his career quietly What readers are saying about House of Cards: ""If you enjoy political intrigue, murder, and a truly loathsome character you will greatly enjoy this final installment by Dobbs."" ""Great book highly recommend if you are currently viewing House of Cards."" ""Francis Urquhart is on a par with RIchard III as a baddie of literature. And yet Dobbs has us cheering from him at every turn."" ""Dobbs ties off the House of Cards series with a bang and pens, perhaps, his best novel of the trilogy."" ""Francis Urquhart at his finest, the ultimate chess game against the world."" ""the sharpest, smartest, and most intelligent writing I have read."" ""A superb ending to the series!"" What reviewers are saying about House of Cards: ""A triumphant return...the best book of the three. The action is unflagging, the characterization razor-sharp, the satirical barbs at politics and politicians unfailingly accurate. What a brilliant creation F.U. is."" -Sunday Telegraph ""Razor-sharp and merciless...One thing is certain: F.U. will be remembered for much longer than many a real Prime Minister."" - Daily Mail ""Thoroughly entertaining. Urquhart is a joy, and the wonderful games he plays have lost none of their attraction."" - The Times What everyone is saying about the House of Cards books: ""This blood and thunder tale, lifelike and thoroughly cynical, certainly carries the ring of authenticity....a great triumph."" - The Independent .."".a political thriller writer with a marvellous inside track knowledge of government."" - Daily Express ""If you are a fan of the modern TV series than you should definitely pick up these books."" ""Michael Dobbs has an uncanny knack of forecasting the future. A fascinating read and a conclusion that would send a chill through Buckingham Palace."" - Sunday Express","Crime & Thriller , Thriller","Dobbs, Michael","Sourcebooks, Incorporated",2014,454,1.599 Денари
After the Funeral,"Hercule Poirot is called on to investigate the murder of a brother and sister, in this classic Agatha Christie mystery now available in an updated edition with a foreword Sophie Hannah. ?He was murdered, wasn't he?? When Cora Lansquenet is savagely murdered, the extraordinary remark she had made the previous day at her brother Richard's funeral suddenly takes on a chilling significance. At the reading of Richard's will, Cora was clearly heard to say, ?It's been hushed up very nicely, hasn't it. But he was murdered, wasn't he?? Did Cora's accusation a dark truth that sealed her own fate? Or are the siblings' deaths just tragic coincidences? Desperate to know the truth, the Lansquenet's solicitor turns to Hercule Poirot to unravel the mystery. For even after the funeral, death isn't finished yet . .","Crime & Thriller , Thriller","Christie, Agatha",Harper Collins,2014,303,599 Денари
Cat Among the Pigeons,"CLASSIC CRIME. A new paperback slipcase featuring six of Hercule Poirot's very best cases. 'My name is Hercule Poirot and I am probably the greatest detective in the world.' This new boxed set of paperbacks collects six of Hercule Poirot's most famous and best-loved cases, perfect for readers who who would like to be introduced - or introduce their friends - to some of the twentieth century's most iconic murder books. This boxed set contains six quintessential Poirot classics: Death on the Nile, Evil Under the Sun, Appointment with Death, Murder in Mesapotamia, The Hollow, and Cat Among the Pigeons.","Crime & Thriller , Thriller","Christie, Agatha",Harper Collins,2014,308,599 Денари
Mrs McGinty's Dead,"The old children's game now seemed rather tasteless. The real Mrs McGinty was killed by a crushing blow to the back of the head and her pitifully small savings were stolen.Suspicion falls immediately on her lodger, hard up and out of a job. Hercule Poirot has other ideas - unaware that his own life is now in great danger...","Crime & Thriller , Thriller","Christie, Agatha",Harper Collins,2014,276,599 Денари
Evil Under the Sun,"It was not unusual to find the beautiful bronzed body of the sun-loving Arlena Stuart stretched out on a beach, face down. Only, on this occasion, there was no sun...she had been strangled. Ever since Arlena's arrival at the resort, Hercule Poirot had detected sexual tension in the seaside air. But could this apparent 'crime of passion' have been something more evil and premeditated altogether? Belgian detective Hercule Poirot interrupts his vacation on Smugglers' Island to help the local police invetigate the murder of an attractive woman.","Crime & Thriller , Thriller","Christie, Agatha",Harper Collins,2014,274,599 Денари
Dead Man's Folly,"A charity murder game at a Devon house turns into the real thing. Sir George and Lady Stubbs, the hosts of a village fete, hit upon the novel idea of staging a mock murder mystery. In good faith, Ariadne Oliver, the well known crime writer, agrees to organise their murder hunt. Despite weeks of meticulous planning, at the last minute Ariadne calls her friend Hercule Poirot for his expert assistance. Instinctively, she senses that something sinister is about to happen. Beware nobody is quite what they seem!","Crime & Thriller , Thriller","Christie, Agatha",Harper Collins,2014,238,599 Денари
Fourth of July Creek,"Description In this shattering and iconic American novel, PEN prize-winning writer, Smith Henderson explores the complexities of freedom, community, grace, suspicion and anarchy, brilliantly depicting our nation's disquieting and violent contradictions. After trying to help Benjamin Pearl, an undernourished, nearly feral eleven-year-old boy living in the Montana wilderness, social worker Pete Snow comes face to face with the boy's profoundly disturbed father, Jeremiah. With courage and caution, Pete slowly earns a measure of trust from this paranoid survivalist itching for a final conflict that will signal the coming End Times. But as Pete's own family spins out of control, Pearl's activities spark the full-blown interest of the F.B.I., putting Pete at the center of a massive manhunt from which no one will emerge unscathed. --The Oregonian (Portland)","Crime & Thriller , Thriller","Henderson, Smith",Ecco Press,2014,470,1.599 Денари
If You Were Here,"Description If You Were Here is a thrilling novel of suspense from Alafair Burke, the author Dennis Lehane calls ""one of the finest young crime writers working today."" Manhattan journalist McKenna Jordan is chasing the story of an unidentified woman who heroically pulled a teenaged boy from the subway tracks. When she locates a video that captures part of the incident, she thinks she has an edge on the competition scrambling to identify the mystery heroine, but is shocked to discover that the woman in the video bears a strong resemblance to Susan Hauptmann, a close friend who disappeared without a trace a decade earlier. What would have been a short-lived metro story sends McKenna on a dangerous search for the missing woman--a search that will force her to unearth long-buried truths much closer to home... --Sacramento Bee","Crime & Thriller , Thriller","Burke, Alafair",Harper Paperbacks,2014,388,999 Денари
Gone Girl,"Description #1 NEW YORK TIMES BESTSELLER - The ""mercilessly entertaining"" (Vanity Fair) instant classic ""about the nature of identity and the terrible secrets that can survive and thrive in even the most intimate relationships"" (Lev Grossman, Time). NAMED ONE OF THE MOST INFLUENTIAL BOOKS OF THE DECADE BY CNN - NAMED ONE OF TIME'S TEN BEST FICTION BOOKS OF THE DECADE AND ONE OF ENTERTAINMENT WEEKLY'S BEST BOOKS OF THE DECADE NAMED ONE OF THE TEN BEST BOOKS OF THE YEAR BY Janet Maslin, The New York Times - People - Entertainment Weekly - O: The Oprah Magazine - Slate - Kansas City Star - USA Today - Christian Science Monitor On a warm summer morning in North Carthage, Missouri, it is Nick and Amy Dunne's fifth wedding anniversary. Presents are being wrapped and reservations are being made when Nick's clever and beautiful wife disappears. Husband-of-the-Year Nick isn't doing himself any favors with cringe-worthy daydreams about the slope and shape of his wife's head, but passages from Amy's diary reveal the alpha-girl perfectionist could have put anyone dangerously on edge. Under mounting pressure from the police and the media--as well as Amy's fiercely doting parents--the town golden boy parades an endless series of lies, deceits, and inappropriate behavior. Nick is oddly evasive, and he's definitely bitter--but is he really a killer? NAMED ONE OF THE BEST BOOKS OF THE YEAR BY San Francisco Chronicle - St. Louis Post Dispatch - Chicago Tribune - HuffPost - Newsday ""Absorbing . . . In masterly fashion, Flynn depicts the unraveling of a marriage--and of a recession-hit Midwest--by interweaving the wife's diary entries with the husband's first-person account.""--New Yorker ""Ms. Flynn writes dark suspense novels that anatomize violence without splashing barrels of blood around the pages . . . Ms. Flynn has much more up her sleeve than a simple missing-person case. As Nick and Amy alternately tell their stories, marriage has never looked so menacing, narrators so unreliable.""--The Wall Street Journal ""The story unfolds in precise and riveting prose . . . even while you know you're being manipulated, searching for the missing pieces is half the thrill of this wickedly absorbing tale.""--O: The Oprah Magazine","Crime & Thriller , Thriller","Flynn, Gillian",Broadway Books,2014,422,999 Денари
Cross My Heart,"Description The stakes are higher than ever for Alex Cross as he faces his most personal enemy yet: a criminal who threatens his family. Detective Alex Cross is a family man at heart: nothing matters more to him than his children, his grandmother, and his wife Bree. His love of his family is his anchor, and gives him the strength to confront evil in his work. One man knows this deeply, and uses Alex's strength as a weapon against him in the most unsettling and unexpected novel of James Patterson's career. When the ones Cross loves are in danger, he will do anything to protect them. But if he does anything to protect them, they will die. Cross My Heart is the most powerful Alex Cross novel ever, propelled by the ever-ingenious mind of James Patterson, the world's #1 bestselling writer.","Crime & Thriller , Thriller","Patterson, James","Little, Brown & Company",2014,419,1.099 Денари
Louise Penny Set : The First Three Chief Inspector Gamache Novels,"Description This boxed set of the first three books--Still Life, A Fatal Grace, and The Cruelest Month--introduces not only the engaging series hero Inspector Gamache, who commands his forces--and this series--with integrity and quiet courage, but also the spectacular Louise Penny. Chief Inspector Armand Gamache of the Surete du Quebec digs beneath the idyllic surface of village life in Three Pines, finding long buried secrets--and facing a few enemies of his own. A #1 New York Times bestseller and multiple award winner, Louise Penny ""writes with grace and intelligence"" (New York Times Book Review) and ""with her smart plot and fascinating, nuanced characters...proves that she is one of our finest writers (People). Still Life Chief Inspector Armand Gamache and his team of investigators are called in to the scene of a suspicious death in a rural village south of Montreal. Jane Neal, a local fixture in the tiny hamlet of Three Pines, just north of the U.S. border, has been found dead in the woods. The locals are certain it's a tragic hunting accident and nothing more, but Gamache smells something foul in these remote woods, and is soon certain that Jane Neal died at the hands of someone much more sinister than a careless bowhunter. Fatal Grace No one liked CC de Poitiers. Not her quiet husband, not her spineless lover, not her pathetic daughter--and certainly none of the residents of Three Pines. CC de Poitiers managed to alienate everyone, right up until the moment of her death. When Chief Inspector Armand Gamache, of the Surete du Quebec, is called to investigate, he quickly realizes he's dealing with someone quite extraordinary. CC de Poitiers was electrocuted in the middle of a frozen lake, in front of the entire village, as she watched the annual curling tournament. And yet no one saw anything. Who could have been insane enough to try such a macabre method of murder--or brilliant enough to succeed? The Cruelest Month It's spring in the tiny, forgotten village; buds are on the trees and the first flowers are struggling through the newly thawed earth. But not everything is meant to return to life. . . When some villagers decide to celebrate Easter with a seance at the Old Hadley House, they are hoping to rid the town of its evil--until one of their party dies of fright. Was this a natural death, or was the victim somehow helped along? Brilliant, compassionate Chief Inspector Armand Gamache of the Surete du Quebec is called to investigate Louise Penny Boxed Set (1-3): Book one: Still Life Book two: A Fatal Grace Book three: The Cruelest Month","Crime & Thriller , Thriller","Penny, Louise",Minotaur Books,2014,960,2.699 Денари
Gone Girl,"THE ADDICTIVE No.1 BESTSELLER AND INTERNATIONAL PHENOMENON OVER 20 MILLION COPIES SOLD WORLDWIDE Who are you? What have we done to each other? These are the questions Nick Dunne finds himself asking on the morning of his fifth wedding anniversary, when his","Crime & Thriller , Thriller","Flynn, Gillian",Orion Books,2014,,799 Денари
The Cuckoo's Calling - Strike,"***The 7th novel in the Strike series, THE RUNNING GRAVE, is coming in September 2023. Pre-order now and be the first to read it*** 'The Cuckoo's Calling reminds me why I fell in love with crime fiction in the first place' VAL MCDERMID ----- Now a major BB","Crime & Thriller , Thriller","Galbraith, Robert","Little, Brown",2014,,799 Денари
Confessions,"Description Her pupils murdered her daughter. Now she will have her revenge. After calling off her engagement in the wake of a tragic revelation, Yuko Moriguchi had nothing to live for except her only child, four-year-old child, Manami. Now, following an accident on the grounds of the middle school where she teaches, Yuko has given up and tendered her resignation. But first she has one last lecture to deliver. She tells a story that upends everything her students ever thought they knew about two of their peers, and sets in motion a diabolical plot for revenge. Narrated in alternating voices, with twists you'll never see coming, Confessions probes the limits of punishment, despair, and tragic love, culminating in a harrowing confrontation between teacher and student that will place the occupants of an entire school in danger. You'll never look at a classroom the same way again.","Crime & Thriller , Thriller","Minato, Kanae","Little, Brown & Company",2014,234,999 Денари
Leaving Everything Most Loved : A Maisie Dobbs Novel,"Description From New York Times bestselling author Jacqueline Winspear, now available in paperback--the tenth novel in the New York Times bestselling Maisie Dobbs series--""a series that seems to get better with each entry"" (Wall Street Journal)--in which the death of an Indian immigrant leads Maisie in an unexpected direction. In Leaving Everything Most Loved by New York Times bestselling author Jacqueline Winspear, Maisie Dobbs investigates the murder of Indian immigrants in London. The year is 1933. Maisie Dobbs is contacted by an Indian gentleman who has come to England in the hopes of finding out who killed his sister two months ago. Scotland Yard failed to make any arrest in the case, and there is reason to believe they failed to conduct a thorough investigation. The case becomes even more challenging when another Indian woman is murdered just hours before a scheduled interview. Meanwhile, unfinished business from a previous case becomes a distraction, as does a new development in Maisie's personal life. Bringing a crucial chapter in the life and times of Maisie Dobbs to a close, Leaving Everything Most Loved marks a pivotal moment in this outstanding mystery series. --Booklist","Crime & Thriller , Thriller","Winspear, Jacqueline",Harper Perennial,2014,338,999 Денари
Shall We Tell the President?,"Shall We Tell the President is an enthralling, fast-paced thriller from the bestselling author of Kane and Abel, Jeffrey Archer. 6 days, 13 hours and 37 minutes to go . . . At the end of The Prodigal Daughter, Florentyna Kane is elected President - the first woman President of the United States. At 7.30 one evening the FBI learn of a plot to kill her - the 1572nd such threat of the year. At 8.30 five people know all the details. By 9.30 four of them are dead. FBI agent Mark Andrews alone knows when. He also knows that a senator is involved. He has six days to learn where - and how. Six days to prevent certain death of the President.","Crime & Thriller , Thriller","Archer, Jeffrey",Pan Macmillan,2013,352,699 Денари
Lifetime,"Description When a man is murdered and his son abducted, it looks like his wife is guilty...but Annika Bengtzon sets off for the truth in this thriller by the #1 internationally bestselling author Liza Marklund. The inspiration for the hit film series, Annika Bengtzon: Crime Reporter, now available on Netflix. NOTHING IS AS IT SEEMS . . . Police officer Nina Hoffman is called to the scene of a grisly crime. There she finds fellow officer and friend David Lindholm naked on his bed, shot through the head and stomach. His traumatized wife, Julia, is in shock, and can barely form a coherent sentence. She hovers near the body, rambling on about a woman entering the house, killing David, and running off with their son--but all the evidence points to her guilt. Annika Bengtzon is drawn headfirst into the case, because she believes that Julia is about to be falsely charged. But will anyone else believe it? Chilling and complex, this thriller will have you guessing until the shocking end.","Crime & Thriller , Thriller","Marklund, Liza",Atria Books,2013,384,899 Денари
Odd Apocalypse : An Odd Thomas Novel,"Description “Koontz gives [Odd Thomas] wit, good humor, a familiarity with the dark side of humanity—and moral outrage.”—USA Today   Once presided over by a Roaring ’20s Hollywood mogul, the magnificent West Coast estate known as Roseland now harbors a reclusive billionaire financier and his faithful servants—and their guests: Odd Thomas, the young fry cook who sees the dead and tries to help them, and Annamaria, his inscrutably charming traveling companion. Fresh from a harrowing clash with lethal adversaries, they welcome their host’s hospitality. But Odd’s extraordinary eye for the uncanny detects disturbing secrets that could make Roseland more hell than haven.   Soon enough the house serves up a taste of its terrors, as Odd begins to unravel the darkest mystery of his curious career. What consequences await those who confront evil at its most profound? Odd only knows.   “Odd Thomas is the greatest character Dean Koontz has ever created. He’s funny, humble, immensely likable, courageous, and just a joy to read about.”—Seattle Post-Intelligencer   “[Odd Thomas is] one of the most remarkable and appealing characters in current fiction.”—The Virginian-Pilot   “Supernatural thrills with a side of laughs.”—The Denver Post","Crime & Thriller , Thriller","Koontz, Dean",Bantam Doubleday Dell,2013,480,499 Денари
The Mysterious Affair at Styles,"CRIME & MYSTERY. With impeccable timing Hercule Poirot, the renowned Belgian detective, makes his dramatic entrance on to the English crime stage. Recently, there had been some strange goings on at Styles St Mary. Evelyn, constant companion to old Mrs Inglethorp, had stormed out of the house muttering something about 'a lot of sharks'. And with her, something indefinable had gone from the atmosphere. Her presence had spelt security; now the air seemed rife with suspicion and impending evil. A shattered coffee cup, a splash of candle grease, a bed of begonias. all Poirot required to display his now legendary powers of detection.","Crime & Thriller , Thriller","Christie, Agatha",Harper Collins,2013,258,599 Денари
Five Little Pigs,"Hercule Poirot undertakes a sixteen-year-old murder case in which a woman apparently poisoned her adulterous husband. Because her husband-to-be is growing wearily disenchanted with her family's history, the daughter of the accused murderer, Carla Lemarchant, desperately tries to clear her mother's name. As Poirot conducts his investigation, he rounds up five other possible suspects: Philip Blake (the stockbroker), who went to market; Meredith Blake (the amateur herbalist), who stayed at home; Elsa Greer (the three-time divorcEe), who had her roast beef; Cecilia Williams (the devoted governess), who had none; and Angela Warren (the disfigured sister), who cried all the way home. As he investigates, Poirot can't get the nursery rhyme out of his mind.","Crime & Thriller , Thriller","Christie, Agatha",Harper Collins,2013,277,599 Денари
The ABC Murders,"CRIME & MYSTERY. There's a serial killer on the loose, bent on working his way through the alphabet. And as a macabre calling card he leaves beside each victim's corpe the ABC Railway Guide open at the name of the town where the murder has taken place. Having begun with Andover, Bexhill and then Churston, there seems little chance of the murderer being caught - until he makes the crucial and vain mistake of challenging Hercule Poirot to frustrate his plans.","Crime & Thriller , Thriller","Christie, Agatha",Harper Collins,2013,267,599 Денари
Curtain,"A wheelchair-bound Poirot returns to Styles, the venue of his first investigation, where he knows another murder is going to take place...","Crime & Thriller , Thriller","Christie, Agatha",Harper Collins,2013,240,599 Денари
The Rule Of Four,"Description Tom Sullivan, about to graduate from Princeton, is haunted by the violent death of his father, an academic who devoted his life to studying one of the rarest, most complex and most valuable books in the world. Coded in seven languages, the Hypnerotomachia Poliphili, an intricate mathematical mystery and a tale of love and arcane brutality, has baffled scholars since 1499. Tom's friend Paul is similarly obsessed and when a long-lost diary surfaces, they finally seem to make a breakthrough. But only hours later, a fellow researcher is murdered and the two friends suddenly find themselves in great danger. Working desperately to expose the book's secret, they slowly uncover a Renaissance tale of passion and blood, a hidden crypt and a secret worth dying to protect.","Crime & Thriller , Thriller","Caldwell, Ian",Cornerstone,2013,544,1.199 Денари
Heist Society: Perfect Scoundrels : Book 3,"Description Katarina Bishop and W.W. Hale the Fifth were born to lead very different lives - her family are criminal masterminds, while he comes from an apparently perfect dynasty. But both families know how to stay under the radar while getting - or stealing - whatever they want. When Hale unexpectedly inherits his grandmother's billion-dollar corporation, he quickly learns that there's no place for Kat and their old heists in his new role. But Kat won't let him go that easily, especially after she is tipped off about an elaborate con to steal the company's fortune. Instead of being the heir, this time Hale might be the mark. Kat is prepared to do the impossible, but first she has to decide. Is she willing to save her boyfriend's company if it means losing the boy?","Crime & Thriller , Thriller","Carter, Ally",Hachette Children's Group,2013,352,499 Денари
Tom Clancy's Jack Ryan Action Pack,"A deluxe boxed set that includes the first three novels in the world of Jack Ryan from #1 New York Times bestselling author Tom Clancy, the ""longtime top gun of the military thriller"" (Boston Globe). This deluxe box set includes: THE HUNT FOR RED OCTOBER -","Crime & Thriller , Thriller","Clancy, Tom",Penguin Publishing Group,2013,,1.799 Денари
Lee Child's Jack Reacher Books 1-6,Get to know Jack Reacher in the first six thrillers in Lee Child's #1 New York Times bestselling series--now available in a box set. DON'T MISS REACHER ON PRIME VIDEO! Jack Reacher is the most compelling hero in action and suspense today--hailed by Stephen,"Crime & Thriller , Thriller","Child, Lee",Penguin Publishing Group,2013,,3.299 Денари
Live Wire,"The bestselling author and creator of the hit Netflix drama The Stranger exposes a different side of sports agent Myron Bolitar in this explosive thriller.... When former tennis star Suzze T and her rock star husband, Lex, encounter an anonymous Facebook post questioning the paternity of their unborn child, Lex runs off. Suzze, who is eight months pregnant, asks their agent, Myron Bolitar, to save her marriage--and perhaps her husband's life. But when Myron finds Lex, he also finds someone he wasn't looking for: his sister-in-law, Kitty, who, along with Myron's brother, abandoned the Bolitar family long ago. As Myron races to locate his missing brother while their father clings to life, he must face the lies that led to the estrangement--including the ones told by Myron himself....","Crime & Thriller , Thriller","Coben, Harlan",Dutton Books,2013,333,999 Денари
Miracle Cure,"A husband and wife race to find a cure for the disease that has inspired a serial killer to terrorize Manhattan in this classic medical thriller from the bestselling author and creator of the hit Netflix drama The Stranger. They're one of the country's most telegenic couples: beloved TV journalist Sara Lowell and New York's hottest basketball star, Michael Silverman. Their family and social connections tie them to the highest echelons of the political, medical, and sports worlds--threads that will tangle them up in one of the most controversial and deadly issues of our time. In a clinic on Manhattan's Upper West Side, a doctor has dedicated his life to eradicating a divisive and devastating disease. One by one, his patients are getting well. One by one, they're being targeted by a serial killer. And now Michael has been diagnosed with the disease. There's only one cure, but many ways to die...","Crime & Thriller , Thriller","Coben, Harlan",Dutton Books,2013,432,899 Денари
Stay Close,"The bestselling author and creator of the hit Netflix drama The Stranger proves that the past never truly fades away as the American dream becomes a nightmare in this shocking thriller. Megan is a suburban soccer mom who once upon a time walked on the wild side. Ray used to be a talented documentary photographer, but now finds himself in a dead-end job posing as a paparazzo. Broome is a detective who can't let go of a cold case. Three people living lives they never wanted are hiding secrets that even those closest to them would never suspect. And as each confronts the dark side of the American dream--the boredom of a nice suburban life, the excitement of temptation, the desperation and hunger that can lurk behind even the prettiest facades--they will discover the hard truth that the line between one kind of life and another can be as whisper-thin as a heartbeat.","Crime & Thriller , Thriller","Coben, Harlan",Penguin Putnam Inc,2013,464,599 Денари
Phantom : A Harry Hole Novel (9),"Description Inspector Harry Hole attempts to exonerate his would-be son Oleg in this installment of Jo Nesbo's New York Times bestselling series. When Harry Hole moved to Hong Kong, he thought he was escaping the traumas of his life in Oslo and his career as a detective for good. But now, the unthinkable has happened--Oleg, the boy he helped raise, has been arrested for killing a man. Harry can't believe that Oleg is a murderer, so he returns to hunt down the real killer. Although he's off the police force, he still has a case to solve that will send him into the depths of the city's drug culture, where a shockingly deadly new street drug is gaining popularity. This most personal of investigations will force Harry to confront his past and the wrenching truth about Oleg and himself.","Crime & Thriller , Thriller","Nesbo, Jo",Vintage Crime/Black Lizard,2013,469,999 Денари
Police,"Description Inspector Harry Hole investigates a serial killer targeting Oslo's police officers in this installment of Jo Nesbo's New York Times bestselling series. For years, detective Harry Hole has been at the center of every major criminal investigation in Oslo. His brilliant insights and dedication to his job have saved countless lives over the years. But as the killer grows increasingly bold and the media reaction increasingly hysterical, the detective is nowhere to be found. This time, when those he loves and values most are facing terrible danger, Harry is in no position to protect anyone--least of all himself.","Crime & Thriller , Thriller","Nesbo, Jo",Vintage Crime/Black Lizard,2013,562,999 Денари
Before The Frost,"Description The leader of a religious cult in Guyana instigates a mass suicide. He succeeds in killing himself and his whole flock of worshippers, save one. In a wood outside Ystad, the police make an horrific discovery: a severed head, and hands locked together in an attitude of prayer. A Bible lies at the victim's side, handwritten corrections and amendments on every page. A string of incidents, including attacks on domestic animals, has been taking place and Inspector Wallander fears that these events could be the prelude to attacks on humans on a much greater scale. Meanwhile Linda Wallander, preparing to join the Ystad police force, arrives at the station. Showing all the hallmarks of her father - the maverick approach, the flaring temper - she becomes involved in the case and in the process is forced to confront a group of extremists bent on punishing the world's sinners.","Crime & Thriller , Thriller","Mankell, Henning",Vintage Publishing,2013,480,699 Денари
The Man Who Smiled : Kurt Wallander,"Description Spiralling into an alcohol-fuelled depression after killing a man in the line of duty, Inspector Kurt Wallander has made up his mind to quit the police force for good. When an old acquaintance seeks Wallander's help to investigate the suspicious circumstances in which his father has died, Kurt doesn't want to know. But when his former friend turns up dead, shot three times, Wallander realises that he was wrong not to listen. Against his better judgment, he returns to work to head what may now have become a double murder case. An enigmatic big-business tycoon seems to be the common denominator in the two deaths. But while Wallander is on the trail of the killer, somebody is on the trail of Wallander, and closing in fast... Over 35 million copies of the Kurt Wallander series sold worldwide.","Crime & Thriller , Thriller","Mankell, Henning",Vintage Publishing,2012,448,699 Денари
Firewall : Kurt Wallander,"Description Stopping to use a cash machine one evening, a man falls to the ground: dead. A taxi driver is brutally murdered by two teenage girls who demonstrate a complete lack of remorse. One girl escapes police custody and disappears without trace. Soon afterwards, a blackout covers half the country. When an engineer arrives at the malfunctioning power station, he makes a grisly discovery... Inspector Kurt Wallander is sure that these events must be linked - somehow. Hampered by the discovery of betrayals in his own team, lonely and frustrated, Wallander begins to lose conviction in his role as a detective. And somehow these criminals seem always to know the police's next move.","Crime & Thriller , Thriller","Mankell, Henning",Vintage Publishing,2012,544,699 Денари
Dr No : Read the sixth gripping unforgettable James Bond novel,"There's no better time to rediscover James Bond. Dr Julius No is a man with a mysterious past. Nobody knows what secrets are hidden on his Caribbean island, and all those who have attempted to investigate further have disappeared. When two British agents go missing in Jamaica, Bond is sent to investigate. Battling the Doctor's twin obsessions with power and pain, he uncovers the true nature of his opponent's covert operation - but he must undergo a deadly assault course before he can destroy the Doctor's plans once and for all. 'Bond is a hero for all time' Jeffrey Deaver","Crime & Thriller , Thriller","Fleming, Ian",Vintage Publishing,2012,352,699 Денари
For Your Eyes Only : Discover the short stories behind your favourite James Bond films,"There's no better time to rediscover James Bond. Who killed an elderly couple in their Caribbean home? M knows exactly who did it, but the murderers will most likely escape through a twisted net of global politics. The solution? M. calls in a personal favour from a certain licensed killer who understands the kind of rough justice needed. Bond soon discovers he's not the only one on the hunt, and the lines between revenge and justice become blurred... Also includes the stories that inspired the films Quantum of Solace and From a View to a Kill 'Bond is a hero for all time' Jeffrey Deaver","Crime & Thriller , Thriller","Fleming, Ian",Vintage Publishing,2012,272,699 Денари
From Russia with Love : Read the fifth gripping unforgettable James Bond novel,"There's no better time to rediscover James Bond. SMERSH, the Russian intelligence unit, is hell-bent on destroying Special Agent James Bond. His death would deal a hammer blow to the heart of The British Secret Service. The lure? The chance for 007 to bring the Spektor decoding machine from Istanbul to London, and for the British to take the upper hand in a chilling new front of the Cold War. So begins a deadly game of bluff and double bluff, with Bond a marked man as he enters the murky world of Balkan espionage. 'Bond is a hero for all time' Jeffrey Deaver","Crime & Thriller , Thriller","Fleming, Ian",Vintage Publishing,2012,384,699 Денари
Live and Let Die : Read the second gripping unforgettable James Bond novel,"There's no better time to rediscover James Bond. Mr Big is brutal, brilliant and feared worldwide. Protected by Voodoo forces and the psychic powers of his prisoner Solitaire, he is an invincible SMERSH operative at the head of a ruthless smuggling ring. James Bond's new assignment will take him to the heart of the occult: to infiltrate this secret world and destroy Mr Big's global network. From Harlem's throbbing jazz joints to the shark-infested waters of Jamaica, enemy eyes watch Bond's every move. He must tread carefully to avoid a nightmarish fate. 'Bond is a hero for all time' Jeffrey Deaver","Crime & Thriller , Thriller","Fleming, Ian",Vintage Publishing,2012,336,699 Денари
The Man with the Golden Gun : Read Ian Fleming's final gripping unforgettable James Bond novel,"There's no better time to rediscover James Bond. The Man with the Golden Gun, Paco Scaramanga, is one of the deadliest hit men in the world and the British Secret Service want him eliminated. A brainwashed James Bond tried, and failed, to kill his boss, M. It's time for him to prove he can be trusted again. Bond finds his man in the sweltering heat of Jamaica. His plan is to infiltrate Scaramanga's gang of criminals to get close to the man himself. But if he fails, Bond will be the next target for the golden gun. 'Bond is a hero for all time' Jeffrey Deaver","Crime & Thriller , Thriller","Fleming, Ian",Vintage Publishing,2012,240,699 Денари
Moonraker : Read the third gripping unforgettable James Bond novel,"There's no better time to rediscover James Bond. Sir Hugo Drax is a multi-millionaire tycoon and war hero, revered by the British public for his Moonraker missile defence programme. So why does he risk destroying his reputation and the future of the Moonraker programme by gambling millions of pounds at the card table, and is there something suspicious about his winning streak? As 'the best card-player in the service', Bond is called in to uncover the answers. But as 007 probes deeper into the activities at the Moonraker base, he discovers that there is more to the mysterious Drax his project than simply cheating at cards... 'Bond is a hero for all time' Jeffrey Deaver","Crime & Thriller , Thriller","Fleming, Ian",Vintage Publishing,2012,352,699 Денари
Octopussy & The Living Daylights : Discover two of the most beloved James Bond stories,"There's no better time to rediscover James Bond. The British Secret Service has many enemies. Whether it's a sniper in East Berlin, a Russian agent secretly bidding for a Faberge egg, or a retired major in Jamaica with a treacherous secret, it is down to James Bond to neutralize the threat. In these stories the dirty world of international espionage tests Bond's skills to the extreme. 'Bond is a hero for all time' Jeffrey Deaver","Crime & Thriller , Thriller","Fleming, Ian",Vintage Publishing,2012,144,699 Денари
On Her Majesty's Secret Service : The second unmissable story in the SPECTRE trilogy,"There's no better time to rediscover James Bond. Ernst Stavro Blofeld, head of the terrorist organization SPECTRE, is holed up in his Alpine base, conducting research into a terrifying biological weapon. 007's mission is to gain access to Blofeld's icy retreat and gather information vital to guaranteeing world safety. A new alliance with the troubled daughter of the head of the French mafia offers 007 the chance to bring down his nemesis once and for all - but will Bond be prepared to pay the ultimate price for victory? 'Bond is a hero for all time' Jeffrey Deaver","Crime & Thriller , Thriller","Fleming, Ian",Vintage Publishing,2012,368,699 Денари
The Spy Who Loved Me : Read the tenth gripping unforgettable James Bond novel,"There's no better time to rediscover James Bond. Vivienne Michel is a troubled young woman on the run. Fleeing England she comes to a deserted motel in the Adirondack Mountains where she thinks she has finally escaped her past. Sluggsy and Horror are ruthless mobsters on a mission of their own. Holding a terrified Viv hostage in the motel, they plot death and destruction. Bond has just one night to take on the gangsters. But with two hardened killers to outwit, and time running out, can he save Vivienne - and himself? 'Bond is a hero for all time' Jeffrey Deaver","Crime & Thriller , Thriller","Fleming, Ian",Vintage Publishing,2012,240,699 Денари
Thunderball : The first thrilling epic story in the SPECTRE trilogy,"There's no better time to rediscover James Bond. SPECTRE - the international terrorist organization led by Blofeld - is holding the world to ransom with two stolen nuclear weapons. Operation Thunderball is launched to stop them, and, in a race against time, Bond travels to the Bahamas to uncover the stolen bombs before SPECTRE can put its deadly plan into action. With less than a week to find the hidden weapons Bond must enter a world of fine yachts and casinos to infiltrate the secret operation and foil Blofeld. 'Bond is a hero for all time' Jeffrey Deaver","Crime & Thriller , Thriller","Fleming, Ian",Vintage Publishing,2012,384,699 Денари
You Only Live Twice : The explosive conclusion to the SPECTRE trilogy,"There's no better time to rediscover James Bond. The Castle of Death shelters a poisoned garden, curated by a criminal mastermind and set atop a rocky Japanese island. Bond is shattered by the murder of his wife at the hands of Ernst Stavro Blofeld but M. gives him one last chance. To save his job, James Bond needs to infiltrate and destroy the Castle of Death in exchange for top-secret Japanese intelligence. 007 must learn the skills of ninja warriors and face his ultimate enemy in a battle to the death. 'Bond is a hero for all time' Jeffrey Deaver","Crime & Thriller , Thriller","Fleming, Ian",Vintage Publishing,2012,320,699 Денари
Misterioso,"Description The first novel in Arne Dahl's gripping Intercrime series--considered one of Sweden's best--Misterioso is a piercingly dark and absorbing detective thriller. After dismantling a bloody hostage situation at a bank outside Stockholm, Detective Paul Hjelm is dropped into an elite task-force assembled to find an elusive murderer with a sophisticated method. The killer breaks into the homes of Sweden's high-profile business leaders at night, places two bullets in their heads with deadly precision, then removes the bullets from the walls--a ritual enacted to a rare bootleg recording of Thelonious Monk's jazz classic ""Misterioso."" As Hjlem and the rest of the team follow one lead after another, they must navigate the murky underworld of the Russian mafia, penetrate the secret society of Sweden's wealthiest denizens, and battle one of the country's most persistent ills: a deep-rooted xenophobia that affects both the police and the perpetrator.","Crime & Thriller , Thriller","Dahl, Arne",Vintage Crime/Black Lizard,2012,339,899 Денари
Robert Ludlum's (Tm) the Bourne Imperative,"Description The man Jason Bourne fishes out of the freezing sea is near death, half-drowned and bleeding profusely from a gunshot wound. He awakens with no memory of who he is or why he was shot-and Bourne is eerily reminded of his own amnesia. Then Bourne discovers that the Mossad agent named Rebeka is so determined to find this injured man that she has gone off the grid, cut her ties to her agency, and is now being stalked by Mossad's most feared killer. Do the answers to these mysteries lie back in southeast Lebanon, in a secret encampment to which Bourne and Rebeka escaped following a firefight weeks ago? The complex trail links to the mission given to Treadstone directors Peter Marks and Soraya Moore: find the semi-mythic terrorist assassin known as Nicodemo. In the course of Bourne's desperate, deadly search for a secret that will alter the future of the entire world, he will experience both triumph and loss, and his life will never be the same. Now everything turns on the amnesiac. Bourne must learn his identity and purpose before both he and Rebeka are killed. From Stockholm to Washington, D.C., from Mexico City to Beijing, the web of lies and betrayals extends into a worldwide conspiracy of monumental proportions.","Crime & Thriller , Thriller","Lustbader, Eric Van",Time Warner Trade Publishing,2012,563,599 Денари
Robert Ludlum's (Tm) the Bourne Dominion,"Description Jason Bourne is searching for an elusive cadre of terrorists planning to destroy America's most strategic natural resources-and needs the help of his longtime friend, General Boris Karpov. Karpov, the newly appointed head of Russia's most feared spy agency, FSB-2, is one of the most determined, honorable, and justice-hungry men that Bourne knows. But Karpov has made a deal with the devil. In order to remain the head of FSB-2, he must hunt down and kill Bourne. Now, these two trusted friends are on a deadly collision course. From the Colombian highlands to Munich, Cadiz, and Damascus, the clock is counting down to a disaster that will cripple America's economic and military future. Only Bourne and Karpov have a chance to avert the catastrophe-but if they destroy each other first, that chance will be gone forever. THE BOURNE DOMINION Jason Bourne is one of the most compelling and best loved characters created by internationally bestselling novelist Robert Ludlum. The hero of eight novels, including The Bourne Identity and The Bourne Supremacy, Bourne has also been featured in three blockbuster movies starring Matt Damon. Now, New York Times bestselling author Eric Van Lustbader presents a new story about the rogue secret agent who has lost his memory.","Crime & Thriller , Thriller","Ludlum, Robert",Time Warner Trade Publishing,2012,589,599 Денари
The Woods : A Suspense Thriller,"NOW A NETFLIX ORIGINAL SERIES! The bestselling author and creator of the hit Netflix drama The Stranger takes readers into the heart of family loyalty in this twisty page-turner that proves that the darkest secrets are often closest to home. Paul Copeland, a New Jersey county prosecutor, is still grieving the loss of his sister twenty years ago--the night she walked into the woods, never to be seen again. But now, a homicide victim is found with evidence linking him to the disappearance. The victim could be the boy who vanished along with Paul's sister. And, as hope rises that his sister could still be alive, dangerous secrets from his family's past threaten to tear apart everything Paul has been trying to hold together....","Crime & Thriller , Thriller","Coben, Harlan",Penguin Putnam Inc,2012,403,899 Денари
The Walt Longmire Mystery Series Boxed Set Volumes 1-4 : The First Four Novels,"Description The perfect gift for Longmire fans: a boxed set of the first four mysteries in the New York Times bestselling Longmire Mystery series With the hit television series Longmire capturing millions of viewers and Craig Johnson's last seven books hitting the New York Times bestseller list, Walt Longmire is a name on everyone's lips and has earned his star. As Longmire devotees eagerly await the launch of the fifth season on Netflix, they can delve into the first four novels in the series and keep abreast of the latest goings-on in the world of their favorite straight-talking sheriff.","Crime & Thriller , Crime","Johnson, Craig",Penguin Putnam Inc,2012,1392,3.899 Денари
Live Wire,"The bestselling author and creator of the hit Netflix drama The Stranger exposes a different side of sports agent Myron Bolitar in this explosive thriller.... When former tennis star Suzze T and her rock star husband, Lex, encounter an anonymous Facebook post questioning the paternity of their unborn child, Lex runs off. Suzze, who is eight months pregnant, asks their agent, Myron Bolitar, to save her marriage--and perhaps her husband's life. But when Myron finds Lex, he also finds someone he wasn't looking for: his sister-in-law, Kitty, who, along with Myron's brother, abandoned the Bolitar family long ago. As Myron races to locate his missing brother while their father clings to life, he must face the lies that led to the estrangement--including the ones told by Myron himself....","Crime & Thriller , Thriller","Coben, Harlan",Penguin Putnam Inc,2012,448,599 Денари
Promise Me,"The bestselling author and creator of the hit Netflix drama The Stranger reveals the deadly consequences that can be born of the best intentions. As the school year winds down, Myron Bolitar is determined to help keep his friends' children safe from the dangers of drinking and driving. So he makes two neighborhood girls promise him that if they are ever in a bind but are afraid to call their parents, they must call him. Several nights later, the call comes at two a.m. The next day, a girl is missing and Myron is the last person who saw her. Racing to find her before she's gone forever, Myron must outrun his own troubled past and decide once and for all who he is and what he will stand up for...","Crime & Thriller , Thriller","Coben, Harlan",Dutton Books,2012,432,599 Денари
Long Lost,"The bestselling author and creator of the hit Netflix drama The Stranger ratchets up the tension as sports agent Myron Bolitar gets mixed up in some international intrigue in this #1 New York Times bestseller. With an early morning phone call, an old flame wakes Myron Bolitar from sleep. Terese Collins is in Paris, and she needs his help. In her debt, Myron makes the trip, and learns of a decade-long secret: Terese once had a daughter who died in a car accident. Now it seems as though that daughter may be alive--and tied to a sinister plot with shocking global implications....","Crime & Thriller , Thriller","Coben, Harlan",Dutton Books,2012,333,999 Денари
Caught,"The bestselling author and creator of the hit Netflix drama The Stranger delivers a twisted #1 New York Times bestseller about a man who--with the best of intentions--opens the wrong door... Reporter Wendy Tynes is making a name for herself, bringing down sexual offenders on nationally televised sting operations. But when social worker Dan Mercer walks into her trap, Wendy gets thrown into a story more complicated than she could ever imagine. Dan is tied to the disappearance of a seventeen-year-old New Jersey girl, and the shocking consequences will have Wendy doubting her instincts about the motives of the people around her, while confronting the true nature of guilt, grief, and her own capacity for forgiveness...","Crime & Thriller , Thriller","Coben, Harlan",Dutton Books,2012,370,899 Денари
Hold Tight : A Suspense Thriller,"The bestselling author and creator of the hit Netflix drama The Stranger delivers a #1 New York Times bestseller that asks how well parents really know their children--and puts them on a technological roller coaster of their worst fears. ""We're losing him."" With those words, Mike and Tia Baye decide to spy on their sixteen-year-old son Adam, who has become increasingly moody and withdrawn since the suicide of his best friend. The software they install on his computer shows them every Web site visited, every e-mail sent or received, every instant message. And each keystroke draws them deeper and deeper into a maze of mayhem and violence that could destroy them all....","Crime & Thriller , Thriller","Coben, Harlan",Dutton Books,2012,387,999 Денари
The Girl Who Kicked the Hornet's Nest,"#1 NATIONAL BESTSELLER ? In this ?thoroughly gripping read? (New York Times), Lisbeth Salander lies in critical condition in a Swedish hospital, a bullet in her head. But she's fighting for her life in more ways than one: if and when she recovers, she'll stand trial for three murders. With the help of Mikael Blomkvist, she'll need to identify those in authority who have allowed the vulnerable, like herself, to suffer abuse and violence. And, on her own, she'll seek revenge?against the man who tried to killer her and against the corrupt government institutions that nearly destroyed her life.","Crime & Thriller , Thriller","Larsson, Stieg",Knopf Doubleday Publishing Group,2012,672,999 Денари
The Expats,"Description Kate Moore is an expat mum, newly transplanted from Washington D.C. In the cobblestoned streets of Luxembourg, her days are filled with play dates and coffee mornings, her weekends spent in Paris or skiing in the Alps. Kate is also guarding a secret - one so momentous it could destroy her neat little expat life - and she suspects that another American couple are not who they claim to be; plus her husband is acting suspiciously. As she travels around Europe, she finds herself looking over her shoulder, terrified her past is catching up with her. As Kate begins to dig, to uncover the secrets of those around her, she finds herself buried in layers of deceit so thick they threaten her family, her marriage and her life. A thrilling debut-to-remember, Chris Pavone's The Expats will keep you guessing until the very end.","Crime & Thriller , Thriller","Pavone, Chris",Faber & Faber,2012,512,599 Денари
Summertime of the Dead,"Description Yukio's two best friends are dead. Tormented and blackmailed by the Yakuza - the Japanese mafia - they have taken their own lives. Yukio is a kendo champion and he knows all the stories of the samurai. Heartbroken and furious, he is determined to avenge the deaths of his beloved Hiroshi and Miko. And so begins a deadly struggle between Yukio and the Yakuza, and between Yukio's capacity for love, and his thirst for revenge. Shot through with the beauty of Tokyo in spring, this is an unforgettable and uncompromising read.","Crime & Thriller , Thriller","Hughes, Gregory",Hachette Children's Group,2012,304,499 Денари
Act of Valor,"The Navy SEALs have been fighting terrorists around the world for over a decade. And for all that time, the Bandito Platoon SEALS from SEAL Team Seven have been on continuous combat rotation. Now they have drawn a shipboard assignment off Central America-a","Crime & Thriller , Thriller","Clancy, Tom",Penguin Publishing Group,2012,320,599 Денари
Prague Fatale : gripping historical thriller from a global bestselling author,"Description 'One of the greatest anti-heroes ever written' LEE CHILD Bernie Gunther returns to his desk on homicide from the horrors of the Eastern Front to find Berlin changed for the worse. He begins to investigate the death of a railway worker, but is obliged to drop everything when Reinhard Heydrich of the SD orders him to Prague to spend a weekend at his country house. Bernie accepts reluctantly, especially when he learns that his fellow guests are all senior figures in the SS and SD. The weekend quickly turns sour when a body is found in a room locked from the inside. If Bernie fails to solve this impossible mystery not only is his reputation at stake, but also that of Reinhard Heydrich, a man who cannot bear to lose face.","Crime & Thriller , Thriller","Kerr, Philip",Quercus Publishing,2012,544,699 Денари
COLD,"Description Official, original James Bond from a writer described by Len Deighton as a 'master storyteller'. James Bond is on a mission that will become an obsession. It starts the night Flight 229 is torn apart at Washington airport, killing 435 passengers. But the victim who matters to Bond is the Principessa Sukie Tempesta: once his lover, still his friend. The search for Sukie's killers will turn out to be the most complex and demanding assignment of Bond's career. Across continents and through ever-changing labyrinths of evil, he follows the traces of clues into the centre of a fanatical society more deadly than any terrorist army. Its code name is COLD.","Crime & Thriller , Thriller","Gardner, John",Orion Publishing Co,2012,256,699 Денари
Never Send Flowers,"Description Official, original James Bond from a writer described by Len Deighton as a 'master storyteller'. In different corners of the world four high-profile figures are assassinated in less than a week. Nobody links the deaths but one thing is certain: each of them has been stalked, sought out and killed with care and preparation. Then a sinister connection is established: a single, blood-tipped rose is sent to each funeral and an unremarkable female agent is murdered in Switzerland. When MI5 come to MI6 to ask for help M brings in his best. At first, a weekend abroad seems tempting to James Bond: especially when he's paired with Flicka von Grusse, a gorgeous Swiss intelligence officer. But this is a perilous assignment that starts with the mysterious actor David Dragonpol and leads them to Athens, Milan and on to EuroDisney ... and an explosive climax.","Crime & Thriller , Thriller","Gardner, John",Orion Publishing Co,2012,256,699 Денари
Seafire,"Description Official, original James Bond from a writer described by Len Deighton as a 'master storyteller'. James Bond is back in action, with the stunning Flicka von Grusse at his side and his licence to kill renewed once more. His target is Sir Maxwell Tarn: a businessman whose legitimate empire spans the globe, whose wealth is uncountable, who also deals in illegal weapons on a breathtaking scale. But even Bond is unprepared for the speed of events, as a sting operation in a Cambridge hotel leads rapidly to an assassination in Spain, a fugitive in Israel and neo-Nazi plotters in Germany. Bond finally catches up with Tarn in Puerto Rico where his prey becomes his captor. Can he escape in time to stop Tarn?","Crime & Thriller , Thriller","Gardner, John",Orion Publishing Co,2012,288,699 Денари
Death is Forever,"Description A series of official, original Bond books written by the acclaimed thriller writer, John Gardner. The Cold War is over. After two British agents die under mysterious and strangely old-fashioned circumstances in Germany, Bond is paired up with beautiful CIA agent 'Easy' St John. He's been assigned to track down the surviving members of ""Cabal"", a Cold War-era intelligence network that received a mysterious and unauthorised signal to disband. It's not long before Bond and Easy find themselves playing a life-or-death game as they try to figure out who they can trust. All the while, Cabal agents are dying one by one ...","Crime & Thriller , Thriller","Gardner, John",Orion Publishing Co,2012,304,699 Денари
Licence to Kill,"Description Official, original James Bond from a writer described by Len Deighton as a 'master storyteller'. Bond has lost his licence to kill. After he took revenge on the CIA agent who handed his friend over to the master criminal, Sanchez, M revoked his double 0 status and he's considered a rogue agent. With MI6 trying to bring him in and only the support of Q behind him Bond goes after Sanchez. Boarding his ship, Bond tricks his way into Sanchez's inner circle and discovers the secret of his wealth. But Bond is walking a tightrope and it is surely only a matter of time before he slips ...","Crime & Thriller , Thriller","Gardner, John",Orion Publishing Co,2012,224,699 Денари
The Man from Barbarossa,"Description Official, original James Bond from a writer described by Len Deighton as a 'master storyteller'. James Bond has been partnered with an Israeli Mossad agent, Pete Natkowitz, and assigned to work with the KGB to infiltrate a terrorist group. The group, The Scales of Justice, are demanding the trial of a suspected Nazi war criminal and each day of delay brings another death. Posing as a TV crew, Bond and the other agents attempt to discover the group's real motive. When Bond realises that the real aim is to supply Iraq with nuclear weapons just before the United Nations-led coalition invades he faces the most crucial mission of his life.","Crime & Thriller , Thriller","Gardner, John",Orion Publishing Co,2012,288,799 Денари
Scorpius,"Description Official, original James Bond from a writer described by Len Deighton as a 'master storyteller'. When the body of a mysterious woman is found to be carrying the phone number of James Bond, Bond is called in by M to help the investigation. But before he can even reach headquarters he is nearly run off the road in a high-speed motorway chase. Someone wants Bond dead. Then Bond discovers that the woman was a member of a cult society known as ""The Meek Ones"", with murky links to a wealthy arms dealer. Soon, hideous acts of terrorism begin to roll out across Britain and Bond finds himself in a race against time to track down the faceless criminal behind the horror ...","Crime & Thriller , Thriller","Gardner, John",Orion Publishing Co,2012,256,699 Денари
"Win, Lose or Die","Description Official, original James Bond from a writer described by Len Deighton as a 'master storyteller' When M receives word that a known terrorist organisation is planning to infiltrate and destroy a top-secret British Royal Navy aircraft carrier-based summit of world leaders, James Bond is returned to active duty in the Royal Navy. Promoted from Commander to Captain, Bond is expected to infiltrate the aircraft carrier HMS Invincible and identify potential sleeper agents. As he struggles to complete his mission, a massive war game is being carried out between the American, British, and Soviet Navies. And when Bond gets caught up in a murder investigation the safety of the most powerful leaders on the planet hangs in the balance ...","Crime & Thriller , Thriller","Gardner, John",Orion Publishing Co,2012,256,699 Денари
Brokenclaw,"Description Official, original James Bond from a writer described by Len Deighton as a 'master storyteller'. On holiday in Victoria, British Columbia, Bond becomes intrigued Lee Fu-Chu, a half-Blackfoot, half-Chinese philanthropist who is known as ""Brokenclaw"" because of a deformed hand. On his return to the UK Bond is tasked to investigate the kidnapping of several scientists who have been working on a new submarine detection system. It becomes clear that Brokenclaw is behind the kidnapping and worse, he has a devastating plan to cause economic meltdown through the collapse of the dollar. Bond has no choice but to enter his lair ...","Crime & Thriller , Thriller","Gardner, John",Orion Publishing Co,2012,256,699 Денари
Icebreaker,"Description Official, original James Bond from a writer described by Len Deighton as a 'master storyteller'. Bond reluctantly finds himself recruited into a dangerous mission involving an equally dangerous and treacherous alliance of agents from the CIA, the KGB and Israel's Mossad. The team dubbed 'Icebreaker' waste no time double crossing each other, as they try to root out the leader of the murderous National Socialist Action Army, Count Konrad von Gloda, a one time SS officer, who now perceives himself as the New Adolf Hitler.","Crime & Thriller , Thriller","Gardner, John",Orion Publishing Co,2012,256,699 Денари
Nobody Lives For Ever,"Description Official, original James Bond from a writer described by Len Deighton as a 'master storyteller'. 'Take care 007. Take special care. The continent's a hotbed of villainy these days and you can never be too careful.' Bond was supposed to be on leave. But SPECTRE leader Tamil Rahani, dying from injuries suffered at Bond's hand, is determined to make it the holiday to die for. With a price on his head, Bond must evade the world's greatest assassins in a ruthless game of cat-and-mouse across Europe, while trying to save the lives of the two women who matter to him most, his housekeeper May and Miss Moneypenny. But Bond has been a target before. And when it comes to staying alive, nobody does it better than 007. In Nobody Lives Forever, the fifth in Gardner's bestselling series, Fleming's superspy is at the top of his game.","Crime & Thriller , Thriller","Gardner, John",Orion Publishing Co,2012,192,699 Денари
66 Degrees North,"Description Ancient blood feuds and modern conspiracies: Magnus Jonson discovers that vengeance, in Iceland, is best served at arctic temperatures... Iceland 1934: Two boys playing in the lava fields that surround their isolated farmsteads see something they shouldn't have. The consequences will haunt them and their families for generations. Iceland 2009: the credit crunch bites. The currency has been devalued, banks nationalized, savings annihilated, lives ruined. Grassroots revolution is in the air, as is the feeling that someone ought to pay... ought to pay the blood price. And in a country with a population of just 300,000 souls, in a country where everyone knows everybody, it isn't hard to draw up a list of exactly who is responsible. And then, one-by-one, to cross them off. Iceland 2010: As bankers and politicians start to die, at home and abroad, it is up to Magnus Jonson to unravel the web of conspirators before they strike again. But while Magnus investigates the crimes of the present, the crimes of the past are catching up with him.","Crime & Thriller , Thriller","Ridpath, Michael",Atlantic Books,2012,480,799 Денари
The Appeal,"Description #1 NEW YORK TIMES BESTSELLER In a crowded courtroom in Mississippi, a jury returns a shocking verdict against a chemical company accused of dumping toxic waste into a small town's water supply, causing the worst ""cancer cluster"" in history. The company appeals to the Mississippi Supreme Court, whose nine justices will one day either approve the verdict--or reverse it. The chemical company is owned by a Wall Street predator named Carl Trudeau, and Mr. Trudeau is convinced the Court is not friendly enough to his interests. With judicial elections looming, he decides to try to purchase himself a seat on the Court. The cost is a few million dollars, a drop in the bucket for a billionaire like Mr. Trudeau. Through an intricate web of conspiracy and deceit, his political operatives recruit a young, unsuspecting candidate. They finance him, manipulate him, market him, and mold him into a potential Supreme Court justice. Their Supreme Court justice.","Crime & Thriller , Thriller","Grisham, John",Random House USA Inc,2012,484,599 Денари
The Last Juror,"Description #1 NEW YORK TIMES BESTSELLER In 1970, Willie Traynor comes to Clanton, Mississippi, in a Triumph Spitfire and a fog of vague ambitions. Within a year, the twenty-three-year-old finds himself the owner of Ford County's only newspaper, famous for its well-crafted obituaries. While the rest of America is in the grips of turmoil, Clanton lives on the edge of another age--until the brutal murder of a young mother rocks the town and thrusts Willie into the center of a storm. Daring to report the true horrors of the crime, Willie makes as many friends as enemies in Clanton, and over the next decade he sometimes wonders how he got there in the first place. But he can never escape the crime that shattered his innocence or the criminal whose evil left an indelible stain. Because as the ghosts of the South's past gather around Willie, as tension swirls around Clanton, men and women who served on a jury nine years ago are starting to die one by one--as a killer exacts the ultimate revenge.","Crime & Thriller , Thriller","Grisham, John",Random House USA Inc,2012,486,599 Денари
The Brethren,"Description #1 NEW YORK TIMES BESTSELLER They call themselves the Brethren: three disgraced former judges doing time in a Florida federal prison. One was sent up for tax evasion. Another, for skimming bingo profits. The third for a career-ending drunken joyride. Meeting daily in the prison law library, taking exercise walks in their boxer shorts, these judges-turned-felons can reminisce about old court cases, dispense a little jailhouse justice, and contemplate where their lives went wrong. Or they can use their time in prison to get very rich--very fast. And so they sit, sprawled in the prison library, furiously writing letters, fine-tuning a wickedly brilliant extortion scam--while events outside their prison walls begin to erupt. A bizarre presidential election is holding the nation in its grips, and a powerful government figure is pulling some very hidden strings. For the Brethren, the timing couldn't be better. Because they've just found the perfect victim.","Crime & Thriller , Thriller","Grisham, John",Random House USA Inc,2012,440,599 Денари
The King of Torts,"Description #1 NEW YORK TIMES BESTSELLER The Office of the Public Defender is not known as a training ground for bright young litigators. Clay Carter has been there too long and, like most of his colleagues, dreams of a better job in a real firm. When he reluctantly takes the case of a man charged with a random street killing, he assumes it is just another of the many senseless murders that hit D.C. every week. As he digs into the background of his client, Clay stumbles on a conspiracy too horrible to believe. He suddenly finds himself in the middle of a complex case against one of the largest pharmaceutical companies in the world and looking at the kind of enormous settlement that would totally change his life--that would make him, almost overnight, the legal profession's newest king of torts.","Crime & Thriller , Thriller","Grisham, John",Random House USA Inc,2012,472,599 Денари
The Chamber,"Description #1 NEW YORK TIMES BESTSELLER In Chicago's top law firm, a young lawyer stands on the brink of a brilliant career. Now twenty-six-year-old Adam Hall is risking it all for a death-row killer and an impossible case: Sam Cayhall is a former Klansman and unrepentant racist facing the death penalty for a fatal bombing in 1967. Cayhall has run out of chances--except for one: a determined lawyer who just happens to be his grandson. While the executioners prepare the gas chamber, while the protesters gather, and while the TV cameras wait, Adam has only days, hours, minutes to save his client. For between the two men is a chasm of shame, family lies, and secrets--including the one secret that could save Sam Cayhall's life . . . or cost Adam his.","Crime & Thriller , Thriller","Grisham, John",Random House USA Inc,2012,676,599 Денари
The Leopard : A Harry Hole Novel (8),"Description Inspector Harry Hole returns from Hong Kong hot on the trail of a serial killer in this installment of Jo Nesbo's New York Times bestselling series. Inspector Harry Hole has retreated to Hong Kong, escaping the trauma of his last case in squalid opium dens, when two young women are found dead in Oslo, both drowned in their own blood. Media coverage quickly reaches a fever pitch. There are no clues, the police investigation is stalled, and Harry--the one man who might be able to help--can't be found. After he returns to Oslo, the killer strikes again, Harry's instincts take over, and nothing can keep him from the investigation, though there is little to go on. Worse, he will soon come to understand that he is dealing with a psychopath who will put him to the test, both professionally and personally, as never before.","Crime & Thriller , Thriller","Nesbo, Jo",Random House USA Inc,2012,675,999 Денари
The Face On the Milk Carton,"In the vein of psychological thrillers like We Were Liars, Girl on the Train, and Beware That Girl, bestselling author Caroline Cooney's JANIE series delivers on every level. Mystery and suspense blend seamlessly with issues of family, friendship and love to offer an emotionally evocative thrill ride of a read. No one ever really paid close attention to the faces of the missing children on the milk cartons. But as Janie Johnson glanced at the face of the ordinary little girl with her hair in tight pigtails, wearing a dress with a narrow white collar--a three-year-old who had been kidnapped twelve years before from a shopping mall in New Jersey--she felt overcome with shock. She recognized that little girl--it was she. How could it possibly be true? Janie can't believe that her loving parents kidnapped her, but as she begins to piece things together, nothing makes sense. Something is terribly wrong. Are Mr. and Mrs. Johnson really her parents? And if not, who is Janie Johnson, and what really happened?","Crime & Thriller , Thriller","Cooney, Caroline B.",Random House USA Inc,2012,208,599 Денари
The Snowman : A Harry Hole Novel (7),"Description Inspector Harry Hole tracks a Norwegian serial killer in this installment of Jo Nesbo's New York Times bestselling series. One night, after the first snowfall of the year, a boy named Jonas wakes up and discovers that his mother has disappeared. Only one trace of her remains: a pink scarf, his Christmas gift to her, now worn by the snowman that inexplicably appeared in their yard earlier that day. Inspector Harry Hole suspects a link between the missing woman and a suspicious letter he's received. The case deepens when a pattern emerges: over the past decade, eleven women have vanished--all on the day of the first snow. But this is a killer who makes his own rules . . . and he'll break his pattern just to keep the game interesting, as he draws Harry ever closer into his twisted web. With brilliantly realized characters and hair-raising suspense, international bestselling author Jo Nesbo presents his most chilling case yet--one that will test Harry Hole to the very limits of his sanity.","Crime & Thriller , Thriller","Nesbo, Jo",Random House USA Inc,2012,512,999 Денари
Ticktock,"Description Tommy Phan is a 30-year-old Vietnamese-American detective and novelist living in Southern California, and a chaser of the American Dream. He drives home his brand-new Corvette one day to discover a strange doll on his doorstep. It's a rag doll made entirely of white cloth, with no face or hair or clothes. Where the eyes should be, there are two crossed stitches of black thread. Five sets of crossed black stitches mark the mouth, and another pair form an X over the heart. He brings it into the house. That night, he hears an odd little popping sound and looks up to see the crossed stitches over the doll's heart breaking apart. When he picks up the doll, he feels something pulsing in its chest. Another thread unravels to reveal a reptilian green eye --and not a doll's eye, because it blinks. Tommy Phan pursues the thing as it scrambles away into his house -- and then is pursued by it as it evolves from a terrifying and vicious minikin into a hulking and formidable opponent bent on killing him. BONUS: This edition contains an excerpt from Dean Koontz's The City.","Crime & Thriller , Thriller","Koontz, Dean R",Bantam Doubleday Dell,2012,338,599 Денари
Fear Nothing,"Description If you're different enough, the night is not your enemy, the darkness is not intimidating, the shadows are not terrifying. You fear nothing. Christopher Snow is different from all the other residents of Moonlight Bay, different from anyone you've ever met. For Christopher Snow has made his peace with a very rare genetic disorder that leaves him dangerously vulnerable to light. His life is filled with the fascinating rituals of one who must embrace the dark. He knows the night as no one else can--its mystery, its beauty, its terrors, and the eerie silken rhythms that seduce one into believing anything--even freedom--is possible. Until the night Christopher Snow witnesses a series of disturbing incidents that sweep him into a violent mystery only he can solve, a mystery that will force him to rise above all fears and confront the many-layered secrets of Moonlight Bay and its strange inhabitants. A place, like all places, that looks a lot different after dark.","Crime & Thriller , Thriller","Koontz, Dean R",Bantam Doubleday Dell,2012,432,599 Денари
Those in Peril,"Hazel Bannock is the owner of the Bannock Oil Corp, one of the major global oil producers. While cruising in the Indian Ocean, her yacht is hijacked by Somalian pirates and her nineteen year old daughter Cayla kidnapped. The pirates demand a crippling ransom for Cayla's release. Hazel calls on Major Hector Cross to help her rescue her daughter.","Crime & Thriller , Thriller","Smith, Wilbur",Pan Books,2012,408,523 Денари
Outlaws Inc,"In the world's most dangerous trouble spots, a small band of men risk their lives to fly in desperately needed aid. But they are not heroes. Their giant ex-Soviet cargo planes are also riddled with secret compartments, which they fill with drugs, guns, money or people. They deliver anywhere, and they rtake their cut. But they pay a heavy price, many losing their lives to gun-toting pirates, terrorists, hostile state forces, jealous competitors and alcohol. In Outlaws Inc. Matt Potter follows their incredible story around the world. He discovers a secret society of mercenaries, dictators, agents, gangsters, businessmen and real-life Bond villains. Updated for the paperback edition, this story is the stuff of spy thrillers and action movies, but all the more terrifying for being true. 'Outlaws Inc. is an explosive read, full of heart-thumping excitement and brilliant detective work which shines a light into the darkest corners of the world' Sean Rayment, author of Bomb Hunters","Crime & Thriller , Thriller","Potter, Matt",Pan Books,2012,404,628 Денари
The Summons,"Description #1 NEW YORK TIMES BESTSELLER A pillar of the community who towered over local law and politics for forty years, Judge Atlee is now a shadow of his former self--a sick, lonely old man who has withdrawn to his sprawling ancestral home in Clanton, Mississippi. Knowing that the end is near, Judge Atlee has issued a summons for his two sons to return to Clanton to discuss his estate. Ray Atlee is the elder, a Virginia law professor, newly single, still enduring the aftershocks of a surprise divorce. Forrest is Ray's younger brother, the family's black sheep. The summons is typed by the Judge himself, on his handsome old stationery, and gives the date and time for Ray and Forrest to appear in his study. Ray reluctantly heads south to his hometown, to the place he now prefers to avoid. But the family meeting does not take place. The Judge dies too soon, and in doing so leaves behind a shocking secret known only to Ray . . . and perhaps to someone else.","Crime & Thriller , Thriller","Grisham, John",Dell,2012,373,599 Денари
Long Gone,"Description ""Long Gone is a tremendous novel, and Alafair Burke is one of the finest young crime writers working today."" --Dennis Lehane, author of Moonlight Mile Echoing the intensity of Harlan Coben's Tell No One and the psychological depth of Laura Lippman's What the Dead Know, Alafair Burke's first stand-alone novel catapults her into the top ranks of modern suspense. In New York City's cut-throat world of art, appearances can be deceiving--especially when art world newcomer Alice Humphrey becomes a suspect in a gruesome murder at a Chelsea gallery, and is thrown into a treacherous labyrinth of intrigue, crime, and conspiracy. Now, Alice must discover the truth behind the murder before the unsolved mystery claims her as its next victim. --Karin Slaughter, New York Times-bestselling author of Fallen","Crime & Thriller , Thriller","Burke, Alafair",Harper Paperbacks,2012,370,1.099 Денари
"Not A Penny More, Not A Penny Less","Jeffrey Archer's first novel, Not a Penny More, Not a Penny Less, is page-turning tale of fraud, revenge and determination as four men stop at nothing to get back what was stolen from them. One million dollars - that's what Harvey Metcalfe, lifelong king of shady deals, has pulled off with empty promises of an oil bonanza and instant riches. Overnight, four men - the heir to an earldom, a Harley Street doctor, a Bond Street art dealer and an Oxford don - find themselves penniless. But this time Harvey has swindled the wrong men. They band together and shadow him from the casinos of Monte Carlo to the high-stakes windows at Ascot and the hallowed lawns of Oxford. Their plan is simple: to sting the crook for exactly what they lost - not a penny more, not a penny less.","Crime & Thriller , Thriller","Archer, Jeffrey",Pan Macmillan,2012,352,799 Денари
The House of Silk,"It is November 1890 and London is gripped by a merciless winter. Sherlock Holmes and Dr Watson are enjoying tea by the fire when an agitated gentleman arrives unannounced at 221B Baker Street. He begs Holmes for help, telling the unnerving story of a scar-faced man with piercing eyes who has stalked him in recent weeks.","Crime & Thriller , Thriller","Horowitz, Anthony",Orion Books,2012,405,300 Денари
Robert Ludlum's (Tm) the Janson Command,"Description Paul Janson, a character first featured in Robert Ludlum's bestselling novel The Janson Directive, has a new goal: save the world, one operative, one mission, one redemption at a time. Reformed from his days of covert-operations, Paul Janson has set a new mission for himself. Working in partnership with champion sharpshooter Jessica Kincaid, he rehabilitates disenchanted agents and helps them create new lives outside of the violent intelligence sector. These former operatives then form a network of support for Janson when it comes to his other job--Janson also takes on independent assignments. For a fee, he'll use his skills to resolve international crises. But only those actions that he believes contribute to the greater good of all. Whether he's rescuing an American doctor from Somalian pirates, attacking militant thugs intent on murdering a West African public servant agitating for human rights, or hunting the money-lenders who capitalize on barbaric civil war, Janson stays honest with three simple rules: 1) No torture. 2) No civilian casualties. 3) No killing anyone who doesn't try to kill them. Yet with his commitment to doing what is right--while facing canny intelligence operatives, ruthless warlords, deep sea marauders, or brutal dictators--Janson finds that his most difficult task is figuring out if he's fighting for the good side.","Crime & Thriller , Thriller","Garrison, Paul","Little, Brown & Company",2012,468,599 Денари
Whiplash River : A Novel,"Description ""Like Carl Hiaasen, Berney delights in the cartoonish. Like Elmore Leonard, he can drive a plot. What sets him apart is how well he evokes love, making the romance...as compelling as the mystery."" -Boston Globe Lou Berney immediately earned a seat of honor at the mystery masters' table with his crackling caper novel, Gutshot Straight-a lightning-fast, fiendishly clever suspenser that screamed for a sequel. And here it is. Former professional wheel man Charles ""Shake"" Bouchon is back, living in the Caribbean paradise of Belize with his lawless past far behind him-until a gunshot tears through his beachside restaurant and he's on the run again. A twisting tale filled with lawmen, con men, and hit men; a beautiful but deadly FBI agent; and a murderous thug named Baby Jesus, Whiplash River recalls the best of the off-the-wall crime fiction impresarios-Elmore Leonard, Carl Hiaasen, James W. Hall, Robert Ferrigno, Tim Dorsey-while establishing its own unique orbit in the noir universe.","Crime & Thriller , Thriller","Berney, Lou",HarperCollins Publishers Inc,2012,320,999 Денари
Gutshot Straight : A Novel,"Description ""Lou Berney's novel is so energetic, so droll, and so wheezingly funny that it accomplished what no book ever has before: it made me forget to eat lunch."" -Stephen Harrigan, New York Times bestselling author of Challenger Park A fast and funny caper in the tradition of Elmore Leonard, Carl Hiaasen, and the Coen Brothers, Gutshot Straight brings a fresh new talent into the crime fiction fold: Louis Berney. He's already won raves for his short fiction collection The Road to Bobby Joe and Other Stories (""Rivals the work of contemporary hotshots T.C. Boyle and Ralph Lombreglia"" -Chicago Tribune). With Gutshot Straight, Berney is ""all in""-sure to win a fervent following with the story of ""Shake"" Bouchon, fresh out of prison and on the straight and narrow path...after maybe just one last job.","Crime & Thriller , Thriller","Berney, Lou",HarperCollins Publishers Inc,2011,304,799 Денари
The Rainmaker,"Description #1 NEW YORK TIMES BESTSELLER It's summer in Memphis. The sweat is sticking to Rudy Baylor's shirt and creditors are nipping at his heels. Once he had aspirations of breezing through law school and punching his ticket to the good life. Now he doesn't have a job or a prayer--except for one: an insurance dispute that leaves a family devastated and opens the door for a lawsuit, if Rudy can find a way to file it. By the time Rudy gets to court, a heavyweight corporate defense team is there to meet him. And suddenly he's in over his head, plunged into a nightmare of lies and legal maneuverings. A case that started small is exploding into a thunderous million-dollar war of nerves, skill, and outright violence--a fight that could cost one young lawyer his life, or turn him into the biggest rainmaker in the land.","Crime & Thriller , Thriller","Grisham, John",Dell,2011,598,599 Денари
Dead Six SC,"Description Michael Valentine, veteran and former member of an elite private military company, has been recruited by the government to conduct a secret counter-terror operation in the Persian Gulf nation of Zubara. The unit is called Dead Six. Their mission","Crime & Thriller , Thriller","Correia, Larry",Baen Books,2011,626,499 Денари
Crashers,"Whenever a plane goes down in the U.S., a ""Go Team"" made up of experts is assembled by the NTSB to investigate. Those people - each of them a leading expert in a specific area - are known as informally as ""Crashers."" When a passenger plane, a Vermeer One Eleven, slams into the ground outside Portland, Oregon, a team is quickly assembled to investigate the cause. Under the leadership of the IIC (Investigator in Charge), Leonard ""Tommy"" Tomzak, the team gets to work as fast as possible. But this time it's different. This time, the plane was brought down deliberately, without leaving a trace, and this was only a trial run. In LA, Daria Gibron - a former Shin Bet agent, now under the protection of the FBI- spots a group of suspicious-looking men. Missing her former life of action, she attaches herself to them only to learn that, somehow, they were responsble for the plane crash and are preparing for another action. While her FBI handler tries to find her and save her, Daria risks her life to try to get close enough to learn what's going on and thwart the coming terrorist action. But time is running out and her cover story is running thin. Dana Haynes' novel Crashers is a fresh and utterly compelling thriller, an original mix of action, investigation and a brilliant cast of characters that grabs the reader in the way few novels can and fewer do.","Crime & Thriller , Thriller","Haynes, Dana",St. Martin's Press,2011,528,599 Денари
The Summons,"Description _______________________________________ An edge-of-your-seat legal thriller from the undisputed master of the courtroom drama. Ray Atlee teaches law at the University of Virginia. His ailing father, Judge Atlee, was once a loved - and feared - titan, towering over local law and politics in the ancestral Atlee home of Clanton, Mississippi. And now, entering his last days, he calls Ray home to discuss the family estate. Newly single and far from happy, Ray reluctantly heads south to meet his father. He never does. The Judge dies too soon, but leaves behind a shocking secret which Ray believes only he knows; a secret that could destroy Clanton's very foundations. And it soon becomes clear that Ray's wrong. He's not the only one who knows. _______________________________________ 'A master at the art of deft characterisation and the skilful delivery of hair-raising crescendos' - Irish Independent 'John Grisham is the master of legal fiction' - Jodi Picoult 'The best thriller writer alive' - Ken Follett 'John Grisham has perfected the art of cooking up convincing, fast-paced thrillers' - Telegraph 'Grisham is a superb, instinctive storyteller' - The Times 'Grisham's storytelling genius reminds us that when it comes to legal drama, the master is in a league of his own.' - Daily Record 'Masterful - when Grisham gets in the courtroom he lets rip, drawing scenes so real they're not just alive, they're pulsating' - Mirror 'A giant of the thriller genre' - TimeOut","Crime & Thriller , Thriller","Grisham, John",Cornerstone,2011,400,699 Денари
The Confession,"Description An innocent man is days from execution. Only a guilty man can save him. Travis Boyette is a murderer. In 1998, in the small East Texas city of Sloan, he abducted, raped, and strangled a popular high-school cheerleader. He buried her body so that it would never be found, then watched and waited as police and prosecutors arrested Donte Drumm, a local football star with no connection to the crime. Tried, convicted and sentenced, Drumm was sent to death row: his fate had been decided. Nine years later, Donte Drumm is four days from execution. Over 400 miles away in Kansas, Travis faces a fate of his own: an inoperable brain tumour will soon deliver the end. Reflecting on his miserable life, he decides to do what's right. After years of silence he is ready to confess. But how can a guilty man convince lawyers, judges and politicians that they're about to execute an innocent man?","Crime & Thriller , Thriller","Grisham, John",Cornerstone,2011,464,499 Денари
The Appeal,"Description _______________________________________ Money can buy you anything. Even a verdict... In a crowded courtroom in Mississippi, a jury returns a shocking guilty verdict against a chemical company. Accused of dumping toxic waste into a small town's water supply, causing the worst ""cancer cluster"" in history, the company knows it's in trouble. Their only avenue is to appeal to the Mississippi Supreme Court, whose nine justices will either approve the verdict or reverse it. But the company's owner, Carl Trudeau, isn't willing to let justice be done. Instead, he decides to try to purchase a seat on the Court. Through an intricate web of conspiracy and deceit, his political operatives recruit a young, unsuspecting candidate. They finance him, manipulate him, market him, and mould him into a potential Supreme Court justice. Their Supreme Court justice. And unless their scheme is exposed, the polluters will make a clean escape... _______________________________________ 'A master at the art of deft characterisation and the skilful delivery of hair-raising crescendos' - Irish Independent 'John Grisham is the master of legal fiction' - Jodi Picoult 'The best thriller writer alive' - Ken Follett 'John Grisham has perfected the art of cooking up convincing, fast-paced thrillers' - Telegraph 'Grisham is a superb, instinctive storyteller' - The Times 'Grisham's storytelling genius reminds us that when it comes to legal drama, the master is in a league of his own.' - Daily Record 'Masterful - when Grisham gets in the courtroom he lets rip, drawing scenes so real they're not just alive, they're pulsating' - Mirror 'A giant of the thriller genre' - TimeOut","Crime & Thriller , Thriller","Grisham, John",Cornerstone,2011,512,699 Денари
August,"Description Trapped in a car wreck, upside down, bleeding and in pain, Tristan and Grace are staring at death. When dawn breaks they might be seen from the road and rescued, or not. They wait desperately holding onto life, unravelling the sequence of events that brought them together. Tristan is a philosopher struggling with the question of free will. Grace's life of hardship allows no place for such ideas. But a brief encounter changes their lives, setting them on a collision course with love and death - and each other.","Crime & Thriller , Thriller","Beckett, Bernard",Hachette Children's Group,2011,208,599 Денари
Headhunters,"INTERNATIONAL BESTSELLER ? From the #1 New York Times bestselling author of Cockroaches comes a funny, dark, and twisted caper worthy of Quentin Tarantino and the Coen brothers?about an aspiring art thief and the target who's about to destroy his life. ?If you don't know Nesb?, it's time to get with it.? ?USA Today Roger Brown is a corporate headhunter, and he's a master of his profession. But one career simply can't support his luxurious lifestyle and his wife's fledgling art gallery. At an art opening one night he meets Clas Greve, who is not only the perfect candidate for a major CEO job, but also, perhaps, the answer to his financial woes: Greve just so happens to mention that he owns a priceless Peter Paul Rubens painting that's been lost since World War II?and Roger Brown just so happens to dabble in art theft. But when he breaks into Greve's apartment, he finds more than just the painting. And Clas Greve may turn out to be the worst thing that's ever happened to Roger Brown. Don't miss Jo Nesbo's new thriller, Killing Moon, coming soon!","Crime & Thriller , Thriller","Nesbo, Jo",Knopf Doubleday Publishing Group,2011,288,999 Денари
Worth Dying For : (Jack Reacher 15),"If anyone can put down Worth Dying For after the first few pages, then they shouldn't really be reading thrillers at all' - Independent There's deadly trouble in the wilds of Nebraska...and Reacher walks right into it. He falls foul of the Duncans, a local clan that has terrified an entire county into submission. But it's the unsolved case of a missing eight-year-old girl that Reacher can't let go. Reacher - bruised and battered - should have just kept on going. But for Reacher, that was impossible. What, in this fearful rural county, would be worth dying for? Although the Jack Reacher novels can be read in any order, Worth Dying For follows on directly from the end of 61 Hours","Crime & Thriller , Thriller","Child, Lee",TRANSWORLD PUBLISHERS LTD,2011,528,599 Денари
The Last Minute,"They framed me. They abducted my wife. They took my child. I want him back. Sam Capra has one reason to live: to reclaim his baby son from the people who kidnapped him. Teaming up with a young mother whose daughter went missing, he tracks his child across the country in a dangerous, desperate race against time. From the internationally bestselling author of Panic, The Last Minute is the most heart-stopping thriller of the year, from 'one of the best thriller writers of our time' (Harlan Coben).","Crime & Thriller , Thriller","Abbott, Jeff","Little, Brown Book Group",2011,496,699 Денари
Fired Up,"Description The New York Times bestselling author presents the story of a curse that spans generations, and the love that can heal it. . . . More than three centuries ago, Nicholas Winters irrevocably altered his genetic makeup in an obsessionfueled competition with alchemist and Arcane Society founder Sylvester Jones. Driven to control their psychic abilities, each man's decision has reverberated throughout the family line, rewarding some with powers beyond their wildest dreams, and cursing others to a life filled with madness and hallucinations. Jack Winters, descendant of Nicholas, has been experiencing nightmares and blackouts--just the beginning, he believes, of the manifestation of the Winters family curse. The legend says that he must find the Burning Lamp or risk turning into a monster. But he can't do it alone; he needs the help of a woman with the gift to read the lamp's dreamlight. Jack is convinced that private investigator Chloe Harper is that woman. Her talents for finding objects and accessing dream energy are what will save him, but their sudden and powerful sexual pull threatens to overwhelm them both. Danger surrounds them, and it doesn't take long for Chloe to pick up the trail of the missing lamp. And as they draw closer to the lamp, the raw power that dwells within it threatens to sweep them into a hurricane of psychic force.","Crime & Thriller , Thriller","Krentz, Jayne Ann",Penguin Putnam Inc,2011,417,599 Денари
No Second Chance : A Suspense Thriller,"When his child is taken, a father will stop at nothing to get her back in this explosive, white-knuckle thriller from the bestselling author and creator of the hit Netflix drama The Stranger. When the first bullet hit my chest, I thought of my daughter... Shot twice by an unseen assailant, Dr. Marc Seidman lies in a hospital bed. His wife has been killed. His six-month-old daughter has vanished. But just when his world seems forever shattered, the ransom note arrives: We are watching. If you contact the authorities, you will never see your daughter again. There will be no second chance. With no one to trust, and mired in a deepening quicksand of deception and deadly secrets, Marc clings to one unwavering vow: bring home his daughter, at any cost.","Crime & Thriller , Thriller","Coben, Harlan",Penguin Putnam Inc,2011,372,1.099 Денари
Child 44,"Description In a country ruled by fear, no one is innocent. Stalin's Soviet Union is an official paradise, where citizens live free from crime and fear only one thing: the all-powerful state. Defending this system is idealistic security officer Leo Demidov, a war hero who believes in the iron fist of the law. But when a murderer starts to kill at will and Leo dares to investigate, the State's obedient servant finds himself demoted and exiled. Now, with only his wife at his side, Leo must fight to uncover shocking truths about a killer-and a country where ""crime"" doesn't exist.","Crime & Thriller , Thriller","Smith, Tom Rob",Time Warner Trade Publishing,2011,468,999 Денари
Robert Ludlum's the Cassandra Compact : A Covert-One Novel,"Description What they're going to do, I never would have believed it...These were among the final words spoken by Yuri Danko, an officer in the medical division of Russia's security service, before his body was ripped apart by a spray of assassins' bullets. Danko's confidential appointment in Venice with Covert-One operative Jon Smith might have ended in death--but his secret didn't die with him... Now, in possession of Danko's classified papers, Smith and CIA undercover agent Randi Russell have unearthed a terrifying global conspiracy. A Serb terrorist, backed by Russians, is on a mission to spirit hazardous vials of deadly bacteria to a U.S. government agent--a shadowy figure whose motives for acquiring the bioweapon are made all the more unfathomable when both men are found murdered--and the strain is stolen. Time is running out for Smith and Russell to track it down, find the madman who possesses it, and stop him before he holds a defenseless world hostage with the power to render the human race extinct.","Crime & Thriller , Thriller","Ludlum, Robert",St Martin's Press,2011,454,599 Денари
Curse of the Spellmans,,"Crime & Thriller , Thriller",Lisa,Pocket Books,2010,,499 Денари
Kindred in Death,"When the newly promoted captain of the NYPSD and his wife return a day early from their vacation, they are looking forward to spending time with their bright and vivacious sixteen-year-old daughter, who stayed behind. Not even their worst nightmares could prepare them for the crime scene that awaits them instead. Deena has been brutally murdered in her bedroom, and her body shows signs of trauma that horrify even the toughest of cops, including our own Lieutenant Eve Dallas, who is specifically requested by the captain to investigate. When the evidence starts to pile up, Dallas and her team think they are about to arrest their perpetrator; little do they know that someone has gone to great lengths to tease and taunt them by using a variety of identities. Overconfidence can lead to careless mistakes. But for Dallas, one mistake might be all she needs to serve justice.","Crime & Thriller , Thriller","Robb, J. D.",Piatkus Books,2010,455,599 Денари
The Girl Who Played with Fire,"#1 NATIONAL BESTSELLER ? Lisbeth Salander returns in the next installment of the Girl with the Dragon Tattoo series: Part blistering espionage thriller, part riveting police procedural, and part piercing expos? on social injustice, this is a ?gripping, stay-up-all-night read? (Entertainment Weekly). ? Also known as the Millennium series The next installment of the Millennium series: Mikael Blomkvist, crusading publisher of the magazine Millennium, has decided to run a story that will expose an extensive sex trafficking operation. On the eve of its publication, the two reporters responsible for the article are murdered, and the fingerprints found on the murder weapon belong to his friend, the troubled genius hacker Lisbeth Salander. Blomkvist, convinced of Salander's innocence, plunges into an investigation. Meanwhile, Salander herself is drawn into a murderous game of cat and mouse, which forces her to face her dark past. Look for the latest book in the Girl with the Dragon Tattoo series, The Girl in the Eagle's Talons, coming soon!","Crime & Thriller , Thriller","Larsson, Stieg",Knopf Doubleday Publishing Group,2010,656,1.099 Денари
Fantasy in Death,"In the latest novel from #1 New York Times-bestselling author J.D. Robb, it is game over for the criminals pursued by NYPSD Lieutenant Eve Dallas. Bart Minnock, founder of the computer- gaming giant U-Play, enters his private playroom, and eagerly can't wait to lose himself in an imaginary world, to play the role of a sword-wielding warrior king, in his company's latest top-secret project, Fantastical. The next morning, he is found in the same locked room, in a pool of blood, his head separated from his body. It is the most puzzling case Eve Dallas has ever faced, and it is not a game. . . . NYPSD Lieutenant Eve Dallas is having as much trouble figuring out how Bart Minnock was murdered as who did the murdering. The victim's girlfriend seems sincerely grief-stricken, and his quirky-but-brilliant partners at U-Play appear equally shocked. No one seemed to have a problem with the enthusiastic, high-spirited millionaire. Of course, success can attract jealousy, and gaming, like any business, has its fierce rivalries and dirty tricks-as Eve's husband, Roarke, one of U- Play's competitors, knows well. But Minnock was not naive, and quite capable of fighting back in the real world as well as the virtual one. Eve and her team are about to enter the next level of police work, in a world where fantasy is the ultimate seduction-and the price of defeat is death. . . . Watch a Video","Crime & Thriller , Thriller","Robb, J. D.",G.P. Putnam's Sons,2010,356,300 Денари
Murder Inside the Beltway,"Rosalie Curzon, a Washington, D.C., call girl, is found bludgeoned to death in her Adams-Morgan apartment. At the murder scene a video camera is discovered nestled high on a bookshelf. Had the victim taped some of her clients during their sexual liaisons? As the investigation proceeds, so does business inside the Beltway. President Burton Pyle is heatedly running for reelection against consummate politician Robert Colgate, who is expected to win. Colgate, though, is not without cracks in his slick exterior: Rumors swirl about his failing marriage and various dalliances. But no one is prepared for the explosive development that erupts when the daughter of Colgate's closest friend is kidnapped and Detective Mary Hall and rookie cop Matthew Jackson uncover a shocking connection between the abduction, the Curzon case?and a killer no one will see coming.","Crime & Thriller , Thriller","Truman, Margaret",Random House Publishing Group,2010,352,499 Денари
The Charming Quirks of Others,"Description ISABEL DALHOUSIE - Book 7 Nothing captures the charm of Edinburgh like the bestselling Isabel Dalhousie series of novels featuring the insatiably curious philosopher and woman detective. Whether investigating a case or a problem of philosophy, the indefatigable Isabel Dalhousie, one of fiction's most richly developed amateur detectives, is always ready to pursue the answers to all of life's questions, large and small. Isabel has been asked for her help in a rather tricky situation: A successor is being sought for the headmaster at a local boys' school. The board has three final candidates but has received an anonymous letter alleging that one of them has a very serious skeleton in the closet. Could Isabel discreetly look into it? And so she does. What she discovers about all the candidates is surprising, but what she discovers about herself and about Jamie, the father of her young son, turns out to be equally revealing. Isabel's investigation will have her exploring issues of ambition, as well as of charity, forgiveness, and humility, as she moves nearer and nearer to some of the most hidden precincts of the heart. Here is Isabel Dalhousie at her beguiling best: intelligent, insightful, and with a unique understanding of the quirks of human nature.","Crime & Thriller , Thriller","Smith, Alexander McCall",Random House USA Inc,2010,272,1.399 Денари
Fade Away,"WINNER OF THE EDGAR AWARD - ""What sets Harlan Coben above the crowd are wit and . . . an entertaining plot.""--Los Angeles Times Book Review In novels that crackle with wit and suspense, Harlan Coben has created one of the most fascinating heroes in suspense fiction: the wisecracking, tenderhearted sports agent Myron Bolitar. In this gripping third novel in the acclaimed series, Myron must confront a past that is dead and buried--and more dangerous than ever before. The home is top-notch New Jersey suburban. The living room is Martha Stewart. The basement is Legos--and blood. The signs of a violent struggle. For Myron Bolitar, the disappearance of a man he once competed against is bringing back memories--of the sport he and Greg Downing had both played and the woman they both loved. Now, among the stars, the wannabes, the gamblers, and the groupies, Myron is embarking upon the strange ride of a sports hero gone wrong that just may lead to certain death. Namely, his own. Praise for Fade Away ""Brilliant . . . perfect for fans of Sue Grafton, Robert B. Parker, and everyone else.""--Nancy Pickard, author of The Scent of Rain and Lightning ""Fast action, snappy dialogue . . . [an] enjoyable read.""--The Toronto Star ""Great fun.""--Houston Chronicle","Crime & Thriller , Thriller","Coben, Harlan",Random House USA Inc,2010,355,599 Денари
The Pelican Brief,"Description In suburban Georgetown, a killer's Reeboks whisper on the floor of a posh home. In a seedy D.C. porno house, a patron is swiftly garroted to death. The next day America learns that two of its Supreme Court justices have been assassinated. And in New Orleans, a young law student prepares a legal brief. To Darby Shaw it was no more than a legal shot in the dark, a brilliant guess. To the Washington establishment it's political dynamite. Suddenly Darby is witness to a murder-a murder intended for her. Going underground, she finds that there is only one person-an ambitious reporter after a newsbreak hotter than Watergate-she can trust to help her piece together the deadly puzzle. Somewhere between the bayous of Louisiana and the White House's inner sanctums, a violent cover-up is being engineered. For someone has read Darby's brief-someone who will stop at nothing to destroy the evidence of an unthinkable crime.","Crime & Thriller , Thriller","Grisham, John",Random House USA Inc,2010,482,599 Денари
Presumed Innocent,"Rusty Sabich is a prosecuting lawyer in Chicago who enters a nightmare world when Carolyn, a beautiful attorney with whom he has been having an affair, is found raped and strangled. He stands accused of the crime. This 'insider' book by a Chicago lawyer was one of the great novels of the 1980s, selling more than nine million copies, and was made into a famous film starring Harrison Ford. It's a supremely suspenseful and compelling courtroom drama about ambition, weakness, hypocrisy and American justice.","Crime & Thriller , Thriller","Turow, Scott",Penguin,2010,422,1.199 Денари
Dark Places,"Description NEW YORK TIMES BESTSELLER - From the #1 New York Times bestselling author of Gone Girl, and the basis for the major motion picture starring Charlize Theron Libby Day was seven when her mother and two sisters were murdered in ""The Satan Sacrifice of Kinnakee, Kansas."" She survived--and famously testified that her fifteen-year-old brother, Ben, was the killer. Twenty-five years later, the Kill Club--a secret society obsessed with notorious crimes--locates Libby and pumps her for details. They hope to discover proof that may free Ben. Libby hopes to turn a profit off her tragic history: She'll reconnect with the players from that night and report her findings to the club--for a fee. As Libby's search takes her from shabby Missouri strip clubs to abandoned Oklahoma tourist towns, the unimaginable truth emerges, and Libby finds herself right back where she started--on the run from a killer. Praise for Dark Places ""[A] nerve-fraying thriller.""--The New York Times ""Flynn's well-paced story deftly shows the fallibility of memory and the lies a child tells herself to get through a trauma.""--The New Yorker ""Gillian Flynn coolly demolished the notion that little girls are made of sugar and spice in Sharp Objects, her sensuous and chilling first thriller. In Dark Places, her equally sensuous and chilling follow-up, Flynn . . . has conjured up a whole new crew of feral and troubled young females. . . . [A] propulsive and twisty mystery.""--Entertainment Weekly ""Flynn follows her deliciously creepy Sharp Objects with another dark tale . . . The story, alternating between the 1985 murders and the present, has a tense momentum that works beautifully. And when the truth emerges, it's so macabre not even twisted little Libby Day could see it coming.""--People (4 stars) ""Crackles with peevish energy and corrosive wit."" --Dallas Morning News ""A riveting tale of true horror by a writer who has all the gifts to pull it off.""--Chicago Tribune ""It's Flynn's gift that she can make a caustic, self-loathing, unpleasant protagonist someone you come to root for.""--New York Magazine ""[A] gripping thriller.""--Cosmopolitan ""Gillian Flynn is the real deal, a sharp, acerbic, and compelling storyteller with a knack for the macabre.""--Stephen King","Crime & Thriller , Thriller","Flynn, Gillian",Random House USA Inc,2010,349,999 Денари
Rules of Vengeance,"An ambush on a convoy of limousines turns a romantic rendezvous into a terrorist bloodbath and Doctors Without Borders physician Jonathan Ransom, appr","Crime & Thriller , Thriller","Reich, Christopher",Anchor Books,2010,580,499 Денари
Dead Shot,"Assassin Juba was originally trained by the British, but now works with a twisted mastermind determined to wrest leadership of the Islamic terrorist world from Al Qaeda. When Juba tests a new weapon by killing hundreds of people at a Britsh royal wedding in London, Kyle Swanson is assigned to hunt down his old special ops rival.","Crime & Thriller , Thriller","Coughlin, Jack",Pan Books,2010,359,399 Денари
61 Hours,"A tour bus crashes in a savage snowstorm and lands Jack Reacher in the middle of a deadly confrontation. In nearby Bolton, South Dakota, one brave wom","Crime & Thriller , Thriller","Child, Lee",Bantam Press,2010,395,499 Денари
Six Graves to Munich,"Description An explosive, non-stop thriller following one man's trail of violence across post-war Europe from the bestselling author of The Godfather. Michael Rogan was an intelligence officer behind enemy lines in World War II. But he made the mistake of falling in love, which gave him something to lose--or to be taken from him. Captured by the Nazis, Michael was treated as an experiment. A piece of meat. A subject upon which his captors committed atrocity upon atrocity. But not before they did the same to his wife--and unborn son. He's lived with the horror of that experience for ten years. Now, Michael Rogan has returned to Europe to find the men who tortured him. And he's going to make sure that they never have to live with the horror as he did...They will die with it. First published under a pseudonym in 1967, Six Graves to Munich was Mario Puzo's literary predecessor to his legendary novel, The Godfather. In this unsung classic, Puzo's trademark unflinchingly stark writing style, vivid descriptive skill, and relentless pace are exemplified in the genre of the spy novel. In his hands, the classic tale of revenge becomes a haunting study of humanity at its most visceral, offering a glimpse into a damaged soul whose only remaining purpose for living is to kill.","Crime & Thriller , Thriller","Puzo, Mario",Berkley Books,2010,216,799 Денари
And Thereby Hangs A Tale,"From Jeffrey Archer, the bestselling author of the Clifton Chronicles and Kane and Abel, comes his captivating sixth collection of short stories, And Hereby Hangs a Tale, full of magnificent characters and shocking plot twists. In 'High Heels' discover what happens in a loss adjuster's memorable first case where his wife has to explain why a pair of designer shows couldn't have gone up in flames. While on the streets of Delhi in 'Caste-Off' a man and woman fall in love while waiting for a traffic light to turn green. And in 'A Good Eye' a priceless Renaissance oil painting remains in the same family for generations until its current owner is face with a difficult choice . . . Jeffrey demonstrates his natural aptitude for short stories which are stylish, witty and entertaining. His mastery of characterization and suspense, combined with a gift for the unexpected, jaw-dropping plot twist, show him at the height of his powers and demonstrate why he is one of world's bestselling authors.","Crime & Thriller , Thriller","Archer, Jeffrey",Pan Macmillan,2010,288,699 Денари
The Eleventh Commandment,"A gripping spy thriller set at an addictive pace, from bestselling author, Jeffrey Archer. Connor Fitzgerald is the professional's professional. Holder of the Medal of Honour. Devoted family man. The CIA's most deadly weapon. But for twenty-eight years, he has been leading a double life. And only days from his retirement, he comes across an enemy even he cannot handle. The enemy is his own boss. And she has only one purpose: to destroy him. Meanwhile, the United States is faced with an equally formidable foe: a new Russian President, determined to force a military confrontation between the two superpowers. Ranging from the Oval Office in the White House to a Russian Mafia boss's luxurious hideaway outside St Petersburg, The Eleventh Commandment sets new standards in contemporary thriller writing. Jeffrey Archer scoops his readers up in the first paragraph, and doesn't let them go until the last. The pace, the ingenuity, the twists, intertwined with a moving love story, show Britain's bestselling writer at the peak of his page-turning powers.","Crime & Thriller , Thriller","Archer, Jeffrey",Pan Macmillan,2010,352,699 Денари
The Spire,"The new blockbuster from the thinking man's thriller writer A young college president struggles to save his once prestigious alma mater, Caldwell College, from a financial scandal which may be linked to the murder of a student, some seventeen years previously. The Caldwell campus is dominated by a large bell tower known as The Spire. The Spire ornaments the school yearbook, stationary, all publications. Steeped in lore, it tolls every hour of the school day; or to mark notable events such as athletic triumphs. But in 1993, the body of Angela Hall, a black student, was found at the foot of the Spire. Raped and murdered, she seemed oddly like a sacrifice to the newly-ominous college landmark... Gripping and razor-sharp, The Spire is both a hugely satisfying thriller and a poignant love story. Richard North Patterson has outdone himself-this is his most compelling novel in years.","Crime & Thriller , Thriller","Patterson, Richard North",Pan Macmillan,2010,400,499 Денари
The Eleventh Commandment,"Connor Fitzgerald is the professional's professional. Holder of the Medal of Honor. Devoted family man. Servant of his country. The CIA's most deadly weapon. But for the past twenty-eight years, Fitzgerald has been leading a double life. And only days from his retirement from the Agency, he comes across an enemy even he cannot handle. The enemy is his own boss, the Director of the CIA. And she has only one purpose: to destroy him. Meanwhile, the United States is faced with an equally formidable foe: a new Russian President, determined to force a military confrontation between the two superpowers. Ranging from the Oval Office in the White House to a Russian Mafia boss's luxurious hideaway outside St Petersburg, The Eleventh Commandment sets new standards in contemporary thriller writing. Jeffrey Archer scoops his readers up in the first paragraph, and doesn't let them go until the last. The pace, the ingenuity, the twists, intertwined with a moving love story, show Britain's bestselling writer at the peak of his page-turning powers.","Crime & Thriller , Thriller","Archer, Jeffrey",Pan Macmillan,2010,341,499 Денари
The Fourth Estate,"The world's most powerful newspaper barons - which of them will triumph? At first glance, Richard Armstrong and Keith Townsend seemed to have little in common. One was the son of an illiterate peasant, who emerged from the most backward corner of a Europe ravaged by a bitter war. The other was raised in a mansion on the far side of the world while the war was just another piece of news. One was a hustler, a thief, ready to change even his identity, if it would gain him a momentary advantage. The other was the scion of a well-known family, groomed for a public role, a rebel who didn't care if anyone approved of what he got up to. One craved wealth, recognition, status. The other quickly discovered that real power comes from anonymity. But they did have one thing in common. Both of them were gamblers. Both were prepared to risk everything in their battle to control the biggest newspaper empire in the world.","Crime & Thriller , Thriller","Archer, Jeffrey",Pan Macmillan,2010,598,499 Денари
Eight Days to Live,Number-one New York Times bestselling author Iris Johansen delivers a thriller that will chill you to the core: Eve Duncan's adopted daughter Jane has,"Crime & Thriller , Thriller","Johansen, Iris",St. Martin's Publishing Group,2010,448,499 Денари
Rupture,"'Find what you were looking for, Inspector?' - every day the same question. A different uniform but the same question - they thought Lucia enjoyed being here. They thought that was why she kept coming back. But they were asking the wrong thing. She had found what she was looking for - she had found what she had been sent to discover - but she had found out more besides. The question was what to do about it. The question was whether to do anything at all. In the depths of a sweltering summer, teacher Samuel Szajkowski walks into his school assembly and opens fire. He kills three pupils and a colleague before turning the gun on himself. Lucia May, the young policewoman who is assigned the case, is expected to wrap up things quickly and without fuss. The incident is a tragedy that could not have been predicted and Szajkowski, it seems clear, was a psychopath beyond help. Soon, however, Lucia becomes preoccupied with the question no one else seems to want to ask: what drove a mild-mannered, diffident school teacher to commit such a despicable crime?Piecing together the testimonies of the teachers and children at the school, Lucia discovers an uglier, more complex picture of the months leading up to the shooting. She realises too that she has more in common with Szajkowski than she could have imagined. As the pressure to bury the case builds, she becomes determined to tell the truth about what happened, whatever the consequences.","Crime & Thriller , Thriller","Lelic, Simon",Pan Macmillan Limited,2010,316,499 Денари
Innocent,,"Crime & Thriller , Thriller",Turow,Pan Macmillan Limited,2010,488,499 Денари
Shift,"Set in the crucible of the 1960s, 'Shift' is the story of Chandler Forrestal, a man whose life is changed forever when he is dragged into a cia mind-control experiment. After being given a massive dose of LSD, Chandler develops a frightening array of mental powers. Chandler?s heightened perception uncover a plot to assassinate president Kennedy. Propelled to prevent the conspiracy, Chandler is pursued by Rogue CIA Agents, Cuban killers, mafia madmen, and ex-nazi scientists. All the while haunted by a beautiful womanwith her own scandalous past to purge, her own score to setlle. Will Chandler be able to harness his shift and rewrite history?","Crime & Thriller , Thriller","Kring, Tim",Random House Incorporated,2010,356,1.048 Денари
Dark Summer,Devon Brady is a devoted veterinarian working in a makeshift hospital on a remote search and rescue mission. When a man arrives with his wounded black,"Crime & Thriller , Thriller","Johansen, Iris",St. Martin's Publishing Group,2009,384,499 Денари
The Taking of Pelham 1 2 3,"Grand Central station, New York. 1:23pm. What starts as a normal day on the New York City subway becomes a race against time when a commuter train is hijacked. It is packed with passengers and the ransom is one million dollars. The NYPD frantically pursue the train on the city streets, but the question remains: the subway is a closed system - surely there is no way out...But the four hijackers, led by a mercenary named Ryder, have thought about this. And once they receive their ransom money, they plan to send the train off at top speed toward the terminal station where it will crash, killing all the passengers.","Crime & Thriller , Thriller","Godey, John",Berkley Boulevard Books,2009,373,599 Денари
"Eye Of The Crow : The Boy Sherlock Holmes, His First Case","Sherlock Holmes, just thirteen, is a misfit. His highborn mother is the daughter of an aristocratic family, his father a poor Jew. Their marriage flouts tradition and makes them social pariahs in the London of the 1860s; and their son, Sherlock, bears the burden of their rebellion. Friendless, bullied at school, he belongs nowhere and has only his wits to help him make his way. But what wits they are! His keen powers of observation are already apparent, though he is still a boy. He loves to amuse himself by constructing histories from the smallest detail for everyone he meets. Partly for fun, he focuses his attention on a sensational murder to see if he can solve it. But his game turns deadly serious when he finds himself the accused -- and in London, they hang boys of thirteen. Shane Peacock has created a boy who bears all the seeds of the character who has mesmerized millions: the relentless eye, the sense of justice, and the complex ego. The boy Sherlock Holmes is a fascinating character who is sure to become a fast favorite with young readers everywhere.","Crime & Thriller , Thriller","Peacock, Shane",Tundra Books,2009,254,699 Денари
Hit and Run,"When Keller gets the call to make a hit on a man in Des Moines, he's tempted to pass. So far he's been lucky in his chosen profession, and he's pretty much got enough stashed away to retire. Just one more, he thinks. But he quickly finds that this job migh","Crime & Thriller , Thriller","Block, Lawrence",Harper Torch,2009,304,499 Денари
Digital Fortress,"When the National Security Agency's invincible code-breaking machine encounters a mysterious code it cannot break, the agency calls in its head cryptographer, Susan Fletcher, a brilliant, beautiful mathematician. What she uncovers sends shock waves through the corridors of power. The NSA is being held hostage - not by guns or bombs, but by a code so complex that if released would cripple U.S. intelligence. Caught in an accelerating tempest of secrecy and lies, Fletcher battles to save the agency she believes in. Betrayed on all sides, she finds herself fighting not only for her country but for her life, and in the end, for the life of the man she loves...","Crime & Thriller , Thriller","Brown, Dan",Corgi Books,2009,510,499 Денари
The Fourth Order : A Novel,"Description National security, terrorism, and human rights-these explosive issues lie at the heart of Stephen Frey's riveting new thriller, a high-octane novel of suspense, revenge, and intrigue. Dynamic chief financial officer Michael Rose is looking to add an exciting and profitable new dimension to energy conglomerate Trafalgar Industries via the major acquisition of CIS, a global information technology company. But it's far from a done deal, thanks to fierce resistance from CIS, and from certain members of Trafalgar's own board, to Rose's takeover proposal. But Rose isn't about to sacrifice his best shot at the score that could land him in the CEO's chair. While swiftly scaling the corporate ladder, Rose has played the big business power game expertly enough to know he has the moves to outmaneuver the opposition. But what Rose doesn't know is the truth about his latest adversaries at CIS-that they are linked to an organization hell-bent on a twisted mission and are lethal to anyone who stands in their way. The Order, an ultra-secret shadow government agency, was founded by high-level administration officials in reaction to the assassination of President Lincoln. Nearly 150 years later, the group was galvanized anew by the worst act of terror ever perpetrated on American soil-and pushed to dangerous extremes by the specter of fear . . . and the taste of power. The Order had always been sanctioned to manage national security at all costs, by any and all means, without consequences. But behind the sleek veneer of CIS Technologies, the fourth and newest incarnation of The Order not only maintains the ultimate nationwide surveillance and intelligence-gathering system, but conducts officially licensed covert operations rife with torture and murder-all in the name of freedom. The mission cannot and will not be jeopardized, even if innocent lives must be sacrificed. Unfortunately Michael Rose doesn't yet realize that his hardball tactics have made him the Order's number one hard target, and his penchant for playing to win has brought him unwittingly into a deadly duel with an enemy more powerful than he can imagine. In a world where the rule is kill or be killed, Rose's rep for sealing deals might just seal his fate.","Crime & Thriller , Thriller","Frey, Stephen",Random House USA Inc,2009,384,499 Денари
Made to Be Broken,"Description The author of the acclaimed Women of the Otherworld series returns with her latest novel featuring an exciting heroine with a lethal hidden talent. This time she's hot on the trail of a young woman no one else cares about--and a killer who's bound to strike again. Nadia Stafford isn't your typical nature lodge owner. An ex-cop with a legal code all her own, she's known only as ""Dee"" to her current employer: a New York crime family that pays her handsomely to bump off traitors. But when Nadia discovers that a troubled teenage employee and her baby have vanished in the Canadian woods, the memory of a past loss comes back with a vengeance and her old instincts go into overdrive. With her enigmatic mentor, Jack, covering her back, Nadia unearths sinister clues that point to an increasingly darker and deadlier mystery. Now, with her obsession over the case deepening, the only way Nadia can right the wrongs of the present is to face her own painful ghosts--and either bury them for good, or die trying. Because in her book everyone deserves a chance. And everyone deserves justice.","Crime & Thriller , Thriller","Armstrong, Kelley",Random House USA Inc,2009,416,499 Денари
Mercedes Coffin,"Billionaire genius Genoa Greeves never got over the shocking death of her favorite teacher, Bennett ""Dr. Ben"" Alston Little, murdered execution-style and stuffed into the trunk of his Mercedes-Benz. No arrests were ever made, no killer charged for the brutal crime. Fifteen years later, the high-tech CEO reads about another execution-style murder; this time the victim is a Hollywood music producer named Primo Ekerling. There is no obvious connection, but the case is eerily similar to Little's and Genoa feels the time is right to close Dr. Ben's case once and for all--offering the L.A.P.D. a substantial financial ""incentive"" if justice is finally served for Little. Lieutenant Peter Decker resents having to commit valuable manpower to a fifteen-year-old open case simply because a rich woman says ""Jump!"" Still, the recent murder of Primo Ekerling does bear a disturbing resemblance to Little's case, even though two thug suspects are currently behind bars for the Ekerling murder. Decker can't help but wonder about a connection. His first phone calls are to the two primary investigators in the Little case, retired detectives Calvin Vitton and Arnie Lamar. Lamar is cooperative, but Vitton is not only reluctant to talk, he winds up dead of a suspicious suicide twelve hours later. Plunging into this long-buried murder, Decker discovers that even though the two slayings are separated by a decade and a half, there is still plenty of greed, lust, and evil to connect the dots. Decker's team of top investigators not only includes his favorite homicide detectives, Scott Oliver and Marge Dunn, but also his newly minted Hollywood detective daughter, Cindy Kutiel, whose help proves to beinvaluable. His wife, Rina Lazarus, continues to be his backbone of support, offering a cool, rational outlook despite her growing concern for her husband's welfare and safety. Rina's worries and fears begin to build at a fevered pitch as past and present collide with a vengeance, catapulting an unsuspecting Peter Decker closer and closer to the edge of an infinite dark abyss. A relentlessly gripping tale spun by a master, Faye Kellerman's ""The Mercedes Coffin"" races through a dangerous urban world of fleeting fame and false dreams, making heart-pumping hairpin turns at each step of a terrifying journey, where truth and justice are fine lines between life and death.","Crime & Thriller , Thriller","Kellerman, Faye",Harper Collins,2009,416,499 Денари
Acts of Mercy,"From New York Times bestselling author Mariah Stewart comes a novel of sexy romantic suspense for fans of Nora Roberts, Catherine Coulter, and Karen Robards. Former FBI agent Sam Delvecchio brings the keen skills of a profiler to his new position as a Mercy Street Foundation operative?and not a moment too soon. His first assignment, the cold-case murder of a local soup kitchen volunteer, has all the telltale signs of a serial killer's work. That grim suspicion is confirmed when FBI agent Fiona Summers shares the details of two other killings with eerie similarities to Sam's case: The bodies in all three cases have been carefully posed. And when a fourth victim is discovered, the two investigators realize they're pursuing the same twisted quarry. Local parish priest Kevin Burch, Mercy Street founder Robert Magellan's cousin, recognizes the posings for what they are: The killer is staging the church' s seven Acts of Mercy (?Feed the hungry, clothe the naked . . .?) with the bodies of his victims. But as Sam and Fiona race to prevent the final three murders, taunting messages from their target lead to the most chilling realization of all.","Crime & Thriller , Thriller","Stewart, Mariah",Random House Publishing Group,2009,368,300 Денари
Found Wanting,"Richard Eusden is on his way to work in London one unremarkable winter morning when he is intercepted by his ex-wife, Gemma. She has sad news of his old friend, Marty Hewitson. Marty is dying, but needs a favour done for him at once. Eusden reluctantly agrees and sets off on what should be a simple errand. But soon it turns into a race for life, his and Marty's, across Belgium, Germany and Denmark and on into the Nordic heart of a mystery that somehow connects Marty's long dead grandfather, Clem Hewitson, an Isle of Wight police officer, with the tragic fate of the Russian Royal Family. Eusden discovers to his dismay that he can trust no-one, not even an old and dying friend, in a battle for survival with those who are determined to steal the secret they believe he and Marty hold -- and will kill for it if they have to.","Crime & Thriller , Thriller","Goddard, Robert",Transworld Publishers Limited,2009,448,499 Денари
Wicked Prey,"Danger stalks Lucas Davenport at work and all too close to home, in the superlative new thriller by the #1 New York Times bestselling author. For twenty years, John Sandford s novels have been beloved for their ingenious plots, vivid characters, crisp dialogue and endless surprises (The Washington Post), and nowhere are those more in evidence than in the sudden twists and shocks of Wicked Prey. The Republicans are coming to St. Paul for their convention. Throwing a big party is supposed to be fun, but crashing the party are a few hard cases the police would rather stayed away. Chief among them is a crew of professional stickup men who ve spotted several lucrative opportunities, ranging from political moneymen with briefcases full of cash to that armored-car warehouse with the weakness in its security system. All that s headache enough for Lucas Davenport but what s about to hit him is even worse. A while back, a stray bullet put a pimp and petty thief named Randy Whitcomb in a wheelchair, and, ever since, the man has been nursing his grudge into a full head of psychotic steam. He blames Davenport for the bullet, but it s no fun just shooting him. That wouldn t be painful enough. Not when Davenport has a pretty fourteen-year-old adopted daughter that Whitcomb can target instead. . . . And then there s the young man with the .50 caliber sniper rifle and the right- wing-crazy background, roaming through a city filled with the most powerful politicians on earth. . . . Rich with his brilliant trademark suspense and some of the best characters in suspense fiction, Wicked Prey is further proof that Sandford is one of the most consistently entertaining crime writers working today (Booklist).","Crime & Thriller , Thriller","Sandford, John",G.P. Putnam's Sons,2009,402,1.999 Денари
The Gun Seller,"Description When Thomas Lang, a hired gunman with a soft heart, is contracted to assassinate an American industrialist, he opts instead to warn the intended victim - a good deed that doesn't go unpunished. Within hours Lang is butting heads with a Buddha statue, matching wits with evil billionaires, and putting his life (among other things) in the hands of a bevy of femmes fatales, whilst trying to save a beautiful lady ... and prevent an international bloodbath to boot. A wonderfully funny novel from one of Britain's most famous comedians and star of award-winning US TV medical drama series, House.","Crime & Thriller , Thriller","Laurie, Hugh",Cornerstone,2009,352,699 Денари
Roses are Red,"Description A series of meticulously planned bank robberies ends in murder, and detective Alex Cross must pit his wits against the bizarre and sadistic mastermind behind the crimes. Although torn between dedication to his job and commitment to his family, Cross cannot ignore the case, despite the risks he knows will come with hunting down a killer - and the heartbreaking cost. James Patterson's bestseller takes us from deep inside the crazy world of a psychopath's masquerade right to the heart of fiction's most brilliant detective, Alex Cross, in an explosive tale where mind games lead to violence and the slightest mistake will be punished with death.","Crime & Thriller , Thriller","Patterson, James",Headline Publishing Group,2009,448,799 Денари
The Girl with the Dragon Tattoo,"ONE OF TIME MAGAZINE'S 100 BEST MYSTERY AND THRILLER BOOKS OF ALL TIME ? #1 NATIONAL BESTSELLER ? The thrilling first book in the Girl with the Dragon Tattoo series featuring Lisbeth Salander: ?Combine the chilly Swedish backdrop and moody psychodrama of a Bergman movie with the grisly pyrotechnics of a serial-killer thriller, then add an angry punk heroine and a down-on-his-luck investigative journalist, and you have the ingredients of Stieg Larsson's first novel? (The New York Times). ? Also known as the Millennium series   Harriet Vanger, a scion of one of Sweden's wealthiest families disappeared over forty years ago. All these years later, her aged uncle continues to seek the truth. He hires Mikael Blomkvist, a crusading journalist recently trapped by a libel conviction, to investigate. He is aided by the pierced and tattooed punk prodigy Lisbeth Salander. Together they tap into a vein of unfathomable iniquity and astonishing corruption.   Look for the latest book in the Girl with the Dragon Tattoo series, The Girl in the Eagle's Talons!","Crime & Thriller , Thriller","Larsson, Stieg",Knopf Doubleday Publishing Group,2009,608,1.099 Денари
Angels And Demons : (Robert Langdon Book 1),"Description CERN Institute, Switzerland: a world-renowned scientist is found brutally murdered with a mysterious symbol seared onto his chest. The Vatican, Rome: the College of Cardinals assembles to elect a new pope. Somewhere beneath them, an unstoppable bomb of terrifying power relentlessly counts down to oblivion. In a breathtaking race against time, Harvard professor Robert Langdon must decipher a labyrinthine trail of ancient symbols if he is to defeat those responsible - the Illuminati, a secret brotherhood presumed extinct for nearly four hundred years, reborn to continue their deadly vendetta against their most hated enemy, the Catholic Church.","Crime & Thriller , Thriller","Brown, Dan",TRANSWORLD PUBLISHERS LTD,2009,624,699 Денари
Mind's Eye : An Inspector Van Vetteren Mystery (1),"Description International Bestseller Hakan Nesser is firmly established as one of the world's bestselling crime novelists. And now the novel that introduced Chief Inspector Van Veeteren is available for the first time in English. The swift conviction left Van Veeteren uneasy: Janek Mitter woke one morning with a brutal hangover and his wife dead in the bathtub. With only the flimsiest defense, he is found guilty and imprisoned in a mental institution. But when Mitter is murdered in his bed, Van Veeteren regrets not following his gut and launches an investigation into the two murders. As the chief inspector delves deeper, the twisted root of these violent murders will shock even him.","Crime & Thriller , Thriller","Nesser, Hakan",Vintage Crime/Black Lizard,2009,277,999 Денари
Angels & Demons - Movie Tie-In,"From the #1 New York Times bestselling author of The Da Vinci Code comes the book that started it all?the first explosive adventure for world-renowned symbologist Robert Langdon. World-renowned Harvard symbologist Robert Langdon is summoned to a Swiss research facility to analyze a cryptic symbol seared into the chest of a murdered physicist. What he discovers is unimaginable: a deadly vendetta against the Catholic Church by a centuries-old underground organization?the Illuminati. Desperate to save the Vatican from a powerful time bomb, Langdon joins forces in Rome with the beautiful and mysterious scientist Vittoria Vetra. Together they embark on a frantic hunt through sealed crypts, dangerous catacombs, deserted cathedrals, and the most secretive vault on earth...the long-forgotten Illuminati lair. Angels & Demons is a major motion picture from Sony Pictures?starring Tom Hanks, Ewan McGregor, and Ayelet Zurer, and directed by Ron Howard.","Crime & Thriller , Thriller","Brown, Dan",Pocket Books,2009,608,499 Денари
Still Life,"New York Times bestselling author Joy Fielding delivers a riveting tale of suspense, told from the viewpoint of a young woman trapped in a coma, but all-too-aware of the terrible things being done to her Beautiful, happily married, surrounded by loving friends, and the owner of a successful interior design business, Casey Marshall couldn't be more content with her life. Until a car slams into her at almost fifty miles an hour, breaking nearly every bone in her body, and plunging her into a coma that leaves her conscious but unable to move or communicate. Lying in her hospital bed, observing and listening to visitors, who assume she is oblivious to what they are saying, she quickly discovers that her friends aren't necessarily the people she thought them to be?and that her accident might not have been an accident at all. As she struggles to break free from her living death, she begins to wonder if what lies ahead could be even worse. ?It is Fielding's ability to get under the skin of her characters?and her readers?that has made her such a dependably bestselling author,? says the Calgary Herald . Smart, suspenseful, and overwhelmingly addictive, Still Life is a novel her fans won't soon forget.","Crime & Thriller , Thriller","Fielding, Joy",Pocket Books,2009,432,499 Денари
Night of Thunder,"New York Times bestselling author Stephen Hunter sends former Marine sniper Bob Lee Swagger deep into the heart of NASCAR country in this action-packed thriller. Talk about a ride! Woe unto he who crosses Bob Lee Swagger, especially when his daughter's life is at stake. Forced off the road and into a crash that leaves her in a coma, clinging to life, reporter Nikki Swagger had begun to peel back the onion of a Southern-fried-conspiracy bubbling with all the angst, resentment, and dysfunction that Dixie gangsters can muster. An ancient, violent crime clan, a possibly corrupt law enforcement structure, gunmen of all stripes and shapes, and deranged evangelicals rear their ugly heads and will live to rue the day they targeted the wrong man's daughter. It's what you call your big-time bad career move. All of it is set against the backdrop of excitement and insanity that only a weeklong NASCAR event can bring to the backwoods of a town as seemingly sleepy as Bristol, Tennessee. A master at the top of his game, Hunter provides a host of thrilling new reasons to read as fast as we can. When Swagger picks up peeling where his daughter left off, and his swift sword of justice is let loose, we find a true American hero in his most stunning action to date. And?in the form of Brother Richard, a self-decreed ?Sinnerman? out of the old fire-and-brimstone tradition?Hunter offers up his most diabolical, engaging villain yet. A triumph of story, character, and style, Night of Thunder is Stephen Hunter at his very best.","Crime & Thriller , Thriller","Hunter, Stephen",Pocket Star,2009,480,599 Денари
The Lost Symbol,"WHAT WAS LOST WILL BE FOUND... Washington DC: Harvard symbologist Robert Langdon is summoned at the last minute to deliver an evening lecture in the Capitol Building. Within moments of his arrival, however, a disturbing object - gruesomely encoded with fiv","Crime & Thriller , Thriller","Brown, Dan",Transworld Digital,2009,509,1.799 Денари
Charley's Web,The story of an ambitious journalist whose foray into the mind of a killer puts her own family in jeopardy.,"Crime & Thriller , Thriller","Fielding, Joy",Pocket Star Books,2008,581,499 Денари
The Sanctuary,,"Crime & Thriller , Thriller","Khoury, Raymond",Signet,2008,468,499 Денари
Dance with the Dragon,"The CIA is on edge. All signs indicate that something is coming at the United States. Perhaps another 9/11, maybe bigger.Then the body of CIA agent Louis Updegraf ends up on the steps of the US Embassy in Mexico. His last operation was to tap into the communications of the Chinese Embassy, but there is no record of why. He appeared to be freelancing and the Agency must scramble to get a clue as to what he was after. Kirk McGarvey, serving as a visiting professor at the University of Florida, is once again longing for the action of the field. So when his old friend Otto Rencke asks him to help figure out the connection between China and the murdered agent, it takes almost no effort to get McGarvey up and running. The only informant they can find is an enigmatic Iranian belly dancer - the dark and lovely Shahrzad Shadmand. But her story changes with the wind, and her knowledge of McGarvey's past is uncanny. Kirk McGarvey must unravel her shattered mind to get to something that might resemble the truth.","Crime & Thriller , Thriller","Hagberg, David",St Martin's Press,2008,448,499 Денари
Smoke Screen,"When newswoman Britt Shelley wakes up to find herself in bed with Jay Burgess, a rising star detective in the Charleston police force, she remembers nothing of how she got there-- or of how Jay wound up dead. A disgraced firefighter realizes that the newswoman, Jay's last sexual conquest, might be his only chance to get personal vindication-- and justice for the seven victims of a police station fire that merits further investigation.","Crime & Thriller , Thriller","Brown, Sandra",Pocket Books,2008,533,499 Денари
The Return : An Inspector Van Veeteren Mystery (3),"Description International Bestseller Chief Inspector Van Veeteren is forced to unlock the secrets of a nearly perfect murder in this taut psychological thriller. On a rainy April day, a body--or what is left of it--is found by a young girl. Wrapped in a blanket with no hands, feet, or head, it signals the work of a brutal, methodical killer. The victim, Leopold Verhaven, was a track star before he was convicted for killing two of his ex-lovers. He consistently proclaimed his innocence, however, and was killed on the day of his return to society. This latest murder is more than a little perplexing and Chief Inspector Van Veeteren is determined to discover the truth, even if it means taking the law into his own hands.","Crime & Thriller , Thriller","Nesser, Hakan",Vintage Crime/Black Lizard,2008,321,899 Денари
The Suspect,"Carelessly confident that the cops will recognize his innocence when his wife is found murdered, Stuart Gorman tells them everything-and becomes not only the number-one suspect, but number-one with a bullet. He reluctantly hires lawyer Gina Roake. Back in the game after a personal loss of her own, Gina knows all too well that innocence is no guarantee of justice...","Crime & Thriller , Thriller","Lescroart, John",Penguin Publishing Group,2008,528,599 Денари
Dark of the Moon,Three murders in just as many weeks in the quiet rural town of Bluestem is unheard of. It's also no coincidence. And it's not over: Detective Virgil F,"Crime & Thriller , Thriller","Sandford, John",Penguin Group (USA) Incorporated,2008,326,499 Денари
Scarpetta,"Leaving behind her Charleston forensic pathology practice to accept an assignment in New York City, Kay Scarpetta learns the story of an injured psychiatric patient who claims he was attacked by a stalker who was killing someone else at the time.","Crime & Thriller , Thriller","Cornwell, Patricia Daniels",Berkley Books,2008,432,300 Денари
Stalin's Ghost : An Arkady Renko Novel,"Description Detective Arkady Renko returns to Moscow in the internationally bestselling series about Russian crimes, broken hearts, and the mysteries of the soul. Investigator Arkady Renko, the pariah of the Moscow prosecutor's office, has been assigned the thankless job of investigating a new phenomenon: late-night subway riders report seeing the ghost of Joseph Stalin on the platform of the Chistye Prudy Metro station. The illusion seems part political hocus-pocus and also part wishful thinking, for among many Russians Stalin is again popular; the bloody dictator can boast a two-to-one approval rating. Decidedly better than that of Renko, whose lover, Eva, has left him for Detective Nikolai Isakov, a charismatic veteran of the civil war in Chechnya, a hero of the far right and, Renko suspects, a killer for hire. The cases entwine, and Renko's quests become a personal inquiry fueled by jealousy. The investigation leads to the fields of Tver outside of Moscow, where once a million soldiers fought. There, amidst the detritus, Renko must confront the ghost of his own father, a favorite general of Stalin's. In these barren fields, patriots and shady entrepreneurs -- the Red Diggers and Black Diggers -- collect the bones, weapons and personal effects of slain World War II soldiers, and find that even among the dead there are surprises.","Crime & Thriller , Thriller","Smith, Martin Cruz",Gallery Books,2008,333,899 Денари
The Final Warning: A Maximum Ride Novel,,"Crime & Thriller , Thriller","PATTERSON, JAMES",Grand Central Publishing,2008,,628 Денари
Bad Luck and Trouble,"It wasn't the welcome Reacher expected. He was just passing through, minding his own business. But within minutes of his arrival a deputy is in the ho","Crime & Thriller , Thriller","Child, Lee",Bantam Doubleday Dell,2008,527,599 Денари
No Time for Goodbye,,"Crime & Thriller , Thriller","Barclay, Linwood",Bantam Books,2008,468,499 Денари
The Intruders,"For ex-cop Jack Whalen, it all begins with a visit from a childhood friend, a lawyer who needs Jack's help. The family of a noted scientist has been s","Crime & Thriller , Thriller","Marshall, Michael",HarperCollins,2008,416,499 Денари
Robert Ludlum The Bourne Betrayal,"Already devastated by loss, Bourne is shattered by a report that his last friend in the world, Martin Lindros, has gone missing. A CI deputy director, Lindros was in Ethiopia tracking suspicious shipments of yellowcake uranium and atomic bomb weaponry. His last lifeline to tumanity, Bourne will not let Lindros go. Despite his hatred for CI, Bourne sets out to rescue his friend and finish the job - dismantling a terrorist network determined to build nuclear armaments by cutting off their source of money.","Crime & Thriller , Thriller","Lustbader, Eric Van",Hachette Book Group USA,2007,486,899 Денари
Gone,"No one conducts a more chilling, suspenseful, thoroughly engrossing tour through the winding corridors of criminal behavior and the secret chambers of psychopathology than Jonathan Kellerman, the bestselling ?master of the psychological thriller? (People). Now the incomparable team of psychologist Alex Delaware and homicide cop Milo Sturgis embark on their most dangerous excursion yet, into the dark places where risk runs high and blood runs cold. It's a story tailor-made for the nightly news: Dylan Meserve and Michaela Brand, young lovers and fellow acting students, vanish on the way home from a rehearsal. Three days later, the two of them are found in the remote mountains of Malibu -battered and terrified after a harrowing ordeal at the hands of a sadistic abductor. The details of the nightmarish event are shocking and brutal: The couple was carjacked at gunpoint by a masked assailant and subjected to a horrific regimen of confinement, starvation and assault. But before long, doubts arise about the couple's story, and as forensic details unfold, the abduction is exposed as a hoax. Charged as criminals themselves, the aspiring actors claim emotional problems, and the court orders psychological evaluation for both. Michaela is examined by Alex Delaware, who finds that her claims of depression and stress ring true enough. But they don't explain her lies, and Alex is certain that there are hidden layers in this sordid psychodrama that even he hasn't been able to penetrate. Nevertheless, the case is closed?only to be violently reopened when Michaela is savagely murdered. When the police look for Dylan, they find that he's gone. Is he the killer or a victim himself? Casting their dragnet into the murkiest corners of L.A., Delaware and Sturgis unearth more questions than answers?including a host of eerily identical killings. What really happened to the couple who cried wolf? And what bizarre and brutal epidemic is infecting the city with terror, madness, and sudden, twisted death? From the Hardcover edition.","Crime & Thriller , Thriller","Kellerman, Jonathan",Ballantine Books,2007,456,300 Денари
Hidden Depths,"A hot summer on the Northumberland coast, and Julie Armstrong arrives home from a night out to find her son murdered. Luke has been strangled, laid out in a bath of water and covered with wild flowers. This stylized murder scene has Inspector Vera Stanhope and her team intrigued.","Crime & Thriller , Thriller","Cleeves, Ann",Pan Books,2007,370,399 Денари
The Danger,"A beautiful Italian girl driving home in an open top sports car, a little boy playing on a south Coast beach and the Senior Steward of the Jockey Club","Crime & Thriller , Thriller","Francis, Dick",Pan Books,2007,405,499 Денари
Crisis,"When Dr. Craig Bowman is served with a summons for medical malpractice, he's shocked, enraged, and more than a little humiliated. A devoted physician who works continuously in the service of others, he endured grueling years of training and is now a partner in an exclusive concierge medical practice. No longer forced to see more and more patients while spending less and less time with each one just to keep his office door open, he now provides the kind of medical care he is trained to do, lavishing twenty-four-hour availability and personalized attention on his handpicked patients. And at last, he is earning a significant income, no longer burdened by fallinfalling reimbursements from insurance companies.But this idyllic practice comes to a grinding halt one sunny afternoon-and gets much, much worse. Enter Dr. Jack Stapleton, a medical examiner in New York City and Bowman'sbrother-in-law: Jack's sister Alexis-now Craig's estranged wife-tearfully begs for his help as her husband's trial drags on. Jack agrees to travel to Boston to offer his forensic services and expert witness experience to Craig's beleaguered defense attorney. But when Jack's irreverent suggestion to exhume the corpse to disprove the alleged malpractice is taken seriously, he opens a Pandora's box of trouble. As Craig Bowman's life and career are put on the line, Jack is on the verge of making a mostunwelcome discovery of tremendous legal and medical significance-and thereare people who will do anything to keep him from learning the truth.","Crime & Thriller , Thriller","Cook, Robin",Pan Books,2007,532,499 Денари
Sharp Objects,"Description NOW AN HBO(R) LIMITED SERIES STARRING AMY ADAMS, NOMINATED FOR EIGHT EMMY AWARDS, INCLUDING OUTSTANDING LIMITED SERIES FROM THE #1 NEW YORK TIMES BESTSELLING AUTHOR OF GONE GIRL Fresh from a brief stay at a psych hospital, reporter Camille Preaker faces a troubling assignment: she must return to her tiny hometown to cover the murders of two preteen girls. For years, Camille has hardly spoken to her neurotic, hypochondriac mother or to the half-sister she barely knows: a beautiful thirteen-year-old with an eerie grip on the town. Now, installed in her old bedroom in her family's Victorian mansion, Camille finds herself identifying with the young victims--a bit too strongly. Dogged by her own demons, she must unravel the psychological puzzle of her own past if she wants to get the story--and survive this homecoming. Praise for Sharp Objects ""Nasty, addictive reading.""--Chicago Tribune ""Skillful and disturbing.""--Washington Post ""Darkly original . . . [a] riveting tale.""--People","Crime & Thriller , Thriller","Flynn, Gillian",Random House USA Inc,2007,254,999 Денари
Borkmann's Point,"Description International Bestseller Internationally bestselling author Hakan Nesser makes his U.S. debut with this riveting tale of murder and suspense that reveals the deep humanity of the characters portrayed even as it sends chills up the spine. Chief Inspector Van Veeteren is called to the sleepy coastal town of Kalbringen to assist the local police in the investigation of two recent ax murders. Soon the case turns from bad to worse when another body turns up and one of Van Veeteren's colleagues, a young female detective, disappears without a trace. Now Van Veeteren must find the killer, and, it is hoped, his colleague, before anyone else comes to harm. Riveting and intellectually satisfying, Borkmann's Point unfolds like a chess match where each move could prove deadly.","Crime & Thriller , Thriller","Nesser, Hakan",Random House USA Inc,2007,321,899 Денари
Hannibal Rising,He is one of the most haunting characters in all of literature. At last the evolution of his evil is revealed. ,"Crime & Thriller , Thriller","Harris, Thomas",Random House Publishing Group,2007,384,499 Денари
The Afghan,"Description When British and American intelligence catch wind of a major Al Qaeda operation in the works, they are primed for action - but what can they do? They know nothing about the attack: the what, where or when. They have no sources in Al Qaeda, and it's impossible to plant someone. Impossible, unless . . . The Afghan is Izmat Khan, a five-year prisoner of Guantanamo Bay and a former senior commander of the Taliban. The Afghan is also Colonel Mike Martin, a 25-year veteran of war zones around the world, a dark, lean man born and raised in Iraq. In an attempt to stave off disaster, the intelligence agencies will try to do what no one has ever done before - pass off a Westerner as an Arab among Arabs - pass off Martin as the trusted Khan. It will require extraordinary preparation, and then extraordinary luck, for nothing can truly prepare Martin for the dark and shifting world he is about to enter. Or for the terrible things he will find there . . . The Day of the Jackal, The Dogs of War, The Odessa File - the books of Frederick Forsyth have helped define the international thriller as we know it today. Combining meticulous research with crisp narratives and plots as current as the headlines, Forsyth shows us the world as it is, in a way that few have ever been able to equal. And the world as it is today is a very scary place . . .","Crime & Thriller , Thriller","Forsyth, Frederick",TRANSWORLD PUBLISHERS LTD,2007,464,799 Денари
Gold Mine,"Description ""Gold Mine"" by Wilbur SmithNorth of Johannesburg, five companies share the Kitchenerville fields, furiously blasting and digging deep into the earth. For some men, gold mining is a way of life--and death. For some it's just a business. For one man, it's the most dangerous game of all...Rod Ironsides makes love to his boss's wife and drives his miners faster and harder than anyone has ever dared. A few weeks ago, Ironsides had a passion for golf and one-night stands. Now, he has been handed a prize and a curse: to blast through rock and reap a fortune--or be destroyed.From a split-second, oxygen-sucking explosion to a looming underground wall of water, there are a dozen ways Rod can fail. But his passion and fury won't let him back down from a conspiracy he cannot see: men who want to turn his mine into a death trap--for the bloodiest pay-day of all...","Crime & Thriller , Thriller","Smith, Wilbur",St Martin's Press,2006,264,499 Денари
Gold Mine,"Description ""Gold Mine"" by Wilbur SmithNorth of Johannesburg, five companies share the Kitchenerville fields, furiously blasting and digging deep into the earth. For some men, gold mining is a way of life--and death. For some it's just a business. For one man, it's the most dangerous game of all...Rod Ironsides makes love to his boss's wife and drives his miners faster and harder than anyone has ever dared. A few weeks ago, Ironsides had a passion for golf and one-night stands. Now, he has been handed a prize and a curse: to blast through rock and reap a fortune--or be destroyed.From a split-second, oxygen-sucking explosion to a looming underground wall of water, there are a dozen ways Rod can fail. But his passion and fury won't let him back down from a conspiracy he cannot see: men who want to turn his mine into a death trap--for the bloodiest pay-day of all...","Crime & Thriller , Thriller","Smith, Wilbur",St Martin's Press,2006,264,499 Денари
American Psycho,"In a black satire of the eighties, a decade of naked greed and unparalleled callousness, a successful Wall Street yuppie cannot get enough of anything, including murder. Now a major motion picture from Lion's Gate Films, released Spring 2000, starring Chri","Crime & Thriller , Thriller","Ellis, Bret Easton",Vintage Books,2006,,599 Денари
The Spear of Destiny,"Description One bullet can change history...Berlin, 1945. Karl Fairburne is a member of an elite sniper corps, working for the American secret service deep behind enemy lines. Stalin's troops have over run the city looking to revenge the battle of Stalingrad and seize control of the Nazi's nuclear secrets before their British and American allies. SS General Helmstadt, head of the Nazi nuclear programme, is defecting to Russia, but first he plans the ultimate act of vengeance, to make the US pay for the defeat of the Third Reich. If he succeeds Russia will win the Cold War before it has even begun. Karl has one chance to stop him. A single sniper's bullet will change the course of history.","Crime & Thriller , Thriller","Bark, Jaspre",Rebellion,2006,320,499 Денари
The Runaway Jury,"Description Every jury has a leader, and the verdict belongs  to him. In Biloxi, Mississippi, a landmark tobacco  trial with hundreds of millions of dollars at  stake beginsroutinely, then swerves mysteriously off  course. The jury is behaving strangely, and at  least one juroris convinced he's being watched. Soon  they have to be sequestered. Then a tip from an  anonymousyoung woman suggests she is able to predict  the jurors' increasingly odd behavior. Is the jury  somehow being manipulated, or even controlled? If  so, by whom? And, more important,why?","Crime & Thriller , Thriller","Grisham, John",Delta Publishing,2006,451,999 Денари
The Mission Song,"The engrossing tale of an idealistic and na?ve British interpreter, Bruno ""Salvo"" Salvador. The 29-year-old Congo native's mixed parentage puts him in a tentative position in society, despite his being married to an attractive upper-class white Englishwoman, who's a celebrity journalist. Salvo's genius with languages has led to steady work from a variety of employers, including covert assignments from shadowy government entities. One such job enmeshes the interpreter in an ambitious scheme to finally bring stability to the much victimized Congo, and Salvo's personal stake in the outcome tests his professionalism and ethics. Amid the bursts of humor, le Carr? convincingly conveys his empathy for the African nation and his cynicism at its would-be saviors, both home-grown patriots and global powers seeking to impose democracy on a failed state.","Crime & Thriller , Thriller","Carr?, John Le",Hodder & Stoughton,2006,339,300 Денари
Fair Game,"Now McNamara returns with a suspenseful new mystery starring former Army sniper and current county sheriff Bill Tatum... The Halfmoon Ranch in Mineral County, Colorado, is a four-thousand-acre spread boasting enough elk and deer for a regiment of hunters. But when a councilman is found in the forest with a bullet hole in his head, it becomes clear that a different kind of predator stalks the wilderness. Sheriff Bill Tatum knows this was no hunting accident - nor is the suicide the killer made it appear to be. Rumor has it that the victim's son Jerry, Tatum's deputy, may have bumped off the old man for his money. But after nearly losing his life to his corrupt predecessor, Tatum has his doubts about everyone's innocence...","Crime & Thriller , Thriller","McNamara, Evan",Jove Books,2006,324,499 Денари
Robert Ludlum's the Lazarus Vendetta,"Description For the past three decades Robert Ludlum's bestselling novels have been enjoyed by hundreds of millions of readers worldwide and have set the standard against which all other thrillers are measured. His Covert-One series has been among his most beloved creations and now comes the latest thrilling novel in the series. The Lazarus Movement, the dominant force in the eco-conscious, ""anti-technology"" protest movement, has sent rumblings down the halls of the world's intelligence agencies. Led by a mysterious, never-seen figure known only as Lazarus, this increasingly prominent group is believed by some to be preparing a bold strike.When an attack on a nano-technology research facility leaves thousands dead--- protestors and scientists alike---from what appears to be a cloud of inadvertently released but gruesomely deadly nanobots, pandemonium reigns. Lt. Col. Jon Smith is activated by Covert-One to find and uncover the truth about Lazarus where all others have failed. As Smith slowly uncovers the deadly underpinnings of the group, he soon learns that the Lazarus Movement is only the very tip of the iceberg in a deadly scheme that threatens billions of lives and will forever change the nature of the world itself.","Crime & Thriller , Thriller","Ludlum, Robert",St. Martin's Press,2005,407,499 Денари
Telling Tales,"Ten years ago Jeanie Long was charged with the murder of fifteen-year old Abigail Mantel. Now residents of the East Yorkshire village of Elvet are disturbed to hear of new evidence proving Jeanie's innocence. Abigail's killer is still at large. As Inspector Vera Stanhope makes fresh enquiries on the peninsula, villagers are hauled back to a time they would rather forget. Inevitably, tensions begin to mount, but are people afraid of the killer, or of their own guilty pasts?","Crime & Thriller , Thriller","Cleeves, Ann",Pan Books,2005,409,599 Денари
The Fourth K,"Description A PRESIDENTIAL DYNASTY. AN ARAB TERRORIST ATTACK. DEMOCRACY UNDER SIEGE. Mario Puzo envisioned it all in his eerily prescient 1991 novel, The Fourth K. President Francis Xavier Kennedy is elected to office, in large part, thanks to the legacy of his forebears- good looks, privilege, wealth-and is the very embodiment of youthful optimism. Too soon, however, he is beaten down by the political process and, disabused of his ideals, he becomes a leader totally unlike what he has been before. When his daughter becomes a pawn in a brutal terrorist plot, Kennedy, who has obsessively kept alive the memory of his uncles' assassinations, activates all his power to retaliate in a series of violent measures. As the explosive events unfold, the world and those closest to him look on with both awe and horror.","Crime & Thriller , Thriller","Puzo, Mario",Random House USA Inc,2004,496,499 Денари
The Teeth of the Tiger,"Tom Clancy brings Jack Ryan's son?Jack Ryan, Jr.?to the forefront in this #1 New York Times bestselling thriller. A man named Mohammed sits in a caf? in Vienna, about to propose a deal to a Colombian. What if they combined his network of Middle East agents and sympathizers with the Colombian's drug network in America? The potential for profits would be enormous?and the potential for destruction unimaginable.   A young man in suburban Maryland who has grown up around intrigue is about to put his skills to the test. Taught the ways of the world firsthand by agents, statesmen, analysts, Secret Servicemen, and black-op specialists, he crosses the radar of ?The Campus??a secret organization set up to identify local terrorist threats and deal with them by any means necessary. His name: Jack Ryan, Jr.","Crime & Thriller , Thriller","Clancy, Tom",Penguin Publishing Group,2004,496,599 Денари
The White Lioness,"Description From the dean of Scandinavian noir, the third riveting installment in the internationally bestselling and universally acclaimed Kurt Wallander series, the basis for the PBS series staring Kenneth Branagh. The execution-style murder of a Swedish housewife looks like a simple case even though there is no obvious suspect. But then Wallander learns of a determined stalker, and soon enough, the cops catch up with him. But when his alibi turns out to be airtight, they realize that what seemed a simple crime of passion is actually far more complex--and dangerous. The search for the truth behind the killing eventually uncovers an assassination plot, and Wallander soon finds himself in a tangle with both the secret police and a ruthless foreign agent. Combining compelling insights into the sinister side of modern life with a riveting tale of international intrigue, The White Lioness keeps you on the knife-edge of suspense.","Crime & Thriller , Thriller","Mankell, Henning",Random House USA Inc,2003,448,999 Денари
Firewall : A Kurt Wallander Mystery,"Description From the dean of Scandinavian noir, the seventh riveting installment in the internationally bestselling and universally acclaimed Kurt Wallander series, the basis for the PBS series staring Kenneth Branagh. A body is found at an ATM the apparent victim of heart attack. Then two teenage girls are arrested for the brutal murder of a cab driver. The girls confess to the crime showing no remorse whatsoever. Two open and shut cases. At first these two incidents seem to have nothing in common, but as Wallander delves deeper into the mystery of why the girls murdered the cab driver he begins to unravel a plot much more involved complicated than he initially suspected. The two cases become one and lead to conspiracy that stretches to encompass a world larger than the borders of Sweden.","Crime & Thriller , Thriller","Mankell, Henning",Random House USA Inc,2003,416,999 Денари
One Step Behind,"Description From the dean of Scandinavian noir, the sixth riveting installment in the internationally bestselling and universally acclaimed Kurt Wallander series, the basis for the PBS series staring Kenneth Branagh. On Midsummer's Eve, three role-playing teens dressed in eighteenth-century garb are shot in a secluded Swedish meadow. When one of Inspector Kurt Wallander's most trusted colleagues-someone whose help he hoped to rely on to solve the crime-also turns up dead, Wallander knows the murders are related. But with his only clue a picture of a woman no one in Sweden seems to know, he can't begin to imagine how. Reeling from his own father's death and facing his own deteriorating health, Wallander tracks the lethal progress of the killer. Locked in a desperate effort to catch him before he strikes again, Wallander always seems to be just one step behind.","Crime & Thriller , Thriller","Mankell, Henning",Random House USA Inc,2003,448,999 Денари
Private Eyes,It's been 11 years since seven-year-old Melissa Dickinson found help in therapy with Alex Delaware. Now the young heiress desperately calls for help once more. Only this time it looks like her deepest childhood nightmare is coming true.,"Crime & Thriller , Thriller","Kellerman, Jonathan",Ballantine Books,2003,525,499 Денари
The Invention Of Morel,"Description Jorge Luis Borges declared The Invention of Morel a masterpiece of plotting, comparable to The Turn of the Screw and Journey to the Center of the Earth. Set on a mysterious island, Bioy's novella is a story of suspense and exploration, as well as a wonderfully unlikely romance, in which every detail is at once crystal clear and deeply mysterious. Inspired by Bioy Casares's fascination with the movie star Louise Brooks, The Invention of Morel has gone on to live a secret life of its own. Greatly admired by Julio Cortazar, Gabriel Garcia Marquez, and Octavio Paz, the novella helped to usher in Latin American fiction's now famous postwar boom. As the model for Alain Resnais and Alain Robbe-Grillet's Last Year in Marienbad, it also changed the history of film.","Crime & Thriller , Thriller","Bioy-Casares, Adolfo","The New York Review of Books, Inc",2003,120,899 Денари
The Dark Arena,"Description Mario Puzo won international acclaim for The Godfather and his other Mafia novels. But before creating those masterpieces, Puzo wrote his first acclaimed novel The Dark Arena-an astounding story of a war-scarred young American in a battle against corruption and betrayal. . . . After coming home at the end of World War II, Walter Mosca finds himself too restless for his civilian role in America. So he returns to Germany to find the woman he had once loved-and to start some kind of life in a vanquished country. But ahead of Walter stretches a dark landscape of defeat and intrigue, as he succumbs to the corrupting influences of a malevolent time. Now he enters a different kind of war, one in which he must make a fateful decision-between love and ambition, passion and greed, life and death. . . .","Crime & Thriller , Thriller","Puzo, Mario",Random House USA Inc,2001,288,499 Денари
No Second Chance,"Description A brilliant thriller from 'one of the most sheerly entertaining and accomplished writers in the genre' [DAILY EXPRESS]. Marc Seidman's idyllic world is brutally ripped apart when he is gunned down in his home. Twelve days later he wakes up in hospital to learn that his wife is dead and his baby daughter Tara is missing. A ransom demand is made and agreed to. But something goes terribly wrong. The kidnappers escape, and Marc remembers the ransom note's ominous warning: there will be no second chance. An agonising eighteen months pass with no word. And then, as Marc has just about given up all hope of seeing his daughter again, a package arrives with a note attached: want a second chance? The note is chilling, but Marc sees only one thing: the chance to save his daughter. And, haunted by deception and deadly secrets - about his wife, about an old love, and about his own past - he vows to bring Tara home ... at any cost.","Crime & Thriller , Thriller","Coben, Harlan",Orion Publishing Co,2001,400,699 Денари
Motherless Brooklyn,"NATIONAL BOOK CRITICS CIRCLE AWARD WINNER  A complusively readable riff on the classic detective novel from America's most inventive novelist. ""A half-satirical cross between a literary novel and a hard-boiled crime story narrated by an amateur detective","Crime & Thriller , Thriller","Lethem, Jonathan",Knopf Doubleday Publishing Group,2000,336,999 Денари
Blue Gold,,"Crime & Thriller , Thriller",,Pocket Books,2000,,599 Денари
Darkest Fear,"In his seventh Myron Bolitar thriller, Edgar Award winner Harlan Coben brings us his most astonishing--and deeply personal--novel yet. And it all begi","Crime & Thriller , Thriller","Coben, Harlan",Dell,2000,319,499 Денари
Cities of the Plain,"Description In this magnificent new novel, the National Book Award-winning author of All the Pretty Horses and The Crossing fashions a darkly beautiful elegy for the American frontier. The setting is New Mexico in 1952, where John Grady Cole and Billy Parham are working as ranch hands. To the North lie the proving grounds of Alamogordo; to the South, the twin cities of El Paso and Juarez, Mexico. Their life is made up of trail drives and horse auctions and stories told by campfire light. It is a life that is about to change forever, and John Grady and Billy both know it. The catalyst for that change appears in the form of a beautiful, ill-starred Mexican prostitute. When John Grady falls in love, Billy agrees--against his better judgment--to help him rescue the girl from her suavely brutal pimp. The ensuing events resonate with the violence and inevitability of classic tragedy. Hauntingly beautiful, filled with sorrow, humor and awe, Cities of the Plain is a genuine American epic.","Crime & Thriller , Thriller","McCarthy, Cormac",Random House USA Inc,1999,304,999 Денари
A Place Called Freedom,"Description NEW YORK TIMES BESTSELLER Scotland, 1766. Sentenced to a life of misery in the brutal coal mines, twenty-one-year-old Mack McAsh hungers for escape. His only ally: the beautiful, highborn Lizzie Hallim, who is trapped in her own kind of hell. Though separated by politics and position, these two restless young people are bound by their passionate search for a place called freedom. From the teeming streets of London to the infernal hold of a slave ship to a sprawling Virginia plantation, Ken Follett's turbulent, unforgettable novel of liberty and revolution brings together a vivid cast of heroes and villains, lovers and rebels, hypocrites and hell-raisers--all propelled by destiny toward an epic struggle that will change their lives forever.","Crime & Thriller , Thriller","Follett, Ken",Random House USA Inc,1996,464,499 Денари
The Eyes of Darkness : A gripping suspense thriller that predicted a global danger...,"A search for a missing son... and a toxic mystery that threatens the globe. 'Did a 1981 Dean Koontz thriller predict the coronavirus outbreak?' Daily Mail 'Dean Koontz is not just a master of our darkest dreams, but also a literary juggler' The Times From bestselling phenomenon Dean Koontz, The Eyes of Darkness is a gripping thriller following a mother's search for her son - a journey that unlocks the deadliest of secrets. It's a year since Tina Evans lost her little boy Danny in a tragic accident. Then a shattering message appears on the blackboard in Danny's old room: NOT DEAD. Is it someone's idea of a grim joke? Or something far more sinister? The search for an answer drives Tina through the neon clamour of Las Vegas nightlife. The sun-scorched desert. The frozen mountains of the High Sierra. People face a dreadful danger as a buried truth struggles to surface. A truth so frightening that its secret must be kept at the price of any life - any man, any woman...any child. Why readers are obsessed with The Eyes of Darkness: 'Couldn't put it down...it's been a while since a book has kept me up all night.' ***** Goodreads review 'So prophetic I really can't believe it.' ***** Goodreads review 'It is simply unbelievable.' ***** Goodreads review This book was originally published under the pseudonym Leigh Nichols.","Crime & Thriller , Thriller","Koontz, Dean",Headline Publishing Group,1996,336,699 Денари
All the Pretty Horses,"Description The national bestseller and the first volume in Cormac McCarthy's Border Trilogy, All the Pretty Horses is the tale of John Grady Cole, who at sixteen finds himself at the end of a long line of Texas ranchers, cut off from the only life he has ever imagined for himself. With two companions, he sets off for Mexico on a sometimes idyllic, sometimes comic journey to a place where dreams are paid for in blood. Winner of the National Book Award for Fiction.","Crime & Thriller , Thriller","McCarthy, Cormac",Random House USA Inc,1993,301,899 Денари
Early Autumn,"?[Robert B.] Parker's brilliance is in his simple dialogue, and in Spenser.??The Philadelphia Inquirer A bitter divorce is only the beginning. First the father hires thugs to kidnap his son. Then the mother hires Spenser to get the boy back. But as soon as Spenser senses the lay of the land, he decides to do some kidnapping of his own. With a contract out on his life, he heads for the Maine woods, determined to give a puny 15 year old a crash course in survival and to beat his dangerous opponents at their own brutal game.","Crime & Thriller , Thriller","Parker, Robert B.",Random House Publishing Group,1992,224,499 Денари
Day of the Cheetah - Patrick McLanahan Series,"In this explosive? New York Times bestseller, Dale Brown creates a shattering scenario of the ultimate race for technology... America's most advanced fighter plane, DreamStar, has been hijacked. To retrieve it, Lt. Col. Patrick McLanahan takes on his most","Crime & Thriller , Thriller","Brown, Dale",Penguin Publishing Group,1990,528,499 Денари
The Gemini Contenders,"Description Salonika, Greece: December 1939. In the dead of night, a clandestine order of monks embarks on a desperate mission: to transport a mysterious vault to a hiding place high in the Italian Alps. The sinister cache, concealed for centuries, could rip apart the Christian world. Now, as the Nazi threat marches inexorably closer, men both good and evil will be drawn into a violent and deadly hunt, sparking a relentless struggle that could forever change the world as we know it. Praise for Robert Ludlum and The Gemini Contenders ""[Robert Ludlum's] most ambitious novel . . . Its twist and turns carry the reader on a fast bobsled run. . . . A marvelously unflagging imagination.""--The New York Times ""A winner . . . one of those books you intend to put down after just one more chapter . . . suddenly it's two in the morning and you've read the whole thing.""--United Press International ""A skyrocket of a book . . . The action never stops for a second.""--The Plain Dealer ""Packed full of excitement.""--The Denver Post","Crime & Thriller , Thriller","Ludlum, Robert",Bantam Doubleday Dell Publishing Group Inc,1989,411,499 Денари
The Cardinal of the Kremlin,"Mikhail Filitov is a war hero and Red Army Colonel, but his CIA code name is ""Cardinal."" A chance encounter in a Moscow subway leads the KGB to begin","Crime & Thriller , Thriller","Clancy, Tom",Berkley Books,1989,547,499 Денари
Murder in the CIA,"?She invades the turf of John le Carr?. . . . It is very good.??Los Angeles Times Book Review Barrie Mayer, a beautiful Washington literary agent, arrives at London's Heathrow Airport with plenty of time to make her flight to Budapest, where she's planning to meet an author. The airport is crowded, but it's not a scheduling problem that keeps Barrie from getting off the ground. The doctors call her death a heart attack, but her best friend, Collette Cahill, has her doubts. A CIA agent herself, Collette knows that Barrie was carrying more than just contracts to Hungary. Then Collette gets the order from above: Find out what happened to Barrie. And, more important, what happened to her briefcase. So Collette sets off on a search that will take her from London to Washington to the Caribbean, from restaurants to psychiatrists' offices to bedrooms. After all?even CIA agents lose their hearts every now and then. But Collette may lose her life. . . .  ?Her most far-ranging and, arguably, her best.??New Woman ","Crime & Thriller , Thriller","Truman, Margaret",Random House Publishing Group,1988,320,300 Денари
The New York Trilogy,"Description The New York Trilogy is perhaps the most astonishing work by one of America's most consistently astonishing writers. The Trilogy is three cleverly interconnected novels that exploit the elements of standard detective fiction and achieve a new genre that is all the more gripping for its starkness. It is a riveting work of detective fiction worthy of Raymond Chandler, and at the same time a profound and unsettling existentialist enquiry in the tradition of Kafka or Borges. In each story the search for clues leads to remarkable coincidences in the universe as the simple act of trailing a man ultimately becomes a startling investigation of what it means to be human. The New York Trilogy is the modern novel at its finest: a truly bold and arresting work of fiction with something to transfix and astound every reader. 'Marks a new departure for the American novel.' Observer 'A shatteringly clever piece of work . . . Utterly gripping, written with an acid sharpness that leaves an indelible dent in the back of the mind.' Sunday Telegraph 'The New York Trilogy established him as the only author one could compare to Samuel Beckett.' Guardian","Crime & Thriller , Thriller","Auster, Paul",Faber & Faber,1987,320,499 Денари
The New York Trilogy : Faber Modern Classics,"Description The New York Trilogy is perhaps the most astonishing work by one of America's most consistently astonishing writers. The Trilogy is three cleverly interconnected novels that exploit the elements of standard detective fiction and achieve a new genre that is all the more gripping for its starkness. It is a riveting work of detective fiction worthy of Raymond Chandler, and at the same time a profound and unsettling existentialist enquiry in the tradition of Kafka or Borges. In each story the search for clues leads to remarkable coincidences in the universe as the simple act of trailing a man ultimately becomes a startling investigation of what it means to be human. The New York Trilogy is the modern novel at its finest: a truly bold and arresting work of fiction with something to transfix and astound every reader. 'Marks a new departure for the American novel.' Observer 'A shatteringly clever piece of work . . . Utterly gripping, written with an acid sharpness that leaves an indelible dent in the back of the mind.' Sunday Telegraph 'The New York Trilogy established him as the only author one could compare to Samuel Beckett.' Guardian","Crime & Thriller , Thriller","Auster, Paul",Faber & Faber,1987,320,699 Денари
Fools Die,"Description ""A page-flipping tale of power, brutality and glamour (Library Journal) from the bestselling author of The Godfather. Played out in the underground worlds of high-stakes gambling, publishing, and the film industry, this epic thriller follows two brothers, Merlyn and Arite, as they delve into the dangerous underbelly of American life. From Las Vegas to New York to Hollywood, there is one thing that remains constant: organized crime and the law are simply two sides of the same coin...","Crime & Thriller , Thriller","Puzo, Mario",Penguin Books Ltd,1979,544,499 Денари
The Travelers,"Description A pulse-racing international thriller from the New York Times bestselling author of The Expats and The Accident   It’s 3:00am. Do you know where your husband is?   Meet Will Rhodes: travel writer, recently married, barely solvent, his idealism rapidly giving way to disillusionment and the worry that he’s living the wrong life. Then one night, on assignment for the award-winning Travelers magazine in the wine region of Argentina, a beautiful woman makes him an offer he can’t refuse. Soon Will’s bad choices—and dark secrets—take him across Europe, from a chateau in Bordeaux to a midnight raid on a Paris mansion, from a dive bar in Dublin to a mega-yacht in the Mediterranean and an isolated cabin perched on the rugged cliffs of Iceland. As he’s drawn further into a tangled web of international intrigue, it becomes clear that nothing about Will Rhodes was ever ordinary, that the network of deception ensnaring him is part of an immense and deadly conspiracy with terrifying global implications—and that the people closest to him may pose the greatest threat of all.   It’s 3:00am. Your husband has just become a spy.","Crime & Thriller , Thriller","Pavone, Chris",Crown Publishing Group (NY),1972,433,899 Денари
The City,"Description INTERNATIONAL BESTSELLER Dean Koontz is at the peak of his acclaimed powers with this major new novel.   The city changed my life and showed me that the world is deeply mysterious. I need to tell you about her and some terrible things and wonderful things and amazing things that happened . . . and how I am still haunted by them. Including one night when I died and woke and lived again.   Here is the riveting, soul-stirring story of Jonah Kirk, son of an exceptional singer, grandson of a formidable “piano man,” a musical prodigy beginning to explore his own gifts when he crosses a group of extremely dangerous people, with shattering consequences. Set in a more innocent time not so long ago, The City encompasses a lifetime but unfolds over three extraordinary, heart-racing years of tribulation and triumph, in which Jonah first grasps the electrifying power of music and art, of enduring friendship, of everyday heroes.   The unforgettable saga of a young man coming of age within a remarkable family, and a shimmering portrait of the world that shapes him, The City is a novel that speaks to everyone, a dazzling realization of the evergreen dreams we all share. Brilliantly illumined by magic dark and light, it’s a place where enchantment and malice entwine, courage and honor are found in the most unexpected quarters, and the way forward lies buried deep inside the heart.   Acclaim for Dean Koontz   “A rarity among bestselling writers, Koontz continues to pursue new ways of telling stories, never content with repeating himself.”—Chicago Sun-Times   “Tumbling, hallucinogenic prose. ‘Serious’ writers . . . might do well to examine his technique.”—The New York Times Book Review   “[Koontz] has always had near-Dickensian powers of description, and an ability to yank us from one page to the next that few novelists can match.”—Los Angeles Times   “Koontz is a superb plotter and wordsmith. He chronicles the hopes and fears of our time in broad strokes and fine detail, using popular fiction to explore the human condition.”—USA Today   “Characters and the search for meaning, exquisitely crafted, are the soul of [Koontz’s] work. . . . One of the master storytellers of this or any age.”—The Tampa Tribune   “A literary juggler.”—The Times (London)","Crime & Thriller , Thriller","Koontz, Dean",Bantam Doubleday Dell,1970,512,499 Денари
The Password to Larkspur Lane,"Blue bells will be singing horses! This strange message, attached to the leg of a wounded homing pigeon, involves Nancy Drew in a dangerous mission. Somewhere an elderly woman is being held prisoner in a mansion, and Nancy is determined to find and free her. Meanwhile, the young detective's close friend, Helen, begs her to solve a second mystery. Helen's grandparents, the Cornings, are frightened by a sinister wheel of blue fire that appears after dark in the woods outside their home at lonely Sylvan Lake. When Nancy discovers the significance of the eerie signal, she also learns that her two mysteries are connected.","Crime & Thriller , Thriller","Keene, Carolyn",Penguin Young Readers Group,1960,192,300 Денари
The Clue of the Leaning Chimney,"Nancy Drew and her friend Bess discover that a rare and valuable Chinese vase has been stolen from the pottery shop of Dick Milton, a cousin of Bess. Dick had borrowed the vase from his Chinese friend, elderly Mr. Soong, and he is determined to repay Mr. Soong for the loss. He tells Nancy that if he can find ""the leaning chimney,"" he will be on the track of a discovery which will solve his financial problems. Nancy finds the leaning chimney, but it only leads her into more puzzles. Can there be any connection between the vase theft - one of a number of similar crimes - and the strange disappearance of the pottery expert Eng Moy and his daughter Lei?","Crime & Thriller , Thriller","Keene, Carolyn",Penguin Young Readers Group,1949,192,300 Денари
The Mystery of the Brass-Bound Trunk,"From the moment Nancy Drew boards an ocean liner leaving for New York, she becomes involved in a new and dangerous mystery. A man on the pier gestures to someone on board in sign language. BEWARE OF NANCY DREW AND NE, he signals. Who is NE? Can it be Nelda Detweiler, a young woman who shares a cabin with Nancy, Bess, and George? Mystery and intrigue follow the girls across the ocean; but with her usual ingenuity Nancy solves the mystery and defeats her enemies before the ship reaches New York.","Crime & Thriller , Thriller","Keene, Carolyn",Penguin Young Readers Group,1940,192,300 Денари
Death Is Not Enough (The Baltimore Series Book 6),"Description -- A BRAND NEW KILLER THRILLER FROM THE NEW YORK TIMES BESTSELLER - 3 MILLION BOOKS SOLD IN THE UK ALONE -- A ruthless gang leader. A deadly vendetta. A dark past exhumed... KAREN ROSE returns with the break-neck follow-up to MONSTER IN THE CLOSET, and the sixth book in the heart-pounding Baltimore Series. Gwyn Weaver is as resilient as anyone could be. Having survived an attempted murder, she has rebuilt her life and reclaimed her dignity and strength. She's always known about her feelings for defence attorney Thomas Thorne, but as her friend and a colleague there could be no chance of anything more... or could there? Thorne has known violence and pain all his life. He's overcome the hardships thanks to his own steel, and the love of his loyal friends. Now he's thinking it might finally be time to let his guard down, and allow himself to let in the woman he's always admired from afar. Then Thorne's whole world is torn apart - he is found unconscious in his own bed, the lifeless body of a stranger lying next to him, her blood on his hands. Knowing Thorne could never have committed such a terrible crime, Gwyn and his friends rally round to clear his name. But this is just the beginning - the beginning of a brutal campaign to destroy Thorne, and everything he holds dear... Intense, complex and unforgettable - James Patterson Fast and furious - Sun A high-octane thrill ride - Lisa Jackson","Crime & Thriller , Thriller","Rose, Karen",Headline Publishing Group,1899,528,1.199 Денари
Death Is Not Enough (The Baltimore Series Book 6),"Description -- A BRAND NEW KILLER THRILLER FROM THE NEW YORK TIMES BESTSELLER - ALMOST TWO MILLION PRINT COPIES SOLD IN THE UK ALONE -- A ruthless gang leader. A deadly vendetta. A dark past exhumed... KAREN ROSE returns with the break-neck follow-up to MONSTER IN THE CLOSET, and the sixth book in the heart-pounding Baltimore Series. Gwyn Weaver is as resilient as anyone could be. Having survived an attempted murder, she has rebuilt her life and reclaimed her dignity and strength. She's always known about her feelings for defence attorney Thomas Thorne, but as her friend and a colleague there could be no chance of anything more... or could there? Thorne has known violence and pain all his life. He's overcome the hardships thanks to his own steel, and the love of his loyal friends. Now he's thinking it might finally be time to let his guard down, and allow himself to let in the woman he's always admired from afar. Then Thorne's whole world is torn apart - he is found unconscious in his own bed, the lifeless body of a stranger lying next to him, her blood on his hands. Knowing Thorne could never have committed such a terrible crime, Gwyn and his friends rally round to clear his name. But this is just the beginning - the beginning of a brutal campaign to destroy Thorne, and everything he holds dear... Intense, complex and unforgettable - James Patterson Fast and furious - Sun A high-octane thrill ride - Lisa Jackson","Crime & Thriller , Thriller","Rose, Karen",Headline Publishing Group,,528,599 Денари
Monster In The Closet (The Baltimore Series Book 5),"Description The Sunday Times bestselling author of Every Dark Corner returns with an exclusive novel celebrating ten years of Karen Rose's thrillers in the UK. MONSTER IN THE CLOSET reunites readers with characters from Karen Rose's bestselling Baltimore series. A mother is dead, and now her killer hunts the child that witnessed the brutal crime...Private Investigator Clay Maynard locates missing children for clients, but has nearly given up hope of finding his own daughter, cruelly stolen from him by his ex-wife twenty-three years ago. Equine therapist Taylor Dawson has chosen to intern at Daphne Montgomery-Carter's stables so that she can observe the program's security director - her father, Clay Maynard. Trying to reconcile the wonderful man she's getting to know with the monster her mother always described, Taylor never expects to become the target of a real monster, the man who murdered the mother of the little girls she works with at the stable. Neither does she expect to fall for Ford Elkhart, Daphne's handsome son, who is dealing with his own demons. As family and friends gather for a wedding, Taylor starts to imagine a permanent life in Baltimore. But not if the real monster gets to her first...","Crime & Thriller , Thriller","Rose, Karen",Headline Publishing Group,,448,499 Денари
Fortune and Glory : The No.1 New York Times bestseller!,"The twenty-seventh entry in Janet Evanovich's No.1 New York Times bestselling series isn't just the biggest case of Stephanie Plum's career. It's the adventure of a lifetime. **The No. 1 New York Times bestseller!** When Stephanie's beloved Grandma Mazur's new husband died on their wedding night, the only thing he left her was a beat-up old easy chair... and the keys to a life-changing fortune. But as Stephanie and Grandma Mazur search for Jimmy Rosolli's treasure, they discover that they're not the only ones on the hunt. Two dangerous enemies from the past stand in their way-along with a new adversary who's even more formidable: Gabriela Rose, a dark-eyed beauty from Little Havana with a taste for designer clothes. She's also a soldier of fortune, a gourmet cook, an expert in firearms and mixed martial arts-and someone who's about to give Stephanie a real run for her money. Stephanie may be in over her head, but she's got two things that Gabriela doesn't: an unbreakable bond with her family and a stubborn streak that will never let her quit. She'll need both to survive because this search for ""fortune and glory"" will turn into a desperate race against time with more on the line than ever before. Because even as she searches for the treasure and fights to protect her Grandma Mazur, her own deepest feelings will be tested-as Stephanie could finally be forced to choose between Joe Morelli and Ranger. Praise for Janet Evanovich: 'Romantic and gripping' Good Housekeeping 'A laught-out-loud page-turner' Heat 'Pithy, witty and fast-paced' The Sunday Times","Crime & Thriller , Thriller","Evanovich, Janet",Headline Publishing Group,,320,1.099 Денари
Twisted Twenty-Six : The No.1 New York Times bestseller!,"The No. 1 New York Times bestseller! How far will Stephanie Plum go to protect the one person who means the most to her? The stakes have never been higher in this unputdownable thriller from Janet Evanovich. This isn't just another case. This is family. Grandma Mazur has decided to get married again - this time to a local gangster named Jimmy Rosolli. If Stephanie has her doubts about this marriage, she doesn't have to worry for long, because the groom drops dead of a heart attack 45 minutes after saying, ""I do."" A sad day for Grandma Mazur turns into something far more dangerous when Jimmy's former ""business partners"" are convinced that his new widow is keeping the keys to a financial windfall all to herself. But the one thing these wise guys didn't count on was the widow's bounty hunter granddaughter, who'll do anything to save her. Raves for Evanovich's novels: 'Romantic and gripping' Good Housekeeping 'Pithy, witty and fast-paced' The Sunday Times 'A laugh-out-loud page-turner' Heat","Crime & Thriller , Thriller","Evanovich, Janet",Headline Publishing Group,,320,1.099 Денари
Maximum Ride: School's Out Forever,"If you've already experienced MAXIMUM RIDE: THE ANGEL EXPERIMENT, stop right here - just turn the page, and hold on tight! As for the rest of you - meet Max, Fang, Iggy, Gasman, Nudge and Angel; six unforgettable kids (and a dog). With some major problems. THEY'RE BEING HUNTED BY KILLERS. BUT WHO? AND THAT'S NOT ALL! Max is sure that a microchip's been inserted under her skin - bringing evil forces to ambush them at any moment. Oh yeah, and they're supposed to save the world. BUT FROM WHAT? WHEN? AND HOW?Max will stop at nothing to find answers. One thing she does know: it's got something to do with an astonishing ability they have. THEY CAN FLY. Max's heart-stopping quest to protect her 'family' and investigate the mind-blowing mystery of her destiny continues in the scariest, strangest, and funniest James Patterson thriller yet.","Crime & Thriller , Thriller","Patterson, James",Headline Publishing Group,,480,799 Денари
The Van Apfel Girls Are Gone : Longlisted for a John Creasey New Blood Dagger 2020,"A DAILY MAIL 'Must Read' title Bookriot's 50 spring must-read crime novels 'One part mystery, one million parts amazing.' Cosmopolitan 'A coming-of-age drama as much as a crime story...haunting, atmospheric and genuinely mysterious.' Guardian 'An entrancing, melancholy debut... Mesmerising.' Daily Mail We lost all three girls that summer. Let them slip away like the words of some half-remembered song and when one came back, she wasn't the one we were trying to recall to begin with. Tikka Molloy was eleven and one-sixth years old during the summer of 1992. That summer, the hottest on record, the Van Apfel sisters - Hannah, the beautiful Cordelia and Ruth - mysteriously disappeared. Did they run away? Or were they taken? The mystery of their disappearance has never been solved. Now, years later, Tikka has returned home and is beginning to piece together what really happened. The summer that shaped her. The girls she couldn't forget.","Crime & Thriller , Thriller","McLean, Felicity",ONEWorld Publications,,304,699 Денари
