Наслов,Опис,Kатегорија,Автор,Издавач,Година,Страници,Цена
Книга на спомени,"„Богата приказна, лична, сепак универзална, раскажана со многу имагинација, која го нурнува читателот длабоко во книгата.“ – Британски издавачки билтен
  „Ексцентричен, комичен роман…“ – Њујорк тајмс бук ривју",Фикција,Ана Марија Шуа,Антолог,2014,224,"200,00 Денари"
Конци на судбината,"Возбудлив историски и шпионски роман во кој се испреплетуваат високата мода, политичките заговори и тајните служби. Младата шивачка Сира Кирога во 1936 година го напушта Мадрид спроти граѓанската војна за да замине со Рамиро, човек кого го познава кратко и во кого е лудо вљубена, оставајќи ги зад себе свршеникот и самохраната мајка. Се сместуваат во Тангер, светски и егзотичен град, во кој на почетокот водат живот од приказните.
Таму Сира доживува тешко предавство и останува сама и со многу долгови, принудена да се пресели во Тетуан, каде што со помош на пријатели со сомнителен углед отвора модно ателје за отмени клиентки. Пред крајот на граѓанската војна и во текот на подготовките за Втората светска војна во Европа, судбината ја поврзува со важни историски личности, меѓу кои Хуан Луис Бајгбедер, загадочниот министер за надворешни работи на Франко, Росалинда Фокс, неговата љубовница, и поморскиот аташе Алан Хилгарт, шефот на британското разузнавање во Шпанија. Тие ќе ја втурнат во тајна мисија чиј параван ќе биде нејзиниот занает.
Книга што ја издигна Марија Дуењас на врвот на најчитаните автори во Шпанија.
„Чудесен роман, исполнет со интрига, љубов, тајни и нежност.“ – Марио Варгас Љоса",Фикција,Марија Дуењас,Антолог,2021,624,"650,00 Денари"
Мрачен мотив,"(#1 Арманд Гамаш)
Добре дојдовте во светот на брилијантниот детектив со необичен ум – инспектор Гамаш, легенда од рангот на Херкул Поаро и Шерлок Холмс!
Во планинските предели на Квебек се наоѓа идилично канадско селце, кое нема да го најдете на карта. Таму животот е толку спокоен, што локалните жители не ги заклучуваат вратите. Сѐ додека едно утро омилената и почитувана сликарка Џејн Нил не е пронајдена мртва во шумата. Прободена со стрела во срцето. Случајот е предаден на блескавиот главен инспектор од одделот за убиства, Арманд Гамаш. Вистинска знаменитост во полициските кулоари, проникливиот детектив доаѓа од Монтреал за да ја разгатне мистеријата. Жителите се убедени дека станува збор за несреќен случај за време на лов, но Гамаш брзо открива дека во наизглед тивкото село секој има своја тајна и маска. И дека клучот на загатката се крие во една слика на сликарката, создадена кратко пред да умре.",Фикција,Луиз Пени,Антолог,2017,336,"400,00 Денари"
"Пченкарнозлатна коса, сиви очи","Во Англија во 1962 година е пронајден мртов Исланѓанец. Во возот полицијата наоѓа и мапа со исцртана свастика со црвено пенкало. Кој е тој и каде одел?
Романот, кој е своевидна биографија и мистерија, ја раскажува приказната за Гунар Кампен, основачот на исландската антисемитска националистичка партија што одржувала врски со широката мрежа сродни групи низ светот.
Уште како младо момче Гунар се интересира за луѓето и за тековните прашања во земјата и во странство. Живее со својата грижлива мајка, двете сестри и брат му, кои го опсипуваат со љубов и со грижа, а и тој самиот е внимателен брат и син. Но, во пролетта 1958 година, ја основа антисемитската политичка партија на националистите и започнува да придонесува кон брзорастечката светска организација на неонацисти.
Во текст што осцилира од поетски слики од детството до мрачни мисли, Сјон го испитува животниот тек на протагонистот. Истовремено, се поставува прашањето дали Гунар Кампен е толку едноставен како што изгледа на прв поглед.
Провокативен роман за мистериозниот исландски неонацист и глобалната опседнатост со оваа доктрина. Мајсторски напишано ремек-дело, кое долго ќе ве прогонува.
  *Книгата е достапна со потпис од авторот. Во коментар за нарачката нагласете доколку сакате да добиете потпишан примерок.",Фикција,Сјон,Антолог,2021,112,"250,00 Денари"
Стаклената река,"Што се крие зад буквите ND издлабени во темелите на православен храм? Какви се чудните камени статуетки на црквата во село Градиште и чиј е духот што броди во неа? Пред овие прашања стои младата Французинка Елен Тибо, која пристигнува во Бугарија за да најде траги од доцното богомилство. Овде Елен сретнува група студенти што ја реставрираат црквата заедно со својот професор Стефан Методиев. Откако ќе се смести во куќата на баба Монка, каде што е сместена и убавата сликарка Марица, Елен се запознава со Виктор Марков.
Започнуваат да се случуваат невообичаени нешта што ги вовлекуваат во мистериозни случувања што го запираат здивот. Соништа, преданија и реалност измешани во едно ужасувачко дводневно патување во земниот пекол на љубовта и страста.
Емил Андреев мајсторски раскажува и гради една естетика на ужасот, напнатоста и загатката. Романот е истовремено и мистичен, и авантуристички, и готски, и историски!",Фикција,Емил Андреев,Антолог,2019,228,"250,00 Денари"
Куклата,"#5 ДЕТСКАТА КУЌА
Требаше да биде тивко семејно патување со риболов, можност за мајката и ќерката да разговараат, но тоа засекогаш ги менуванивните животи!
Не уловуваат ништо освен една скршена кукла што се заплеткува во мрежата. По години минати во океанот, куклата изгледа застршувачки и првичниот инстинкт на мајката е да ја фрли назад.Попушта откако ќерка ѝ инсистира да ја задржат. Истата вечер, мајката објавува фотографија од куклата на социјалните мрежи. До следното утро, таа е мртва, а куклата е исчезната.
Неколку години подоцна, Хулдар е на своетонајомразено место – брод во разбранувани води, барајќи човечки остатоци. Меѓутоа, идентификувањето на скелетот што ќе го пронајдат се покажува потешко отколку што првично мислеле и Хулдар мора да го повика искуството на Фреја. Како што се продлабочува мистеријата, Хулдар е вовлечен во истрага на убиство на бездомен зависник од дрога, а Фреја истражува можен случај на сексуална злоупотреба во дом за сираци.
Наскоро станува очигледно дека овие случаи се поврзани преку еден исчезнат сведок: девојчето што ја посака куклата пред сите тие години.
Напната, застрашувачка и невозможна да се остави, „Куклата“ ја цементира репутацијата на Ирса Сигурдардотир како маестро на раскажувачка тензија и изненадување.
*Книгата е достапна со потпис од авторот. Во коментар за нарачката нагласете доколку сакате да добиете потпишан примерок.",Фикција,Ирса Сигурдардотир,Антолог,2022,400,"500,00 Денари"
"Волга, Волга","Уште еден фантастично напишан роман од Миљенко Јерговиќ!
Секој петок, Џелал Пљевљак патува 116 километри со својата црна волга, од Сплит до Ливно. Оди во џамија и се враќа назад. И така едно 15 години. И кога мисли дека веќе ги познава секое дрво и секоја куќа покрај патот, му се случува нешто што ќе му го смени животот засекогаш. Го зафаќа типична босанска снежна бура и патот ќе го навее во селото Фатуми.
Пет години подоцна, 1993, во текот на најсуровиот дел од војната во Босна, еден неименуван документарист се обидува да ја реконструира приказната со која јавноста опсесивно се занимавала до не толку одамна. Приказната за човекот кој станал последна и најголема ѕвезда во историјата на црните хроники на овие простори.
Потресната животна сторија за осаменоста е поделена во три дела и е доволно загатлива за да го вовлече читателот во себе, но исто толку отворена за да не може да се остави и да се излезе од неа. Јерговиќ повторно си игра со документите, си игра со перспективите, со точките на гледиште. Не се знае докрај кој ја зборува вистината, што е вистината, кој има право, има ли виновници воопшто. Ова е свет со комплексни ликови во кој е сѐ дозволено и е сѐможно, свет во кој човековата природа е внимателно истражена и е длабоко нурнато во темниците на човековиот ум.",Фикција,Миљенко Јерговиќ,Антолог,2023,272,"450,00 Денари"
Баксузи,"Во „Баксузи“ писателот се враќа на своето родно место, каде што организираат бурлескна манифестација, Тур де Франс на пијаниците. Се запознаваме со татко му, Пјер, кој во поштенска торба на велосипедот го носи своето тукушто родено синче по сите кафулиња за да им го покаже на своите пријатели. Да не ги заборавиме и неговите мрзливи чичковци, за кои светското првенство во чашкомет е највисоката цел, а мотото е „Денот е пред нас, а ние се трудиме да го потрошиме“. „Баксузи“ е моќна трагикомична ода на безделништвото во најекстремната форма, а истовремено и смешно претставување на младоста. Верхулст е моќен стилист, кој со чувството за динамика и наративна сила го задржува интересот на читателите од првата до последната страница.
Според автобиографискиот роман „Баксузи“ е снимен истиоимениот филм од 2009 година, награден и на Канскиот фестивал.",Фикција,Димитри Верхулст,Антолог,2014,192,"200,00 Денари"
Жената во кафезот,"СВЕТСКИ БЕСТСЕЛЕР
#1 СЕКТОРОТ Q
Прогонувана. Киднапирана. Но достоинствена. И борбена. Гребе со ноктите по голите ѕидови на просторијата во која е заробена додека прстите не почнат да ѝ крвават. Нема начин да одреди колку е часот или кој ден е, па неделите и месеците минуваат како на бескрајна лента. Прикриениот глас во темнината е груб и немилосрден. Вели дека сето тоа ќе престане кога ќе му одговори на едно едноставно прашање…
Детективот Карл Морк се враќа на работа по подолго отсуство поради престрелка во која едниот од неговите колеги останува парализиран, а другиот е убиен. Карл се обвинува себеси, а колегите почнуваат да го избегнуваат. Шефот го преместува во новоформираниот сектор за нерешени случаи надвор од Копенхаген, наречен секторот Q. Како единствен вработен во овој сектор му е назначен сирискиот имигрант Асад, кој всушност е чувар, но се покажува како талентиран и надарен детектив.
Карл одново ја започнува истрагата за случајот со исчезнатата млада политичарка Мерете Лингор. Таа исчезнала пред пет години и се претпоставува дека е удавена, но нејзиното тело никогаш не е пронајдено. Карл смета дека нешто е пропуштено во истрагата. Навистина, Мерете не е мртва. Сè уште не!
Веднаш по објавувањето, книгата се искачила на првото место на топ-листите и се задржала на врвот на бестселери цела година! Според книгата е снимен и филм.",Фикција,Јуси Адлер-Олсен,Антолог,2017,406,"450,00 Денари"
Најдено-загубено (I издание),,Фикција,Жарко Кујунџиски,Антолог,2008,128,"200,00 Денари"
Апнеја,"На самиот почеток на Апнеја (2013) го среќаваме младиот Лоренцо со лицето нурнато во мекиот јануарски снег, има вртоглавица и не може да дише. По удар во столб од жичарница, останува квадриплегичар и животот му се превртува наопаку. Апнеја раскажува за болката луцидно, без мелодраматични тонови, а на моменти дури и изнудува насмевки.
Амури, небаре води дневник, раскажува за периодот минат во болница во Италија и во една специјализирана клиника во Цирих, за многубројните операции, за мачната рехабилитација и за меѓучовечките односи изродени од болката.
По враќањето во семејниот дом во Рим, мора да се соочи со еден нов свет, каде што наеднаш сè му е надвор од дофат и сите се станати многу повисоки, страшни џинови со впечатливи сенки. Лоренцо тоне во самосожалување, па неговата девојка Јохана, која останува покрај него по несреќата, се одлучува да го напушти, а тој решава да се самоубие
. Или, пак, можеби нешто ќе го поттикне одново да ја освои и да си го поврати животот?
Во 2013 година Апнеја бил финалист за наградата „Стрега“, а ја добил и Наградата за литература на Европската Унија (2015).",Фикција,Лоренцо Амури,Антолог,2018,256,"300,00 Денари"
Под туѓо сонце,"Овој роман донесува впечатлива приказна за судирите помеѓу личните и општествените вредности, нагласувајќи ја борбата за автентичност.

Приказната почнува една дождлива ноќ, во такси-возилото број 382, кога Коста Рашиќ, пензиониран мајор, решава да тргне на пат за Крф. Откако ја продал куќата во која израснал за да ги врати долговите, за првпат ќе зачекори надвор од границите на својата земја, во потрага по вистината, неговото единствено преостанато прибежиште.
Случајната средба со Марија, таксистка што таа ноќ ќе стане негов придружник, ќе го предодреди сето тоа што потоа ќе се случи „под туѓо сонце“.
Коста сака да се соочи со себе и со остатоците од својот живот, а Марија сака да избега од себе и од својот живот.
Точката што ги раздвојува ќе стане точка во која ќе се сретнат нивните сеќавања. Во исто време, таа ќе го придвижи невидливиот животен механизам, во кој секогаш се открива дека сè е возможно.

Нивната приказна открива како поединецот се справува со предизвиците во светот што често не пружа втора шанса. Со елементи на драма и интроспекција, најновиот роман на Миодраг Мајиќ се издвојува како дело што го плени вниманието и поставува прашања за правдата, љубовта и одговорноста.",Фикција,Миодраг Мајиќ,Антолог,2025,286,"450,00 Денари"
Творецот на ангелите,"„Творецот на ангелите“ е книга во која се мешаат науката, секојдневните трачеви, религијата, доброто и злото, како и човековата потрага по вечниот живот. Читаме различни книги во текот на животот, но малку се такви што оставаат толку силен впечаток што ќе ги паметиме засекогаш. „Творецот на ангелите“ е таква ретка книга, наградена со многу престижни признанија, меѓу кои и „Златен був“, награда што се доделува еднаш во пет години.",Фикција,Стефан Брејс,Антолог,2015,384,"350,00 Денари"
Грешни уживања,"Ветеринарот Павел Кохутек е познат како женкар што постојано е во потрага по жени пред кои лесно „сее“ емоции. Најпосле, една од нив (Јустина) го сфаќа сериозно и се појавува сосе своите куфери во неговиот дом на село. Не знаејќи што да стори, Кохутек ја носи на таванот на една напуштена месарница, обидувајќи се да ја скрие од својата прекрасна и образована жена, нивното дете, родителите, бабата и од другите сограѓани. Таму ѝ носи храна и вода, но тешко му оди долго време да ја држи „сегашната швалерка“ скриена. Фрустрирана од оваа ситуација, Јустина го напушта таванот и се појавува пред семејството додека вечераат…",Фикција,Јежи Пилх,Антолог,2015,118,"200,00 Денари"
Со Ботуше во Париз,"Париз, Париз… Светска метропола што плени со своите убавини и културно-историски споменици. Но очевидецот на овие прекрасни восхитни глетки, кои ги преточил во впечатливи лирски пејзажи, го вознесува уште нешто… Понесен од носталгични чувства, и при престојот таму – не може да го заборави своето родно место Ботуше, крај Македонски Брод…",Фикција,Саво Костадиновски,Антолог,2015,34,"200,00 Денари"
,Прво издание на веќе култниот роман Spectator.,Фикција,,Антолог,2003,208,"150,00 Денари"
Елиза на единаесет години,"Во едно село во близината на Букурешт, доаѓа до вистинска хистерија во моментот кога жителите дознаваат дека Елиза (девојче на 11-годишна возраст) има сифилис. Во текот на обелоденувањето на други случаи на сифилис, девојчето е обвинето дека го заразило, ни повеќе ни помалку, целото село. Постепено, медиумите, властите, родителите и обичните граѓани бараат Елиза да биде казнета, со што таа станува главен општествен непријател. Намуртена и самостојна, Елиза го покажува својот цврст карактер, однесувајќи се како зрел човек. Во Италија книгата ја споредуваат со Чума на Албер Ками.
Романот Елиза на 11 години е добитник на наградата Јон Креанга од страна на Романската академија (2009) и во моментов според него се снима филм.",Фикција,Дојна Рушти,Антолог,2015,256,"250,00 Денари"
Гранд хотел Европа,"Маестрално дело за стариот континент, каде што има толку многу историја што не останува место за иднината и каде што вистинските перспективи се нудат единствено преку експлоатирање на минатото за туристички цели.
Писател отседнува во прочуениот, но декадентен „Гранд хотел Европа“, за убаво да размисли каде згрешил со својата голема љубов Клио, која ја запознал во Џенова, а потоа отишле да живеат во Венеција. Тој ја реконструира трогателната приказна за љубовта во времиња на масовен туризам, за нивните патувања на Малта, Палмарија, Портовенере, Чинкве Тере, и нивната возбудлива потрага по последната слика на Караваџо.
Во меѓувреме, развива фасцинација за мистериите на „Гранд хотел Европа“ и сè повеќе се поврзува со незаборавните ликови што престојуваат таму. Се чини дека тие се заглавени во други времиња наспроти глобализацијата што се шири насекаде.
Ова е роман за европскиот идентитет и носталгијата за крајот на една ера. Изненадувачки или не, но Илја Леонард Фајфер еден дел од книгата сместува и во Скопје, каде што престојувал неколку дена во 2017 година.",Фикција,Илја Леонард Фајфер,Антолог,2021,640,"650,00 Денари"
Срцето на човекот,"3# трилогија Помеѓу рајот и пеколот
Откако ќе се спасат од снежната бура која безмалку ги чини живот, Јенс и момчето ќе се најдат далеку од дома, во една рибарска заедница на крајот од светот. По престојот во домот на селскиот доктор, момчето повторно има чувство како да е вратено од мртвите. Но, ова е чудно место, со жители кои како да не припаѓаат на овој свет. Меѓу нив е и Алфхеидур со огнената коса, поради која тој се запрашува дали е можно да се биде вљубен во две жени истовремено; тој верува дека срцето му е ветено на Рагнхеидур, ќерката на богатиот трговец во селото во кое тој мора секако да се врати.
Со дејство во дивината на екстремниот север која предизвикува страхопочит, „Срцето на човекот“ е едно длабоко истражување на животот, љубовта и желбата, напишана со возвишена едноставност. Во овој заклучок на смелата трилогија, Стефансон го вклучува своето поетско око и философски увид во приказна која е вредна за дамнешните писатели на саги.
„Задлабочувачката проза на Стефансон грми и светка со сите променливи расположенија на морето на исландски летен ден…“ ― Бојд Томкин, Индепендент",Фикција,Јон Калман Стефансон,Антолог,2022,304,"400,00 Денари"
Spectator (англиски),"Доколку имате желба да подарите еден репрезентативен примерок од македонската литература на странец, да види што и како пишуваат авторите од Македонија, тогаш тоа е оваа книга.
The BEST selling debut novel in contemporary Macedonian literature for the first time is translated in English language.
“The book itself makes you read it, and you almost won’t realise when it has ended.”",Фикција,Жарко Кујунџиски,Антолог,2011,160,"300,00 Денари"
Зарем плачеше?,"Катрина, 16-годишна девојка од Рига. Преполна фантазии и немир. Но тој младешки немирен дух се менува откако ќе помине едно лето во планинарски логор на Кавказ, каде што го запознава Олег, нејзиниот инструктор, во кого се вљубува. Рукшане раскажува за првата, голема, младешка љубов, крајот на детството во време на значајни политички превирања во Советскиот Сојуз. Суптилно, но директно и искрено раскажување на млада девојка во годините кога многу важни нешта прекуноќ го менуваат текот на животот.",Фикција,Даче Рукшане,Антолог,2015,184,"250,00 Денари"
Слепиот масер,"Уште како ученик Теодор патувал низ романските села и ги слушал приказните на суеверните селани. Сега како успешен маж од западот се враќа назад во својата татковина за да дознае дали таму би бил посреќен. И за повторно да ја најде својата љубов од младоста. На крајот од сите улици, наидува на слепиот масер и на неговите пријатели. Теодор е фасциниран од местото каде што пациентите,селаните, па дури и градоначалникот, снимаат на касети дела од светската литература. Сепак, сите не се толку гостољубиви како убавата Елена, кај која престојува. Набрзо запаѓа во мрежа од подмолност, корупција и од насилство.",Фикција,Каталин Доријан Флореску,Антолог,2015,272,"250,00 Денари"
Вештерката и дождот,"Забранет роман во Литванија, кој стана европски бестселер! Трите приказни водат во различни периоди од историјата. Една жена е спалена како вештерка во средниот век. Една современа интелектуалка е заљубена во католички свештеник. А љубовта на Марија Магдалена кон Исус Христос е прикажана од полнокрвен женски агол… Ова е најпродаваната книга во Литванија на сите времиња, а била и бестселер во Германија. Власта ја прогласила за шунд и порнографија, па се продавала само во секс-шопови. Авторката неколку пати била приведена и малтретирана од полицијата, по што била принудена да ја напушти својата држава.",Фикција,Јурга Иванаускаите,Антолог,2016,288,"300,00 Денари"
Е. Е.,"Ерна Елцнер е петнаесетгодишно девојче во едно германско-полско семејство што живее во Вроцлав на преминот од 19 во 20 век. Животот на Ерна не е лесен бидејќи таа не се истакнува, повлечена е и срамежлива, па никој не ѝ обрнува особено внимание. Сѐ додека еден ден, за време на ручекот, не здогледува дух…
Пројавувањето на таинствените способности го привлекува вниманието на повеќе луѓе блиски на семејството, од лекари, психијатри, психолози, до скептици, окултисти, аматерски трагачи на загубени души. Авторката ги вклучува окултното, гностиката, мистеријата, теозофското итн. Вистинската вредност на романот е да го врати интересот на човековата единка кон својата духовна димензија и мистеријата што ја поседува.",Фикција,Олга Токарчук,Антолог,2014,192,"250,00 Денари"
Сведок,"Еден петнаесетгодишен бродски прислужник од XVI век патува од Шпанија кон Новиот свет. Само тој преживува по еден напад во дивата страна на светот. Десет години живее како заробеник на Индијанците, сведочејќи ги нивниот живот и нивните канибалистички прослави. Индијанците ловат жртви од соседните племиња или од поморските истражувачи, а потоа ги печат и ги јадат. На крајот, се препиваат и почнуваат толку луда оргија, по која им требаат месеци и месеци да се вратат во живот. Но најчудното од сè е тоа што домородците секогаш оставаат еден преживеан. Сведок.
„Овој прекрасно напишан роман освојува на прв поглед.“ – Индепендент",Фикција,Хуан Хосе Саер,Антолог,2015,160,"200,00 Денари"
Возот за Самарканд,"Во 1923 година болшевичката влада одлучила околу 150 000 напуштени деца итно да бидат евакуирани во провинции во кои имало повеќе храна и каде што можеле полесно да преживеат. 
По граѓанската војна во Русија, искусниот командир Деев и строгата комесарка Бела организираат евакуација на петстотини бездомни деца од Казањ за Самарканд. Деев, како современ Одисеј, Херкул или Јасон, му се спротивставува на апсолутното Зло, кое се појавува во разни облици: глад, смрт, болест или убиства. Во очите на децата, во текот на шесте недели од патувањето, се нижат возбудливи и опасни авантури низ непрегледните пространства што треба да ги изминат. А патот е немилосрден и се претвора во лавовска битка за секој залак храна, за секоја голтка вода – вистинска битка за живот. Илјадниците изминати километри ќе го сменат животот на сите патници, а книгата која изобилува со потресни и ведри сцени, гарантирано ќе допре до срцата на сите читатели. 
Гузел Јахина уште еднаш го докажува својот талент за раскажување, навлегувајќи во болните теми од минатото на Русија, што несомнено се одразиле и на современото општество. Вештината на нејзиното маестрално пишување јасно се одразува на секоја страница на романот кој зрачи со животна сила.",Фикција,Гузел Јахина,Антолог,2023,480,"600,00 Денари"
Ракопис за вториот настанок,"Култниот шпански режисер Бигас Луна починал во период кога ја правел филмската адаптација за „Ракопис за вториот настанок“, книга во која се прикажува големата апокалипса. По крајот на светот, нормално, доаѓа новиот почеток, во кој иднината на човештвото е во рацете на една штотуку полнолетна девојка и едно 12-годишно момче, кои се чинат единствените преживеани. Седејќи и гледајќи кон мртвиот град што лежи под нивните нозе како апокалиптички пејзаж, прават план за својот живот во иднината. Ова ремек-дело е прв обид на авторот Педроло во научнофантастичниот жанр, со кој веднаш стана задолжителна лектира во шпанските училишта.",Фикција,Мануел де Педроло,Антолог,2014,160,"200,00 Денари"
Животинска фарма,"Една фарма е под окупација на преуморни и малтретирани животни. Со жесток идеализам и со разгорувачки пароли, животните тргнуваат во бунт со идеја да создадат напредок, правда и еднаквост. Смелата борба иницирана од животните ја претвора фармата во целосно демократско општество изградено врз идејата дека сите животни се создадени еднакви. Но дали е сѐ токму така? На крајот, сепак бунтот пропаѓа, а фармата завршува во уште полоша состојба од претходно, под диктатурата на свињата по име Наполеон.
Една од најпознатите сатирични басни што некогаш била напишана. Бајка за возрасни, за револуцијата против тиранијата и за тоталитарните режими.
„Животинска фарма“ е книга што се најде на 31. место на листата на најдобри романи од XX век.",Фикција,Џорџ Орвел,Антолог,2021,128,"200,00 Денари"
Шинела и други раскази,"Прозата на Николај В. Гогољ стои во основите на модерната европската литература, како претходник на Франц Кафка, но и како мајстор на гротеската.
Гогољ живее и твори на преминот меѓу две големи книжевно-историски епохи романтизмот и реализмот, при што неговите дела ги имаат карактеристиките на двата правци. Извршил големо влијание на подоцнежните руски реалисти, но и на модернистите. Иако расказите му се проникнати со типично руска атмосфера, успеал да создаде општочовечки и универзални дела. Гогољ ни укажа на сличностите на нашиот свет со пеколот, на истоветноста меѓу сонот и јавето, на алогичното и баналното како клучни во нашето постоење, на невозможното како возможно и на тенката линија што го дели лудилото од уметноста. Полни со имагинација и безвремени, неговите раскази остануваат свежи и значајни денес исто толку колку што биле во времето кога се појавиле.
Од „Виј“ и „Нос“ до „Портрет“ и „Шинела“, оваа збирка ни ги носи осумте раскази на Гогољ кои се вброени во класичните дела на руската и светската литература.",Фикција,Николај В. Гогољ,Антолог,2024,288,"400,00 Денари"
Песните на кои не ме научи мајка ми,"Овој детективски трилер прекрасно го претставува модерниот Истанбул. Откако доминантната мајка на Арда Ергенекон умира од рак, ова 27-годишно момче се обидува да дознае повеќе за својот татко, мистериозниот математички гениј Мурсел. Во друг крај на градот, пак, Бедрихан Озтурк, чија животна приказна е повозбудлива од онаа на Ергенекон, размислува да се пензионира од кариерата на платен убиец. Напнатоста постепено расте кога Арда открива дека неговиот татко бил убиен по нарачка и се впушта во потрага по убиецот. Одеднаш животите на Арда и на Бедрихан чудно ќе се испреплетат. Романот е идеален за љубителите на истражувачки мистерии и за обожавателите на крими-приказни.",Фикција,Селчук Алтун,Антолог,2016,208,"250,00 Денари"
"Отело, Арапинот на Валона","Главниот лик во романот, Отело, доаѓа од пустината. И тој е црнец како и Шекспировиот Отело. Купен на пазарот на робови од венецијанското семејство Контарини, инаку потомци на Марко Поло, Отело се вљубува во девојчето што го зема за да си игра со него, Дездемона, помалата ќерка на семејството Контарини. Отело подоцна судбината ќе го однесе во Валона, каде што ќе помине цели десет години, период во кој доживува страшни моменти, а завршува и во затвор. Сепак, цело време копнее да се врати во Венеција, кај Дездемона, единствениот топол лик за човекот што е туѓинец, не само по потеклото туку и по бојата на кожата.
Настаните во книгата се случуваат во периодот 1300–1400 година, во два урбани центри од тоа време – Венеција и Валона, кои имале интензивни трговски и политички односи. Историската заднина е реална. Валона се наоѓа пред турска окупација. Властелинот е убиен во битка, а неговата сопруга го презема водството над градот. Склучува сојуз со Србите, мажејќи ја ќерка си со српскиот благородник Мркша Жарковиќ, кого мештаните го завикале Каси, како Шекспировиот лик. Но Валона не ја спасија од Турците ниту сојузот со Србите, ниту пак Венеција, која беше индиферентна.",Фикција,Бен Бљуши,Антолог,2017,352,"400,00 Денари"
Повторно роден,"Едно утро Џема се качува во авион заедно со шеснаесетгодишниот син Пјетро. Тргнуваат за Сараево, град што го нема посетено откако го напушта во хуманитарен авион со новороденчето в раце, град што сè уште носи видливи лузни од војната во деведесеттите. На аеродромот ги дочекува Гојко, босански поет и стар пријател на Џема, со кого се запознава во далечната 1984 година, во екот на Зимските олимписки игри, додека работи на својата теза за Иво Андриќ, и преку кого ја среќава љубовта на својот живот, Диего, фотографот од Џенова што слика вирчиња.
Романот раскажува токму за оваа љубов, страсна и несовршена како и сите вистински љубови. Но раскажува и за трнливата голгота на Џема кон мајчинството, за стравотната војна, за неизмерната болка и за загубата, но и за надежта, отелотворена во Пјетро.
„Повторно роден“ е добитник на наградата „Кампиело“ во 2009 година. Пенелопе Круз и Емил Хирш ги толкуваат главните улоги во филмот снимен според овој прекрасен роман.",Фикција,Маргарет Мацантини,Антолог,2019,544,"500,00 Денари"
Тегли – второ издание,"Mрачен трилер за Златко и Розе кои успеваат да им избегаат на „колекционерите“ на делови од човечкото тело и за последиците од оваа траума. 
Златко e провалник со смисла за црн хумор кој влегува во соба со богатства, каде што ќе открие колекција на човечки делови и органи. Заробен од колекционерот мора да најде начин како да се спаси од канџите на монструмот. Розе се опоравува од втората врска со насилник и одлучува во својот стан да покани маж кој штотуку го запознава. Тој ја напаѓа, но Розе успева да го убие во самоодбрана. Сакајќи да дознае повеќе за него, сфаќа дека ја демнел и е дел од мрачна мрежа колекционери на делови од човечки тела. Донесува одлука да ја повика полицијата, преправајќи се дека нејзиниот напаѓач е сè уште жив, а притоа да остане анонимна. 
Подгответе се да бидете шокирани, вознемирени, а на крајот и заробени од оваа незаборавна приказна за опстанокот и за последиците од барањето правда.
 „Тегли“ на Коцевски е освежување во домашната книжевна продукција затоа што се работи за редок суб-жанр кај нас ‒ трилер и хорор […], а би било одлично доколку ова дело добие и филмска адаптација. ‒ Мерсиха Исмајлоска",Фикција,Јордан Коцевски,Антолог,2024,240,"350,00 Денари"
Прозорецот,"Наследство (Книга 1): Прозорецот
Што ако обвинетиот ви каже дека зад убиството на неговата сакана стои „човекот од прозорецот“ на петти кат, без да објасни на кој начин тој се нашол таму? Би му поверувале ли?
Што ако се работи за некаков паранормален феномен? Би се соочиле ли со него?
Ако дознаете дека зад тоа се крие голем заговор и тајна организација која ќе ве прогонува? Ќе имате ли храброст да продолжите?
Новинарот Мите е решен по секоја цена да ја открие мистеријата зад „човекот од прозорецот“, иако не е свесен што сè ќе треба да жртвува за да го направи тоа.
Додека тој е посветен на истрагата на феноменот, неговата пријателка Катерина и неговиот татко Лазар бараат начин да му помогнат и да ја разоткријат тајната организација која се обидува да го спречи Мите, пред членовите од организацијата да успеат во тоа.",Фикција,Јордан Коцевски,Антолог,2022,272,"400,00 Денари"
Правило против убиство,"#4 АРМАНД ГАМАШ
Во екот на летото, брачниот пар Арманд и Рен-Мари Гамаш ја слават својата годишнина во „Маноар Белешас“, изолиран, луксузен хотел недалеку од селото Три Пајнс. Но, тие не се сами. Семејството Фини – богато, културно и угледно – исто така пристигна на своја прослава.
Прекрасниот „Маноар Белашас“ е можеби опкружен со природа, но има нешто неприродно што демне. Како што се вжештува атмосферата и се приближува дожд, на семејната средба се појавуваат некои изненадувачки гости, а страшната летна бура остава зад себе мртво тело.
Главниот инспектор Гамаш треба да открие долго закопани тајни и омраза скриена зад љубезни насмевки. Потерата го носи во Три Пајнс, во темните агли на сопствениот живот и, најпосле, до грозоморна кулминација.",Фикција,Луиз Пени,Антолог,2023,384,"500,00 Денари"
"Сонцето под земја, кралството над него","Длабоко под земја лежи второто сонце, елша. Елшата е магична материја која со векови ги хранела Сончевите кралеви, давајќи им натприродна сила. Но не повеќе. Некои не ни веруваат дека некогаш тоа било вистина.
Сега поважно е пророштвото – пророштвото кое вели дека Сончевото кралство ќе згасне засекогаш. Неизбежноста на судбината ја засенува кралската фамилија. Затоа, принц Марко, Токиј Токмакот – џинот кој не е џин, Неда – главата на Зраците, и Ѕвездан – oвчарот од Поток, мораат да го најдат Неродениот од жена, да го уништат пред тој да збрише сè.
Но, на Сончевото кралство му се закануваат и други опасности. Стариот крал е решен да ги сече врските со господарот од подземјето, а Копачите, на чело со командантот Драгор, сејат раздор и ерес по срцата на народот. Браќа и сестри ќе посегнат по зло од завист, кој со оружје, кој со магија – сите барајќи си го своето.
Херои не можат да постојат, не во оваа земја. Oваа земја плаче за крв, а сонцето под земја ќе го нахрани победникот – некој ќе го отруе, некој ќе го зацари.",Фикција,Елена Бошбож,Антолог,2023,352,"450,00 Денари"
Просечен индекс на среќата,"Погодено од финансиската криза во Португалија, семејството на Даниел се разделува. Неговата сопруга Марта заедно со децата се отселува кај своите родители. Но Даниел верува дека ќе најде работа и повторно сè ќе биде како порано. Даниел е нараторот што ја пренесува приказната преку имагинарен дијалог со својот пријател Алмодовар.
Даниел ги губи и своите хонорарни работни места бидејќи своето време го користи за да им помогне на: Шавиер – агорафобичар што не може да го напушти својот стан, Авила – поранешен професор, малтретиран од средношколска банда, Вашко – синот на Алмодовар, кој постојано запаѓа во неволи. Шавиер има математичка теорија поврзана со среќата и прави секој да се замисли кој е индексот на среќата во неговиот живот. Но има ли среќата нумеричка вредност?
Романот е потрага по она што е навистина важно за да се биде среќен, но и обид да се сфати колку едно срце може да биде големо. Радост, болка, носталгија, песимизам, надеж и љубов, заедно спакувани во книга. Ни требаат лоши денови за да ги цениме добрите. „Просечен индекс на среќата“ е неверојатно патување до себе.
Добитник на Наградата за литература на Европската Унија за 2015 година.",Фикција,Давид Машадо,Антолог,2018,256,"300,00 Денари"
"Татко ми, Босфор – II издание","На самиот крај од XIX век и почетокот на XXI век, некаде помеѓу современиот свет и почетокот на падот на Oсманлиската држава, се случуваат две, навидум различни приказни.
Камила Џалал е посветена детективка која ќе го преврти Истанбул за да ја најде причината за смртта на нејзиниот сопруг. Но, Камила Џалал е и девојка која по низа несреќни случаи во нејзиниот живот почнува да станува блиска со луѓето околу султанот во сарајот Јилдиз. Додека се приближува крајот на династијата и соборувањето на султанот Абдулхамид од престолот, на другата страна од времето, Босфор трага да го најде чудовиштето зад серија убиства коишто ја згаснаа светлината на градот.
Што имаат заедничко девојките со исто име?  И двете живеат за едно нешто. Да ѝ најдат смисла на смртта.",Фикција,Јован Илиески,Антолог,2024,240,"350,00 Денари"
Страдањата на младиот Вертер,"Вертер е чувствителен млад човек кој се преселува во мало гратче каде што ја запознава и се заљубува во Шарлота, љубезна и интелигентна девојка која веќе е верена со Алберт.
Иако на Вертер му е јасна ситуацијата во која се наоѓа, тој е обземен од љубовта која ја чувствува кон Шарлота. Води записи за да ги скроти своите чувства, но и да ѝ се обрати на саканата.
Обземен од меланхолија поради невозвратената љубов и чувствувајќи се како никој во светот да не го разбира, се свртува кон природата, но не може да избега од оковите што му ги наметнува општеството. Неговите писма го следат емотивното патување низ кое тој минува, како и опсесијата која има трагичен крај.
Првиот и најпознат роман на Гете е издаден во 1774 година и содржи автобиографски елементи. „Страдањата на младиот Вертер“ извршила огромно влијание со своето објавување. Т.н. „Вертеров ефект“ довел дотаму што во извесни периоди била забранувана во Италија и во Данска.",Фикција,Јохан Волфганг Гете,Антолог,2025,128,"300,00 Денари"
Прави се сите,"Тони Пагода е светски познат музичар и машки шовинист чија „омилена тема“ е тој самиот. Поп-пејачот Тони Пагода е тврдоглаво заљубен во животот.
Има бурно минато, иако има само четириесет години зад себе. Може да се каже дека Тони е симбол на секое претерување: голем потрошувач на сè, од дрога и жени, до пријателство и нежност.
Кога животот ќе стане премногу комплициран, сфаќа дека дошло време за промена и одлучува да исчезне. Се преселува во Бразил, ги прекинува сите врски со Италија и живее слободно со години.
Сепак, судбината има поинакви планови. Преку еден новостекнат пријател Тони ќе се поврзе со нарачател на необичен концерт, кој ќе го врати во Италија по две децении.
Напишан во еден здив, безмилосно и во прво лице, оригинален како малку романи на современата литература, „Прави се сите“ е дебитантско дело на еден неодолив и многу посебен италијански автор.
Паоло Сорентино е и исклучителен писател, не е само режисер за кого сите зборуваат!",Фикција,Паоло Сорентино,Антолог,2021,304,"400,00 Денари"
Дете на правта,"Дете на правта“ е вториот роман на жената која виетнамскиот „Форбс“ ја прогласи за една од дваесетте инспиративни жени за 2021 година.
Сместен во Виетнам, романот нè води во животите на неколку ликови врз кои војната оставила длабока трага. Сестрите Транг и Куин, во годините на најжестокиот судир го напуштаат своето село во потрага по подобар живот и во Сајгон стануваат проститутки, впуштајќи се во врски со американски војници. Напуштеното детенце Фонг, син на виетнамска мајка и американски војник, по смртта на својата заштитничка тргнува во очајна потрага по своите корени. Неколку децении по војната, поранешниот американски пилот Ден, со сопругата Линда се враќа во Виетнам, воден од тајната желба да ја пронајде својата поранешна девојка и… Колкава цена е подготвен секој од нив да плати за да ги добие одговорите по кои копнее?",Фикција,Нгуен Фан Ки Маи,Антолог,2024,336,"450,00 Денари"
Пасија по Г. Х.,"Пасија по Г. Х. е роман со едноставна приказна.Г. Х. e скулпторка што живее во богат кварт во Рио де Жанеиро. Дента кога ја отпушта слугинката и влегува во нејзината соба за да ја среди, здогледува лебарка што лази на подот. Згрозена и во паника, ја затвора вратничката од отворениот шкаф и притоа ја преполовува лебарката. Глетката на инсектот што умира кај неа поттикнува внатрешен дијалог што ја води кон длабоки размислувања за своите чувства, стравови, неспокојства, а просторот го претвора во мал амфитеатар на философски преосмислувања. При крајот на романот, на врвот од внатрешната криза, ќе биде опишана најпознатата и најшокантната сцена во бразилската книжевност.
Делото е создадено во тешки моменти во животот на писателката, период кога се разведува од сопругот и открива дека синот страда од шизофренија. Американскиот писател и критичар Бенџамин Мозер ја смета Лиспектор за најважна писателка со еврејско потекло по Франц Кафка.",Фикција,Кларис Лиспектор,Антолог,2018,160,"200,00 Денари"
Европа во сепија,"„Европа во сепија“ е збирка есеи на познатата хрватска книжевничка Дубравка Угрешиќ. Триесетина есеи во кои авторката секогаш поаѓа од некое сопствено искуство, скица, настан, сеќавање, односи, но првенствено од емоциите. Автобиографски и дневнички записи што се протегаат низ целиот свет – Њујорк, Хонг Конг, Бали, Амстердам, Загреб – и со црнохуморен тоналитет го разоткриваат апсурдот на современиот живот! Прислушувајќи што зборуваат луѓето во бистроата, на книжевните трибини; опишува средби, многу тажни, но и смешни ситуации. Всушност, најчесто истовремено смешни и тажни.
Потребен е странец за да видиме колку е мрачен овој свет, а Дубравка Угрешиќ е тој странец. Нејзиното пишување е грациозно и страсно, но ги задржува необичноста и хуморот што го прават бескрајно интригантно. Скалпелот на Угрешиќ засекува премногу длабоко во најболните општествени теми.
Дубравка Угрешиќ е добитник на наградата „Жан Амери“ за исклучителни достигнувања во областа на есеистиката во 2012 година, а следната година од своите есеи ја составува оваа книга.",Фикција,Дубравка Угрешиќ,Антолог,2019,272,"300,00 Денари"
Оренда,"Далечна зима во XVII век во Канада. Се случуваат брутален масакр и киднапирање на девојче од племето Ирокези. Тоа ќе ги влоши и онака непријателските односи меѓу Ирокезите и Хуроните. Хуронскиот воин – Птица решава да го посвои девојчето чие семејство го убил во замена за своето убиено семејство. Се бори да ги освои срцето и наклонетоста на девојчето, а притоа малите битки еруптираат во војни.
Истовремено, меѓу Хуроните живее и Кристоф, језуитски мисионер посветен на проучување на животот и обичаите на домородното население, со желба да им го покаже на луѓето вистинскиот пат и да ги преобрати во христијани. Додека животите на овие три главни ликови се испреплетуваат во нераскинливи мрежи, разни сојузи се склопуваат и раскинуваат, а културите и верувањата се судираат соочени со опасната промена.
Приказна за крв и надеж, сомнеж и доверба, омраза и љубов: сага што е стара речиси четиристотини години – а сега се претвори во безвременско книжевно дело.",Фикција,Џозеф Бојден,Антолог,2019,496,"500,00 Денари"
Чисти артисти,Првообјавена книга во библиотеката „Смевотека“ и во издавачката куќа „Антолог“. Содржи голем број скечови емитувани во хумористичните емисии на Радио Скопје „Хумористични бранови“ и „Најнеслушана емисија“ во периодот од десеттина години во кои Кујунџиски учествуваше во нивната подготовка.,Фикција,Александар Кујунџиски,Антолог,2000,160,"250,00 Денари"
America,"Fissiamo due cose: America deve essere una persona e non un nome di un continente e deve essere lui, non lei. Quindi abbiamo a che fare con America Berti, un uomo di trent’anni la cui esperienza può essere ripiegata e infilata nelle tasche dei pantaloni. Semplice come la parola “scusa” e ritirato come il mare tranquillo. America Berti è quel ragazzone trentenne соn un grande nome, ma senza grandi richieste. Chiede solo di poter andare in giro con la sua bicicletta, pescare, giocare con le sue figliastre e dopo l’arrivo del postino, in solitudine, trascorrere ore assieme alle lettere che nessuno saprebbe dire da chi e da dove arrivino.
Adesso immaginiamo di essere in Italia, dall’altra parte del Mare Adriatico. In un punto tra Brindisi e Monopoli c’è il piccolo e nascosto Tintinnio, un luogo che non esiste sulla carta geografica, ma in esso gravitano talmente tante personalità uniche che merita l’attenzione del mondo intero.
Quando queste due cose si uniscono – le strambe abitudini di un uomo introverso e la curiosità della provincia che vive grazie al tramestio giornaliero – si viene a creare un’opera che racchiude in sé il fascino delle storie che si ricordano per tutta la vita.
È un romanzo sull’attrazione incontrollabile nei confronti di ciò che è sconosciuto, è un romanzo sull’amore e sull’amicizia, sulla ricerca del luogo che chiamiamo casa, sull’impossibilità del perdono, sull’assurdità dell’oblio, sull’assenza come destino, ma prima di tutto è un romanzo sull’utopistica potenza della parola.
  Книгата е објавена во рамки на проектот Made in Europe: The power of diversity / Создадено во Европа: Моќта на различноста (ко-финансиран од програмата Креативна Европа на Европската Унија).",Фикција,Жарко Кујунџиски,Антолог,2023,208,"400,00 Денари"
Виљево,"„Виљево“ почнува со монолог препишан од лоша снимка, каде што осамен глас отвора панорама на речиси ненаселената Славонија, загубена во лето и во прав, а завршува со опсесивен коментар на пожолтени страници од нечиј дневник од Втората светска војна, додека во темниот простор помеѓу чека суровиот транскрип од дијалог во кој се случува напнато одмерување на силите. Севкупно пред нас е ризична потрага по место каде што би можело да почне заедничката приказна.
Ретко кој писател може толку лесно да манипулира со жанровите, нудејќи клучеви со кои романот може да се отвори и како трилер, научна фантастика или како хорор, но Бекавац го прави тоа само за да ги измеша жанровите пред читателите и да им понуди една единствена клучалка: онаа на најдобрата проза, која може секаде да одведе.
Награда на Хрватската академија на науките и уметностите 2014.
Награда „Јанко Полиќ Камов“ на Хрватското друштво на писатели 2014.
Награда за литература на Европската Унија во 2015.",Фикција,Лука Бекавац,Антолог,2017,236,"250,00 Денари"
Долга реса крај морето,"Приказна за љубовта, пријателството, надежта и егзилот, која е актуелна и денес, и покрај тоа што се одвива во минатото.
Кон крајот на граѓанската војна во Шпанија, илјадници луѓе ја напуштаат земјата и преку Пиринеите бегаат во Франција. Меѓу нив се наоѓаат Росер, млада бремена жена, и Виктор Далмау, воен лекар и брат на загинатиот татко на детето на Росер. Со цел да преживеат, принудени се да склучат договорен брак. Потоа, заедно со уште две илјади шпански бегалци, успеваат да се качат на легендарниот брод „Винипег“, со кој познатиот поет Пабло Неруда, еден од ликовите во романот и чилеански конзул во Париз во тоа време, ја организира нивната евакуација во Чиле, држава што самиот Неруда ја опишува како: „Долга реса крај морето“.
На новиот континент тие мора да се соочат со многу предизвици и во текот на неколку децении успеваат да живеат интегрирани во новата татковина, сè до државниот удар што ќе го собори претседателот Салвадор Аљенде, пријател на Виктор во играњето шах. Виктор и Росер повторно мора да го напуштат домот, но потоа, како што вели авторката: „Ако човек живее доволно долго, круговите се затвораат“.",Фикција,Изабел Аљенде,Антолог,2022,336,"450,00 Денари"
Сите лета потоа,"Шест лета за вљубување – еден миг за разделба. И еден викенд за исправка.
Персефони Фрејзер наместо да ги минува летата на езерскиот брег од своето детство, живее во стан во големиот град, излегува со пријателките и ги држи сите на безбедна оддалеченост од сопственото срце.
Но тоа се менува по еден телефонски повик кој ја тера да поита назад во Берис Беј и во орбитата на Сем Флорек – човекот без кого мислеше дека не ќе може да живее.
Перси и Сем биле неразделни шест лета: замаени попладниња крај вода, топли летни ноќи работејќи во ресторан во период исполнет со книги – тој со учебници по медицина, таа пишувајќи кратки хорор-приказни. Нивното пријателство прераснало во нешто повеќе, нешто од кое застанува здивот, за потоа експлозивно да заврши.
Кога Перси се враќа кај езерото за да присуствува на погребот на мајката на Сем, нивната меѓусебна поврзаност е толку очигледна. Сè додека Перси не успее да се соочи со одлуките што ги донела, двајцата нема да дознаат дали меѓусебната љубов ќе им биде поголема од грешките во минатото.
Шест години и еден викенд: широк, сеопфатен поглед кон љубовта, кон луѓето и кон одлуките што нè обележуваат засекогаш.",Фикција,Карли Форчан,Антолог,2023,320,"500,00 Денари"
Деца на злото (II издание),"„Деца на злото“ е прв роман на човекот чии јавно искажани ставови секогаш создаваат лавина реакции во соседна Србија. А сега донесува вистински потрес и во светот на литературата!
Во средиштето на романот се наоѓа едно драматично убиство, а потрагата по сторителот ќе доведе до низа други настани, кои ќе откријат дека станува збор за злосторство од страст, одмазда, опомена и симболика.
Како да се пронајде виновникот во свет во кој вистината е изобличена, а минатото на јунаците е вткаено во нивната сегашност со нераскинлива поврзаност со злото?
Никола Бобиќ, белградски адвокат, ќе се обиде да пронајде одговор на тоа прашање, не насетувајќи дека одговорот засекогаш ќе го промени.
Оваа приказна се однесува на сите нас бидејќи во неа ќе пронајдеме рефлексија и на нашата општествена стварност. Но, што е уште поважно, ќе го пронајдеме изгубеното зрно надеж.
Дури и во систем длабоко изгребан од корупцијата има место за херои.
  *Книгата е достапна со потпис од авторот. Во коментар за нарачката нагласете доколку сакате да добиете потпишан примерок.",Фикција,Миодраг Мајиќ,Антолог,2021,400,"450,00 Денари"
Џин,"Мартин М. Шимечка, чиј татко бил затворан од комунистичкиот режим, и самиот имал затворени врати до нормалниот општествен живот. Книжевноста за него била точка на излез. Книгите на Шимечка во голема мера се автобиографски, поле каде што тој го открива својот поглед на светот. Во новелите од оваа книга, како авторот, и неговото алтерего се наоѓа на рабовите на општеството. Тешко воспоставува контакт со другите и сосредоточено се занимава сам со себе, како типичен индивидуалист. Создава сопствен свет. Редовно трча во природа, но не од љубов кон спортот, туку за да си докаже себеси дека може да ги поместува границите на издржливоста кај себе – кога ќе дојде до таа точка, победува. Тоа е всушност зајакнување на кондицијата во системот што го деградирал, го затворал. „Спортот го сфаќам како начин на преживување. Сакав да го преживеам комунизмот“, вели авторот.",Фикција,Мартин Шимечка,Антолог,2014,260,"220,00 Денари"
Америка,"Американскиот сон има повеќе лица, може да дојде преку ноќ, а може да се претвори и во кошмар. Ликот во книгата се движи од една во друга крајност. Интересно е што Кафка не стапнал во Америка, но преку својот главен херој целосно ја доловува сликата за најмоќната држава на светот. Романот е чиста антологија.",Фикција,Франц Кафка,Антолог,2011,239,"340,00 Денари"
Во градината на ѕверот,"Во романот станува збор за сексуалната зависност, тема што Лејла Слимани ја пренесува мошне внимателно и со исклучителна суптилност.
Пеколното секојдневје на Адел (новинарка омажена за успешен лекар, мајка на едно дете) е исполнето со лаги, долги подготовки за да организира средби и да ги задоволи своите сексуални желби, но и со фобии и опсесии, со страв дека ќе биде откриена во своите авантури и ќе го загуби сето она што го има – работата, семејството, самопочитта.
Адел ги одбира мажите сосема случајно, а понекогаш дури и плаќа за да го добие она што го посакува. Сепак, нејзиното однесување е поблиску до некој вид мазохизам отколку до потрага по задоволство. Бидејќи таа првенствено се обидува да задоволи некој свој недостиг, длабока егзистенцијална празнина чии корени допираат до детството и до фрустрирачкиот однос со мајката, која не била способна да сака.
Со својот прв роман Слимани ненаивно нè повикува во светот на сказните од детството. А детството е појдовна точка на сите наши сеништа и опсесии, колепка на нашите подоцнежни душевни демони.",Фикција,Лејла Слимани,Антолог,2019,176,"250,00 Денари"
Црната круна,"„Интересно патување преку континенти и низ времето. Илија Магденоски создава атмосфера исполнета со акции, неочекувани пресврти и повеќеслојни карактери. Преплетот на овие елементи го прави ова дело возбудливо за читање, отворајќи интересни моменти од македонската историја. Служејќи се со едноставен, непретенциозен стилски израз, Магденоски создал дело што е уште попримамливо за широка читачка публика од ‘Пустинската змија од Гиза’.“ – Лабина Митевска",Фикција,Илија Магденоски,Антолог,2021,208,"300,00 Денари"
Види кој се врати,"Адолф Хитлер се буди повторно по 70 години отсуство во Берлин со истата, стара цел и намера. Да го освои светот.
Кога се појави во Германија, „Види кој се врати“ ги крена Германците на нозе. Потоа продолжи да освојува неколку блиски земји, како што се Италија и Норвешка, и секаде е меѓу најчитаните и најконтровезни книги со лавина реакции од публиката.
Многумина велат дека не смеете да читате ништо поврзано со Хитлер. Но дали е така? Дали смееме да слушнеме како би размислувал Хитлер во денешново време? И дали смееме да се смееме во друштво со Хитлер? Смеење во друштво со Хитлер – можно ли е тоа? Смееме ли воопшто да го правиме? Храбрите ќе кажат „Зошто да не?“.",Фикција,Тимур Вермеш,Антолог,2013,384,"500,00 Денари"
Нека играат децата (IV издание),"„Нека играат децата“ е прва објавена книга на Денис Бојаров и претставува збирка раскази наменета за различни возрасни категории, која обработува социолошки, психолошки и филозофски теми поврзани со децата, со семејството, но и со човекот, воопшто.
Во голема мера книгата изобилува со автобиографски приказни, збогатени со имагинативната нарација, преку кои авторот воспоставува комуникација и блискост со читателот и му испраќа емотивни и моќни пораки.
Нараторот преку гласот на децата, преку родителите, животните и растенијата комуницира со читателот и му дава еден готов производ од ликови и настани од нашето поднебје, со кои сите ние се идентификуваме. Педесет и еден расказ на број, тематски слични, сепак со поинакво сиже и поуки. Ова се раскази што ќе ја поттикнат емпатијата во вас.",Фикција,Денис Бојаров,Антолог,2022,160,"300,00 Денари"
Гитара од палисандер,"Романот е фокусиран на пет женски судбини. Навидум оддалечени со векови, секоја во својот свет и во својата приказна, со своите затворени светови што еволуирале од митот и суеверието до современите обрасци на однесување и женска еманципација, на крајот на романот овие жени ќе бидат поврзани во голема приказна за таинствените врски што се протегаат низ вековите.
„Гитара од палисандер“ е роман во кој сè се наоѓа на своето место, кој со композицијата потсетува на големите музички дела и начинот на кој се компонирани. Гавран пишува како да компонира, плете мрежа од зборови и настани, внимава на темпото и лајтмотивите и успева да постигне одлични ефекти со суптилно изведено нијансирање. Одлично замислена, со спојувањето на просторите и времињата и впечатливо реферирање на бајката, нејзината приказна е и женска (на начин што нема врска со „женското писмо“) и музичка (не на прво, туку на длабинско структурално ниво) и, што е најважно, е севременска.
  *Книгата е достапна со потпис од авторката. Во коментар за нарачката нагласете доколку сакате да добиете потпишан примерок.",Фикција,Кристина Гавран,Антолог,2021,208,"250,00 Денари"
Балерини,"Роман за контроверзите на образованието и практиката на класичната балетска уметност.
Базирана врз лично искуство, приказната се развива околу школувањето на млада девојка на балетски конзерваториум во Прага во 1990-тите години. Осамостојувањето на рана возраст, предизвиците на големиот град, жртвите за посакуваниот идеал, постојаниот физички и ментален напор, строгата и непотполна едукација, секојдневните прегладнувања, дрогите и алкохолот… Се покажува дека возвишената балетска игра има потресна позадина.
Раскрвавени стапала, вкалапување на телото во точно пропишани размери, губење на индивидуалноста, честопати и изневерување на идеалите, куси и недоволно успешни кариери, многу разочарувања, па и самоубиства… Приказната е раскажана непретенциозно, со иронија и горка смеа, со еден воздржан, но продорен револт: дали навистина мора да биде така?
Појавата на оваа книга предизвикала сериозни дебати во балетскиот свет во Чешка и побудила контрадикторни реакции кај читателската публика: некои ја осудуваат за оцрнување на класичниот балет, а други ја доживуваат како поттик за сериозно преосмислување на практикувањето на оваа уметност.",Фикција,Мирженка Чехова,Антолог,2023,224,"350,00 Денари"
,"Oд нобеловецот од 1998 година имаме „брилјантен, воодушевувачки роман“ (Њујорк тајмс бук ривју) за романса, измама, религија и магија, сместен во 18 век во Португалија, во периодот на инквизицијата. Национален бестселер, чие дејство се одвива во периодот на апсолутистичкиот крал Жоао Петти, кој низ стекнување огромно количество злато и други богатства од Бразил почнува да гради палата како исполнување на ветување што го сторил за да го наследи кралскиот трон.
Клучот на читање е метафизички и езотеричен, преку играта на гледање во светлината и темнината на двата главни лика, Балтазар – Седум Сонца, воин што губи една дланка во војната, и Блимунда – Седум Месечини, жена што има моќ да гледа внатре во луѓето и нивната желба да најдат начин како да летаат.
Романот е преведен на повеќе од 20 јазици и е со над 50 изданија.",Фикција,,Антолог,2014,320,"300,00 Денари"
Брит-Мари беше тука,"Неодолив роман за наоѓање љубов и за вторите шанси што сите ги заслужуваме. Брит-Мари не може да поднесе неред. Неорганизирана фиока за прибор е непростлив грев. Секој ден го започнува во шест часот бидејќи само лудаци се будат подоцна од тоа. И не е пасивно агресивна. Секако дека не! Само понекогаш луѓето нејзините корисни сугестии ги толкуваат како критики. Таа не суди за другите, никако.
Зад социјално непријатното, напорно лице на Брит-Мари се крие жена со фантазија, со преголеми соништа и со претопло срце! По разделбата со сопругот Кент, животот го почнува одново во мистериозното гратче Борг. Секојдневно се соочува со новите сограѓани: пијаници, џаболебари, а еден згоден локален полицаец успева дури и да ѝ го привлече вниманието. Нејзината нова и речиси невозможна задача е да стане тренер на фудбалски тим со неталентирани деца.
Дали Брит-Мари ќе го најде местото каде што навистина припаѓа? На комичен и динамичен, внимателен и хуман начин се слават неочекуваните пријателства што нè менуваат засекогаш. Дали може да го направиме светот подобро место?",Фикција,Фредрик Бакман,Антолог,2019,304,"400,00 Денари"
Слики од детството,"Оваа збирка содржи 55 кратки раскази за деца – „слики“ што авторот ги посветил на своето детство „претрчано во родното Пехчево“, вселено во прегратките на областа Малеш, во источниот дел од нашата Македонија.
Преку овој зборосплетен ѓердан од вистински згоди и настани, доживеани и повторно оживеани под перото на Александар Кујунџиски, може да се согледа  едно дамнешно детство во исконска сплотеност со природата; со ливадите, горите, ридјето, планињето и со нивниот растителен и животински свет…
Да се видат колоритот и одличијата на сите годишни времиња; драгоста што ја носи раскошот и буктежот на пролетта; распеаноста и исполнетоста на летните дружби и милности; дарежливоста на жолтозлатната есен; белината на снеговите и топлината на зимските игри и радости…
Да се почувствуваат личотијата на шумските јаготки, ѕуници, малини, капини, боровинки; опојот на здравецот, синчецот, мајкината душица, медуниките, јагликите; и на косеното сено, нанижано на стогови…
Да се слушнат  ѕунот на некогашните училишни ѕвончиња и советодавниот глас на драгите учители… Секако, неизоставно – и гргорот на планинските води што го заплиснуваат и на еден своевиден начин го бранувале ова преубаво гратче, за кое во времето на детството на овој наш писател насекаде ечела песната „Ој, Пехчево – ти град Венецијо!…“",Фикција,Александар Кујунџиски,Антолог,2017,106,"250,00 Денари"
Белешки од далечниот север,"Романот „Белешки од далечниот север“ прво нè води во историската далечина – времето на градбата на црквата Св. Ѓорѓи во Курбиново, која е материјално и духовно наследство, и судбината на круната од преспанскиот цар. Понатаму читателот се вплеткува во критичките опсервации од белешките на Кон-Ти, кој последните години од животот ги минува во далечниот канадски север. Неговите сеќавања за актуелните состојби во поранешна СФРЈ и независната Република Македонија. Приказната се заокружува со Кокан, дипломат на служба во Канада, кој ги добива белешките на Кон-Ти. Заедно со пронајдениот ракопис посветен на градбата на црквата во Курбиново, планира да ги публикува и да ја открие енигмата за наследството на царската круна и иднината на современиот етнички и државен македонски идентитет.
Искусниот автор и дипломат Константин Дораковски се враќа со дело што ги скорива духовите на историјата и нема никого да го остави рамнодушен.",Фикција,Константин Дораковски,Антолог,2023,240,"400,00 Денари"
101 Рејкјавик,"101 Рејкјавик е како да кажеш 1000 Скопје, поштенскиот код на главниот град е синоним за менталитетот на еден крајно откачен лик во една од најосамените европски држави. Но ликот на Хлинур Бјорн од студениот Исланд ќе ве стопли од смеа и провокативност. Има 30 години и не може да најде работа, па сè уште живее со разведената мајка која штотуку му соопштува дека е лезбејка. Деновите ги поминува голтајќи екстази во локалните клубови, висејќи на Интернет, гледајќи порно филмови на ТВ и зјапајќи по сè женско што има две нозе. Нештата да бидат посложени, се затрескува во Лола, девојката на мајка си, иако во меѓувреме тмурната Хофи, со којашто спиел еднаш-двапати, и самиот не е целосно сигурен, му соопштува дека е бремена.
Книга го открива сè она што мажите најискрено го мислат секој ден а нејќат јавно да го признаат. Ако бареме претходник на Педесет нијанси тоа секако е романот101 Рејкјавик. Приказната е крајно забавна, не само поради финтите на главниот лик со кои е зачинето раскажувањето, туку затоа што Хлинур го раскрива она што поголемиот дел од нас го мислат. Ненадејните испади, чудните изјави се интелигентни, неочекувани, актуелни и примамливи. Набиена бизарности и делови кои влечат да ја читате понатаму, 101 Рејкјавике отфрлена од досадните критичари но обожавана од читателите од целиот свет.",Фикција,Халгримур Хелгасон,Антолог,2013,352,"400,00 Денари"
Двојно стакло,"Смртта полека ѝ се приближува на една постара жена што живее сама во својот мал стан во Рејкјавик. Таа секојдневно го набљудува светот низ двојното стакло на прозорецот во својата кујна. Нејзиниот сопруг неодамна починал, бројот на пријателите се намалува, здравјето ѝ се влошува и енергијата и живоста постепено се цедат од нејзиното тело. Сè што ја очекува е изолација и смрт. Но одеднаш се случува чудо.
Нова љубов го раздвижува нејзиното осамено постоење, давајќи ѝ надеж, но и сомнежи и стравови. Свесна за генерациското табу, кое буди потсмев, се прашува: како ќе гледаат другите на оваа љубов? Приказна раскажана без сентименталност, со цврст и полн стил, чија оригиналност со право се стекнува со Наградата за литература на Европската Унија во 2017 година и со престижната Исландска награда за литература за жени во 2016 година.",Фикција,Халдора Тородсен,Антолог,2019,80,"200,00 Денари"
Снег за двајца,"„Снег за двајца“ е прозно дело на Лилјана Дирјан. Експериментална проза со суптилни елементи на поезија, есеизација и романескна тенденција. Напишана е во форма на дневник меѓу два лика што некогаш биле во љубовна релација.
Снегот, неговата непостојаност, постојана преобразба. Двата лика, Отсутниот и Присутната, ја читаат Марина Цветаева. Дирјан интегрира цитати, делови од писмо на Марина Цветаева напишано до поетот Евгениј Лозман, зимата 1920 година. Секако, покрај Цветаева, Дирјан комуницира и со многу други врвни писатели како Кафка, Бродски, Песоа, Сабато, Бекет, Бела Хамваш, Даша Дрндиќ… Никогаш директно не го открива изворот, туку му препушта на читателот да се движи по оставените траги.",Фикција,Лилјана Дирјан,Антолог,2018,186,"250,00 Денари"
Шардоне и шпагети карбонара,"„Шардоне и шпагети карбонара“ е навидум љубовен роман, во кој се вплеткуваат приказните за Миа и Милан како пријатели и за Ксенија како девојка на Милан. Освен случувањата околу овие две релации – пријателската меѓу Милан и Миа, и љубовната меѓу Ксенија и Милан, низ романот се отсликува и хобито на главната хероина како млада писателка.
Вагајќи низа свои постапки, ликовите констатираат дека зрелоста нема врска со годините, туку со себенадминувањето во обидот да се спречат егото и ароганцијата.
Но истовремено ова е роман и за истрајноста во борбата со себе и своите демони, бидејќи, кога кршиме мразови, не треба никој да нè држи за рака затоа што се потребни двете раце и сета сила.
Марта Димитров одлично психолошки ги портертира ликовите доловувајќи ги нивните најдлабоки дилеми и стравови. Умешно проникнува во срцевината на нивните проблеми и раскажува една убава и топла приказна за љубовта, пријателството, лојалноста.",Фикција,Марта Димитров,Антолог,2020,160,"250,00 Денари"
Рудникот,"ОД АВТОРОТ НА БЕСТСЕЛЕРИТЕ „ДЕЦА НА ЗЛОТО“ И „ОСТРОВОТ НА ПЕЛИКАНИТЕ“
Ти не знаеш што има таму. Никој не знае што има таму.
Третиот роман на Миодраг Мајиќ е пишуван со намера што е очигледна уште од првата реченица. Исповедта на Богдан Бањац можеби е вистинита, а можеби е плод на трауматизираната фантазија, но во секој случај е веродостојна на неговите сеќавања. Тој е поранешен адвокат што се наоѓа во санаториум и поради тоа неговите навраќања кон минатото можат да бидат земени со резерва од јавноста. Сепак, читателот лесно станува негов сојузник, дури и кога нема да поверува во сè што кажува. Според приказната на Бањац, тој се наоѓа во средиштето на комплексна мрежа од интереси на крупниот капитал, политиката и на институциите… А рудникот богат со кобалт во селото на неговата баба наликува на премин кон некој друг, страшен свет, кој е пандан на ужасите што се случуваат во овој, нашиот свет. Потреба за раскажување е последниот обид на Богдан да го реконструира минатото за да ја состави целосната слика за сегашноста и така да дојде до – вистината.",Фикција,Миодраг Мајиќ,Антолог,2023,318,"450,00 Денари"
Порече,"Порече – тоа е областа во срцето на Македонија, во чии пазуви е распослано и родното село на писателот Саво Костадиновски – селото Горно Ботуше. Во еден чудесен, носталгичен и патриотски наплив на егзалтација и надахновение – авторот ги овековечува сите постојни населени места во овој регион. Но, воедно, ги оттргнува од заборавот и некои што веќе исчезнале од географската карта…",Фикција,Саво Костадиновски,Антолог,2015,60,"200,00 Денари"
Утрото на светот,"„Што ако некој видовит човек може да се разбуди навремено и да ја спречи трагедијата?“ Од ваква претпоставка тргнува романот „Утрото на светот“. Приказната ни ги претставува ликовите на Теа, Марк Милард, Алис и Соломон, кои скокнале од Кулите близначки при судирот на авионите. Но тука е и Аида, која ги нарекува кукавици. А сега одеднаш замислете дека, за дел од овие луѓе, на 13 септември универзумот одново се враќа два дена претходно.",Фикција,Педро Гиљерме-Мореира,Антолог,2013,176,"220,00 Денари"
Ерусалимски раскази / Кафка во Ерусалим,"Својата долгогодишна писателска кариера Виктор Фишл ја почнал како поет, а подоцна се надоврзал со кратки раскази и романи. Ерусалимски раскази и Кафка во Ерусалим се неговите две  најпознати книги. Заедничко обележје на овие хумористични и носталгични раскази, исполнети со чудните и чудесни жители на Ерусалим, е необичната фасцинација од градот во кој авторот живеел со години и за кој вели: „Тоа постојано се случува во Ерусалим. Ќе дојдеш до завршетокот, а потоа гледаш нова мрежа од можности. Мислиш дека си дошол до крајот на патот, а ти всушност си на крстопат, односно на почетокот на голем број нови патувања… бидејќи овој град, каде што сè расте и каде што нема почеток и крај, е идеален за секој човек, но најдобар е за книжевниците. За делата што ги пишуваат.“ Постојат два пата до Ерусалим: да се влезе преку Портата Јафа или да се отвори оваа книга.",Фикција,Виктор Фишл,Антолог,2017,224,"250,00 Денари"
Убиство во Капали чаршија,"Берна, дебела и депресивна жена што работи како туристички водич, со таблети за смирување се обидува да ги преброди кризите… Мртво тело во Капали чаршија е пронајдено во чудна положба… Едно момче со хендикеп е главен осомничен… Навидум, нема мотив да го изврши убиството, па нашата невротична хероина, која дотогаш не покажувала афинитет да стане детектив, се вклучува кон истрагата за убиството… Покрај тоа, посакува осомничениот да биде невин само поради тоа што е хендикепиран. Влечкајќи се по намуртениот и студен инспектор Фатих, таа ги оценува осомничените.
„Како Инферно на Ден Браун така и романот на Туркекул ми предизвика ефект на студена лимонада во пеколно жежок ден. Ќе уживате!“ – Ерол Ујепазарџи",Фикција,Есра Туркекул,Антолог,2016,240,"300,00 Денари"
Надојдени реки,"Пишувајќи дела од сите литературни родови и видови и сите возрасти, во збирката насловена Надојдени реки, Кујунџиски ни нуди кратки раскази наменети за возрасните. Поголемиот дел од нив – со хумористична нишка, која, како што е познато, провејува и во речиси целокупното творештво на овој наш автор. Голем дел се наградувани или откупувани на низа анонимни конкурси за раскази.",Фикција,Александар Кујунџиски,Антолог,2002,192,"250,00 Денари"
Диссомнии (II издание),"Главни ликови во овој исклучително актуелен роман се еден 29-годишен писател и Настја, негова свршеничка и успешна новинарка. Нивниот заеднички живот во Украина се наоѓа во криза, а спротивните ставови во однос на Револуцијата на Мајдан не им го олеснуваат односот. Барајќи мир и инспирација, писателот се враќа во Македонија, која ја напуштил 11 години претходно, по сообраќајната несреќа во која загинало целото негово семејство. Таму се стационира во планинското село од кое потекнуваат неговите баба и дедо, но почнуваат да го следат одредени надреални случувања, како што е преместување на предмети во куќата додека спие.
Диссомнии е сижејно комплексен роман со исклучително непредвидлив тек на раскажаните настани. Дејството е со многу пресврти и содржи елементи на трилер, хорор и психолошки роман. Читателот од самиот почеток ужива во сите раскажувачки нишки, но оставен е до пред самиот крај да се прашува каде води сето тоа и со што ќе резултираат сите елементи на личната и семејната драма на раскажувачот, изненадувачки испреплетени со колективната драма предизвикана од општествени немири.",Фикција,Игор Станојоски,Антолог,2018,240,"350,00 Денари"
Северната страна на срцето,"Долорес Редондо постигна голем успех со „Бастанската трилогија“ („Невидливиот чувар“, „Заветот на коските“, „Дар за бурата“). „Северната страна на срцето“ е напишана и објавена подоцна, но настаните всушност ѝ претходат.
Во 2005 година, многу време пред да се случат злосторствата во Бастанската Долина, Амаја Саласар, како млада помошник-инспекторка учествува во програма за размена на полициски службеници од Еуропол во Академијата на ФБИ, во САД. Таму таа се истакнува со својот талент и агентот Алојсиус Дипре, шефот на единицата за истраги, ја вклучува во екипата што е во потрага по сериски убиец наречен „композиторот“, кој убива цели семејства во текот на големи природни катастрофи. Следејќи ја неговата трага, тие одат во Њу Орлеанс во предвечерието на Катрина, најголемиот ураган што го зафатил градот. Описот на градот во текот на ураганот, разорувањето, личните приказни и потрагата по серискиот убиец се вешто испреплетени со други два заплета. Едниот, во кој, по еден телефонски повик на тетка Енграси кај Амаја ќе се разбудат стравовите и сеништата од минатото, од времето кога имала дванаесет години, била загрозена од мајка си и се изгубила во шумата, при што ја спасила бура, и другиот, приказната на Дипре, кој по многу години повторно се сретнува со грабнувачот на девојчиња и тргнува по него. Во тој дел се присутни зомби, вуду и други верувања што авторката мајсторски успева да ги прикаже спојувајќи ги вуду-митологијата, суеверијата и наварската митологија.",Фикција,Долорес Редондо,Антолог,2021,624,"600,00 Денари"
Чекај ме кај езерото,"Ферн Брукбенкс голем дел животот поминала размислувајќи за Вил Бакстер.
Во своите рани дваесетти години, минала само дваесет и четири часа со овој извонредно привлечен уметник-идеалист, а нивната средба се претворила во целодневно доживување на Торонто. Моментот бил погрешен, но меѓусебната поврзаност очигледна: си ги раскажале секоја тајна и секој сон, и свечено се договориле да се сретнат една година подоцна. На таа средба дошла Ферн, но не и Вил.
Ферн сега има триесет и две години, и животот не ѝ изгледа како што замислувала. Повторно живее во родниот крај и го води езерското одморалиште на мајка ѝ. Таму владее неорганизираност, негов директор е поранешното момче на Ферн, а самата не знае од каде да почне.
Ѝ треба план и насочување. На нејзино изненадување, спасот се појавува во ликот на Вил кој пристига на местото со задоцнување од девет години, носејќи куфер и понуда да ѝ помогне. Но како таа да му верува на овој човек-фантом кој сега носи скапи костуми и кој ни оддалеку не личи на младичот што го запознала пред толку години? Вил крие нешто, а Ферн не е сосема сигурна дека сака да дознае што.
Но десет години пред ова, тој ја спасил неа: може ли сега таа да го стори истото за него?",Фикција,Карли Форчан,Антолог,2023,352,"500,00 Денари"
,"Главниот лик во романот се враќа во родното село откако претходно се збогатил во Америка; она по што трага не се едноставно сеќавањата или повторно вклучување во општеството. Тој трага по она што родниот крај го прави тоа што е, по тајната што ги врзува луѓето со местата и со генерациите. Неслучајно ликот е безимен: најденче од сиропиталиште, израснато од сиромашни земјоделци како евтина работна сила, кое станува човек емигрирајќи во Америка. Сепак, каде и да оди, со себе ги носи историјата на своето време и етнолошката природа на просторот во кој е израснат, на фасцинирачката Италија.
„Деветте романи на Павезе го сочинуваат најдраматичниот и најхомогениот наративен циклус во современа Италија. Ова се дела со неверојатна длабочина во кои човек постојано наоѓа нови слоеви, нови значења.“ – Итало Калвино",Фикција,,Антолог,2014,176,"200,00 Денари"
Авантурите на Шерлок Холмс,"„Детективот консултант“ Шерлок Холмс ги решава злосторствата на криминалците на воодушевувачки начин. Без разлика дали демнат по магливите улички на Лондон или коват заговори во идиличните замоци далеку од метрополата. Тој и неговиот верен колега, доктор Вотсон, решаваат дванаесет збунувачки и мистериозни случаи.
Во „Авантурите на Шерлок Холмс“, првата книга со случаите на најпознатиот детектив на сите времиња, се среќаваме со неговите славни и проклето тешки загатки, меѓу кои и „Скандал во Бохемија“, „Шареното чергиче“, „Здружение на црвенокосите“ и многу, многу други!",Фикција,Артур Конан Дојл,Антолог,2019,304,"350,00 Денари"
Диссомнии,"Главни ликови во овој исклучително актуелен роман се еден 29-годишен писател и Настја, негова свршеничка и успешна новинарка. Нивниот заеднички живот во Украина се наоѓа во криза, а спротивните ставови во однос на Револуцијата на Мајдан не им го олеснуваат односот. Барајќи мир и инспирација, писателот се враќа во Македонија, која ја напуштил 11 години претходно, по сообраќајната несреќа во која загинало целото негово семејство. Таму се стационира во планинското село од кое потекнуваат неговите баба и дедо, но почнуваат да го следат одредени надреални случувања, како што е преместување на предмети во куќата додека спие.
Диссомнии е сижејно комплексен роман со исклучително непредвидлив тек на раскажаните настани. Дејството е со многу пресврти и содржи елементи на трилер, хорор и психолошки роман. Читателот од самиот почеток ужива во сите раскажувачки нишки, но оставен е до пред самиот крај да се прашува каде води сето тоа и со што ќе резултираат сите елементи на личната и семејната драма на раскажувачот, изненадувачки испреплетени со колективната драма предизвикана од општествени немири.",Фикција,Игор Станојоски,Антолог,2017,240,"350,00 Денари"
Шех Вардар,"„Шех Вардар“ од Ленче Милошевска опфаќа дваесет и пет раскази, поделени во три циклуси.
Прозните текстови во оваа книга се лични стории и сеќавања, главно сместени во главниот град, иако дел од нив, оние од детството, се лоцирани и на село, со носталгично и топло чувство за дедото што знаел убаво да раскажува. Книгата опфаќа и случувања за кои поретко се пишува во нашата книжевност, војните и конфликтите по распадот на поранешна Југославија и, во таа смисла, и интимните доживувања во семејството.
Она што ја прави особено интересна оваа книга се многубројните раскажувања врзани за старото и новото Скопје.
Тргнувајќи од сето ова, книгата ќе им понуди задоволство и на литературната критика и на читателите.",Фикција,Ленче Милошевска,Антолог,2017,96,"200,00 Денари"
Враќањето на Шерлок Холмс,"НАЈПОЗНАТИОТ ДЕТЕКТИВ НА СИТЕ ВРЕМИЊА
Еден и единствен, Шерлок Холмс сензационално се враќа од мртвите и повторно го посветува животот на испитување на криминалните сплетки во главниот град. Со повторно насобран ентузијазам, тој се нафрла на случаите што опфаќаат мистериозни шифрирани кодови, милионери што се прогонувани, демначи, киднапирања и средба со најлошиот човек во Лондон. Но старите пријатели на Холмс внимателно го следат секој негов чекор. Го набљудуваат, чекаат, заговараат…
Меѓу тринаесетте брилијантни приказни што вклучуваат мистерија, детекција и дедукција, Шерлок Холмс го истражува проблемот со „Градежникот од Норвуд“, ја дешифрира пораката на „Разиграните фигури“ и го решава случајот со „Шесте Наполеони“.
„Холмс!“, извикав. „Ти ли си? Зарем е можно да си жив? Можно ли е да си успеал да се искачиш од тој ужасен амбис?“",Фикција,Артур Конан Дојл,Антолог,2020,344,"400,00 Денари"
Победниците,"Моќна, емотивна приказна која влева надеж за подобра иднина!
Поминаа две години од настаните на кои никој не сака да се сеќава. Сите се обидуваат да продолжат понатаму, но има нешто што ги спречува во тоа. Жителите и понатаму се соочуваат со големи прашања: Што е семејство? Што значи еден хокеарски тим? Што е заедницата? И што сме подготвени да жртвуваме за да ги спасиме?
Додека се борат да го надминат минатото, пред нив се исправуваат нови предизвици. Бидејќи ова е град со тежина во срцето. Сакаат приказни со среќен крај, но длабоко во себе се плашат дека овој нема да биде таков.
Некој се враќа дома по долго време. Некој ќе го погребаат. Некој ќе се заљуби, некој ќе се обиде да го сочува бракот, некој ќе мечтае за НХЛ а некој ќе стори сè за да си ги спаси децата. Некој ќе мрази, некој ќе се бори, а некој ќе ја грабне пушката и ќе замине кон хокејското лизгалиште. Сè ќе започне со бура, а ќе заврши со оган.
Конечно – што е семејство? Што значи еден хокеарски тим? Што е заедницата? И што сме подготвени да жртвуваме за да ги спасиме?
Сè. Едноставно, сè.",Фикција,Фредрик Бакман,Антолог,2023,688,"750,00 Денари"
Сфинга на гневот (тврда корица),"Кога уредникот на издавачката куќа „Веда“ дознава дека еден познат писател е пријавен како исчезнат, тргнува да ја открие вистината. Потрагата во која ризикува сè ќе го соочи со загатки во кои се испреплетени историјата, митологијата, психологијата и општествените случувања. Лазар смета дека ако ги дешифрира тајните пораки што ги открива, ќе ја оствари одамна посакуваната цел: да се добере до необјавениот ракопис на исчезнатиот писател.
Движејќи се меѓу границите на мистеријата и книжевниот трилер, Жарко Кујунџиски (Spectator, Америка) создава интригантен и вешто смислен роман, жанровски и стилски палимпсест, со кој пристапува во досега неистражени предели на нашата проза.
– Бидејќи не постои друг примерок, а го нема крајниот збор на авторот, книгата е безвредна речиси исто толку колку што и бесценета.
– Од каде го знаете вие сето ова?
– Бидејќи знам латински.
– Само ѓаволот денес знае латински.
– Ете, пак ти се потврдува тезата.
– Која е таа теза?
– Дека сум дојдена да ти ја барам душата.
– Во замена за?
– За тоа што ти сакаш. Претпоставувам, тоа е она што треба да ти ја врати кариерата назад, а можеби и дел од животот. Или обратно беше? – девојката направи пауза, па кажа: – Најдобриот ракопис што кога било си го држел в раце.
*Книгата е достапна со потпис од авторот. Во коментар за нарачката нагласете доколку сакате да добиете потпишан примерок.",Фикција,Жарко Кујунџиски,Антолог,2020,304,"400,00 Денари"
Кујунџилаци,"Под истиот овој наслов, Александар  Кујунџиски уште од своите студентски денови објавувал „романи во една реченица“, затоа што – како што не само еднаш нагласил тој – „имал многу за кажување, затоа пишувал кратко, концизно и лапидарно“.
Афоризми – зборовни филиграни. Можеби метаморфозни oблици и реинкарнирани изблици и рефлексии на уметничката традиција, наследена од неговите предци, кои биле кујунџии по професија?!
Ќе цитираме само еден од низата сиџирчиња со златни алкички, депонирани во оваа обемна збирка: „Ако не ги покажеш забите – ќе те изедат!“
Покажете ги и вие, но овој пат – низ насмевки!",Фикција,Александар Кујунџиски,Антолог,2015,98,"200,00 Денари"
Сечилиште,"По дваесет и пет години, семејството конечно се собира во малото балканско гратче во кое некогаш владеела среќа и напредок, сѐ додека над нив не се надвила сенката на војната. Сега ненадејно се вратиле: најстариот син Владимир, истакнат професор по економија, снаата Хелена и внукот Давид. Бабата Надија и дедото Клемент одвај дочекале да ги видат. На семејната вечера се појавува и синот Игор, воен репортер, кој се обвинува себеси за семејната трагедија.
Од аперитивот до дижестивот, Игор Штикс нѐ води низ напната и интересна семејна историја која секако дека е обременета со политиката на XX и XXI век. Во неа важна улога игра и прадедото Оскар, кој како млад австроунгарски војник учествувал во Октомвриската револуција, а на крајот завршил во логор во текот на Втората светска војна. Ноќ во која се откриваат долгопотиснатите тајни, во која се заменуваат судири и одмазди, во која станува очигледно дека минатото не може да се врати, но дека може од неговите стеги да се извлече со човечност и со непосредност. Ноќта завршува како и секоја друга, со изгрејсонце, но дали е тоа нов почеток или само уште едно ново разминување?
„Сечилиште“ на Игор Штикс ги допира сите оние резови и рани кои војната ги остава кај луѓето а и тие меѓу себе, се занимава со емоциите и неможноста минатото и личностите од нашиот живот да се отсечат со ножици.
*Книгата е достапна со потпис од авторот. Во коментар за нарачката нагласете доколку сакате да добиете потпишан примерок.",Фикција,Игор Штикс,Антолог,2022,128,"250,00 Денари"
Девојката Смрт,"Додека се враќа со воз во родното место, на Марија, главниот лик и раскажувач во романот, ѝ се нижат слики од животот во минатото на нејзиното дисфункционално семејство, на младешките радости и таги, пороци, љубов… Почнува од нејзиното речиси идилично детство, но набргу стигнува до мрачните настани од поблиското минато, цело време промислувајќи ја смислата и потребата за постоење во сегашноста. Товарот на сеќавањето изгледа претежок, и таа го очекува крајот. Со возот, и Марија ќе стигне на својата крајна дестинација.
„Девојката Смрт“ може да се чита како семеен роман, како роман-студија за самоубиствата, како психолошко-контемплативен роман, како роман за девојка која и покрај тешката реалност сака да живее.
Може да го чита кој како милува, но ретко дека некого ќе го остави рамнодушен.
Иако навидум главната тема во романот е самоубиството, Фаулерова изјавила дека главната тема е слободата. Слободата во смисла на тоа човекот сам да го направи сопствениот избор – дали да живее или не.
Книгата е објавена во рамки на проектот Made in Europe: The power of diversity / Создадено во Европа: Моќта на различноста (ко-финансиран од програмата Креативна Европа на Европската Унија).",Фикција,Луцие Фаулерова,Антолог,2023,187,"350,00 Денари"
Убиство во библиотеката,"Оваа книга ги има сите состојки потребни за уживање во едно детективско четиво: убиство, истражител, убиец, жртва. По една ноќ на која не се сеќава ништо, новинарот Андреј Младин наоѓа труп во својата библиотека. Не може да сфати како безживотното тело се нашло таму или кои се луѓето што учествувале во оваа збрка, по која се уништени дел од неговите записи, ниту пак како теговите (кои главно ги користел за да ги импресионира гостинките) се претвориле во оружје. Младин ја отфрла улогата на осомничен и решава да стане детектив. Првиот чекор што го презема е навраќање на минатото, за кое не знае дали ќе го расветли убиството, но барем ќе се присети како го сретнал Валентин, кого подоцна ќе го пронајде мртов во работната соба.
Стилот на Џорџе Арион се карактеризира со постојано напнат ритам, кратки реченици, богат јазик, силна доза на хумор и со извонредна иронија. Го споредуваат со Рејмонд Чендлер. Убиство во библиотеката е класик на романската книжевност, напишан за време на диктатурата на Чаушеску, и умешно дава критички поглед на своето време. Истоимениот филм е од 1992 година.",Фикција,Џорџе Арион,Антолог,2017,208,"250,00 Денари"
Куќа спроти езерото,"Кејси Флечер, актерка која од неодамна останала вдовица, се обидува да избега од нападните новинари и се повлекува во мирот на семејната езерска куќа во Вермонт.
Вооружена со двоглед и неколку шишиња алкохол, таа го минува времето набљудувајќи ги Том и Кетрин Ројс, гламурозниот пар кој живее во куќата спроти езерото. Тие се интересни за набљудување – технолошкиот иноватор Том е богат, а поранешната манекенка Кетрин е прекрасна.
Еден ден, на езерото, Кејси ја спасува Кетрин од давење и тие две почнуваат да се дружат. Но, колку повеќе се запознаваат – и колку подолго Кејси набљудува – станува очигледно дека бракот на Кетрин и Том не е толку совршен колку што изгледа.
Кога Кетрин исчезнува, Кејси станува обземена да открие што ѝ се случило. Патем, открива морничави, мрачни вистини, кои ја претвораат приказната за воајеризам и сомнеж во приказна за вина, опсесија и за тоа колку изгледот може да излаже.
И во овој роман заштитен знак на Рајли Сејгер се спојот на итри ликови, психолошка неизвесност, изненадувања достојни за воздишки и шокирачки пресверти до последната страница.",Фикција,Рајли Сејгер,Антолог,2024,368,"500,00 Денари"
13,"Книгата „13“ е скапоцена збирка од 15 раскази. Секое дело е ново изненадување.
Високиот квалитет на расказите е потврден со тоа што половината се наградени на литературни конкурси, а другата половина се избрани во голем број антологии во светот и во Македонија.",Фикција,Жарко Кујунџиски,Антолог,2010,144,"200,00 Денари"
Под двете сонца,"Бранимир Бато Лончар, поранешен капетан на ЈНА, живее на светилник на Јадранот заедно со својата сопруга Даница. Казнети се откако Бато се спротивставил на затворањето на воените затвореници од фронтот кај Дубровник во логорот Морињ кај Бока Которска. Разорени се и од личната трагедија што ја доживуваат кога Даница по неуспешната бременост останува неплодна.
Едно лето Невена и Митар, пар во криза на средните години, ќе постават шатор пред светилникот. Заедничката вечера ќе промени сè во нивните животи.
Огнен Спахиќ покажува исклучителна способност да создаде моќни, впечатливи ликови длабоко обоени со локалната историја. „Под двете сонца“ е роман за луѓето во оковите на сопствените одлуки од кои никако не можат да се ослободат, роман за луѓето чии состојби и чувства многу често се огледуваат во тишина, во молчењето и во неискажаното.
  *Книгата е достапна со потпис од авторот. Во коментар за нарачката нагласете доколку сакате да добиете потпишан примерок.",Фикција,Огнен Спахиќ,Антолог,2021,160,"300,00 Денари"
Тешки љубови,"Книгата раскази Тешки љубови нуди 15 раскази од еден од најголемите италијански писатели на 20 век, во кои се опишани трагикомичните љубовни авантури на 15 различни ликови – фотограф, пливач, патник, разбојник, војник, скијач, читател, кратковид…
Делото го содржи најчистиот Калвино – бујна имагинација, вжарено лудило на раскажувањето, постмодернистичка игра, загадочност на уметничкиот јазик, интелигентна едноставност, прикриени хумор и иронија.
Тешки љубови е насловот под кој Итало Калвино здружил серија новели, што е иронична дефиниција бидејќи онаму каде што се зборува на тема љубов – или љубови – тешкотиите се релативни. Во најмала рака, поентата на овие приказни е проблемот во комуникацијата, постои зона на тишина во основата на меѓучовечките односи.
Во голем дел од книгата се раскажува за парови што не успеваат да се сретнат; изгледа дека во нивното „несретнување“ авторот ја олицетворува не само причината за очајот, туку и фундаменталниот елемент – макар и самата суштина – на врските: на крајот од патувањето чија цел е да стигне кај љубената, патникот сфаќа дека вистинската страсна ноќ е онаа што ја поминал во неудобното купе во втора класа додека јури кон неа. Неслучајно еден од малкуте брачни раскази открива двајца сопружници кои одат во различни смени во фабриката, тој во ноќната, таа во дневната. Можеби насловот што најмногу би можел да го дефинира она што е заедничко е Љубов и недостиг од љубов.
Поетиката на Тешки љубови се содржи токму во тој идеал од совршенство на линеарниот расказ, соединет со идеалот на „хуморот“ главно како иронија кон себеси.",Фикција,Итало Калвино,Антолог,2007,303,"380,00 Денари"
Дар за бурата,"Започнува со убиство на дете. Завршува во долината каде што се раѓаат сите кошмари.
Инспекторката Амаја Саласар е повикана да ја истражи смртта на едно бебе. На неговото лице наоѓа сомнителен белег што несомнено укажува на убиство. Таткото е фатен како се обидува да избега со телото, дали од вина дали од тага – во тоа никој не може да биде сигурен.
Кога бабата ќе го обвини за убиствата Ингума, злобниот демон од бастанската митологија што ги убива луѓето в сон, Амаја тргнува по одговори и започнува истрага на други смртни случаи на бебиња во минатото, што ја одведува до неочекувани откритија.
Конечно, се соочува со вистинскиот извор на сите настани што пакостеа по Бастанската Долина. Ќе се избори ли храбрата инспекторка со демоните од минатото додека снежната бура се заканува да ја затрупа секоја трага на кобната вистина?
Последниот дел од маестралната „Бастанска трилогија“ на Долорес Редондо носи вистинска бура во Европа и стана најпродавана шпанска книжевна серија.",Фикција,Долорес Редондо,Антолог,2020,480,"500,00 Денари"
Преместување на соништата,"Габриела, Анастазија и Катарина. Три жени и три сопруги. Три животи и три лаги.
Габриела навидум има совршен живот. Таа е учителка, има добар и внимателен сопруг, но го напушта зашто не може да ги поднесе демоните од минатото. Анастазија е домаќинка чиј сопруг починал. Живее сама, без роднини и пријатели, и целиот живот му била слугинка на посесивниот и агресивен партнер. Катарина е работничка во пералница која се обидува да ја најде радоста на животот за себе и за својот син, но не може зашто опстојува во страв и бегајќи од мажот кој ја злоставува.
Сите три жени имале соништа кои не се оствариле, секоја од нив е предадена од оној кој го љубела, оној кој требало да им биде потпора, секоја од нив најмногу страда токму меѓу ѕидовите на домот, а нивните сопрузи се штитени од сите – од роднините, од пријателите, од општеството…
Михаела Гашпар им дава глас на оние кои не зборуваат, на оние кои се срамат од своите модринки и рани, на оние кои стравуваат за својот живот и на оние кои се предадени од најблиските.",Фикција,Михаела Гашпар,Антолог,2024,182,"350,00 Денари"
Смола,"Лив умрела кога имала шест години. Барем така гласи официјалната верзија.
Една вечер таткото ќе го турне нивниот чамец кон брановите и ќе гледа како се распарчува од карпите. Потоа ќе ја пријави својата ќерка како исчезната. Службената потера трае долго и безуспешно. Но, зад шутот пред работилницата на нејзиниот татко се крие Лив. Живее сама во мракот, треперејќи пред секој неочекуван шум. Татко ѝ тврди дека на ваков начин нема да мора да оди на училиште. Нема да мора да ги напушти родителите и да се соочи со светот кој е полн со опасности и лоши луѓе.
Неизмерно трогателната и напната приказна прикажува што се случува кога некого премногу сакате, а желбата да го заштитите се претвора во нешто што таа личност неповратно ќе ја повреди.
„Смола“ ги доби четирите најважни крими-награди во Скандинавија и доживеа светска препознатливост. „Гардијан“, „Телеграф“ и „Дејли експрес“ ја прогласија за еден од најдобрите романи во 2018 година. Досега е преведена во 31 земја, а во 2019 година е адаптирана во филм.
Книгата е објавена во рамки на проектот Made in Europe: The power of diversity / Создадено во Европа: Моќта на различноста (ко-финансиран од програмата Креативна Европа на Европската Унија).",Фикција,Ане Рил,Антолог,2023,256,"400,00 Денари"
Робинката,"Овој извонреден роман ја раскажува емотивната приказна за четиригодишната Хан, најмалата ќерка во едно сиромашно семејство. Продадена како робинка во Куќата на Ву, таа брзо формира цврста врска со младиот наследник, но идилата на приврзаноста набрзина се претвора во кошмар, кога Хан станува тинејџерка – прекрасна, горда и вљубена во младиот господар. Нејзиниот живот се претвора во борба против силите на традицијата и тиранијата во еден свет во кој сладострасните машки роднини ги користат робинките за неселективно задоволство.
Истовремено моќна студија за детското ропство и за сексуалното предаторство и крајно вознемирувачка и величествено инспиративна приказна, Робинката доловува богато и моќно кинеско семејство во ера на убавината и на бруталноста, следejќи една љубов – сè до нејзиниот вчудовидувачки климакс.",Фикција,Кетрин Лим,Антолог,2017,348,"400,00 Денари"
Лавиринтот: Бегство низ Пустошот,"Решавањето на Лавиринтот требаше да биде крајот.
Томас беше сигурен дека бегството ќе значи слобода за Лединарите. Но ЗЛОПАК уште не завршил со нив. Почнува фаза 2. Пустошот.
Нема правила. Нема помош. Или ќе успеат или ќе умрат.
Томас и другарите имаат две недели да го поминат Пустошот – пеплосаниот дел од планетата. А ЗЛОПАК ќе постави нови променливи пречки што треба да ги спречат во намерата.
Пријателството ќе биде ставено на тест. Лојалноста ќе доживее предавство. Ништо не е како претходно.
Веќе постојат некои други. Нивниот опстанок зависи од уништувањето на Лединарите – а тие се решени да успеат.",Фикција,Џејмс Дашнер,Антолог,2017,336,"350,00 Денари"
The Game – за авантуристички расположени момчиња и девојчиња,"The Game е територија што сите заедно ја основавме, и во која се наоѓаме секогаш кога сме со паметен телефон в раце, секогаш кога спуштаме апликација или играме некоја игричка. Таа ни личи на откачено место во кое можеме да влеземе кога и да ни се посака, но во неа владеат правила што и не се толку едноставни.
Затоа, за да можеме без страв да се населиме на оваа територија и да ја подобриме, ќе тргнеме на пловидба во која ќе ги истражиме годините по нејзиното основање и ќе стигнеме до прагот на иднината. Ќе откриеме како ја создадовме оваа земја, The Game, и со тоа ќе се подготвиме за следниот потег.
Приказни од дигиталниот свет за авантуристички расположени момчиња и девојчиња.
ПОДГОТВЕНИ ЛИ СМЕ ЗА ПАТУВАЊЕ?",Фикција,Алесандро Барико,Антолог,2020,128,"500,00 Денари"
Круг,"Последниот роман на Меша Селимовиќ се навраќа на неговата доминантна тема: човековиот егзистенцијализам.
„Круг“ почнува со тоа што главниот јунак Владимир ја спознава вистината за Младен, постариот брат кој загинал во 1944 година. Младен е прогласен за херој на Револуцијата, но со тоа во смрт ги повлекол и таткото и мајката. Но само Младен е интересен за заедницата. Владимир, иако е брат на херој и единствен преживеан член во семејството, не е повикан на свечноста за отворање спомен-музеј во нивната родна куќа. Лут поради овој потег на партиските другари, ја напушта работната акција. Од тој момент во него почнува да се раѓа сомнеж во Партијата и во Револуцијата, а пред читателот се простира цела галерија ликови преку кои се изразуваат политичките, социјалните и културните контрасти на времето.
Во општествениот план на романот е пролетерското општество и бунтот на идеалната совест на Владимир против владејачката хиерархија, идеолошкиот опортунизам и против предавството на поранешните револуционери.
Во сето ова е испреплетена и љубовна приказна преку која Селимовиќ уште еднаш го покажува своето врвно мајсторство за прикажувањето на внатрешната состојба на ликовите и меѓучовечките односи.
Иако формално недовршен, по својата структура и поетичка компактност, „Круг“ функционира како заокружена прозна целина.",Фикција,Меша Селимовиќ,Антолог,2022,240,"400,00 Денари"
Педесет цигари за Елена,"„Педесет цигари за Елена“, најновиот роман на истакнатата хрватска писателка Марина Вујчиќ, во својата основа ја има теоријата на хаосот, „ефектот на пеперугата“ на ниво на малиот човек и неговото секојдневје.
Оливер Радман во спомен на роденденот на својата сестра близначка, која загинала пред дваесет и шест години, решава да испуши педесет цигари. Ја запалува првата цигара и на полноќ тргнува во прошетка низ градот, не насетувајќи дека ќе влијае врз животите на тројца луѓе: очајната мајка што не знаела дека нејзиниот сопруг е криминалец, младиот новинар што не може да спие ако некој се наоѓа покрај него на креветот и депресивната млада жена заробена во несреќен брак.
Паралелните приказни на овие ликови, навидум неповрзани, ќе се одвиваат во текот на дваесет и четирите часа во кои Оливер ја изведува својата необична посвета за починатата сестра.
Мајсторски напишан, со атмосфера на неизвесност и напнатост, „Педесет цигари за Елена“ е роман што ја истражува идејата како понекогаш без да бидеме свесни за тоа го менуваме животот на некои луѓе.
„Марина е речиси филмски режисер и брилијантен монтажер на своите литерарни сништа. Нејзините ликови чекорат низ Загреб и ги среќаваме секојдневно. Им ги препознавам лицата, бојата на косата и очите. Блескав, навистина блескав роман…“ – Раде Шербеџија
  *Книгата е достапна со потпис од авторот. Во коментар за нарачката нагласете доколку сакате да добиете потпишан примерок.",Фикција,Марина Вујчиќ,Антолог,2021,240,"300,00 Денари"
Бележникот на татко ми,"Кога бил дете, Ага Акбар, непризнат син на персиски благородник, отпатувал со вујко си до една света планина во длабочините на Персија, која криела мистериозна пештера. Во неа се наоѓал релјеф издлабен со клинесто писмо, стар три илјади години, од времето на првиот персиски крал. За да се ослободи од она што го чувствувал, малиот Ага Акбар создал сопствено писмо од овие симболи, со кое страсно пишувал за својот живот, за своето семејство, за емоциите и за општествените промени што се случувале во неговата земја. Создал личен дневник што само тој можел да го разбере.
Години подоцна, неговиот син Ишмаел живее како политички дисидент во егзил. Обидувајќи се да го дешифрира наследениот бележник, тој ги раскажува не само татковата судбина како селски поправач на килими туку и својата приказна на политички активист во судир со властите во земјата во која е роден, но и приказната на Иран од XX век. И ниту една од овие приказни не може некого да остави рамнодушен. Воодушевувачки амбициозен роман за патувањето на една култура кон современието и чудесна и безвременска хроника за вечната љубов на синот кон таткото.
„Ингениозно… Љубовта, смртта, предавството и религијата во Персија од бајките.“ – La Dolce Vita",Фикција,Кадер Абдолах,Антолог,2018,288,"350,00 Денари"
Го силувавме ежот,"Драмски наратив во кој преку дејствувањето на главните ликови и развојот на нивната љубовна приказна Анѓеловски го апострофира „лудилото“ на власта. „Го силувавме ежот“ е сатирична драма за апсурдното владеење на еден современ режим во рамките на демократско општество, раскажана преку љубовна приказна меѓу млад новинар и проститутка. По овој драмски текст е работена истоимената претстава од училиштето за театар „Од игра до претстава“ во 2017/2018 година.",Фикција,Марјан Анѓеловски,Антолог,2016,94,"200,00 Денари"
Вечно сегашно време (II издание),"„Вечно сегашно време“ е роман анатомија-на-една-љубовна-врска раскажан со опсесивна насоченост кон многубројните емотивни нијанси и варијации што ја сочинуваат. Во романот не постои ништо што се случува надвор од врската која двајцата млади љубовници, Ангела и Виктор, опсесивно ја градат. Следејќи ја формулата на Вилијам Блејк, според кој „патот на претерувањето води во замокот на мудроста“, авторот раскажува приказна исполнета со емотивни крајности и љубовни претерувања, еден вид тотална љубовна приказна. Ова е роман за радикалната релација што ја создава младешката љубов заснована врз убедувањето дека љубовта барем еднаш мора да биде интензивна, севкупна и… фатална.
Самиот наслов го определува романот како спацијален, како приказна на која не ѝ е важно да се одвива во временски след, туку го занемарува времето, а трага по вечното, односно по сегашниот миг во просторот. Приказната се заплеткува според механизмот на играта, односно алеаторички, според „неговото височество – случајот“. (…) Иако претставува една интимна архива на локациите на градот Скопје (…) овој роман е и еден специфичен книжевен споменик за еден период од постоењето на градот…
Соња Стојменска-Елзесер
Инаку целиот роман „Вечно сегашно време“ е заснован на принципот на играта, игра која ја играат момчето и девојката запознавајќи се себеси преку својот град. Низ безбројните загатки и задачи кои си ги задаваат меѓусебно, тие се изненадуваат еден со друг, но и читателот. (…) Единственото нешто што ви е потребно кога ќе ја земете оваа книга в раце е желбата за игра.
Александра Јуруковска",Фикција,Владимир Јанковски,Антолог,2023,160,"300,00 Денари"
На работ од времето,"Возбудливиот прв дел од научнофантастичната трилогија „Наследството на Вероника“ ве воведува во Новиот Почеток, совршениот свет од иднината, во кој не постојат неизлечиви болести, сиромаштија, криминал, војна… или барем навидум е така.
Животот на Вероника е мошне едноставен. Таа се буди, појадува, чита книги, руча, повторно чита, вечера и легнува да спие. Нејзините родители поголемиот дел од денот се на работа, а бидејќи нејзиното постоење е тајна и таа не смее да излезе од дома, ги гледа само за време на појадокот и на вечерата. Оваа рутина трае сè додека еден ден тие нема да се вратат од работа. Токму тогаш и започнува нејзината најголема авантура.
Таа ќе мора да го напушти домот што долго време ѝ бил безбеден „затвор“, а потоа и градот, за да ја заштити својата тајна. Надвор, во старите градови, за кои била учена дека веќе не се населени, таа запознава група луѓе што ќе ѝ го срушат сето знаење за животот на човештвото. Вероника ја запознава другата, темна страна на новиот свет, доживувајќи непредвидливи авантури и соочувајќи се со сето она што сè до нејзината деветнаесетта година било криено од неа.
Сепак, ова патување не е безнадежно и Вероника открива дека поседува чудни моќи што од ден на ден сè повеќе учи да ги контролира. Таа конечно почнува да разбира зошто живеела скриена од целиот свет, но и дека нејзиното постоење е уште поголема мистерија…",Фикција,Моника Трајковска,Антолог,2016,322,"350,00 Денари"
Единствен матичен број,"„Субјектите, сведени на матични броеви и фотографии за лични карти, и понатаму ќе ги раскажуваат своите приказни.“
„Благодарение на Единствен матичен број добиваме спокојни читателски средби со топлиот и непосреден раскажувачки глас на Гогов.“",Фикција,Ацо Гогов,Антолог,2012,94,"200,00 Денари"
"Девојче, запали оганче","Источна Чехословачка. Населбата Полјан, веднаш зад советската граница. Се раѓа Андреј Дунка. Уште како мал е пренесен во Жижков, Прага. Неговото семејство го принудува да краде. Андреј прерано се соочува со рамнодушноста на блиските и со омразата од другите
. Се судира со многу животни ѕидови, ограничувања, безуспешни борби меѓу „белите“ и „црните“. Поминува низ разни „институции за асимилација“. Копнее по еден свет во кој е поврзан со своите корени. Убава, сурова и типична приказна за ситуацијата на словачките Роми во повоените чешки земји.
Романот е емотивна песна за ромската традиција, испреплетена со верувањата и болката на овој народ. Шмаус ги комбинира книжевните вештини во наративот преку една јасна социоетничка мисија.",Фикција,Мартин Шмаус,Антолог,2018,272,"250,00 Денари"
Победниците,"Најдиректен опис во норвешката книжевност на општествениот феномен наречен „големото класно патување“ – социјалното издигнување на норвешкото население во XX век. Од перспективата на едно семејство се прикажани условите за живот на обичниот човек во Норвешка во минатите 80 години, при што со огромна брзина економијата од земјоделско-рибарски ориентирана се трансформирала во постиндустриска, технолошки напредна, со голем број можности и благопријатни околности.
Големиот пробив на Јакобсен се случил токму со овој роман, кој му носи широка публика и одлични критики. „Победниците“ е добитник на наградата „Букселерс“ и на престижната Награда на книжевните критичари од Норвешка.
Книгата е објавена со поддршка на програмата „Креативна Европа“ на Европската Унија.",Фикција,Рој Јакобсен,Антолог,2016,576,"500,00 Денари"
Телефонската говорница на крајот од светот,"Книгата е инспирирана од вистинска телефонска говорница што се наоѓа во североисточниот дел на Јапонија.
Авторката пишува приказна за жена што ги изгубила своите мајка и ќерка во цунамито во 2011 година и е принудена да патува низ тагата, но и низ животот пред себе. Јуи првпат ќе чуе за „телефонот на ветерот“ додека води разговор на својата радиоемисија. Јавувач, кој исто така изгубил близок во цунамито во 2011 година, раскажува за говорницата преку која гласот му го предаваш на ветерот и тој го пренесува отаде овој свет.
Моќен и трогателен, внимателно напишан и предизвикувачки роман. Месина пишува јасно и воздржано, со способност да открие многу во само неколку реда.
Во книгата владее мир и тишина, и тоа на секое движење му дава уште поголемо значење. Зборовите имаат тежина и се чини дека нема реченица што е вишок. Приказната на Јуи трогнува, возбудува и го грее срцето – сè во иста мера.
„Телефонската говорница на крајот од светот“ е преведен во повеќе од дваесет држави и секаде се сместува на врвот на топ-листите. Во тек се преговори за продажба на филмските права.",Фикција,Лаура Имаи Месина,Антолог,2024,208,"350,00 Денари"
Замоци на гневот,"Во Европа во XIX век, во некое измислено, но можеби и возможно гратче, сѐ тече како историја и приказна: соништата на господин Раил и усните на госпоѓа Раил; приказната за првите возови; мажот што го слуша бескрајот; детето што на себе ја носи сопствената судбина; волшепството на Кристалната палата; необичниот живот на архитектот Хектор Хоро, кој замислува градови од стакло. Ова е стилистичка партитура, составена од виртуозност и бистрина, копнежлива сетилност и болна литанија. Наративното писмо на Барико има исклучителна убавина, која се раѓа од енергичната интуиција на светот.
Првиот роман на Алесандро Барико,според многу критичари, е и прв по важноста. Со овој роман Барико го одбра курсотшто го доведе до еден од водечките европски писатели на денешницата.",Фикција,Алесандро Барико,Антолог,2017,210,"300,00 Денари"
Оксфордски убиства,"Оксфордски убиства е книга што ќе ве држи уловени во приказната до последниот збор. Во романот се раскажува за професор кој заедно со еден студент ги истражуваат низата чудни убиства во Оксфорд, Англија. Сите убиствасе поврзани со математички симболи и шифри кои го најавуваат следното злосторство од долгата серија. Бидејќи сèпочнува со кругот, полицијата брза да го открие убиецот пред да стане преголем.
Романот е широкопопуларен во светот и е преведен на многу јазици. Според него е снимен истоимениот холивудски филм со Илајџа Вуд и Џон Харт во главните улоги.
Оксфордски убиства е добитник на престижната награда „Планета“, највисоката парична награда за книжевно дело во светот покрај Нобеловата.
Овој трилер е доволно долг за да се прочита во една вечер, а заплетот ќе ве потресе со својот ефективен ритам.
Томас Џонс, Лондонска книжевна ревија
Спојот од математика и загадочни убиства прави моќен коктел.
Маркус ди Сатој, Гардијан",Фикција,Гиљермо Мартинес,Антолог,2013,224,"300,00 Денари"
Градот Ен,"Како дете гледа на случувањата околу себе во едно зафрлено гратче. Малите нешта можат да станат одеднаш големи, а големите да се претворат во ситни колку мравки. Книга за растењето на кое секој од нас има потреба да се присети и на тоа како во тие возбудливи мигови одеднаш се преобразуваи светот наоколу.",Фикција,Леонид Добичин,Антолог,2012,112,"240,00 Денари"
Лорд Морд,"Од авторот на бестселерот „Седумцрквие“ ни доаѓа трилер проткаен со булгаковски елементи на фантастика и гротеска!
При крајот на XIX век во Прага пламти конфликтот меѓу Чесите и Германците, се модернизира еврејскиот дел од градот, глодан од глувци, туберкулоза и други епидемии. На грофот Арцо, наречен Лорд Морд, му пречи што омилениот дел од метрополата му исчезнува пред очи и решава да спаси барем еден објект на тој начин што ќе го купи и ќе одбие да се исели. Прашката администрација му испраќа свои луѓе, првин со добро, а потоа и со лошо.
Во меѓувреме почнуваат да се случуваат убиства на проститутки. Дел од луѓето сметаат дека ноќе шета еврејското чудовиште, монструмот без лице, наречен Мевце, или Клајнфлајш. Други сметаат дека поврзаноста меѓу злосторствата е нешто што треба дополнително да се истражува.
Иако е човек со принципи, грофот Арцо посетува бордели, пиејќи апсинт и мислејќи дека така ќе најде лек за своето влошено здравје. Кога неговата љубовница е пронајдена мртва, тој е вовлечен во настани што го оддалечуваат од боемската идила.",Фикција,Милош Урбан,Антолог,2018,352,"350,00 Денари"
Црвениот симбол на храброста,"Енергична, машка книга, во која главна тема е обидот на Хенри Флеминг да се докаже и покаже како одлучен војник со освојувањ ена „црвениот медал на храброста“.
Оригинален воен роман во кој се истражува созревањето, херојството, кукавичлукотипроменливиот карактер на човекот, насочувајќи се повеќе на внатрешната битка на главниот лик, отколку директно на самата војна. Прекрасен опис на борбенио тнагон.",Фикција,Стивен Крејн,Антолог,2012,176,"220,00 Денари"
Булеварот на Независноста,"Квалитетните приказни, барем оние според хичкоковските шеми, треба да почнат со експлозија, во буквална смисла на зборот, а потоа да нè држат во напнатост до крајот. Книгата на Полјакот Варга е токму таква. „Булеварот на Независноста“ (2010) започнува со она што за повеќето романи би означувало крај – со смртта на главниот јунак, а потоа нè води низ екстатично и сатирично дејство.
Херојот на „Булеварот на Независноста“ е модерен лузер, фрустриран и неостварен уметник, кој осамените ноќи ги минува пред компјутер со шише в рака. Кристијан Апостата е претставник на класата што во современиот свет би можеле да ја наречеме washed up celebrity. Некогаш надежен уметник, денес, пак, некој што го очекува големиот come back, стекнал искуство, но се претворил во алкохоличар со неисполнети сништа. Магичните четириесетти години што му се наближуваат за него не претставуваат некаков пресврт, потскок во ергенското лудување, ниту пак револуционерен порив на втората младост. Иако можноста да ја врати популарноста е на чекор да ја оствари со патувањето во САД, му се случува најлошото.
Од другата страна на коцката, меѓу оние на кои „им тргнало“ се наоѓа Јакуб Фиделис, најдобриот танчар во целата држава, човекот за кого сите зборуваат, но и личен другар на Кристијан. А можеби и не му е баш другар, штом – користејќи ја својата позиција – си дозволил да му ја украде жената и во основа целосно да го заборави. Книгата „Булеварот на Независноста“, сепак, не е само анализа на општата состојба на еден современ уметник и на современото општество. Таа, исто така, е болна алегорија за лавиринтите на меѓучовечките односи.",Фикција,Кшиштоф Варга,Антолог,2013,240,"250,00 Денари"
Култ,"#2 МИНА ДАБИРИ И ВИНСЕНТ ВОЛДЕР
Петгодишно дете е киднапирано од градинка среде бел ден.
Детективката Мина Дабири и нејзиниот тим се повторно во акција. Веднаш пронаоѓаат сличности со друго киднапирање – за жал, со трагичен крај. Сфаќаат дека се соочуваат со опасен убиец. За да ја реши загатката за првпат по драматичните настани пред две години, Мина бара помош од менталистот и нејзин стар пријател, Винсент Волдер. Нивниот однос е посебен. Ѕидот што ги делеше почнува да пука кога повторно ќе се сретнат.
Винсент и полицијата пронаоѓаат паралела помеѓу последното киднапирање и други исчезнати деца. Прашање на време е кога ќе исчезне уште некој и затоа мораат брзо да дејствуваат. Во меѓувреме, отуѓената ќерка на Мина влегува во мистериозниот свет на Епикура, таинствена организација која тврди дека е центар за развој на лидерство. Може ли Мина да го заштити своето дете, кое воопшто не знае дека Мина постои?
Надевајќи се на среќен крај, читателите се препуштаат на способноста на авторите да ја одржуваат тензијата до последните страници. И со нетрпение да го очекуваат последниот дел од трилогијата.",Фикција,Камила Лекберг,Антолог,2023,560,"650,00 Денари"
Куќата на тетка ми,"Сара сè уште е тинејџерка, но еден летен ден при посета на нејзината тетка добива предлог кој бара голема одговорност. Таа го прифаќа без многу размислување. Додека тетка ѝ престојува кај својот син во странство на неодредено време, таа ќе биде задолжена за одржување и надгледување на куќата. Тетка ѝ ѝ навестува дека куќата еден ден ќе ѝ припадне нејзе ако постапува како што треба.
Уште првиот ден кога Сара доаѓа да ги изврши своите одговорности, забележува чудни работи кои се случуваат внатре. Всушност, доаѓа до сознание дека секогаш е наградена на одреден начин кога постапува како што е потребно. Во моментот кога ја открива скриената соба со книги, мистериите се продлабочуваат, а Сара стои пред големи внатрешни предизвици кои понатаму ја дефинираат како личност, но го одредуваат и резултатот од договорот со тетка ѝ.
„Куќата на тетка ми“ е едноставно четиво кое има за цел да му овозможи на читателот да нурне внатре во себе и да посегне по креирање на личноста според вредности на едни поодминати времиња кои делумно или целосно се избришани од новите трендови.",Фикција,Марта Димитров,Антолог,2024,80,"250,00 Денари"
Виенски гамбит (III издание),"Виктор Николов е 33-годишен инспектор на Одделението за крвни деликти од Скопје. За време на својот летен одмор, заминува за Виена во посета кај својот помлад брат Даниел, пропаднат писател што одвај преживува работејќи како бармен во еден елитен ноќен клуб.
Додека ја истражува неодоливата Виена, Виктор ја запознава Карен Фишер, Австријката со која истата вечер завршува во кревет.
Но прекрасната ноќ се претвора во кошмарно утро. Девојката на Даниел е пронајдена мртва, а тој нема алиби. На површина излегуваат неодамнешните расправии меѓу нив и ситуацијата се заплеткува во неочекуван правец.
Може ли да му се верува на сопствениот брат, кој тврди дека е невин? И како да се повлече граница помеѓу кога главниот истражител што го гони твојот брат е жената со која си спиел пред неколку вечери?
  Интригантен, тензичен и непредвидлив роман, кој ве држи во недоумица до последната страница.",Фикција,Анде Јанков,Антолог,2022,336,"400,00 Денари"
Малтерего,"Главниот лик, младиот и талентиран Лео, е ставен пред изборот на насилството да (не) одговори со истата мера. Неговата автотерапија е водена во вид на дневник на бесот, во кој имагинарниот одмаздник, неговото (М)алтерего, брутално ја спроведува правдата – сè до денот кога трупот од неговата приказна ќе се појави во стварноста.
Една омразена водителка ја наоѓаат мртва само еден ден по „незгодното“ ТВ-интервју со Лео – и тоа падната од голема височина на место каде што нема згради. Од каде се нашла тука? Сигурно не паднала од небо? И кој ја убил? Има ли тоа некаква врска со Лео или со Малтерего? Дали бележникот станал немоќен да ги собере (и да ги задржи) бурните пориви на Лео против оние што му згрешиле?
Роман полн насилство, сепак роман што го презира насилството. Давид Албахари така некако го опишува „Малтерего“.
Виорот од случувања прави да се поместат границите на сонот и јавето, моралот и тонењето. Вистинска лавиринт-драма!",Фикција,Марко Шелиќ Марчело,Антолог,2019,320,"350,00 Денари"
"Божиќ во големиот, блескав град","Магичен роман во која се воспеваат љубовта и празниците обвиени во топлина и мноооогу светлина.
Со пристигањето на есента, доаѓа време Кери Толивер да замине од фармата за божиќни елки во сопственост на нејзиното семејство и да се упати во Њујорк. Таму ќе му помага на својот постар брат продававајќи елки на семејниот штанд на еден уличен агол во Гринич Вилиџ. Кери првпат го доживува Менхетен, подготвена да се избори и да си создаде свое животно катче.
Во неколкуте недели пред Божиќ, брзо се зближува со симпатичните соседи. Но, еден од нив исчезнува и Кери ќе мора да ја комбинира својата снаодливост на девојка од внатрешноста и новостекнатите њујоршки искуства, со цел да ги заштити новите пријатели кои постепено почнува да ги смета за дел од своето семејство.
Работите дополнително ги усложнува Патрик, разведен татко на Остин, мило дете и голем љубител на змејови. Хемијата меѓу Кери и Патрик е неспорна, но каква шанса навистина има оваа празнична романса?
„Божиќ во големиот, блескав град“ е прекрасен новогодишен подарок завиткан во тантела – вистински ведар и романтичен пакет што чека да биде распакуван за празниците.",Фикција,Мери Кеј Ендрјуз,Антолог,2023,304,"450,00 Денари"
И ѕирка и проѕирка,"Секој има своја приказна. Ѝ се навраќа низ спомените, низ она што од мноштвото настани и чувства ќе исплива на површината на сегашноста. Во неа – врвулица луѓе, живи и починати, значајни и случајни. Ако ја одмолчи, може да си ја стокмнува по свое, секогаш различна, барем во нешто. Да се изземе себеси, да си се придодаде, да се разубави или нагрди. Ако ја стави на хартија, ја споделува за други да ја достокмуваат, по мерка на својата. Во мојава, дадена низ сликички, некој ќе се препознае, нешто ќе го мисли за свое, нешто ќе му се растајни, нешто ќе му се заплетка. Ликовите се и измислени и вистинити. Сличноста е и случајна и намерна. Читателот треба да домисли.",Фикција,Огнена Никуљски,Антолог,2024,176,"300,00 Денари"
Мечкоград,"Луѓето велат дека со Мечкоград е готово. Малечката заедница вгнездена длабоко во шумата полека попушта пред дрвјата што стануваат сè погусти и ја проголтуваат. Но покрај езерото има едно старо лизгалиште што пред многу генерации го изградиле работниците што го основале ова гратче, а во тоа лизгалиште се наоѓа причината поради која народот верува дека утре ќе биде подобро од денес. Јуниорскиот хокеарски тим игра во полуфиналето на националниот турнир и, всушност, се обидува да го освои. Сите надежи и сништа на ова место сега почиваат на рамената на еден грст тинејџери.
Одговорноста за надежите на целото гратче е тежок товар, а полуфиналниот натпревар е катализатор за чин на насилство по кој едно девојче ќе биде трауматизирано, а градот ќе врие. Се појавуваат обвиненија и, како камчиња што отскокнуваат од површината на водата, патуваат низ цел Мечкоград и никого не го оставаат рамнодушен.
„Мечкоград“ ги истражува надежите што ја обединуваат малата заедница, тајните што ја разединуваат и храброста што е потребна за еден човек да ѝ се спротивстави. Во оваа приказна за мало шумско гратче, Фредрик Бакман го сместил целиот свет.
Истоиментата серија на HBO премиерно беше прикажана во октомври 2020 година.",Фикција,Фредрик Бакман,Антолог,2021,400,"500,00 Денари"
Мистеријата на трите четвртини,"Уште една ингениозно заплеткана мистерија што може да ја реши само генијалниот ум на славниот белгиски детектив.
Враќајќи се од ручек Херкул Поаро еден ден пред својот дом затекнува налутена и бесна жена. Инсистира Поаро да ѝ објасни зошто ѝ испратил писмо во кое ја обвинува за убиство на извесен Барнабас Панди, човек за кого таа ниту слушнала ниту го видела претходно.
Но ни Поаро нема чуено за такво лице, а уште помалку обвинил некого за неговото убиство. Видно вознемирен влегува дома, каде што го чека уште еден непознат посетител што исто така тврди дека утрово примил писмо со обвинение од Паоро за убиството на Барнабас Панди.
Зачуден и изненаден, Поаро се прашува уште колку такви писма се испратени во негово име. Кој и зошто ги испратил? И што е уште поважно, кој е Барнабас Панди, дали е навистина мртов и, ако е, дали се работи за убиство? Можно ли е да се одговорат сите овие прашања, а да не се загрози нечиј живот?
Легендарната ѕвезда на Агата Кристи од „Убиство во Ориент експрес“, од најновите случаи во „Убиства со монограм“ и „Затворениот ковчег“, се враќа во уште една ѓаволски замрсена загатка што се одвива во Лондон во триесеттите години на минатиот век.",Фикција,Софи Хана,Антолог,2020,320,"400,00 Денари"
,"Бурна ноќ, излетување од патот. Соочена со смртта и со она што се чини дека се последни мигови, Виолета патува низ неподносливо болната призма на интроспекцијата во обид да ги исплати долговите кон себе и кон личностите во нејзиниот живот.
Нејзината мајка е разочарана од надворешниот изглед на својата ќерка, па често пати ја форсира внуката. Таткото доживеал предавство од сопствениот син. Работното место како продавачка на козметички производи и прекарот „изрод“ со кој ѝ се обраќаат и на улица ја дополнуваат крајно депресивната слика на една тажна биографија во која секој ден е борба со бескрајни порази и разочарувања.
Останува непознато времетраењето на ова испреплетено понирање низ нејзините сеќавања, размисли, замисли, кои служат да надоместат и да надополнат делови од вистинското постоење што можеби продолжува и без Виолета и кои се чини дека ќе останат засекогаш непотполни, недоречени.
Очи во очи со смртта, времето и просторот ја губат својата сила и единствен сведок на виорот и течението на свеста на Виолета станува читателот, кој е повикан да го разбере вистинското значење на сочувството во нашето фрагментирано постоење. Ќе остане ли нашиот поглед засекогаш заробен во капката светлина што никако да се слизне од острата срча на нашиот живот?",Фикција,,Антолог,2016,288,"250,00 Денари"
Јаре за пет пари,"Еден од најтоплите книжевни обиди да се овековечи вечниот однос меѓу родителите и децата. Каменорезецот Ефраим би направил буквално сè за да ги заштити своите четири деца, кои веќе се возрасни луѓе. Сè почнува од моментот кога на старецот му соопштуваат дека на едниот син му се заканува смртна казна поради обидот да убие висок државен политичар. Ефраим тргнува на еден долг пат, кој ќе го соочи со потресноста на загубата, судската истрага, еврејското наследство, односот меѓу традицијата и модерноста, на домот и татковината. Авторот ги опишува предреволуционерните настани од 1905 година во Литванија, понудувајќи им на читателите бисери на светската мудрост.
„Со жена и со деца сите маки се послатки, но каде да ги најдеш сега? Се разлетаа, се растопија, испарија! Викај со сета сила – нема да те слушнат, рикај од плачење – нема да ти се одѕват. Зарем можеш да уловиш облак? Зарем можеш да го врзеш ветерот за синџир?
– На светот има само еден бог – рече Гирш погледнувајќи кон разграканите чавки. – И тој бог е насилството, а неговите ангели се камшиците. Сфати, само со насилство можеме да ги заштитиме своите татковци и своите деца… Со насилство, а не со молитви… Ти предлагам да ја оставиш Тората и да купиш оружје. Оружјето е светата книга на нашето време…
Со жените е како со водата. Кога црпиш од еден кладенец, можеш спокојно да спиеш, а кога трчаш со црпалката ту кон реката, ту кон езерото, ту кон мочуриштето, тогаш неизбежно и водата ќе ја загадиш.
Почекај, смрт, ќе ти одговорам, ќе ти одговорам. Седи и слушај.
Но на смртта не ѝ е битно кој кого љуби.
Смртта се љуби само себеси.
И затоа е вечна.
И затоа секогаш победува.
Тој беше убеден оти човек е жив сè додека има со кого да зборува. Ако половина ден не отвори уста, отпиши го од живите.“",Фикција,Григориј Канович,Антолог,2014,544,"500,00 Денари"
"Коски, пепел, чад","Вториот роман на авторката Мери Арсова ни претставува извршител на серија убиства на жени во 2022 година.
Мало гратче во Рајнската област во Германија, што од сите страни е обиколено со густа шума, е местото каде што полицијата ги пронаоѓа останките на убиените жртви. Приказна раскажана од гледна точка на повеќе ликови, од една страна оние кои се дел од полициската истрага, а од друга, оние надвор од истрагата. И еден дневник.
На крајот, сите ликови се поврзуваат и се преклопуваат, откривајќи тајни скриени половина век, кои ги погодуваат, иако на различен начин, речиси секој од нив.
„Коски, пепел, чад“ е своевидна книжевна студија на меѓучовечките односи во мала заедница, односите во семејството, односите во полицијата додека води истрага полна со неуспеси, како и на немилите настани што влијаат врз психичката состојба на луѓето.
На страниците на овој роман ќе го запознаеме најспецифичниот вид сериски убиец чие откривање е многу тешко, а помеѓу профилерите и психолозите сè уште се дебатира околу главниот мотив кој ги движи дејствата на овие сериски извршители.",Фикција,Мери Арсова,Антолог,2024,352,"450,00 Денари"
Возвишување ,"Возвишување се случува во Бугарија во 1872 година. Ова е време на самообразование и на преданост кон идејата за ослободување од угнетувачите. Претенциозниот раскош на револуционерните идеи се пробива и до свеста на две момчиња, чесниот полуобразован Гичо и неговиот наивен пријател, клептоман, Асен. Вооружени со пиштоли и со книги, од градот Котел тргнуваат да се приклучат на група разбојници револуционери. Со нив учествуваат во кражба на турски даночен конвој кај преминот Арабаконак – настан што ќе го означи пресвртот во нивните трагикомични авантури. Овој напад е добропознат во историјата и поттикнал силна и безмилосна реакција на корумпираните османски власти и довел до масовни апсења и уништување на Внатрешната револуционерна организација.
Романот е добитник на Наградата за литература на Европската Унија во 2014 година.",Фикција,Милен Русков,Антолог,2016,408,"400,00 Денари"
Приказни за тревите и други приказни,"„Најжално е тоа што луѓето книгите најчесто не ги читаат, не ги знаат, не ги ни гледаат, ниту ги допираат.
А книгите се како девојките.
Најжално нешто што може да им се случи е никој да не ги допира, никој да не ги отвора.
А толку убаво мирисаат“ е цитат од книгата што треба да ги надразни сетилата за читање.",Фикција,Живко Грозданоски,Антолог,2011,158,"200,00 Денари"
Свила,"Во 1861 година, кога епидемијата се заканува да ја уништи трговијата со свила во Франција, Ерве Жонкур патува во Јапонија. Таму се запознава со мистериозниот Хара Кеј, кај кого, овен свилени буби, ќе открие уште нешто. Тој развива тегобна копнеж кон убавата конкубина. Но тие не можат да се допрат, тие дури и не зборуваат.
Ерве не може да ги прочита белешките што му ги остава таа додека не се врати во својата земја. Но, во моментот кога го прави тоа, тој е поробен. Нивната тајна афера е убава, мазна, егзотична и беспрекорна, како парче префинета свила.
Суптилна, нежна и изненадувачка, „Свила“ е возбудлива приказна за еротското поседување. Сензуален и хипнотички роман, кој раскажува приказна за авантурата и за опсесијата.",Фикција,Алесандро Барико,Антолог,2019,160,"250,00 Денари"
Госпоѓицата,"Централен лик на романот е госпоѓицата Рајка Радаковиќ и нејзината најголема страст – скржавоста.
Дејството се одвива во Сараево, пред и за време на Првата светска војна, и во Белград, во првите хаотични години по војната. Преку сеќавањата на скржавата лихварка се навраќаме до времето кога нејзиниот татко, пропаднат трговец, бил на смртна постела и ја заветил својата ќерка по цена на животот да го чува она малку што може да ѝ го остави. Така, таа станува целосно поробена од парите во кои се надева дека ќе најде сигурност и одмазда спроти омразениот и несигурен свет. Рајка уште како млада девојка се откажува од радоста на животот, стекнувајќи се со аскетска и речиси мизантропска осаменост. Романот е психолошка монографија на личност која меѓу нејзините современици и сограѓаните била позната едноставно како „Госпоѓицата“ – длабоко поразена токму во она време кога во човечката природа се создаваат најубавите соништа за животот. За разлика од другите романи на Андриќ, основен белег на ова дело е отсуството на ориенталниот колорит, но присутна е неговата омилена форма – хрониката, прикажувајќи ги минатото и сегашноста на педантен уметнички и филозофски начин. „Госпоѓицата“ (1945) е објавена во истата година кога се објавени и романите „Мостот на Дрина“ и „Травничка хроника“, оформувајќи своевидна „Босанска трилогија“.",Фикција,Иво Андриќ,Антолог,2024,208,"350,00 Денари"
Патешествието до Карабах,"Едно младо момче од Грузија патува до Карабах, спорна зона помеѓу Ерменија и Азербејџан, за да купи евтина дрога. Го заробуваат најпрво Азерите, а потоа и Ерменците. Така долго време поминува далеку од својата татковина, сфаќајќи дека и не сака да се врати. Што го чека дома? Таткото алкохоличар и бремената девојка, која не е прифатена од неговите. Што е слободата и дали во неа може најмногу да уживаме затворени? Грузискиот бестселер, според кој се снимени два играни филма, е моќна книга за тешкото прашање на наоѓањето и на дефинирањето на слободата.",Фикција,Ака Морчиладѕе,Антолог,2015,144,"200,00 Денари"
Верувај ми,"Опасно напнат роман на блескавата ѕвезда на крими-трилерите.
Инспекторот Еверт Гренс во последно време конечно ја гледа и убавата страна на животот. За првпат по триесет години постои жена за која сака да се дотера, а се радува и на едно скапоцено пријателство. Но тој релативно мирен живот одеднаш се претвора во кошмар. Смртоносни инјекции, трговија со луѓе и органи, киднапирања… а сето тоа кулминира со убиството на негов близок пријател. Андерс Рослунд со овој роман ја зацврсти својата позиција меѓу најдобрите писатели на трилери на денешнината.
Насловот на книгата е „Верувај ми“, но во овој роман не можете да верувате никому.
„Помрачно од мрачното, остро како жилет и лудо возбудливо.“
Еxpressen",Фикција,Андерс Рослунд,Антолог,2024,432,"550,00 Денари"
Зборови,"Што сè би направиле за да можете да комуницирате со починатите кои многу ви недостасуваат?
Стефан се соочува со загубата на својата сопруга на сопствен начин, така што ја игнорира. За него, таа сè уште е присутна, во секој агол, во секој спомен, нејзината арома тлее насекаде…
Животот му се одвива во рутина, сè додека неврохирургот Филип не му предложи посебна операција со која би можел да го разбуди шестото сетило.
Тогаш сè што му останува се зборови, нивното значење и мирисот на душите.
„Ликовите кои се групирани околу (главниот лик) Стефан помагаат во неговото градење и трансформација, но и тие се трансформираат, мал универзум во кој овој познат свет се преклопува со еден суптилен невидлив, а присутен свет . Не би сакала да го наречам паранормален, зашто тој е многу повеќе од тоа, книжевен свет и со тоа белег на времето, белег прикажан на автентичен начин.“ – Мерсиха Исмајлоска",Фикција,Јордан Коцевски,Антолог,2023,256,"400,00 Денари"
Смеата на галебите,"Најубавата жена од едно исландско село, која пред многу години избегала во Њујорк со еден Американец, сега се враќа без него, но со неколку куфери секси-здолништа. Жената, која сè уште е убава и млада, раскажува како останала вдовица поради инфаркт на мажот. Подоцна кажува друга приказна, дека самата го убила и, иако сите се убедени дека се шегува, како што поминува времето, станува јасно дека се работи за опасна жена. Црната комедија од Исланд, проткаена со многу убиства, интриги, пријателства и женски ривалства, има и своја филмска верзија.",Фикција,Кристина Марија Балдурсдотир,Антолог,2014,256,"250,00 Денари"
Се викам Марите,"Романот се базира на вистински случувања кои ги пресретнале германските жени и деца по завршувањето на Втората светска војна.
Ева е мајка која е подготвена да направи сè за своите деца. Со неа поминуваме низ војната што малите херои ја водат со животот и смртта, храната и гладта, очајот и надежта, човечноста и нечовечноста, алчноста и дарежливоста, стравот и храброста, среќата и несреќата, јавето и сонот, со сеќавањата и сегашноста.
„Волчите деца“ се деца кои останале без своите семејства после 1945 година. Се смета дека нивниот број изнесувал од 10 000 до 25 000. Тие растеле со еден родител или без родители и биле лишени од нормално детство, оставени на себе во мрачните пруски шуми. Таму прерано се запознале со одговорноста, несправедливоста и со суровоста на животот. Барале засолниште меѓу литванските семејства каде што не биле секогаш топло добредојдени, најчесто поради страв од депортација на Сибир или затоа што ни тие немале што да јадат. Литванците кои се одлучувале да земат кај себе некое од „волчите деца“, се обидувале прво да ги научат литвански јазик, а потоа да им извадат документи со променети имиња со цел да се заштитат од суровиот советски режим.
СССР за поголемиот број луѓе е доживуван само како ослободител на Европа од фашистичката тиранија, но она што всушност се претставува во романот ни дава слика дека доаѓа до замена на едно зло со друго.
Книга на годината за 2012 година – Литванија.
Награда „Georg Dehio“ за 2018 година – Германија.
Номинација за наградата „Angelus“ за 2016 година – Полска.
„Една од најдобрите книги за 2019 година“, – The Times, Велика Британија.
Книгата е објавена во рамки на проектот Made in Europe: The power of diversity / Создадено во Европа: Моќта на различноста (ко-финансиран од програмата Креативна Европа на Европската Унија).",Фикција,Алвидас Шлепикас,Антолог,2023,192,"350,00 Денари"
Уловена смеа,"Избор на дел од творештвото на хумористот и сатиричар Александар Кујунџиски создавано, пред сè, во периодот кога тој го уредувал списанието „Ловец“ – орган на Сојузот на ловечките организации на Македонија. Во „Уловена смеа“ тој на еден своевиден начин лови и бележи свои видувања на низа ловечки состојби, преточени како афоризми, епиграми, кратки хумористични записи, но и како анегдоти за вистински личности и настани од разни краишта и за членови на разни ловечки друштва во Македонија.",Фикција,Александар Кујунџиски,Антолог,2014,54,"200,00 Денари"
Мачкино око,"Вознемирувачки, смешен и сочувствителен роман, во кој една жена се обидува да ги одмрси замотаните јазли на својот живот.
Илејн Рисли е контроверзна сликарка што се враќа во Торонто, градот каде што ја поминала младоста, за да изврши ретроспектива на сопствената уметност. Но одеднаш ја обземаат живописните слики од минатото. Најсилното сеќавање ѝ е поврзано со Корделија, девојчето предводник на три девојчиња што кон неа се однесувале истовремено и многу сурово, но и многу полезно. Тие ја втурнале во тајните предели на детството, свет во кој таа ги осознала пријателството, копнежот и предавството. Илејн се наоѓа во фаза од животот во која мора да се соочи со сопствениот идентитет како ќерка, љубовница, уметник и жена, но пред сè, таа мора да побара ослободување од сопствените спомени што ја прогонуваат.
„Извонредно дело што вреди да се прочита. На моменти смешен, но истовремено сериозен роман преполн со чудесна мудрост“.",Фикција,Маргарет Атвуд,Антолог,2022,464,"600,00 Денари"
Црвениот адресар,"Дорис веќе години и години, децении и децении, во својот адресар ги запишува најинтересните настани од својот живот. Таа денес има 96 години. И не е свесна дека најдлабоките моменти допрва ќе се случат…
Дорис живее сама во својот стан во Стокхолм. Ретко кој ја посетува, но затоа честопати се слуша со Џени, нејзината внука, која живее во Америка. Овие разговори не само што ѝ причинуваат радост туку и ја враќаат во младоста.
Кога имала десет години, татко ѝ ѝ подарил црвен адресар, во кој таа ги запишувала сите луѓе што ќе ѝ значат, а особено мажите што ги сакала. Денес, вртејќи ги страниците на овој уникатен дневник, Дорис гледа имиња на луѓе што одамна ги нема и добива желба за пишување. Таа се навраќа на својот бурен живот, низ океаните и континентите, од модерниот Париз во 1930-тите до Њујорк и Англија, од Втората светска војна и назад во Шведска и до човекот кого одамна го загубила, но кого никогаш не го заборавила. Што се случило со Алан, љубовта на нејзиниот живот?
Трогателна приказна за спомените, пријателството, надежта и моќта на љубовта.
„Напишано со љубов, раскажано со радост. Се чита со уживање.“
Фредрик Бакман
*Книгата е достапна со потпис од авторот. Во коментар за нарачката нагласете доколку сакате да добиете потпишан примерок.",Фикција,Софија Лундберј,Антолог,2020,295,"400,00 Денари"
Заветот на коските,"Доволен е само еден збор за да воскреснат духовите од минатото!
Бастанската трилогија продолжува со уште една маестрално раскажана приказна во чие средиште е непоколебливата инспекторка Амаја Саласар.
Една година по апсењето на Јасон Медина поради силување и убиство на паштерката, инспекторката од Регионалната полиција Амаја Саласар има уште една обврска пред да отиде на породилно отсуство  да присуствува на судењето на Медина. Ненадејно судијата објавува дека судењето се прекинува. Тоа предизвикува општа вознемиреност кај присутните, но судијата нема избор. Обвинетиот се самоубил во тоалетот и оставил мистериозна порака за Амаја, писмо со само еден збор: „Тартало“.
Што крие мистериозната порака што упатува на мрачно суштество од баскиската митологија? За да ја открие вистината, Амаја повторно ќе мора да се соочи со своите стравови од минатото и да се врати во родниот крај, во кој истрагата ќе добие застрашувачки заплет.",Фикција,Долорес Редондо,Антолог,2020,496,"500,00 Денари"
Глад,"Аурели Линдебом е шокирана кога сосема неочекувано е уапсен нејзиниот љубовник! Александар Лазло, светски познат филантроп што работи во организацијата „Помош за развој“, е обвинет за сексуален напад врз едно од своите посвоени деца од Етиопија. Дали Аурели навистина била со човек што, без нејзино знаење, имал педофилски тенденции?
Десетина години подоцна, таа има ќерка и работи како ТВ-новинар. Во тој период Лазло како гром од ведро небо повторно стапува во контакт со неа, со предлог што ќе има далекосежни последици…
Дали ќе се слушне приказната на Лазло? Приказна за борбата против грчовитиот молк за табуата, за доминантниот страв и став во холандското општество!
Романот „Глад“ ја добива Наградата за литература на Европската Унија за 2017 година.",Фикција,Џамал Уаријачи,Антолог,2018,688,"600,00 Денари"
Зуење во главата,"Затворениците од затворот Ливада во поранешна Југославија успеваат да се изборат за согласност да го гледаат преносот од финалниот кошарски натпревар меѓу Југославија и САД летото 1975 година. Но чуварот ги прекинува во тоа и го навлекува гневот врз себе. Затворениците почнуваат штрајк и заземаат голем дел од затворот. Сè почнува како анархија, но потоа водачот на немирите, Кербер, и уште еден затвореник решаваат да направат систем на затворско самоуправување со цел да предизвикаат реформи во државата. Но, за тоа време, и полицијата се подготвува за упад во зградата.
Косценарист на истоимениот филм снимен според овој роман е и драмскиот автор Дејан Дуковски.",Фикција,Драго Јанчар,Антолог,2015,208,"200,00 Денари"
Венчавка во Божиќниот камп,"Хејли Хенсон конечно станува партнер во рекламната агенција и едвај наоѓа време да ја испланира венчавката со свршеникот Џеф која треба да се случи на Бадник. Но, нивната совршена локација за тој настан пропаѓа во последен миг, така што мора да бараат друго место.
Празници се, секаде е преполно и резервирано, освен онаму каде што Хејли и Џеф своевремено се запознале – во Божиќниот камп. Не треба многу време за одморалиштето да се претвори во зимска бајка, а напомош е повикана и планерката на свадби, Триша, која случајно му е и поранешна девојка на Џеф. Дали минатото меѓу Џеф и Триша ќе ѝ застане на патот на Хејли или Божиќниот камп, сепак, ќе успее да ја изведе својата магија, за Хејли и Џеф да живеат засекогаш среќни и заедно, како во бајките?",Фикција,Карен Шалер,Антолог,2024,128,"300,00 Денари"
Живот за живот,"По што сакате да ве паметат? И што ќе сторите ако имате последна шанса да ги поправите грешките од животот? Подготвени ли сте да ја платите цената? Дури и ако е премногу висока?
„Живот за живот“ е длабока и емотивна приказна за тоа што е навистина битно за секого од нас. Зборува за едно храбро девојче што се бори со тешката болест и за еден човек што го достигнал врвот во светот на бизнисот, но поради обврските на кои им дал предност загубил секаков контакт со своето семејство.
Бадник е. Човекот неочекувано добива можност да направи нешто исклучително што може да ја промени не само неговата туку и судбината на малото девојче што речиси и не го познава.
Со хумор и со сочувство, Бакман нè потсетува дека животот е подарок со ограничен рок на траење, а нам ни останува да одбереме дали и како тој подарок ќе го споделиме со другите.",Фикција,Фредрик Бакман,Антолог,2020,84,"250,00 Денари"
Шест проблеми за дон Исидро Пароди,"Неповторлива уметничка фузија од креативната енергија на Борхес и Касарес. Пародија на детективскиот жанр, но истовремено и негово ремек-дело. Низ хумор и непредвидливи заплети, се движиме низ шесте приказни на дон Исидро Пароди. Овој парадоксален детектив ги решава најсложените случаи со неверојатна вештина, без да излезе од својата ќелија во државниот затвор, каде што одлежува казна неправедно осуден.
Ова извонредно и сатирично дело е суштинскиот клуч на плодната соработка меѓу двајцата големи аргентински писатели, кои прават спој на ерудиција, пародија, мистификација и мистериозност. Нивните заеднички книги своевремено биле објавувани под името Онорио Бустос Домек, фиктивен лик што ги збунувал и критичарите и читателите.",Фикција,Адолфо Биој Касарес,Антолог,2019,160,"250,00 Денари"
Обескостена,"Мeрилин Терки пишува роман. Од своето детство таа е фасцинирана од романтичните средби и е опседната со идеите за партнер. Додека го пишува романот, се навраќа на делови од своето минато, нурнувајќи се во сеќавањата за својот интимен и експлицитен љубовен живот. Романот е во три дела. Првиот се одвива на возраст помеѓу шест и осум години, вториот како млада девојка, а третиот „тука и сега“.
И јазикот и стилот се крајно разбранувани и ги откриваат слободите што ги имаме денес. Потрага по љубов, по идентитети, средба со виша сила, соочување со смртта. Сето тоа ја открива харизмата на авторката, нејзиното мошне женско опишување на нештата, со необична искреност.
„Обескостена“ е добитник на Европската награда за книжевност во 2013 година.",Фикција,Изабел Вери,Антолог,2015,176,"200,00 Денари"
Последици,"Уште како дете Мини Пани била мистерија за својата мајка, за наставниците, за докторот, кој се чудел зошто бебето не сака да плаче? Кога има веќе дваесетина години, таа е сè уште внимателна, наизглед кршлива, но дефинитивно со оригинален шарм – таа сега е ѕвезда на холандската уметничка сцена.
Бестрашна и со страсна љубопитност, Мини го става својот живот на лабораториска маса, правејќи го суровина на својата уметност.
Во своите дела ги испитува прашањата на спојувањето на животот и уметноста, директно инспирирани од нејзиниот живот. Фотографот со кого почнува слободни сексуални односи ѝ доаѓа како нарачан во новиот проект. Но последиците не може да се оценат како ефикасни. Прашање е: кој со кого манипулира? И колку може да се игра со стварноста без да се избега од себе?
Последици е добитник на наградата Антон Вахтер за дебитантски роман, а бил во најтесен избор за највисоките книжевни награди во Холандија. Досега е продаден во 20 000 примероци.",Фикција,Нина Вејерс,Антолог,2016,272,"250,00 Денари"
Америка (III издание),"Да замислиме две нешта: Америка да биде личност, а не име на континент и да биде тој, а не таа. Значи, си имаме работа со Америка Берти, триесетгодишен маж чие искуство може да се спакува во џеб од панталони. Едноставен како „извини“ и повлечен како мирно море. Америка Берти, тоа триесетгодишно дете со големо име и со скромни барања. Да вози велосипед наоколу, да лови риба, да игра со своите поќерки и по посетата на поштарот, во осаменост да минува часови со писмата што никој не знае од кого и од каде пристигнуваат.
Ајде сега да замислиме дека сме во Италија, од другата страна на Јадранското Море, и некаде меѓу Бриндизи и Монополи е скриено малото Тинтинио, место што го нема на географска карта, но во него гравитираат толку многу уникатни личности што го заслужува вниманието на светот.
Кога тие две нешта ќе се спојат – чудните навики на еден интровертен човек и љубопитноста на провинцијата што живее од секојдневниот џагор – се создава дело што го носи шармот на приказните што се паметат цел живот.
Роман за опојната привлечност на непознатото, роман за љубовта и пријателството, за потрагата по дом, за неможноста на простувањето, за апсурдот на заборавот, за отсуството како судбина и пред сè роман за утописката (не)моќ на зборот.",Фикција,Жарко Кујунџиски,Антолог,2022,208,"300,00 Денари"
Поле со портокали,"Двајцата браќа Ахмед и Азиз живеат во мирниот предел на семејното поле со портокали. Но, кога една бомба ги убива нивните баба и дедо, војната во нивната земја им го менува животот засекогаш. Крв се враќа со крв, па едниот брат мора да се жртвува себеси.
Години подоцна, оној што ќе преживее – сега студент по актерска игра во Монтреал – добива улога што го тера да се соочи со минатото. Трембле, и самиот актер и режисер, поставува тешко прашање: дали уметноста може да помогне во страдањето?
Истовремено модерна и безвременска, напишана со острата чистина на пустинската поезија, оваа книга ги прикажува опојното наследство на војната и нејзините последици.",Фикција,Лари Трембле,Антолог,2017,96,"200,00 Денари"
Прекрасен труп,"Роман во кој е прикажана морничава и канибалистичка иднина на светот.
Поради вирус што ги напаѓа животните, а е смртоносен и за луѓето, сите животни мора да се убијат. Светот се соочува со потребата да го замени пазарот со месо од животинско потекло со човечко. Се создаваат нови закони за одгледување и за преработка на месо, со што се легализира човекојадството и општеството се дели на луѓе што јадат луѓе и луѓе што се за јадење.
Маркос Техо е раководител во кланицата „Криг“ во која се колат луѓе што се посебно одгледани за да служат за исхрана. Тој е привремено разделен од сопругата, се грижи за таткото болен од деменција, и се труди да не мисли како заработува за живот. Еден ден, жена одгледана за исхрана ја сокрива во домашната плевна. И покрај тоа што знае дека каков било личен контакт со неа значи смртна казна, искушенијата ќе го наведат да ги прекрши правилата.
Во такво бездушно и застрашувачко општество, брутално, но и суптилно, алегорично, но реалистично, со моќта на фикцијата, авторката поттикнува чувства и покренува прашања што се актуелни.
Што се случува со односот на другите луѓе кога еден ден може да станат наша храна?",Фикција,Агустина Бастерика,Антолог,2023,208,"350,00 Денари"
Чик,"Романот „Чик“ ја раскажува приказната за пријателство меѓу 14-годишниците од средното училиште и запоставените етнички германски имигранти од Русија. Мике Клингенберг нема пријатели. Тој верува дека тоа е така затоа што е досаден, што му се вдлабува во умот кога не добива покана за забавата на годината што ја организира најпопуларната девојка во училиштето. Со оглед на тоа дека има мајка алкохоличарка што е на рехабилитација, а татко му е на службено патување, на Мике сите денови му се слободни. Сè дури едно ново, малку чудно дете од училиштето, Чик, не се појави во неговиот дом и не се всели. Бидејќи немаат што да прават, освен да се додеваат и да играат видеоигри, Мике и Чик решаваат да одат на патување без дестинација, карта или билни телефони. Ќе скршнат по погрешен пат неколкупати, ќе извршат неколку кривични дела и ќе се запознаат со ексцентрични луѓе. Но едно нешто е сигурно: доколку воопшто се вратат, ниеден од нив не ќе биде досаден веќе.
Романот „Чик“ (2010) цела година котирал на листата на бестселери во Германија.",Фикција,Волфганг Херндорф,Антолог,2015,256,"250,00 Денари"
Ефектот на Марко,"#5 СЕКТОРОТ Q
Функционер на висока позиција во финансиски нестабилна банка врши проневера со средства наменети за развој на африкански села. Во меѓувреме, петнаесетгодишниот Марко сака да стане дански државјанин и оди на училиште како секој обичен тинејџер. Но неговото минато не е како на секој обичен тинејџер. Тој целото свое детство го минал во ромска банда со која автократски владее неговиот вујко Зола и во која сите деца се принудени да питаат и да крадат.
Кога Марко ќе дознае дека вујко му планира да го осакати за му носи поголем приход, конечно се обидува да побегне. Но тогаш открива закопано тело што го води до фрапантни тајни за кланот. Плашејќи се дека ова откритие може да стигне до полицијата, Зола и неговите луѓе почнуваат да го бркаат Марко.
Неговите патишта сега се вкрстуваат со оние на детективот Карл Морк. Кога Карл ќе сфати што сè знае Марко, ќе одлучи да ја реши мистеријата и да го спаси момчето. Мистеријата се протега од Данска до Африка и води до високата политика и бизнис, каде што не постојат правила на игра, а човечкиот живот се множи со нула.",Фикција,Јуси Адлер-Олсен,Антолог,2022,496,"550,00 Денари"
"Татко ми, Босфор","На самиот крај од XIX век и почетокот на XXI век, некаде помеѓу современиот свет и почетокот на падот на Oсманлиската држава, се случуваат две, навидум различни приказни.
Камила Џалал е посветена детективка која ќе го преврти Истанбул за да ја најде причината за смртта на нејзиниот сопруг.
Но, Камила Џалал е и девојка која по низа несреќни случаи во нејзиниот живот почнува да станува блиска со луѓето околу султанот во сарајот Јилдиз. Додека се приближува крајот на династијата и соборувањето на султанот Абдулхамид од престолот, на другата страна од времето, Босфор трага да го најде чудовиштето зад серија убиства коишто ја згаснаа светлината на градот.
Што имаат заедничко девојките со исто име?
И двете живеат за едно нешто. Да ѝ најдат смисла на смртта.",Фикција,Јован Илиески,Антолог,2022,238,"350,00 Денари"
Сфинга на гневот,"Кога уредникот на издавачката куќа „Веда“ дознава дека еден познат писател е пријавен како исчезнат, тргнува да ја открие вистината. Потрагата во која ризикува сè ќе го соочи со загатки во кои се испреплетени историјата, митологијата, психологијата и општествените случувања. Лазар смета дека ако ги дешифрира тајните пораки што ги открива, ќе ја оствари одамна посакуваната цел: да се добере до необјавениот ракопис на исчезнатиот писател.
Движејќи се меѓу границите на мистеријата и книжевниот трилер, Жарко Кујунџиски (Spectator, Америка) создава интригантен и вешто смислен роман, жанровски и стилски палимпсест, со кој пристапува во досега неистражени предели на нашата проза.",Фикција,Жарко Кујунџиски,Антолог,2020,304,"350,00 Денари"
Ѕвездена порта,"Невообичаена и длабока божиќна приказна која ги навестува празничните чуда!
Приказната е раскажана од перспективата нa десетгодишната Роња, која живее со својата постара сестра Мелиса и со таткото алкохоличар. Иако сакани од таткото, сестрите се соочени со постојана закана од социјалните служби бидејќи тој нема редовна работа. Роња дознава за отворена позиција за продажба на новогодишни елки и наскоро фрижидерот е полн со храна, а таткото се враќа од работа насмеан и прекриен со борови иглички.
Пресвртот се случува кога добива празничен аванс, бидејќи тој му се враќа на алкохолот. Мелиса храбро се решава да ја преземе работата, извршувајќи ја по училиште, а Роња одлучува да ѝ прави друштво. Набрзо таа станува заштитното лице на плацот каде што се продаваат елките. Двете сестри се обидуваат да го живеат животот најдобро што умеат, станувајќи си поддршка една на друга, и сонувајќи за поведри денови и судбина што ќе им даде нова шанса.Мала во обем, но со моќно дејство врз читателот, оваа книга е волшебен современ класик.",Фикција,Ингвилд Х. Рисхој,Антолог,2024,128,"300,00 Денари"
Скандалите во Кроум,"Шеговита дружина составена од необични ликови на уметници се собира во малото англиско гратче Кроум на имотот на Хенри Вимбуш. Меѓу чудните, учени гости се наоѓаат високо профилиран писател, утопист со планови за „идеална држава“, чувствителен поет кој е до уши зацопан во внуката на Вимбуш. Скандалите во Кроум е првиот роман на англискиот писател Олдус Хаксли, објавен 1921 година. Во оваа книга Хаксли ги исмева трендовите и модата од тоа време.",Фикција,Олдус Хаксли,Антолог,2013,208,"250,00 Денари"
Љубов низ солзи,"Животот на едно мало дете ќе згасне во сообраќајна несреќа поради невниманието на неговите родители, кои своите конфликти и расправии секогаш ќе ги ставаат пред својот син. Некаде во истиот град, една млада самохрана мајка ќе се бори да излезе накрај меѓу обврските што ги има работејќи како келнерка и желбата своето дете да го израсне во љубов и грижа. Во исто време, една осумнаесетгодишна девојка, отфрлена од семејството и од околината, ќе го остави своето тукушто родено бебе на клупа во паркот и ќе си го одземе животот. Сите овие трагични приказни ќе ги поврзе една голема љубов, нов зрак надеж во суровата игра на судбината.
Романот „Љубов низ солзи“ зборува за храброста на жените, за безрезервната љубов на мајките, за важноста на поддршката и разбирањето во рамките на семејството.",Фикција,Вера Лилчиќ,Антолог,2017,172,"200,00 Денари"
Светата крв,"Романот „Светата крв“ е роман за љубовта и страстите во сите свои димензии, за злосторството, одмаздата, простувањето, а како ликови се јавуваат учители и ученици во еден историски бурен период од 1920 до 1950 година. Клучното место на случувањата е забутаното гратче Ја. Романот е составен од четири дела, а секој дел започнува со извадок од „Четирите годишни времиња“ на Антонио Вивалди. Романот е напишан така што речениците звучат како музика, многу блиску до поезија.
Колку историска толку и универзална, книгата проникнува во самата суштина на човечкото, во неговата природа. Од собитијата извираат страдањата, мислите, зборовите што ги изговараат, музиката што ја слушаат, книгите што ги читаат, филмовите што ги гледаат…
Самиот автор би рекол: „Кога Флобер бил запрашан која е Мадам Бовари, одговорил ’Тоа сум јас!‘, истото го мислам и јас за ’Светата крв‘.“",Фикција,Антон Баев,Антолог,2018,144,"200,00 Денари"
Тивката ноќ на Херкул Поаро,"Најславниот детектив на светот, легендарната ѕвезда на романите на Агата Кристи, повторно ги активира своите „сиви ќелии“ и пристапува да реши една божиќна мистерија.
Денот е 19 декември 1931 година, а Херкул Поаро и инспекторот Едвард Кечпул добиваат повик да истражат убиство на човек што се случило во навидум сосема безбедна средина: на оддел од болница во Норфолк. Мајката на Кечпул, Синтија, инсистира Поаро да престојува во трошна куќа на брегот, за сите да можат да бидат заедно за време на празниците додека Поаро го решава случајот. Пријателот на Синтија, Арнолд, набргу треба да биде примен во истата болница, а неговата сопруга е убедена дека токму тој ќе биде следната жртва на убиецот, иако одбива да објасни зошто мисли така.
Поаро има помалку од седум дена да го реши злосторството и да спречи уште убиства, доколку сака да избега од кошмарно сценарио и да се врати дома за Божиќ. Во меѓувреме, некој бескрајно безмилосен има друга замисла за неговата судбина.
Ќе успее ли Херкул Поаро навреме да го реши овој збунувачки случај?",Фикција,Софи Хана,Антолог,2023,320,"450,00 Денари"
Процес,"Застрашувачка приказна за Јозеф К., банкарски службеник што ненадејно е уапсен и мора да се брани од обвинение за кое не може да добие никакви информации.
Јозеф К. полни триесет години на денот кога во неговиот стан пристигнуваат лицата што треба да го уапсат. Во период што следува тој сè повеќе се заплеткува во невидливата мрежа на еден необјаснив процес. Движејќи се низ лавиринтската мрежа на стапиците на системот, продолжува да се однесува на начин што го прави да изгледа сè повиновен. Јозеф К. станува симбол за вознемиреноста и чувството на отуѓеност на модерното време и за борбата на обичниот човек против неразумниот авторитет. Напишан во период од јули 1914 до јануари 1915 година, овој роман се совпаѓа со најважните случувања во животот на Кафка, но и со европската историја и почетокот на Првата светска војна. Објавен е во 1925 година.
„Процес“ е едно од најважните книжевни дела на XX век, со кое почнува нова ера во светската историја на литературата.",Фикција,Франц Кафка,Антолог,2022,240,"400,00 Денари"
Шах-мат торта,,Фикција,Александар Кујунџиски,Антолог,2007,31,"150,00 Денари"
Минатото,"Дали една љубов што траела долго време може некогаш да стане минато и колку иднината на тие луѓе може да се развива независно од нивното минато? Римини и Софија 12 години биле во врска што изгледала нераскинливо, но на крајот завршила. Сепак, минатото нѐ поврзува многу повеќе од тоа што сме свесни. Токму кога Римини помислува дека го открива прекрасниот свет на слободата и на новите желби, ќе најде нова љубов и ќе основа семејство.
А тогаш во неговиот живот директно од времето за кое мислел дека е завршено се враќа Софија. Секоја нова средба на двајцата главни протагонисти е изненадување сама по себе: љубовта од минатото добива нова форма во сегашноста.
Дали Софија е жена полна љубов, пријател што сака да ја спаси својата најдрага личност или сѐ што прави прави со намера да се одмазди за разделбата, бидејќи не може да ги контролира страстите? Одговорот на ова прашање авторот вешто го одложува до целосно непредвидливиот крај.
Авторот истакнува дека Марсел Пруст и стенд-ап комичарот Џери Сајнфелд извршиле најголемо влијание врз неговата книга. „Минатото“ е најуспешниот роман на еден од најдобрите латиноамерикански писатели на својата генерација, за кој тој ја добива наградата „Ералде“ во 2003 година. Според книгата е снимен и филм во режија на Ектор Бабенко.",Фикција,Алан Паулс,Антолог,2018,536,"500,00 Денари"
Во туѓа земја,"По меѓународниот успех на „Совршената дадилка“, Лејла Слимани раскажува страсна романса меѓу мароканскиот војник Амин, кој се борел на страната на Франција во Втората светска војна, и Французинката Матилда.
По завршувањето на војната, младиот пар се сели во Мекнес, Мароко. Брак, преселба, прво дете, второ дете… Илузиите наскоро се судираат со стварноста. Додека Амин ја обработува карпестата почва, Матилда се задушува од суровата клима – омразена од француските доселеници бидејќи се омажила за Мароканец и отфрлена од Мароканците бидејќи не е една од нивните. Амин, пак, иако ја сака својата сопруга, понекогаш се прашува зошто одбрал толку непокорна жена. Тие, но и сите ликови од романот, како да живеат „во туѓа земја“.
Десетте години низ кои се протегнува дејството се годините на напнатост и насилства, кои водат до независност на Мароко во 1956 година. Сите ликови во романот живеат во земјата на другите – доселеници, домородци, селани, бегалци, а особено жените, кои постојано мора да се борат за својата еманципација.
Во оваа голема фреска, прв дел од трилогија во која секој том опфаќа период од 10 години,  Слимани оживува една не многу далечна епоха и нејзините актери, со изразена хуманост, точност и префинета смисла за нарација.",Фикција,Лејла Слимани,Антолог,2021,288,"350,00 Денари"
Стаклената градина,"За младиот Лоби, трагичната смрт на неговата мајка е пресвртна точка во животот. Нивната заедничка љубов кон одгледувањето ружи од реткиот вид Rosa candida во стаклената градина во нивниот двор ќе го инспирира да ги напушти студиите и да отпатува во далечниот антички манастир за да ѝ го врати стариот сјај на величествената, но заборавена градина што се наоѓа таму. Додека одново ја пресоздава градината под будното око на свештеникот филмофил, Лоби ќе го изненади посетата на Ана, речиси непознатата пријателка на негов пријател, со која, по една кратка авантура во градината на неговата мајка, ја има новородената ќерка Флора Сол. Грижејќи се за градината и за малото девојче, Лоби полека ги запознава различните улоги на еден возрасен маж.
„Стаклената градина“ е прекрасна приказна за искрената потрага по убавините на животот, трогателен потсетник дека секој од нас е способен да ги претвори малите нешта од секојдневниот живот во извонредни.",Фикција,Ојдур Ава Олафсдотир,Антолог,2018,272,"250,00 Денари"
Кој ми го убил кучето?,"Единствената желба на Мартина е да има свое куче. Всушност, нејзиното семејство има куче, но тоа е бавно, старо, здодевно и најважно од сè не е само нејзино. Со големи напори Мартина успева да ги убеди родителите да ѝ дозволат да си го земе малото бело кутре, кое ќе го нарече Снег, или нагалено Снешко. Животот со Снешко не тече онака како што си го замислувала Мартина.
Снешко е глув, непредвидлив, не слуша наредби и постојано бега од домашниот двор. При едно од многуте бегства, за жал, завршува под тркалата на еден автомобил. Но чиј? Мартина започнува детективска истрага. Во тоа ѝ помагаат верните другари од селото, во кое животот е неспоредливо поубав отколку во Прага.
За секое дете ретко има поголем шок од сознанието дека неговото милениче го нема веќе.",Фикција,Петра Соукупова,Антолог,2019,148,"300,00 Денари"
Излегувањето од сенка (Тајното женско училиште),"XIX век во Струга, Митра Миладинова и Султана Миладинова, поттикнати од понудената поддршка на рускиот славист Виктор Иванович Григорович, почнуваат дело, кое, како што се развива, станува сè подлабоко и посериозно.
Неколку жени перачки кои се сретнуваат на реката, првпат почнуваат да зборуваат за тоа каков би бил светот кога би им се дало глас на жените. Покрај реката почнуваат да учат да читаат и да пишуваат, стануваат учителки кои го шират почнатото таинствено дело низ сечиј дом и душа. Стануваат своевидни интелектуалки кои наоѓаат начин преку анонимно објавувани статии во весниците да допрат до светот. Против неправдата која неколку векови ги обвивала сите, почнуваат да зборуваат и да се борат со дело кое му пркоси на времето и на заборавот.
Живеењето и дејствувањето во сенка излегува на светлина кога се дознава за Тајното женско училиште – Ученољубие.",Фикција,Дијана Петрова,Антолог,2023,208,"350,00 Денари"
Чувари на општото добро,"„Чувари на општото добро“ (2010) ги тематизира последната декада пред падот на комунистичкиот режим во Чехословачка (1989), како и деведесеттите години – време на транзиција – од призмата на едно нефункционално семејство.
„Нараторката детално и верно нè потсетува на обрасците на однесување и на рамнотежата на силите во времето на тоталитаризмот, на Кадифената револуција, во чехословачкото и, подоцна, во чешкото општество.“ – Јозеф Хухма",Фикција,Петра Хулова,Антолог,2014,160,"200,00 Денари"
W,"Игор Штикс е левичарски интелектуалец кој по повеќе од дваесет и пет години се враќа на Јадранот за читањето на тестаментот на Валтер Штиклер, конзервативен француски филозоф кој под неразјаснети околности е убиен во Далмација. Таму ја среќава згодната активистка Теса Симон. Двајцата се запознаваат еден со друг во куќата на Валтер, но ги запознаваат и мистериозната историја за Валтер, кој од левичар од 1968 година станал водечки десничарски мислител, како и неговиот пријател Владимир, највлијателниот лев милитант, зад чиј терористички ракопис секогаш се крие доза иронија и кој продолжува да ги инспирира сите млади бунтовници на денешнината.
Приказната за Валтер и Владимир се отвора пред Игор и Теса како напнат политички трилер на современата историја на Европа кој нѐ води во сите делови на континентот. За да ги осознаат сите поединости и за да ги откријат тајните, тие двајцата мора да отидат во родниот град на Игор и Валтер, Сараево.
Најновиот роман на Игор Штикс е книга што буквално не се испушта од раце. Напишана во манирот на најдобрите скандинавски трилери, преполн интриги и пресврти, „W“ ни дава пресек на последните половина век на европската и светска левица, на нејзините борба, падови и застранувања. Овој роман кој во атмосферата потсетува на Пол Остер или Хавиер Серкас никого нема да остави рамнодушен.
*Книгата е достапна со потпис од авторот. Во коментар за нарачката нагласете доколку сакате да добиете потпишан примерок.
  Книгата е објавена во рамки на проектот Made in Europe: The power of diversity / Создадено во Европа: Моќта на различноста (ко-финансиран од програмата Креативна Европа на Европската Унија).",Фикција,Игор Штикс,Антолог,2022,288,"450,00 Денари"
Последниот ритуал,"На универзитетот во Рејкјавик е пронајден машки труп со извадени очи и со чудни симболи исцртани на неговите гради. Полицијата не губи време и почнува да апси. Но семејството на германскиот студент не е убедено дека е фатен вистинскиот човек. Затоа, ја најмува Дора Гудмундсдотир, секси-адвокатка и самохрана мајка на две деца, да го истражи случајот. Набргу потоа Дора и адвокатот на семејството откриваат дека починатиот студент бил опседнат со исландската историја на лов на вештерки, тортури и јавни погубувања. Откриваат и слични современи застрашувачки настани, скриени под долгата и студена сенка на мрачните традиции. За двајцата вџашени истражувачи одеднаш ништо веќе не е како што изгледа. И никому не може да му се верува.
Овој роман предизвика меѓународна сензација и е објавен во триесетина земји.
*Книгата е достапна со потпис од авторката. Во коментар за нарачката нагласете доколку сакате да добиете потпишан примерок.",Фикција,Ирса Сигурдардотир,Антолог,2017,338,"400,00 Денари"
"Даниел Штајн, преведувачот","„Животот е чудо“ – за вистински да ја доживееме оваа мисла некогаш ни треба – преведувач!
Даниел Штајн е полски Евреин, кој го преживува холокаустот со играта на среќата и чудото. Работејќи за Гестапо како преведувач, тој им помогнал и на голем број свои сонародници. Подоцна пребегнува во партизани, а по војната преминува во католицизам, станува свештеник и заминува за Израел. Колку и да звучи сето ова како сплет од неверојатни ситуации, животот и судбината на Даниел Штајн не се измислица за потребите на книжевноста. Неговиот лик е директно инспириран од Освалд Руфајзен, односно – брат Даниел.
Една од главните теми е токму соживот меѓу луѓето од различни религии, како и потрагата по Бога и богословските размислувања на овој католички свештеник, кој е Евреин по потекло и јудеј по воспитување. Способноста на Даниел да биде уникатен, со голем број противречности во себе, истовремено да комуницира со сите култури, да ги надминува лингвистичките и културни бариери, го издигнува во симбол на љубовта, хуманоста, слободата и толеранцијата. Книгата е колаж од лични приказни раскажани преку писма, дневници, беседи и различен вид историски документи. Едногласно прифатен и од публиката и од критиката од целиот свет, „Даниел Штајн, преведувачот“ е еден од најзначајните руски романи на нашето време.",Фикција,Људмила Улицкаја,Антолог,2022,492,"600,00 Денари"
За Родерер,"Две момчиња во ист момент треба да одберат меѓу другарството и кариерата. Но што ако се изгубат и двете нешта, како да се поставиме во таква ситуација? Аргентинската критика го смета „За Родерер“ меѓу најважните романи објавени во последните децении и го прогласи за најквалитетниот роман напишан од млад автор.",Фикција,Гиљермо Мартинес,Антолог,2010,126,"220,00 Денари"
Невидливиот живот на Еуридиси Гузмау,"Роман што на забавен и ироничен начин го прикажува животот на две сестри, Гида и Еуридиси.
Среде патријархалното бразилско општество од 1940-тите години, тие тргнуваат по различни патишта. Гида бега од дома за да живее со лекар од угледно семејство кој на крајот ја напушта и ја остава сама да се грижи за нивното дете. Еуридиси, пак, се однесува како што се очекува од неа, станува добра сопруга, примерна домаќинка и мајка. Но, ниту една од нив не е задоволна со својот избор и поминува многу време додека не сфатат дека среќата по која копнеат е скриена на најнеочекуваните места.
Длабоко хуман и креативен роман за две жени, опкружени со разновидни незаборавни ликови во мала озборувачка средина. Гида и Еуридиси се жени кои им пркосат на општествените ограничувања и се борат за својата еманципација и реализација.",Фикција,Марта Батаља,Антолог,2024,110,"300,00 Денари"
Деликатно злосторство,"Кога страста води до лудило а лудилото нè турка во оригинално злосторство.
Напнатата приказна на Антонио Мартинс е сместена во фантастичниот Рио де Жанеиро во Бразил. Тој е театарски критичар кој еден ден по игра на случајот (ако постои такво нешто) ќе се вплетка со Агнес, млада куца жена за која не знае речиси ништо. По долга потрага да ја најде повторно, Мартинс открива дека Агнес е модел на уметникот Бранкати и открива сигнали дека неговиот однос кон Агнес се движи меѓу татко и садист. Во момент на слабост ќе се случи нешто што тој го гледа со едни очи а привлечната девојкасо сосема други. Книгата е богата со теми: полициски заговор, страсна врска натопена во еротика, необичен однос меѓу уметноста и критиката, истражување на границите на силувањето.",Фикција,Сержио Сант’Ана,Антолог,2013,128,"220,00 Денари"
Ананка,"Животот и судбината на Ананка започнуваат со вознесот на животот и заветот за вечна љубов. Тоа е живот што се одвива во егзил и во постојан судир на злото со пацифизмот.
Животот на ликовите од романот Ананка е реална приказна од животот на Ромите од Топаана, една од најстарите населби во Скопје, во која со векови живеат во заедница многу  етникуми. Топаана е олицетворение на космополитизмот.
Ананка го доживува виорот на војната без својот љубен, кој е југословенски кралски војник, заробен, и кој останува во воено, а потоа уште неколку години и во морално-духовно доброволно заробеништво во Германија.
Ананка молчешкум го продолжува својот живот, но таа е свесна, достоинствена, трпелива  и нема да дозволи повторување на семејната трагедија, а со тоа и на историјата на Македонија.
Таа оди да го избави својот внук од побунетиот Сплит, во време на распадот на СФРЈ.
Овој роман не зборува за асоцијалните проблеми на Ромите, туку за Ромите што живеат во Македонија, за изворниот бит на Ромите и за нивната поврзаност со човештвото, со космосот и со вечноста.",Фикција,Јусуф Сулејман,Антолог,2017,240,"300,00 Денари"
Спомените на бабичката Лу,"Емотивна книга во која се испреплетуваат неколку трогателни животни стории. Паралелно со спомените од минатото на осамената старица Лу следиме две прекрасни и топли љубовни приказни, а ја откриваме и големата тајна од нејзината младост. Минатото и сегашноста си поигруваат во овој возбудлив роман, оставајќи нè без зборови пред сите животни одлуки и перипетии со кои се соочуваат ликовите.
Обични, но исклучителни животи; секојдневни, но посебни луѓе; различни животни судбини поврзани низ спомените на една добродушна бабичка.",Фикција,Викторија Адамс,Антолог,2019,156,"200,00 Денари"
Остатоци од светот,"Драматична и потресна сага за „векот на логорите“, како што уште се нарекува XX век. Човековата трагична судбина од Шпанската граѓанска војна преку Јасеновац и Блајбург, Кравица и Сребреница, сè до бомбардирањето на Србија од страна на НАТО, се одвива на големите платна на толеранцијата, опстанокот и болката. Главната протагонистка на романот со својот чудесен ерос воспоставува баланс помеѓу темнината и светлината нудејќи надеж во спасувањето на невиното, или барем инаков поглед на она што останало во „остатоците од светот“.
„Несомнено најдобриот роман на Игор Маројевиќ досега.“ – Зоран Богнар
„Еден од најдобрите српски романи во XXI век.“ – д-р Игор Перишиќ",Фикција,Игор Маројевиќ,Антолог,2024,334,"500,00 Денари"
Скарлетна студија,"Првото дело во детективската серија за Шерлок Холмс кој го воведува читателот во неговиот енигматичен универзум.
Кога д-р Џон Вотсон доаѓа да живее на улицата „Бејкер“ со Шерлок Холмс, нема претстава дека штотуку навлегол во еден нејасен свет на криминал и насилство. Придружувајќи го во една злокобна куќа во јужен Лондон, Вотсон запрепастено открива мртовец чие лице е згрчено во ужас. На телото нема траги од насилство, додека на ѕидот со крв е напишан еден единствен збор. Доктор Вотсон е еднакво збунет како и полицијата, но брилијантните аналитички вештини на Шерлок наскоро ќе го расплеткаат клопчето на убиството, одмаздата и изгубената љубов. 
„Скарлетна студија“ е запознавање со познатото дуо – ликовите на Шерлок Холмс и д-р Џон Вотсон. Мистеријата околу откривање на извршителот на убиството случено под неразјаснети околности набрзина ги претвора во најдобри пријатели, а целата истрага води кон испишување на студија на случај наречен „Скарлетна студија“.
„Холмс!“, извикав. „Ти ли си? Зарем е можно да си жив? Можно ли е да си успеал да се искачиш од тој ужасен амбис?“",Фикција,Артур Конан Дојл,Антолог,2024,144,"300,00 Денари"
Зулејха ги отвора очите,"Приказната започнува во мало татарско село во 1930 година. Микрокосмос во кој жената е објект на постојано понижување. Но ова не е патријархален роман. Ова е женски роман во најубавата смисла на зборот. Бидејќи главен херој е зеленооката Зулејха.
Жена што ќе го посведочи убиството на сопругот од страна на комунистите и жена што ќе го преживее прогонството на Сибир. И така засекогаш ќе го напушти родниот микрокосмос.
Таа е принудена на мачно патување со товарен воз до најоддалеченото место на бреговите на реката Ангара во Сибир. Животните услови во руската тајга носат сосема поинаква тежина. Многумина не ја преживуваат долгата зима. Тоа е средина составена од: селани, интелектуалци, криминалци, чесни луѓе, муслимани, православни, атеисти, Татари, Руси и Германци. Во групата на Зулејха има еден напорен доктор, еден сликар, еден пар, еден криминалец, но и – Игнатов, убиецот на нејзиниот сопруг. Заедно започнуваат да градат нов живот, далеку од своето минато. Заедно мора да создадат – љубов!
Зошто Зулејха ги отвора очите? Токму за љубовта, за мајчинството, за слободата, за борбата за живот.
Романот е добитник на двете најважни книжевни награди во Русија –  „Големата книга“ и „Јасна Полјана“.",Фикција,Гузел Јахина,Антолог,2019,432,"450,00 Денари"
Една иста река,"Реалистичен, суптилно критички, а истовремено брутално искрен и комичен роман, кој ги разоткрива приказните на три сестри: Љуба, Сара и Пирина. Поетика на маргинализираните слоеви на современото општество. Сестрите живеат во мало село близу бугарскиот град Перник.
Живеејќи на работ на мизеријата, Пирина пее, а во нејзините песни нема мелодија, ниту зборови, но тие ја лекуваат тагата; Сара често ги менува партнерите, а еден од нив дури ѝ гради црква!
Љуба толку многу чита што дури отсуствува од секојдневјето и од животот и тоа ја прави привлечна на некаков нелогичен, но интересен начин. Никогаш не влегуваме двапати во една иста река. Роман во кој реката тече не како што одлучила вселената, туку каде што ја водат ликовите.",Фикција,Здравка Евтимова,Антолог,2018,208,"350,00 Денари"
Spectator (VIII издание),"Ставот на Милорад Павиќ: „Ако сакам да го променам начинот на читањето, морам да го променам и начинот на пишувањето“ за Жарко Кујунџиски претставуваше и животна и творечка определба уште додека го пишуваше „Spectator“, и во срце, и во глава, но и на хартија.
Зашто, како и Павиќ, и покрај својата младост, знаеше дека на светот постојат многу повеќе талентирани читатели отколку талентирани писатели или литературни критичари. А читателите го кажаа своето големо ДА за овој роман.
И така спектакуларно во Библиотеката НАЈчитаните на „Култура“ многу брзо, и тоа веднаш зад „Папокот на светот“ на Венко Андоновски (2002) и „Разговор со Спиноза“ на Гоце Смилевски (2003), под број 9 (случајно или не) се најде и неговиот „Spectator“ (2004). Своето големо ДА го кажав, а и го напишав, и јас, и како читател и како критичар, со тоа што моето тогашно исчитување на овој исклучително нов роман, и композициски и (пре)раскажувачки, се вдоми и во мојата книга „Мал книжевен тестамент“ (2007).
Роланд Барт разликува два начина на читање. Првиот ја артикулира приказната и, бидејќи таа приказна е битното, преку неа едноставно се прелетува без притоа да се спознаат јазичните игри.  Вториот се приклештува за самиот текст и притоа го освојува, многу внимателно, трпеливо, копајќи по неговата знаковност на полето на јазикот, а не на полето на приказната. Препрочитувајќи го денес по 15 години од неговата првообјава, чувствувам колку зрело „Spectator“ ја дава токму таа можност за едно такво двојно читање преку кое се откриваат и неговата разгранета знаковност и неговата леснотија со која се градат и се нанижуваат приказните. Зашто „Spectator“ нуди големо задоволство од/во самиот текст. – Весна Мојсова-Чепишевска
*Книгата е достапна со потпис од авторот. Во коментар за нарачката нагласете доколку сакате да добиете потпишан примерок.",Фикција,Жарко Кујунџиски,Антолог,2018,146,"250,00 Денари"
За последен пат,"Волшебен книжевен трилер преоблечен во атмосфера на сензуалност, мистерија, страст и психолошка интрига.
Мертон, непоткуплив аргентински литературен критичар од Буенос Аирес добива понуда да отпатува во Барселона, Шпанија, за да прочита вреден необјавен ракопис. Станува збор за последниот роман на познатиот писател А, кој е на смртна постела. Негова последна желба е Мертон да ја открие мистеријата шифрирана во неговото дело, а која ќе стане книжевен клуч од капитално значење доколку сака да биде правилно разбран од идните читатели.
Сепак, Мертон ќе биде искушуван од други, далеку поприземни нешта за време на неговиот престој во луксузното живеалиште на. Наскоро сфаќа дека е заробен во љубовен триаголник со жената и ќерката на стариот писател, кои како да се натпреваруваат за неговото внимание. Малку по малку, врската меѓу тројцата станува чудна игра на љубомора, привлечност и копнеж.
Роман кој ги открива сплетките во издавачкиот свет од 1990-тите и кој ја гледа литературата преку енигмата на создавањето, заедно со магичниот однос на заведување: атрактивен и многу оригинален.",Фикција,Гиљермо Мартинес,Антолог,2023,160,"350,00 Денари"
Животот почнува во петок,"„Животот почнува во петок“ е плод на фасцинацијата што авторката ја развила кон духот на Букурешт, таков каков што бил во почетокот на 20-от век. Во текот на 13-те дена при крајот на 1897 година, еден човек е пронајден онесвестен во полињата близу градот, на „имотот Банеаса“. Никој не знае што точно е проблемот со него и секој се сомнева во нешто друго. Да не е меѓународен измамник што секако сака да го снема? Криминалец? Болен човек? Полека околу него се собираат многу луѓе: доктор и ќерката на еден полициски комесар на 8-годишна возраст, и новинари од секаде. „Животот почнува во петок“ е книга што може да се чита како роман, фантазија за патувањето низ времето, или како историски роман, но ние како читатели ги забораваме сите овие категории и ја гледаме едноставно како жив свет, полн со литература и вистина, како написи што нешто значат во светската книжевност.
Романот „Животот почнува во петок“ ја доби Европската награда за книжевност во 2013 година.",Фикција,Јоана Парвулеску,Антолог,2015,304,"300,00 Денари"
"Габриела, каранфилче и цимет","Најпознатиот модерен бразилски писател Жорже Амадо нè пренесува во времето на владетелите на какаото во бразилската провинција Баија, кога недоразбирањата се решавале со пиштоли, а од мажот што е изневерен се очекувало да ја исчисти својата чест со убивање на прељубничката и на нејзиниот љубовник.
Оваа хроника на еден град, на една страст, омаж на богатата бразилска култура, роман замислен и како химна на сензуалноста на тамошните жители, особено на жените, во последните неколку децении доживеа огромен број изданија и филмски екранизации.
Секое од поглавјата почнува со песна посветена на една жена, а, заговарајќи ја женската слобода, особено сексуалната, Амадо ја шокирал и ја разгневил тогашната бразилска јавност. Бесот со времето исчезнал, а книгата станала еден од омилените бразилски романи на 20 век. Иако бил употребен како основа за сапуници, го задржува раскажувачкото мајсторство.
„Роман способен да ја одржи во живот – низ деградации и драмата на многубројните животи – нишката надеж што се протнува помеѓу две постоења, можеби предодредени да бидат сплотени во едно.“
Џовани Тезио, Тутолибри во Ла Стампа",Фикција,Жорже Амадо,Антолог,2014,480,"400,00 Денари"
Појадок кај Тифани (III издание),"Њујорк и продавницата за скапоцен накит „Кај Тифани“ треба да спојат еден вечен сонувач и една лесна девојка што ги врти мажите на малиот прст. Дали ќе постоеше „Сексот и градот“ ако не се појавеше романот „Појадок кај Тифани“ е прашање на место. Во култниот истоимен филм Холи Голајтли ја игра Одри Хепберн, која просто брилјира во улогата на џебна Венера. Неповторлива книга што и ден-денес влијае на повеќе форми на музика, животен стил, мода, современа култура.",Фикција,Труман Капоти,Антолог,2011,128,"200,00 Денари"
Бусола,"Во текот на една бессона ноќ во Виена музикологот Франц Ритер ги оживува во своите сеќавања спомените за сопствената универзитетска кариера, за своите патувања, за миговите поминати со жената во која е вљубен. Лебдејќи помеѓу сонот и сеќавањата, ги преиспитува својата фасцинација за Блискиот Исток и многуте патувања во Истанбул, Алепо, Дамаск и во Техеран, како и многуте писатели, уметници, музичари, ориенталисти и истражувачи, кои го надополнуваат овој огромен сон. Во центарот на овие сеќавања е неговата неостварена љубов, Сара, француска научничка.
Возбудлива и убедлива ерудиција, со зачудувачки референции на композитори од деветнаесеттиот век и езотерични ориенталисти. Како да ги поврзал Балзак и Агата Кристи на еден магичен начин! Извонреден, моќен, музички роман, полн со горчливо-сладок хумор. Потрага по другоста, мостот помеѓу Истокот и Западот, вчера и утре.",Фикција,Матијас Енар,Антолог,2018,464,"450,00 Денари"
Круг ,"Застрашувачка визија на блиската иднина во која приватноста исчезнува, а со светот владее корпорација моќна како „Гугл“, „Фејсбук“ и „Твитер“ заедно. Откако ќе ја вработат во „Кругот“, Меј Холанд сфаќа дека ѝ се укажува животна шанса. „Круг“, со седиште во Калифорнија, ги поврзува личните електронски адреси, профилите на друштвените мрежи, услугите на онлајн-банкарството и пазарот, со својот универзален оперативен систем, создавајќи онлајн-идентитет за секого, со што почнува нова доба на транспарентност.

Меј одушевува со своите идеи во компанија каде што се одржуваат целодневни забави, се организираат спортски настани и ручеци, познати музичари свират во паркот, а има дури и аквариум со ретки риби, за што е заслужен генералниот директор.
Она што почнува како приказна за една млада амбициозна жена полна со идеали набргу станува возбудлив роман полн со неизвесноти, кој ги отвора прашањата за важноста на сеќавањето, историјата, приватноста, демократијата и на границите на човековото знаење.
Општеството од блиската иднина е прикажано како доброволна антиутопија чии граѓани со одушевување потпишуваат секој миг од новиот живот да биде сниман од окото на камерата, а на децата да им бидат вградени сигурносни чипови. Дејв Егерс е еден од водечките американски автори и со овој роман застанува рамо до рамо со класиците како „1984“ на Џорџ Орвел, „Храбриот нов свет“ на Олдус Хаксли или „Ние“ на Евгениј Замјатин.
Истиоимениот филм на Џејмс Понсолд од 2017 година е со Ема Вотсон и Том Хенкс во главните улоги.",Фикција,Дејв Егерс,Антолог,2017,416,"500,00 Денари"
Блиски песни од далечната Австралија,"Ова е четвртата книга од едицијата „Нови планети“ на издавачот  „Антолог“,  која  донесува пет „патешествени збирки“ со песни инспирирани од многубројните патувања на писателот Саво Костадиновски. Преку пишуваниот збор, преку неговата експресивност и моќ, и најдалечните и најнепознатите предели и градови – ни стануваат блиски и  познати. Дури и оние распослани преку „големите бари“, океаните, каква што е далечната  Австралија…",Фикција,Саво Костадиновски,Антолог,2015,34,"200,00 Денари"
Бившиот тапанар,"Според романот „Бившиот тапанар“ е снимен истоимениот филм од 2007 година. Тројца инвалиди бараат тапанар за учество на музички натпревар и тропнуваат на вратата на ликот што раскажува. Тој прифаќа и оттогаш почнува историјата на најлошиот рок-состав што кога било свирел во Гент. Книгата е полна со вулгарности, насилност, валкани сцени, бруталности, уметничка ексцентричност, свингери. Од „песни глупави лесни“ до линии кокаин се движи приказната на оваа цинична книга.
„Хуморот е вулгарен ’до даска‘. Ова е дело на болен ум, а веројатно таквите луѓе и најлесно ќе го читаат.“
Хумо, Белгија",Фикција,Херман Бриселманс,Антолог,2014,144,"200,00 Денари"
Роден крај со срце,"Прекрасни раскази од дводомниот писател Саво Костадиновски, кој пишува и објавува на македонски и на германски јазик. Во нив се отсликани токму такви теми: за децата што зборуваат на различни јазици, сепак тоа, и сето друго што ги разликува, не ги поматува нивните игри и дружењето, давајќи вистински примери за разбирање и соживот од кои можат да учат и возрасните.",Фикција,Саво Костадиновски,Антолог,2016,214,"250,00 Денари"
Баба ми ве поздравува и ви се извинува,"Шармантен роман за девојче чија баба умира и остава зад себе серија писма, испраќајќи ја малата внука на патување што го оживува светот на бајките измислен од нив двете.
Елса има седум години и е поинаква од своите врснички. Нејзината баба има седумдесет и седум години и е тотално откачена. На пример, има навика од својот балкон да гаѓа непознати луѓе со пејнтбол-топчиња. Две различни, а блиски перспективи. Бабата е најдобрата другарка на Елса. Всушност, единствената другарка.
Ноќе Елса се засолнува во приказните на баба си, во чудесната Земја на речиси будните и во кралството Мијама, каде што сите се поинакви и никој не мора да биде нормален. Кога бабата умира, остава куп писма со кои им се извинува на луѓето на кои им згрешила во животот. Со писмата започнува најголемата авантура на Елса.
Со комична точност и со исцртување сосема нова реалност, Бакман нуди приказна за животот и смртта и за едно од најважните човекови права: правото да се биде различен!",Фикција,Фредрик Бакман,Антолог,2018,416,"500,00 Денари"
Убиство во хотел Босфор,"Романот е првиот од серијата крими-трилери со ликот на Кати Хиршел, потпишани од писателката Есмахан Ајкол. Кати се доселила во Истанбул од Германија и отворила своја книжарница, каде што се продаваат исклучиво криминалистички романи. Наскоро во блискиот хотел се случува убиство во кое е вклучена и нејзина пријателка. Така што, истрагата станува нејзин интерес.
„Не ќе можете да ја испуштите од раце“. – Филип Деларош, Лир",Фикција,Есмахан Ајкол,Антолог,2014,192,"240,00 Денари"
Раски и маски,"„Раски и маски“: кратки драмски текстови од богатата и разновидна творечка продукција на Александар Кујунџиски. Збиркава содржи четири драмски текстови со мошне разновидни тематски содржини, кои се движат од оние со шеговита, хумористична интонација до оние што застапуваат и поведуваат теми со сосема поинаква насоченост и преокупираност. Ќе биде добредојдена во секоја градска и училишна библиотека, за аматерските и професионалните театарски екипи како „фрлена ракавица“ за сценски и радиодрамски предизвици.",Фикција,Александар Кујунџиски,Антолог,2018,70,"200,00 Денари"
Жената на маестрото (I издание),"Двајца мажи губат глава околу една прекрасна дама од високите кругови. Бидејќи и двајцата се писатели, судирот се проширува и во професионална смисла. Што сè прават за да најдат инспирација. Едноставно раскажана книја која долго се памети и одново се препрочитува. Роман натопен во шпанска сензуалност и со енигматична загатка која читателот треба сам да ја открие.",Фикција,Гиљермо Мартинес,Антолог,2009,128,"240,00 Денари"
Само таа остана,"Сите мислат дека Ленора Хоуп е убиец.
Кога нејзиното семејство било масакрирано, таа била единствената што останала жива во текот на трагичната ноќ.
Повеќе од пет децении подоцна, нема и парализирана, седи врзана за инвалидска количка. Ленора никогаш немала можност да ја каже својата страна на приказната, сè додека нејзината нова негувателка, Кит, не ѝ донесе дактилографска машина. Со еден функционален прст, Ленора почнува да пишува: „Сакам да ти кажам сè.“
Додека Кит ѝ помага на Ленора со пишувањето, станува јасно дека приказната крие повеќе од тоа што сите мислат. Но, кога на виделина излегуваат нови детали, Кит почнува да се сомнева дали Ленора ја кажува целата вистина. Дали жената за која се грижи можеби е многу поопасна одошто си мисли?",Фикција,Рајли Сејгер,Антолог,2024,368,"500,00 Денари"
Менталист,"НОВ ИНТЕРНАЦИОНАЛЕН ТРИЛЕР ФЕНОМЕН
Во забавен парк на периферијата на Стокхолм се појавува тело на брутално убиена жена во кутија избодена со мечеви. Додека полицијата е збунета, новинарите го нарекуваат убиецот Худини. Дали се работи за магионичарски трик што тргнал наопаку или за шокантно садистичко убиство? Злосторство какво што детективката Мина Дабири не видела досега. И тоа е само почеток…
Како што се продлабочува мистеријата за бруталното убиство, Мина бара помош од познатиот менталист Винсент Волдер. Само тој може да ѝ го претстави тајниот свет на илузиите. Наскоро откриваат дека жртвата го има изгравирано римскиот број III на ногата. Одбројување? Да, ќе има уште убиства. А и Винсент и Мина имаат мрачни тајни, така што станува очигледно дека и нивното минато е поврзано со она што се случува. Времето тече, а темпото станува сè побрзо.
Камила Лекберг и Хенрик Фексеус ги здружија силите во неверојатниот енигматичен трилер, претставувајќи една друга страна на овој жанр, полн со трикови, илузии и безмилосни убиства.",Фикција,Камила Лекберг,Антолог,2022,592,"650,00 Денари"
Тишини,"Романот „Тишини“ е првообјавениот роман на еден од најважните светски писатели на дваесеттиот век, Меша Селимовиќ. За својот првообјавен роман Селимовиќ ќе каже: „Од 1951 до 1961 година настапи период на молчење. Малку обесхрабрен, малку незадоволен од тоа што го пишував, се подготвував за големата пресметка со самиот себе. Сè уште неподготвен да напишам роман за убиениот брат, пишував други работи. Во 1961 година е објавен романот ’Тишини‘. Тишини. Роман за човек што излегува од војната, кој во војната изгубил сè и кому му се создаваат страшни тишини на преминот од едниот во другиот живот. Иако романот е пишуван во прво лице и има форма на исповед, не е автобиографски. Но дилемите за кои зборуваат Тишините беа дилеми на многумина од нас кога се вративме од војната. Проблемот е морален и се сведува приближно на прашањето: што губи човекот кога го губи своето лично и што добива во заедничката придобивка.“",Фикција,Меша Селимовиќ,Антолог,2021,200,"300,00 Денари"
Залудно бегство,"Како старото злато да го претворите во бесценето богатство?
На крајот од XIX век, Сигурлина се наоѓа во безизлезна ситуација. Пораснала без мајка, покрај татко ексцентрик кој очекува неговата ќерка да го помине животот помагајќи му при каталошката обработка на исландските археолошки артефакти. Но Сигурлина копнее за образование и возбуда, така што ја зема судбината во свои раце. Еден ден одеднаш исчезнува од Рејкјавик со историска реликвија од збирката на татко ѝ. Преку низа неверојатни настани, артефактот е откриен во музејот „Метрополитен“ во Њујорк. Во меѓувреме, исландската полиција започнува истрага за кражбата.
„Залудно бегство“ е опишан како модерна пикарска приказна за зачувувањето на културното богатство. Романот пружа интригантен поглед на тоа како нештата го стекнуваат своето место во историјата и плете интересна приказна за човечките судбини врз кои почива таа историја.
За овој роман, Паулсдотир ја добива и престижната Награда за литература на Европската Унија за 2021 година.
Книгата е објавена во рамки на проектот Made in Europe: The power of diversity / Создадено во Европа: Моќта на различноста (ко-финансиран од програмата Креативна Европа на Европската Унија).",Фикција,Сигрун Паулсдотир,Антолог,2024,180,"300,00 Денари"
Дебитант,"„Дебитант“ е совршен, смртоносен отров, кој не остава траги.
Неговиот создател, хемичарот Калитин, работел во тајната советска лабораторија, но по распаѓањето на Советскиот Сојуз избегал на запад. Потполковниот Шершнев добива наредба да го отруе предавникот со истиот отров што тој го создал…
Трилерот „Дебитант“ е книжевна студија за отровите како алатка на советските и руските разузнавачки служби, а истовремено брилијантна проза за современиот Фауст, кој му ја продал душата на ѓаволот, како и за вечните теми: суштината на доброто и злото, врската меѓу творецот и неговата творба, науката и моралот.
„Сергеј Лебедев е прекрасен писател, кој поседува две ретки дарби: благороден стил и најпрефинета внатрешна оптика, која му овозможува да ја види и почувствува сета длабочина на антрополошката катастрофа што се случила во Русија во двесетти век. Лебедев успеал да го види она што останало невидливо за повеќето советски и постсоветски писатели.“  – Владимир Сорокин, руски писател
„Прозата на Лебедев, бившиот геолог, го открива она што е скриено под земјата: внатрешниот живот на минатите генерации, погребан под слоевите на официјалните митови и самозалажување… Чуден дуализам, кој им овозможува на татковците полни со љубов дење да му служат на тиранот, а ноќе грижливо да ги покриваат своите деца со ќебиња.“ – Лук Хардинг, британски писател и новинар
„Книгите на Лебедев се за една историја што како сенка лежи врз сето она за што тој пишува. Ваквиот интензитет на нејзиното присуство зборува за тоа дека конфликтите и контрадикторностите што се втемелени во неа до денешен ден не се разрешени и сè уште влијаат врз руското општество – можеби не толку очигледно, но доволно силно.“ –  Карл Уве Кнаусгор, норвешки писател",Фикција,Сергеј Лебедев,Антолог,2022,240,"350,00 Денари"
28 лета,"Кога Линк, синот на Малори Блесинг, ќе добие барање од мајка си да се јави на еден телефонски број испишан на парче хартија во нејзината фиока, не знае што да очекува. Но сигурно не очекува дека ќе се јави Џејк Мекклауд. Доцна пролет е во 2020 година и сопругата на Џејк е кандидатка за претстедателските избори. Мора да е грешка, помислува Линк. Од каде би се познавале Малори и Џејк?
Кратката летна викенд-романса од пред  дваесет и осум години се претворила во афера што трае исто толку време. Малори и Џејк се сретнуваат еднаш годишно, на само еден викенд, и тоа на исто место и во исто време. Не можејќи да бидат заедно поради сплет на околности, меѓу кои и долгогодишната врска на Џејк што подоцна преминува во брак, двајцата решаваат дека ова е единствениот начин на кој би можеле да функционираат. Во меѓувреме, и двајцата си имаат свој засебен живот од кој гледаат бегство само во тој магичен летен викенд. Но дали нивните вистински животи можат да постојат независно и незасегнати од оваа романса? По дваесет и осум години поминати во слатка агонија и исчекување, ова лето ќе се смени сѐ.
Од бестселер-авторката на ТРАЧ",Фикција,Елин Хилдербранд,Антолог,2021,416,"500,00 Денари"
Бавната смрт на Лусијана Б.,"Лусијана е млада Аргентинка чии пријатели и роднини почнуваат да умираат од насилна смрт или како жртви на необјасниви незгоди.
Таа мисли дека зад сето тоа стои познатиот писател Клостер – автор на мрачни романи со злосторства и со злокобни личности.
Нему, без да сака, некогаш во минатото му предизвикала голема болка. Уште повеќе што убиствата во неговиот роман течат на ист начин како во животот на Лусијана. Полицијата не ѝ верува на поврзаноста и таа бара помош од друг писател, ривал на Клостер.
Средбите меѓу двајцата писатели, суптилни и силни вербални соочувања, поставуваат четири можни објаснувања за оваа серија умирања. Љубителите на Алфред Хичкок и на Карлос Руиз Зафон ќе бидат воодушевени од овој психолошки напнат трилер.
„Задолжителна лектира за секој што сака мистерии.“ – Њујорк тајмс",Фикција,Гиљермо Мартинес,Антолог,2016,208,"250,00 Денари"
Прозорецот (второ издание),"Наследство (Книга 1): Прозорецот
Што ако обвинетиот ви каже дека зад убиството на неговата сакана стои „човекот од прозорецот“ на петти кат, без да објасни на кој начин тој се нашол таму? Би му поверувале ли?
Што ако се работи за некаков паранормален феномен? Би се соочиле ли со него?
Ако дознаете дека зад тоа се крие голем заговор и тајна организација која ќе ве прогонува? Ќе имате ли храброст да продолжите?
Новинарот Мите е решен по секоја цена да ја открие мистеријата зад „човекот од прозорецот“, иако не е свесен што сè ќе треба да жртвува за да го направи тоа.
Додека тој е посветен на истрагата на феноменот, неговата пријателка Катерина и неговиот татко Лазар бараат начин да му помогнат и да ја разоткријат тајната организација која се обидува да го спречи Мите, пред членовите од организацијата да успеат во тоа.",Фикција,Јордан Коцевски,Антолог,2023,272,"400,00 Денари"
Скаменето време,"Од крајот на војната во поранешна Југославија повеќе од 30 000 луѓе се евидентирани како исчезнати во Меѓународниот комитет на Црвениот крст. До денес само 15 000 се идентификувани. Накратко ова е заднината на романот на Ана Ким. Косовец што трага по сопругата што се води како исчезната и еден женски лик што раскажува во прво лице се поврзуваат преку трауматичен настан. Ана Ким прикажува искуство што му е познато секому кој сака: времето во кое сме одделени од саканиот ни се чини бледо и празно, дури повремено ни се чини и како да застанало.
На еден стручен колку и поетичен јазик, Ким уште на првите страници на својата книга ги поставува големите човечки прашања. Како се конструира идентитет? Дали е јасно измерлив? Дали навистина се состои од пол, возраст, болест, облека, извештаи на сведоци и случајни средби? Што останува од човекот кога тој веќе не е релано присутен? Ким со својата нова книга прикажува впечатлив текст и нашла адекватен јазик, како за ужасите на војната така и за радостите и грижите на секојдневјето.
Добитничка на Наградата за литература на Европската унија за 2012 година.",Фикција,Ана Ким,Антолог,2014,144,"200,00 Денари"
Тажна приказна за среќни луѓе,"Заборавот е страшен. Се прикрадува како сенка во животот на немоќната старица Стана. Ја покрива болката во нејзиниот живот, но заедно со неа и целата негова убавина. За неа времето не тече од денес кон утре затоа што со секој нов ден Стана се буди во различен момент од својот живот. Еден ден таа е четиринаесетгодишна девојка што трча по подивените крави низ летната бура, а веќе наредниот е мудра мајка што се обидува да ја одржи љубовта меѓу своите деца, разделени од политичките идеологии во новородената Македонија. Стана патува низ времето обидувајќи се да ги зачува, да ги спаси од сенката сите спомени што вреди да се зачуваат. Преку неа мозаично се обликува приказната за едно мало македонско гратче и за маѓепсаните луѓе во него.",Фикција,Андреј Волкашин,Антолог,2018,480,"400,00 Денари"
Едно лето на Крит,"Марина и нејзиното момче Филип одлучуваат својот одмор ова лето да го поминат на грчкиот остров Крит на гости кај блиски роднини на Марина. Елена, тетката на Марина, треба да ги пречека на автобуската станица во Хања.
Прекрасната идила што ги очекува на островот е прекината поради ситна караница на станицата предизвикана од Филип, кој во момент на фрустрација ја остава својата девојка сама.
Сфаќајќи во меѓувреме дека направил голема грешка, се враќа назад на станицата, каде што од Марина нема ни трага ни глас. Уште полошо, договорениот термин поминува, а тетката на Марина не се појавува во закажаното време.
Во тој момент, Филип започнува мртва трка со времето во обид да ја пронајде Марина, а денот што допрва следува се претвора во вистински пекол што засекогаш го менува.
„Преплет од исклучително возбудлива авантура, со силна доза на трилер, кон која се придодава нишка на романса. Секоја страница прилега на еден единствен здив затоа што толку време ви е потребно да ја голтнете.“ – Игор Крајчев
  *Книгата е достапна со потпис од авторот. Во коментар за нарачката нагласете доколку сакате да добиете потпишан примерок.",Фикција,Анде Јанков,Антолог,2021,224,"300,00 Денари"
Замор на материјалот,"Романот го опишува патот до Европа на двајца браќа од неименувана земја зафатена со војна. Нивните патишта наеднаш се разделуваат и секој продолжува на своја рака, без мапа, без врски, без контакти. Го следиме сложениот и болен пат кон север и истовремено со тоаво книгата читаме за Европа видена однадвор. Европа, која потсетува на голема машина што работи. Единственото што стои наспроти таа машина е ранливото човечко тело. Тело на искоренет човек сведен на проблем, на статистички податок, на материјал.
Книгата е фасцинантен, емпатичен гест во кој Европа се трансформира од сон за рајот во нехумано, анархично место. Гест што ни се спротивставува среде нашата удобност.",Фикција,Марек Шинделка,Антолог,2017,160,"200,00 Денари"
Август,"Сите настани се случуваат во август 1954 година, месец на тешки убиства, политички атентат, беспоштедна борба за власт.
Извонреден приказ на бурната општествена и политичка клима во Рио де Жанеиро во 1950-тите години, период кога бил главен град на Бразил.
Следиме истовремено две приказни. Едната, базирана на историски настани, ги прикажува последните денови од владеењето на претседателот Жетулио Варгас, големиот  бразилски лидер на XX век, и заговорот што по повод неуспешниот атентат на новинарот Карлос Ласерда, неговиот политички противник, доведe до самоубиството на Варгас пред да биде соборен од власта.
Другата, крими-приказна, ја следи истрагата за убиството на богат индустријалец што ја води инспекторот Алберто Матос, убиство што е повод за други крвави разврски.
Преку овие две линии се прикажани механизмите на корупцијата во институциите и нивната поврзаност со организираниот криминал, опфаќајќи ги сите политички и економски структури, од круговите блиски до претседателот, сенатори и деловни луѓе, па сè до вработените во полициската станица во која работи Матос, чесен полицаец со несреќен љубовен живот.
Романот „Август“ му донесе светска слава на авторот што во своите дела, со остар и директен стил, ги прикажува човечкото насилство и блуд, свет во кој се мешаат маргиналци, убијци, проститутки, припадници на власта и бедници.",Фикција,Рубен Фонсека,Антолог,2023,336,"450,00 Денари"
Во окото на свеста,"#1 Ван Ветерен
За фановите на скандинавските трилери Хокан Несер би требало да биде во првите пет од листата. Главниот инспектор Ван Ветерен се соочува со досега невиден случај на убиство. Едно утро Јанек Митер се буди со ужасен мамурлак и открива дека неговата прекрасна сопруга лежи во кадата со главата надолу, мртва. Со недоволно силна одбрана, тој е прогласен за виновен за дело извршено под дејство на алкохол и страст и е затворен во институција за ментално болни.
Сомнежите на инспекторот во врска со идентитетот на убиецот се променуваат кога Митер е пронајден мртов во својот кревет. Ван Ветерен под полна пареа ја започнува истрагата околу двете убиства. Наоѓа мистериозно писмо што Митер го напишал пред смртта. Писмото треба да му помогне да го открие убиецот и да ги пронајде шокантните корени на ова злодело. Минатото никогаш не престанува да ја прогонува сегашноста. Мрачна и загадочна книга, како што може да биде само квалитетен скандинавски трилер!",Фикција,Хокан Несер,Антолог,2017,256,"300,00 Денари"
Растењето на Лулу,"Овој интензивен еротски роман ги претставува сексуалното будење и авантурите на Марија Луиза, млада девојка чие семејство ја вика Лулу. Како ученичка ја заведува многу постариот Пабло, инаку пријател на нејзиниот брат. Подоцна се среќаваат кога таа заминува на факултет. Тој сега е професор и ја бара за жена и постепено ја воведува во различни и необични искуства. Лулу развива чуден вкус кон сексуалните супкултури на Мадрид. Ехото на Де Сад може да се насети во романот, додека таа сонува како има секс со учителката, ужива во кревет со Пабло и со трансвестит, опсесивно спие со хомосексуалци, со врзани очи и раце ја силуваат. Дали Лулу воопшто ќе се обиде да спаси нешто од бракот и од односот со ќеркичката Инес?
Книгата е добитничка на наградата „Вертикална насмевка“ за еротска фикција. Култниот шпански режисер Бигас Луна во 1990 година сними филм според овој роман.
Книгата е објавена со поддршка на програмата „Креативна Европа“ на Европската Унија.",Фикција,Алмудена Грандес,Антолог,2015,304,"300,00 Денари"
Не ми е страв,"Дејството на книгата е сместено на југот од Италија, при крајот на 1970-тите години. Најжешкото лето на дваесеттиот век. Мала заедница од пет куќи во огромно поле со пченица. Токму таму деветгодишниот Микеле Амитрано открива многу важна, страшна тајна и не му ја кажува никому. Во драматичните настани што следуваат, ќе се сруши детскиот свет, а возрасните ќе го прикажат своето вистинско, ужасно лице.
Италија на фудбалот, стриповите, старите „фиати“ и популарните радиомелодии е опишана во ритамот на вистински трилер. Моќен, лирски и многу вешто раскажан роман, споредуван со делата на Итало Калвино и на Стивен Кинг.
Со овој роман, Аманити станал најмладиот добитник на престижната награда „Вијареџо“. „Не ми е страв“ е преведен на десетина јазици и адаптиран во филм.",Фикција,Николо Аманити,Антолог,2018,192,"250,00 Денари"
Вистинскиот живот,"Книгата ги истражува мрачните вистини за растењето во дом исполнет со насилство и страв, како и последиците од живот без љубов од страна на оние што би требало да ги заштитат сопствените деца.
Главен лик е млада девојка што живее со родителите и со помалиот брат Жил, единствената светла точка во нејзиниот живот. Нивниот дом е непријатно место исполнето со постојана закана од избувнувањата на насилниот татко, кој, освен телевизијата и алкохолот, го сака и мирисот на свежиот улов.
Мајката пак е целосно потчинета на барањата на својот насилен сопруг. Затоа, девојката е рамнодушна кон неа, затоа што прифатила таков живот и не ги штити неа и нејзиниот брат. Кога трагичната несреќа ќе ги раздели, а нејзиниот брат ќе стане нем „робот“ што полека се претвора во садистичко момче што ги тероризира другите, девојката се чувствува како да загубила сè на овој свет и е опседната со желбата да се врати во минатото и да го спаси братот од мрачната судбина.
Моќно и трогателно патување кон полнолетството. Возбудливиот деби-роман на Дједоне е приказна за полнолетството во која се судираат стварноста и илузијата.
„Роман за ѕверот што спие во секого од нас.“ – Ла Кроа",Фикција,Аделин Дједоне,Антолог,2021,176,"300,00 Денари"
Сите тие краеви,"Критичното авторско појавување на Ѓорѓевски, со раскази од кои зрачи елоквентност и храброст да се отворат теми што секој ќе заинтересира. Маалски фраери, општествени фалинки, младешки главоболки, бркање девојки.",Фикција,Бранислав Ѓорѓевски,Антолог,2012,94,"200,00 Денари"
Spectator (IV издание),,Фикција,Жарко Кујунџиски,Антолог,2008,159,"200,00 Денари"
Божиќна романса,"Моли и Ендру се обидуваат да стигнат дома во Ирска за Божиќ, кога поради страшно невреме им го откажуваат летот. Помеѓу нив никогаш не се случило ништо романтично – тие се пријатели и тоа е сè.
Но, еднаш во годината, последните десет години, Моли поминува седум часови и петнаесет минути седејќи со Ендру на последниот предбожиќен лет од Чикаго за Даблин, разговарајќи и пиејќи го ужасното вино во авионот. И покрај сите разлики што ги делат овие двајца пријатели, тоа им станува традиција од која ниеден од нив не сака да се откаже. Моли не е луда по Божиќ, но Ендру е вистински фанатик и таа знае колку му значи да се врати дома за празникот. Двајцата се сигурни дека не им е судено да бидат заедно, но… вселенета можеби има други планови. Прекрасна, шармантна, љубовна приказна – божиќна романса со овој пар кој сè уште не знае дека е пар љубовен.
„Сè што ни треба овој Божиќ.“",Фикција,Катрин Волш,Антолог,2024,304,"500,00 Денари"
Бекомберја – ода за моето семејство,"Романот „Бекомберја – ода за моето семејство“ е базиран на детските спомени на авторката од времето на нејзините посети на најголемата душевна болница во Шведска.
Во средиштето на дејството се наоѓаат Џеки и нејзиниот татко, Џими Дарлинг. Тој со леснотија ги засмејува луѓето, иако во исто време негува чудна пасија кон смртта. Кога мајка ѝ Лоне ќе отпатува кон Црното Море, душевната болница во која престојува татко ѝ се претвора во единствениот постоен свет за Џеки.
Од различните мигови и зони на сонување и стварност постепено се гради тажна и восхитувачка приказна. „Бекомберја“ станува искривен некролог на државата на социјалната сигурност, раскажан со заносен јазик. Сара Стридсберг со широко отворени очи ги рехабилитира загрозените и замолкнатите.
„Бекомберја – ода за моето семејство“ е добитник на Наградата за литература на Европската Унија за 2015 година. Истата година романот ја доживеа и својата театарска поставка.",Фикција,Сара Стридсберг,Антолог,2017,352,"300,00 Денари"
Еднаш одигравме љубов,"Триесетгодишна жена одлучува да промени нешто во својот професионален живот започнувајќи нова работа. На своето прво службено патување и прва работна задача, која очекува беспрекорно да ја исполни, запознава млад португалски писател во кого се вљубува и со кого започнува „електронска љубовна врска на далечина“.
Кратката романса, вљубувањето, очекувањето и разочарувањето што неминовно следуваат се патот на созревањето и на спознавањето на сопствените желби.
Романот ги следи емоционалниот развој на младата жена во современиот свет и љубовните болки и страдања како основа на тоа созревање. Погледите за неминовноста на љубовта и страдањата дадени само од женска перспектива, проткаени со низа емоции и раскажани речиси онака како што се доживеани, даваат автентична и реална слика на целиот роман.",Фикција,Елена Конеска,Антолог,2016,208,"250,00 Денари"
Велинка,"Велинка е обична девојка со необична животна приказна. 
Нејзината судбина на суров начин ќе ја одведе по патот на предците, за да спознае која е, од каде потекнува и како да чекори во животот. Страшната случка што ќе ја доживее едно попладне во тивката шума Шушумна ќе биде патоказ за нејзиното натамошно патешествие. 
Дали ќе ја стигнат клетвите од минатото? Дали доброто ќе го победи злото? Дали добрината може да ги спаси загубените души, а љубовта може да ги излекува раните? 
Патувањето низ оваа фантастична приказна отвора многу интересни прашања на кои одговорот ќе го дадете вие – читателите.",Фикција,Маја Митровска,Антолог,2023,112,"300,00 Денари"
Волкот,"#0 МИА КРИГЕР И ХОЛГЕР МУНК
Во четвртата книга од серијалот преведен на триесет и три јазици, Самуел Бјорк како потврен крими-мајстор нè враќа во минатото и на првиот случај на двајцата познати инспектори.
Тела на две убиени единаесетгодишни момчиња се пронајдени на поле среде Шведска. Помеѓу нив – бел зајак. Во дневникот на една од жртвите стои загадочна исповед: „Утре излегува месечината. Се плашам од Волкот.“ Случајот останува неразјаснет. Осум години подоцна, уште две деца се убиени на сличен начин во близина на Осло, а помеѓу нив – мртва лисица.
На Холгер Мунк, шеф во новата единица во одделението за убиства, му треба помош во решавањето на случајот. Добива препорака за младата кадетка Миа Кригер, која на испитите на академијата постигнува невообичаено високи оценки.
Мунк и Миа заедно копаат по темните, гнасни случаи, што стануваат многу поинтригантни отколку што можат да замислат, а масло на огнот долева веста за исчезнувањето на уште две дечиња…
„Феноменален и возбудлив роман од најдобрата скандинавска традиција.“ Nordic magazine",Фикција,Самуел Бјорк,Антолог,2023,448,"450,00 Денари"
Ритуали,"Дрско загадочна книга за патувањето во просторот и во времето. Иако сместена во 1980 година, главниот лик со едноставно име „прошетува“ водруги три години од XX век, откривајќи им на читателите незаборавни слики од Амстердам. Длабоката мистеријата на времето, апсурдно, ќе ја открие во тајната на приготвување чај според јапонската традиција.
Романот ги претставува начините според кои луѓето се справуват со притисокот на својата епоха и местото во кое се родени и обидите како истите да ги надминат.
Книгата е добитник на високата наградата за литература „Пегаз“.
Инаку Сеис Нотебом е врвен европски писател, носител е на бројни награди, а неколкупати бил номиниран и за Нобеловата награда за литература. Инспирација за пишувањето наоѓа во честитепатувања низ Европа и светот. Со Ритуали стекнува огромна популарност и во Холандијаи во Европа.",Фикција,Сеис Нотебом,Антолог,2013,176,"270,00 Денари"
Врева и бес,"Вилијам Фокнер е исклучително значаен автор, не само во американскиот контекст, туку и во светот. Неговиот Врева и бес е камен-темелник на европскиот роман од 20 век. Припаѓа на линијата именувана како „тек на свеста”, заедно со делата на Џојс и Вулф. Врева и бес е неговиот четврт роман, негово прво ремек-дело кое многумина се согласуваат дека му е најдобриот роман. И самиот Фокнер има изјавено дека Врева и бес му е најомилен од сè што има напишано, првично, како што вели и самиот, бидејќи претставува „раскошна непотполност”.
Тема на романот е пропаѓање на јужњачките велепоседнички господа. Компсон е едно од семејствата крај Мисисипи кои по Граѓанската војна преживуваат дива ексцентричност и тешки времиња. Осиромашувањето предизвикува посебно изопачување и чувство на изгубеност. Романот е поделен во четири дела и секој од нив му е доделен на различен лик. Синтагмата „компсоновски пораз” станува универзален после Врева и бес, а Фокнер, иако припаѓа на авторите што ги врзуваат своите дејства за одреден географски простор – Југот на САД, целосно го доловува општочовечкото. Она што го прави Фокнер во својот легендарен текст е калеидоскоп на свеста. Неговата скандалозна, богата, мрачна, на моменти тешка приказна е за лошата судбина, инцестот, лудилото, кражбата, нелегитимноста, и стоичката издржливост и раскажана од внатрешните гласови на тројцата браќа на Компсоновски.
Врева и бес е еден од Фокнеровите најдостапни и најмоќни дела. Сè е тука: комплексниот еквилибриум на граѓанските права и односи; конфликтот меѓу капитализмот на Јенките и јужњачките аграрни вредности; медитацијата на времето, свеста, западната филозофија… Сево ова поставено во проза која личи на модернистички еп во кој карактерите земаат на себе величина на богови а семејните настани ги разонираат како раскршени митови. Со Врева и бес, според Едмунд Вилсон, Фокнер си обезбедува место во „постфлоберовската група на која припаѓаат и Конрад, Џојс, Пруст”.",Фикција,Вилијам Фокнер,Антолог,2007,336,"400,00 Денари"
Долкиската архива,"Приказна за обидите на богословот и луд научник Де Селби да го уништи светот со тоа што ќе го отстрани сиот кислород од атмосферата. Тој ја истражува теоријата на релативитетот и создава еден вид временска машина, која ја користи за да го направи својот алкохол постар и поквалитетен. Само бедниот државен службеник Мајкл Шонеси и Џејмс Џојс – кој е жив и здрав и работи како шанкер во ближното приморско гратче Скерис – може да му застанат на патот на неповторливиот Де Селби.
Комично-филозофски роман со култен статус!",Фикција,Флан О'Брајан,Антолог,2015,208,"250,00 Денари"
Пеколен меден месец,"Во науката го нарекуваат енергија. Во религијата – верба. Лаички е ‚‚вајб‘‘ или атмосфера. Шесто сетило. Гатачите го декларираат како претчувство. Уметниците – спиритуалност. Не знам како е правилно, знам дека постои. И дека треба да му се верува.
Бен, млад, луд, со апетит за авантура, сосема случајно и неочекувано ја запознава Кејти – нежна, емотивна, склона кон романтизирање на животот. Љубовта го наоѓа својот пат и ги спојува двајцата млади луѓе. Бен и Кејти се заљубуваат. Онака – вистински, исконски, неприкосновено. Набрзо стапуваат во брак. А што следува потоа? Секако дека меден месец. Одлучуваат да одат во Монтана, САД.
Но што може да тргне по зло?
Монтана е прекрасна. Воодушевувачки пејзажи, божествена природа, фини луѓе. Уникатни флора и фауна. Рај за очи, спокој за душа. Дабри кои ги градат своите брани, лосови кои пијат вода од бистрите реки, орли летаат високо во небото, раскошни шуми со секакви растенија, од црвен берберис до канадско гиломо…
И сеприсутно чувство на несигурност. Нешто необјасниво. Нешто што Бен и Кејти го чувствуваат, но не можат да си го објаснат. Мистериозна шума. Приказни за лудак кој избегал од лудница. Злокобен ресорт, фарма, имот…? Нешто непознато и одделено од тамошната цивилизација.
Бен и Кејти во Монтана се среќаваат со најстрашното нешто на кое некогаш се осудило човештвото.",Фикција,Благоја Стојков,Антолог,2023,224,"400,00 Денари"
Пријател на сенките избрани песни,"„Еднаш во многу години ќе се појави поет кој е апсолутно оригинален. Ќе прочиташ неколку песни и ќе се соочиш со неговото несекојдневно гледиште и со неговата автентичност. Повеќе ништо нема да изгледа исто, си велиш, и токму тоа се случува. Оттогаш ти се придружува уште еден пар очи. Такво чувство ме обзеде од поезијата на Александар Ристовиќ. Првпат кога ги прочитав неговите песни во Белград во 1982 бев восхитен. Се прашував ’Кој е овој човек?‘, а всушност се прашував себеси: Како умее да пишува така како што пишува? Никој не можеше да ми одговори. Книжевниците на кои им ги покажав песните беа исто толку збунети како и јас. Иако Ристовиќ објави многу стихозбирки и освои три важни книжевни награди, незаслужно беше премолчуван во Југославија. Писателите и поетите се како глутница, но тој немал животински инстинкт. Бидејќи едноставно не припаѓал на ниеден книжевен круг или група.“ – Чарлс Симиќ",Фикција,Александар Ристовиќ,Антолог,2023,144,"300,00 Денари"
Киберијада,"„Киберијада“ претставува уникатна збирка научнофантастични раскази за „најпрочуените конструктори“ Клапациј и Трурл, кои опиваат со својот хумор. Овие несекојдневни бајки и сказни го опишуваат барокот на Космосот. Говорат за кралеви и кралства, за витези и змејови, но временски сместени десетици илјади години во иднината, во светот на роботите и на интелигентните машини, кои еволуирале и оформиле различни општествени заедници во кои се случуваат секакви згоди и незгоди – трагични, хумористични, вџашувачки, необични. На овие страници роботите и ракетите се рамо до рамо со пиратите и вештерките. Во нив истовремено може да се распознаат и алузии на актуелни збиднувања од периодот на објавувањето на ова ремек-дело (1965).
Станислав Лем има изјавено дека „Киберијада“ е најубавата книга што ја напишал. Еден од неговите раскази („Патешествие седмо“) бил инспирација за компјутерската игра „SimCity“.",Фикција,Станислав Лем,Антолог,2018,448,"400,00 Денари"
Во мракот,"Ева Магнус и нејзината ќерка се шетаат покрај реката, кога на површината ќе исплива машки труп. Ева ја остава ќеркичката и истрчува да телефонира во полиција. Но, кога ќе ја земе слушалката, ќе сврти на сосема друго место.
Полицијата сепак го пронаоѓа трупот. Инспекторот Сејер и неговиот тим веднаш откриваат дека Егил умрел од насилна смрт. Но бил исчезнат со месеци и трагата на неговиот убиец полека но сигурно остинала. Овој случај е збунувачки како уште еден нерешен случај на бирото на Сејер: убиството на проститутка пронајдена мртва неколку дена пред да исчезне Егил. Не поминува долго време пред Сејер да сфати дека овие два случаи не се толку неповрзани колку што претходно се чинеле. Додека тој се обидува да ги состави деловите од мозаикот, на Ева ѝ ѕвони телефонот доцна во ноќта. Туѓинецот зборува, а потоа го прекинува повикот. Ева останува сама во мракот.",Фикција,Карин Фосум,Антолог,2017,288,"300,00 Денари"
Дланка полна бои,"„Дланка полна бои“ е повеќеслоен роман што истражува 80 години од историјата на Сингапур преку еден ден од животот на Сувен, млада професорка што се труди да се пронајде себеси како личност и како уметник. Во својата потрага, таа ја истражува богатата историја на семејството на својот очув и открива многу надежи и тешкотии на раната емигрантска заедница на Сингапур – од кинески возачи на рикши и малајски келнери до индиски доктори. Никој не е поштеден од последиците на времињата што се менуваат.
Зад овие кулиси, пријателите на Сувен ги истражуваат темите на уметноста, љубовта, слободата и на предавството. Преку мајсторското раскажување и живописниот јазик на Сучен Кристин Лим, Сингапур на денешницата се сплотува со Сингапур од минатото.
Приказната изобилува со локални вкусови и ароми, а ликовите се живописно претставени и уверливи. Особено чувствителни се тажните животи на жените во приказната.
„Дланка полна бои“ е прв добитник на Сингапурската книжевна награда во 1992 година.",Фикција,Сучен Кристин Лим,Антолог,2016,320,"300,00 Денари"
Без родниот крај,"Иако отуствувал долга низа години од својот роден крај, прекрасното Порече и питорескното село Горно Ботуше, поетот Саво Костадиновски – каде и да одел, каде и да шетал, спомените, пејзажите и љубовта кон родните предели секогаш ги носел со себе…",Фикција,Саво Костадиновски,Антолог,2016,32,"150,00 Денари"
Слепиот убиец,"„Десет дена откако заврши војната, сестра ми Лора се истумба со колата од еден мост“. По повеќе од педесет години, Ајрис Чејс се сеќава на мистериозната смрт на Лора. Така започнува воодушевувачката и несекојдневна приказна на двете сестри и нивните тајни. Поставена во панорамска заднина на историјата на XX век, „Слепиот убиец“ е епска приказна за спомените, интригата, предавството.
Списанието „Тајм“ го прогласи за најдобриот роман во 2000 година и го стави на листата на 100 најголеми романи на англиски од 1923 година наваму.
„Пред себе имаме виртуозна приказна.“ – Њујорк тајмс
„Брилијантно… Атвуд е поет… колку што е прозаист, секоја реченица е на своето место.“
Џон Апдајк, Њујоркер
„Незаборавно моќно… Роман од скалпелски прецизни согледувања и жестоки ликови. Новиот роман на Атвуд е толку елегантен и генијално интелигентен што ги фрла во сенка современиците.“ – Атланта џурнал
„Првиот голем роман на новиот милениум.“ – Њуздеј",Фикција,Маргарет Атвуд,Антолог,2014,576,"500,00 Денари"
Трошки,"Егон е крајно неморален, но харизматичен писател, кој живее во комунистички индустриски град во Словенија пред распадот на Југославија. Немајќи реален однос кон својот книжевен потенцијал, пишува љубовни романчиња под псевдоним. Кога не е во потрага по секс, или кога не го пцуе книжевниот естаблишмент, бара начини како да најде што поголеми количини од скапиот афтершејв „картие“ за мажи. Ококу себе има собрано збирштина пријатели и познајници, подеднакаво слични во своите опсесии и нерализирани амбиции. Поетот има желба да го објават во кожени корици, Ибро ја сака Ајша, девојка од фабриката пред која не зуцнал збор, додека Селим е убеден дека ќе се ожени со познатата актерка Настасја Кински. Како што обидите на Егон да најде што е можно повеќе од парфемот стануваат позабегани така тој го губи контактот со својот идентитет. „Трошки“ не е само цинична, валкано реалистична сатира – модерен европски класик – туку и фасцинантен, крајно уникатен коментар на патологијата на самоопределбата.
„Оваа книга е зае*ано чудна.“ – Букант",Фикција,Миха Мацини,Антолог,2015,192,"200,00 Денари"
Детството на Каспар Хаузер,"Напишан од двојна перспектива на тинејџер и на возрасен човек, „Детството на Каспар Хаузер“ е роман за созревањето, но и за распаѓањето на човекот под притисок на сложениот семеен живот (во кој се вклучени отсуството на таткото и присуството на неколкуте очуви), но и општиот хаос што владее во Романија во 1980-тите и 1990-тите години.
Момчето ја започнува својата приказна со јасен глас, обидувајќи се од најразличните настани што се случуваат во текот на неговото проблематично детство на периферијата од Букурешт да создаде една за него разбирлива слика за светот. Но, растејќи во нефункционално семејство и во друштво на насилни другари, млади отпадници, станува збунет самотник.
Во вториот дел го среќаваме младиот човек како се претвора во скептична, но разумна личност подготвена да го прифати својот дел во напнатата и честопати трауматична стварност на времето во кое живее.
Ова е роман загатка, составен од повеќе приказни, и обид книжевно да се опише еден од најмрачните моменти од поновата историја на Романија. Книгата доби позитивни критики во матичната држава и доживеа три изданија за неполни четири месеци од објавувањето.",Фикција,Богдан-Александру Станеску,Антолог,2021,240,"300,00 Денари"
Сигурен ризик – II издание,"Две години по своето враќање од Виена, полицискиот инспектор Виктор Николов живее мирен живот во Скопје и сè повеќе се зближува со својата деветгодишна ќерка, Теона. Мирната есенска идила е нарушена едно септемвриско утро кога телото на дваесет и деветгодишната новинарка Драгана Несторовска е пронајдено во багажникот од нејзиниот автомобил. Причината за смртта е недостиг на воздух, како резултат на давење.
Виктор е под притисок што побргу да го разреши случајот додека на површина излегуваат сомнителни детали од минатото на новинарката, како и одреден број на осомничени што би можеле да имаат мотив за нејзиното убиство. Меѓу нив се и наркоманот од непосредното соседство, нејзината најдобра пријателка и повремена љубовница, но и кандидатот за претседател на претстојните претседателски избори…",Фикција,Анде Јанков,Антолог,2024,336,"350,00 Денари"
Магла и месечевина,"„Магла и месечевина“ е своевиден увод во подоцнежните дела на Селимовиќ, а дел од критиката го смета и како суптилна увертира за култниот „Дервишот и смртта“.
Ова е приказна за млад селски пар кој во својот дом згрижува ранет партизан во текот на Втората светска војна. Ликовите се неверојатно психолошки прикажани, а трагичната нота демне над текот на дејството. „Магла и месечевина“ е едно од најдобрите дела со тематика од Втората светска војна – лирски, таинствен, суптилен и меланхоличен роман, но истовремено проникнат со еротски набој кој му дава дури и одредена контроверзна димензија. Ова е текст на молкот, кој чудесно се наметнува врз сè што ликовите зборуваат. Војната е вплетена и како општествена позаднина, но и како борба во самиот човек, бидејќи се прикажуваат човечките искушенија во немирни времиња, додека во совеста на ликовите се случува голем внатрешен судир.
Меша Селимовиќ изјавил дека ова е негово артистички најуспешно дело.",Фикција,Меша Селимовиќ,Антолог,2024,112,"250,00 Денари"
Фрески и гротески,"„Фрески и гротески“ – уникатна збирка авторски преданија, приказни, митови, раскажани во манирот на алегориската фантастика и со концептот на палимпсест. Венко Андоновски своите раскази ги нарекува „Раскази за отсуството“. Алегорија за нацртаните фрески и нивната реставрација, животот и смртта, за отсутното и присутното, за тоа што недостига. Наоѓајќи арбитрарни врски меѓу историски личности, топоси и ситуации, Андоновски ја нарушува илузијата на фикција. Поврзувајќи ги Кирил Пејчиновиќ и Лорд Бајрон, Аристотел и отецот Лаурентиј, Исијан, Далмант, смртта на Евтихиј, Медалјон од Пела, создава алтернативна историја… Дело на маестрален раскажувач и фасцинантен ум!",Фикција,Венко Андоновски,Антолог,2018,180,"300,00 Денари"
Изумот на Морел,"Ова ремек-дело Борхес го стави рамо до рамо со Процес на Кафка и со Свртување на завртката на Хенри Џејмс. Му се воодушевувале Хулио Кортесар и Габриел Гарсија Маркес, а им послужил како модел на Алан Ресне и на Алан Роб-Грие за еден од најпознатите француски филмови, Минатата година во Маријенбад, со што ја смениле историјата на филмот.
Еден бегалец се крие на напуштен остров во Полинезија. Пристигнуваат туристи, и неговиот страв да не биде откриен се меша со емоциите кон една туристка. Сака да ѝ каже што чувствува, но некаков чуден феномен ги држи настрана еден од друг. Новелата на Биој Касарес е напната приказна и прекрасна несекојдневна романса, во која секој детаљ е кристално чист и длабоко мистериозен. Книгата е инспирирана од филмската ѕвезда Луис Брукс.",Фикција,Адолфо Биој Касарес,Антолог,2016,96,"200,00 Денари"
Соловјов и Ларионов,"Соловјов е млад историчар што доаѓа во Санкт Петербург да ја истражува личноста на генералот на Белата армија, Ларионов. На почетокот научно воздржан, подоцна темата целосно го опседнува: Ларионов не бил обичен генерал. Не само што ја бранел монархијата за време на Руската граѓанска војна туку тоа го правел оставајќи крвави лузни. Но, тогаш, како преживеал без последици во Советскиот Сојуз, со советска пензија, на плажите на Јалта, оставајќи зад себе син и дневник?
Младиот Соловјов патува на Крим  за да ги бара исчезнатите страници од дневникот на генералот, а на неговото патешествие го дочекуваат многу изненадувања, како што е шармантната Зоја, која работи во Музејот на Чехов на Јалта.
Покрај истакнатите имиња од руската историја, во романот се вметнати и личности од семејството на Водолазкин.
За минатото може да се пишува и со една детективска драматика, а тоа го докажува токму ова дело. Со несекојдневен хумор и со философска сериозност, „Соловјов и Ларионов“ истражува еден фасцинантен период од руската историја, притоа дефинирајќи нов книжевен жанр: историскиот детективски роман!",Фикција,Евгениј Водолазкин,Антолог,2018,336,"300,00 Денари"
Портрети со зборови,"„Портрети со зборови“ е книжевно портретирање проткаено со филозофски промислувања.
Голем дел од темите за кои се говори се иманентно филозофски: смислата, убавината, слободата, љубовта, должноста, одговорноста, вредностите, болката, радоста, страдањето, творештвото, итн. Симболичното во делото е присутно на повеќе начини во зависност од ликовите и темите за кои расправаат. Нештата понекогаш се едноставни и така треба да бидат кажани, но постојат нешта во животот чија комплексност и богатство бараат опширни разговори. Крајната инстанца на дијалозите е да се дојде до разбирање и на себе и на другиот бидејќи така се напредува квалитативно во живеењето. Оттука, во раскажувачкиот процес, очигледни се слоевитоста и згуснатоста на и во изразот на делото.
По структура, книгата е составена од покуси и подолги раскази. Централен елемент се портретите, односно „портретирањето со зборови“. Портретирањата се и директни и индиректни, а комплексноста на внатрешните состојби на ликовите се увидува пред сѐ од темите, но и од начинот на кој се изнесени.",Фикција,Сузи Тенева,Антолог,2023,96,"300,00 Денари"
Идол на ѕидот (II издание),"2020 година. Скопје, СФР Југославија.
Зоран живее во Карпош со ќеркичката. Не го интересира Партијата. Си ја работи работата и се грижи за детето.
На власт доаѓа третиот Маршал. Чудни работи почнуваат да се случуваат. Велат дека рударите сонувале нешто страшно, па одбивале да се симнат под земја. Се шушка дека учителите ги праќаат на робија. Снемува мајстори како земја да ги голтнала… Без да сака, Зоран ќе се најде среде бурно море од промени и ќе мора да најде начин да се одржи на површината.
Скопје е поинакво во таа 2020 година. Зимата е маглива и сива под будното око на режимот. Летото е побезгрижно. Знае да биде пријатно на Руска плажа, под крошните на костените на плоштад, на лулашката на ул. „Максим Горки“ или на сладолед во „Ванила“.
Но, тогаш се случува нешто грозоморно. Исчезнува ќеркичката на Зоран без трага и глас и целиот свет се превртува наопаку.
Дали пред себе имаме дело што е една од највизионерските книжевни претстави на Скопје?
„Умносрочена дистописка фикција што ве води во паралелен свет и историја, креирани врз можни, блиски и препознатливи темели. Приказната е топла и забавна, со неочекувани пресврти што често ќе ве доведат на раб на солзи, особено во моментите кога носталгичните чувства кон минатото ги первертира во сурови шлаканици.“ – Александра Бошковска, драматург и театролог
„Најголемата вредност и ’новина‘ кај ова дело ја гледам во автентичниот и умешно реализиран обид да се укаже кон можноста/неопходноста за изградба/возобновување на нашата заедница преку храбро, топло и неизвештачено третирање на деликатното прашање на меѓуетничките односи и соживотот.“ – Живко Грозданоски, писател
„Постојат доста наративи зошто комунизмот не функционираше, но немавме прочитано приказна каков можеше да биде. Идол на ѕидот е роман за можниот комунитаризам и нашиот стремеж за постојано преиспитување на меѓучовечките релации што нè обликуваат да бидеме тоа што (не) сакаме да сме.“ – Никола Шиндре, активист и левичар",Фикција,Елена Филиповска,Антолог,2022,240,"400,00 Денари"
Плима,"Раскажана во помалку или повеќе обратен хронолошки ред, „Плима“ е психолошка драма за Иева, нејзиниот љубовник, интровертниот сопруг и за начинот на кој нивните младешки одлуки драматично влијаеле врз остатокот од нивните животи.
Освен овие ликови, читателот попатно се запознава и со мајката на Иева, нејзината ќерка, а површно и со нејзиниот брат Павилс и неговото семејство. Сите тие играат улога, колку и да е таа мала, врз развојот на психата на Иева и патот што таа го следи. Стравот и вознемиреноста на Иева, кои читателот ги насетува низ целиот роман, се истите оние страв и вознемиреност што ги чувствуваат многумина во историјата, но особено во модерниот свет со променлива динамика во кој неочекуваното ни се втурнува во животите и нè спречува целосно да се реализираме и да бидеме исполнети.",Фикција,Инга Абеле,Антолог,2016,288,"250,00 Денари"
Ѕидот белутрак,"Најновотоавторско остварување на Велко Неделковски е збирката раскази и новели „Ѕидот белутрак“ – во која, низ временски прескоци, а преку четиринаесет тематски целини, се одвива тревожна потрага по човековитедоблести, недостатоци, предизвици, премрежиња, таги, а поретко и радости, мечти, дострели и падови на духот, неостварени соништа и тескобно јаве.
Во овие раскази минатото е гордост или можеби товар, сегашноста е певливо или можеби плачливо време, а иднината – блиска за воздишка, а далечна за дофат. Реалното во оваа проза е грчовит заграб за почвата, а мистичното е (не)забранет летво посакувани предели…
Збирка раскази со значење на еден цел космос од аспект на опишанителикови. Како и секогаш, Неделковски умее реалистичната постапка во своите дела паралелно да ја испреплетува со магиски елементи и со надреалистични и гротескни ситуации.
Мајсторот на краткиот расказ успева преку постмодернистичката стилска постапка на „претерување“ и „краток спој“ да ја долови апсурдноста на човековиот живот.",Фикција,Велко Неделковски,Антолог,2018,232,"250,00 Денари"
Холандска девица,"Добро е, доаѓа лето и 18-годишната Јана треба да тргне сама на енигматично патување во Германија. Татко ѝ ја испраќа кај Егон фон Бетихер, кој треба да ја научи да мечува. Егон е мисериозна личност, но и магнетичен шармер. И Јана едноставно не може да одолее.
Но оваа прекрасна книга не е само книга за љубовта и за губењето на невиноста.
Лошо е што сме во 1936 година. Пред Јана се отвора светoт на возрасните, полн со прашања и со спротивности. Во нејзините очи се судираат стариот хероизам на аристократската класа и варварството што надоаѓа со ширењето на нацизмот.
На раб од големиот историски пресврт на Втората светска војна, Јана ќе доживее индивидуална промена по која нема враќање. Дали ова патување е во еден правец?
Книгата е добитничка на Наградата за литература на Европската Унија (2014) и на АКО (2011), најважната книжевна награда во Холандија.
Книгата е објавена со поддршка на програмата „Креативна Европа“ на Европската Унија.",Фикција,Маренте де Мор,Антолог,2016,304,"300,00 Денари"
Терај си го плугот по коските на мртвите,"Јанина живее во зафрлено полско село. Мрачните зимски денови ги поминува проучувајќи астрологија и преведувајќи поезија од Вилијам Блејк. Таа се грижи за летните резиденции на богатите граѓани на Варшава. Нејзиниот углед на талкач и повлечена жена ја нагласува склоноста да ги одбере животните пред луѓето.
Одеднаш соседот е пронајден мртов. Набрзо се откриваат и други трупови во сè почудни околности. Како што растат сомнежите, Јанина се впушта во истрагата…
Провокативно истражување на матните граници меѓу разумот, лудилото, правдата, традицијата, автономијата и судбината.
Дефиниран како еден од најангажираните романи на Токарчук, во поглед на уделот на човештвото во уништувањето на светот. Во овој роман таа вешто го употребува добропознатиот книжевен манир на поврзување на „низок“ жанр, трилерот, со големите амбиции, односно филозофско-моралните прашања што се однесуваат на современиот свет.
Според романот е снимен и филмот „Триумфален улов“ на режисерката Агњешка Холанд, кој во 2018 г. на Берлинскиот филмски фестивал ја доби наградата „Сребрена мечка“.
Авторката е добитничка на Нобеловата награда за литература за 2018 година.",Фикција,Олга Токарчук,Антолог,2021,272,"350,00 Денари"
Покер во Вилнус,"Витаутас Варгалис е заглавен во апсурдна професија, помага да се создаде дигитален каталог за библиотеката во Вилнус под советска власт, до кој никој нема пристап. Лежел во камп за превоспитување на ГУЛАГ, искуство кое го повредило физички но и ментално. Неговата, своевремено брилијантна, иднина била уништена во камповите, и сега е гневен и бесен поради неуспесите на својата држава. Варгалис е опседнат да открие „што навистина се случува“ во Литванија во 70-тите. Како што неговиот слаб допир со реалноста полека му се лизнува од раце, открива дека Тие презеле сè.
Но, кои всушност се Тие?
Романот е крајно актуелен, бидејќи онака како што Литванија била јаболко на раздорот меѓу Полска, Германија, Русија, така може да се најде сличност и помеѓу Македонија и односот што во минатото го имале кон неа државите наоколу.
Во 1989 година, кога беше објавен Покер во Вилнус,беше пречекан како сензација. Прекрасната метафора против сталинистичкиот режим ја нарекуваат „пресвртница во литванската книжевност“.",Фикција,Ричардас Гавелис,Антолог,2013,512,"550,00 Денари"
Случајот Кукоцки,"Сите што уживале и уживаат во руските класици, делата на големите Достоевски, Толстој, Булгаков, Набоков, се исправени пред една нова величина на прекрасната руска литература. Современите романи на Људмила Улицкаја, преведени на 25 јазици, ги привлекуваат читателите од цел свет.
Во нејзината високооценета „Случајот Кукоцки“ секој ќе се пронајде бидејќи на интересен начин ги опфаќа најактуелните теми на денешнината. Сродството, лекарската професија, генетичкиот инженеринг, научните експерименти со луѓе, зачнувањето, генијалноста, мајчинството, оформувањето на фетусот, одот против општествените норми, растењето, детството, посвојувањето, татковството, абортусот, лечењето беслодност – се дел од болните проблеми што се опфатени тука.
Романот поставува важни прашања: каде завршува човечката слобода, дали човекот има право самостојно да одлучува како да постапи со сопствениот живот, како да се биде во хармонија со светот. Ова е прекрасен пример како преку едно семејство може да се покаже целото општество на конкретната епоха.
Авторката не наметнува свој поглед на светот и се воздржува од секакви оцени. Единствената поука што си ја дозволува да ја даде меѓу редови е – чувајте ги љубените. Читателот самиот треба да донесе заклучоци. Книгава не треба да ја читате брзо. Напротив, бавно, со вдлабочување во минатите времиња во кои се кријат секогаш наново поставените, вечни теми.
Со романот „Случајот Кукоцки“ Улицкаја стана првата жена добитник на руската „Букерова награда“, а според романот е снимена и ТВ-серија.",Фикција,Људмила Улицкаја,Антолог,2013,432,"350,00 Денари"
Во лавовска кожа,"„Во лавовска кожа“ е љубовна приказна и неодолива мистерија што се одигрува во возбудливиот, турбулентен свет на Канада во дваесеттите и во триесеттите години на XX век.
Мајкл Ондачи ги испреплетува авантурата, романсата и историјата, вистинска и измислена, вовлекувајќи нè во животите на мигрантите Македонци, Срби, Финци и Италијанци, кои работат на изградбата на Торонто, и во цела галерија други ликови: политички моќници, анархисти, градители на мостови, исчезнат милионер и неговата љубовница, спасена калуѓерка и шармантен крадец.
Ова е магична приказна за страста, привилегиите и суровата физичка работа, за мажите и за жените мотивирани од сомилоста и водени од моќта на своите соништа, понекогаш дури и со убиство. Овој роман си игра со границата помеѓу историјата и митот, модерен класик.",Фикција,Мајкл Ондачи,Антолог,2020,192,"250,00 Денари"
Едем,"Напишан во 1958 година, „Едем“ ја отвора зрелата епоха во творештвото на Лем од жанрот на научната фантастика.
Експедиција од Земјата поради погрешни пресметки доживува судир со атмосферата и принудно слетува на планетата Едем, при што ракетата се разбива, а екипажот преживува. Што ли ќе затечат земјаните тука?
Жителите создале цивилизација базирана врз биоинженеринг. Генетската контрола сепак се покажала недоволно прецизна. Земјаните се појавуваат во момент кога на планетата се одвива акција на екстерминација. Анонимната влада на Едем се обидува да го сотре поколението на мутанти што содржат дефект. Владетелите имаат власт и врз јазикот, па без исклучок ги тргаат и од него сите формулации што би можеле да ја именуваат фактичката состојба, а на нивно место се појавуваат термини што ја заведуваат стварноста.
Овие политички услови можат да ги потсетат читателите на еден вид орвеловска визија, но далеку повеќе има алузии со доживувањата на Робинзон Крусо и со настаните во „Таинствениот остров“ од Жил Верн. Самиот Лем не сакал да дава изјави за „Едем“, ниту во јавноста ниту во преписките. Постои хипотеза дека премногу се открил себеси во неа и дека главната фабула ја претставуваат своевидни сеќавања за настаните во гетото во Лавов.",Фикција,Станислав Лем,Антолог,2020,288,"350,00 Денари"
Ветрот го знае моето име,"Трогателна приказна за две деца кои во различни времиња се разделуваат од семејствата поради ситуацијата во своите земји.
Виена, 1938 година. Самуел Адлер е шестгодишно еврејско дете чиј татко исчезнува во текот на Кристалната ноќ по што неговото семејство губи сè. Очајната мајка му наоѓа место во последниот воз натоварен со деца што ќе ги превезе од нацистичка Австрија во Англија. За Самуел почнува нов живот со неговата верна виолина и под бремето на осаменоста и неизвесноста, што ќе го придружуваат до крајот на животот.
Аризона, 2019 година. Седумгодишната Анита Дијаз се качува на воз со мајка си за да избегаат од непосредната опасност во Ел Салвадор и да заминат во САД. Нивното пристигнување се совпаѓа со новата владина политика на нулта толеранција за имигранти што ќе ја оддели од мајка ѝ на границата. Сама и исплашена, далеку од сè што ѝ е познато, сместена во прифатилишта и згрижувачки семејства, Анита бара засолниште во Азабахар, магичниот свет што постои само во нејзината имагинација.
Прекрасен роман што наведува на размислувања за разделбата, тагата, односот на родителите со децата и за длабоките врски што можат да се создадат со помош на емпатијата и грижата.",Фикција,Изабел Аљенде,Антолог,2024,240,"400,00 Денари"
Модар накит,"Филиз е девојче израснато во мало курдско село во Анадолија. На дванаесет години го запознава неколку години постариот Јунус и се вљубува во него. Сонува за заеднички живот во Западна Европа. Набрзо тајно и без дозвола од родителите се венчава со него, но кратко по венчавката се уриваат нејзините соништа дека ќе носи фармерки и ќе живее среќно во Германија. Наместо фармерки носи бурка, раѓа три деца и доживува физичко и психичко малтретирање од сопругот и од свекрвата.
Ниту по мигрирањето во Австрија, животот не ѝ се променува. Дури откако ситуацијата ќе ескалира, на Филиз ѝ успева навидум невозможното: да се ослободи од постојаната тортура во домот.
Базиран на вистински настани, овој роман е одраз на една вистинска ситуација преземена од денешнината. Во рамките на оваа потресна приказна за семејното насилство, метафората на „модриот накит“ дејствува впечатливо и моќно.
*Книгата е достапна со потпис од авторот. Во коментар за нарачката нагласете доколку сакате да добиете потпишан примерок.",Фикција,Катарина Винклер,Антолог,2020,184,"250,00 Денари"
Случајот Чернобог,"На почетокот на 1980-тите младите психијатри Јан Леви и Татјана Фауст добиваат задача да напишат теза за феноменот Елеонора Чернобог, случај што со децении неуспешно се провлекувал по психијатриски установи и за кој ниеден психијатар не успеал да постави вистинска дијагноза.
Денот кога стигнуваат во поправниот дом каде што Елеонора е оставена од родителите е денот кога животите на тројцата се менуваат. Од научнички аспект недоверливи кон телекинеза, психијатрите доаѓаат со намера да ја земат Елеонора на Институтот за психијатрија.
Нејзините претскажувачки зборови и телекинезата всадуваат страв, но и уште поголем интерес кај Јан и Татјана. Институтот и тезата на психијатрите се само параван за експериментите што државата сака да ги врши над девојката. Татјана по секоја цена сака да ја спроведе кај оние што ја бараат.
Триесетина години подоцна, една млада режисерка е решена да сними документарец за „Случајот Чернобог“ зашто има многу прашања во врска со телекинеза и психокинеза, превидувања за иднината, комуникација со оној свет и претскажувачки соништа, кои само Јан Леви може да ѝ ги одговори.
Дали Мона ќе го сними документарецот, или патем ќе го загуби умот кога ќе почне да гледа привиденија?",Фикција,Катерина Шошко,Антолог,2020,416,"400,00 Денари"
Приказна за љубовта и темнината,"„Приказна за љубовта и темнината“ е семејна сага и магичен автопортрет на Амос Оз, кој нè води на едно заводливо патување во своето детство и младост. Приказна за момче што расте во разрушените улици на воениот Ерусалим во 1940-тите и во 1950-тите години, во мал стан пренатрупан со книги на многу јазици. Трагична историја на едно наизглед нормално и среќно семејство.
Животот на Амос засекогаш се менува по самоубиството на неговата мајка кога тој имал само 12 години. Оз е човек што ги остава зад себе ограничувањата што му ги поставуваат семејството и неговата заедница задоена од дневна политика и наследените култура и религија. Тој го менува своето име, се жени, основа семејство и се вклучува активно во политичкиот живот на својата нација. Лична и потресна „must read“ биографија, која ќе ве воодушеви и ќе ве расплаче.
Во 2015 година Натали Портман го режира истоимениот филм. Самата ја толкува улогата на мајката на авторот и зборува на хебрејски јазик.",Фикција,Амос Оз,Антолог,2019,630,"600,00 Денари"
Лисица,"Делото „Лисица“ од првата дама на ексјугословенската книжевност, Дубравка Угрешиќ, е роман, автобиографија, патопис – и многу повеќе од тоа. Авторката на духовит начин се пресметува со современата книжевна сцена и со глобалните трендови,  патувајќи, литерарно и физички, од Јапонија преку многу руски класици до американските авантури на Набоков, или пак до бесмисленото претставување на книгата во денешниот свет.
Што е книжевноста денес, која е нејзината улога и, уште поважно, која е улогата на писателот, дали е тој само кловн што патува низ светот, дали воопшто е возможно сè уште да се раскажуваат приказни, дали е возможно само така да се создаде роман и да се измисли приказна, како и кој има контрола над текстот, авторот или самата приказна – сите овие прашања ги поставува „Лисица“.
Без нималку патетика, преполна со фин хумор, со суптилна иронија, со книжевни и теориски референции, „Лисица“ е посвета на писателите и на пишувањето, на оние важните, неодминливите, на оние чии приказни го менуваат читателот. Такви приказни може да создаде само исклучителен раскажувач, а таква раскажувачка без сомнение е токму Дубравка Угрешиќ.
„Необичен книжевен прирачник за бивши и за идни писатели.“",Фикција,Дубравка Угрешиќ,Антолог,2018,304,"350,00 Денари"
Патасана,"Археолошко ископување во антички хетитски град во близина на границата со Сирија ќе открие плочи напишани пред 3 000 години. Со нив почнува возбудливата приказна за животот на Патасана, главниот дворски писар, но почнуваат и – убиствата.
Под раководства на Есра, екипата од археолози ги вадат плочите, кои се најстарите пишани извори на светот и раскажуваат епизоди од животот на Патасана. Наоѓалиштето е на само дваесетина метри од Црниот гроб, кој мештаните го сметаат за свето место. Мудриот старец од селото е убиен, а селаните го толкуваат тоа како проклетство бидејќи се нарушува мирот на Црниот гроб. Во следните денови се случуваат уште две убиства. Капетанот ја почнува својата истрага во која мора да се соочи и со богатата историја на Газиантеп. Точно пред 78 години во оваа област се извршени три слични убиства. Есра смета дека убиецот се одмаздува за тоа, но капетанот Ешреф дека убиствата се дело на терористи. Ода за крвавата судбина на овие простори, судбина што не се менува и е натопена во бруталност и љубов.",Фикција,Ахмет Умит,Антолог,2022,432,"550,00 Денари"
Сведокот,"Збирката раскази „Сведокот“ е поделена во два дела: предвоените искуства и повоената дезинтеграција. Таа е длабока и гласна побуна против војната, без оглед на страните, несогласувањата и фактите.
Во првиот дел акцентот е поставен врз драмата и кризата кај албанскиот народ. Приказните се напишани во динамичен сооднос меѓу детската и возрасната перспектива. Тие го следат проголтувањето на луѓето во механизмот на војната, при што и жртвите се претвораат во воени карактери, претставници на изразот и менталитетот на агресорот.
Вториот дел го следи распадот на човечките животи по војната. Читаме бриколаж на стварноста и нормалноста, пренесен во апстрактно расположение и наратив.  Расказите од овој дел се остатоци на трагедијата што не може да се надмине, бунт против последиците на војната во општество што привидно живее во слобода.
Контроверзна и провокативна, „Сведокот“ беше високо оценета и во Косово и во Албанија – познатиот албански критичар Агим Баки беше еден од оние што широкоградо ја пофалија книгата.
  *Книгата е достапна со потпис од авторот. Во коментар за нарачката нагласете доколку сакате да добиете потпишан примерок.",Фикција,Балсор Хоџа,Антолог,2021,160,"250,00 Денари"
Кај човека сè мора да е прекрасно,"Како да се биде „прекрасен“ во земја во која владеат корупција и угнетување, каде преживува само оној што успева да се покори на рестриктивниот режим. И како да се надминат животните трауми кога се кријат, потиснуваат и не се зборува за нив ниту по емигрирањето, дури ни со сопствената ќерка.
Што гледаат еден пар советски очи кога низ завесите од прозорецот ќе погледнат кон предворјето на некој источногермански град? За ова се прашува Нина кога ќе ги погледне мајка си и нејзината пријателка Лена, кои, некаде во средината на деведесеттите години ја напуштиле Украина и стигнале во Јена, каде го започнале животот од почеток. Но, тие чувствуваат некој вид фантомска болка: земјата во која се родиле веќе одамна ја нема, но тие уште се сентиментални по неа.
Погледнато низ перспективите на четири различни жени, две мајки и две ќерки, Залцман раскажува за распаѓањето на „времето на месождерите“, за перестројката па сè до современа Германија.",Фикција,Саша Маријана Залцман,Антолог,2023,320,"450,00 Денари"
Девет ноќи,"Во август 1939 година американскиот дваесет и седумгодишен етнолог Бјуел Квејн се самоубива во Бразил. Ова многу паметно момче од богато семејство во тоа време вршело истражувања на племињата од Амазонија. Зад себе оставил седум писма, во кои наведува различни причини за самоубиството: некаде вели дека го измачувала тешка болест, а на друго место дека не можел да ја преболи прељубата меѓу неговата сопруга и брат му (но тој ниту бил женет ниту имал брат). Овој вистински историски случај останал табу во бразилската антропологија и наскоро бил заборавен од јавноста.
Ликот што ја раскажува приказната живее во денешно време и смета дека мора да постои и осмо писмо, па тргнува да го бара. Но потрагата го фрла во лудило. Овој роман на Бернардо Карваљо го споредуваат со делата на В. С. Најпол, Вилијам Фокнер, Џозеф Конрад и Брус Чатвин.",Фикција,Бернардо Карваљо,Антолог,2017,160,"250,00 Денари"
Непобедлив,"Вселенскиот брод „Непобедлив“ слетува на планетата Регис III. Задачата на неговиот екипаж е да ги открие причините за исчезнувањето на претходната експедиција од вселенскиот брод близнак „Кондор“, кој слетал и набргу потоа прекинала комуникацијата со него. Научниците почнуваат да ја испитуваат планетата, го пронаоѓаат бродот, но не можат да ги утврдат причините за катастрофалните случувања.
Наскоро откриваат и остатоци од нешто што прилега на „град“, а потоа и форма на еволуција на мртвото, т.н. некросфера, за што се претпоставува дека се механизми потомци од одамна исчезнатата цивилизација на Лираните.
Во овој култен роман се зборува за средбата со вонземското и за неможноста на човештвото да оствари контакт со непознатото. Исто така, Лем ја преиспитува човековата желба за истражување на космосот и го поставува прашањето што да направи човештвото кога ќе се соочи со својата ограниченост.",Фикција,Станислав Лем,Антолог,2019,208,"300,00 Денари"
ДНК,"Прва книга од серијата „Детската куќа“! Мрачна и тажна приказна што започнува во 1987 година, кога три дечиња остануваат сираци и се разделени во три различни семејства. Како оваа приказна подоцна се поврзува со настаните што се случуваат во 2015 година, кога две момчиња бараат помош од соседите затоа што се будат заклучени во својата соба, а мајка им ја нема?
Има причина за тоа – таа е мртва. Убиена е на грозоморен начин, а единствениот сведок на убиството е девојчето скриено под креветот, нејзината ќерка, која не можат да ја натераат да зборува. Каков ќе биде животот на тоа дете кога ќе биде во грижата на Фреја, психолог во „Детската куќа“, која работи со трауматизирани и злоупотребувани деца? Но убиецот не застанува тука!
Атмосферата на неочекуваното е присутна од почетокот до крајот, меѓу несреќните животни судбини, страшните убиства, кодираните пораки, заплетканите животни приказни, кои постојано се откопуваат од минатото… Трилер во кој најморничавите настани се случуваат токму кога најмалку очекувате!",Фикција,Ирса Сигурдардотир,Антолог,2019,396,"450,00 Денари"
Николски,"Книгата „Николски“ е напишана за сите вечни талкачи и патувачи, на кои ќе им покаже дека патот на крајот секогаш завршува дома.
Пролетта 1989 година тројца млади луѓе, сите родени на илјадници километри оддалеченост еден од друг, решаваат да го кренат сидрото од своите родни места и да тргнат по нешто што ќе ги зацврсти како личности и како луѓе. Секој остава речиси сè зад себе, освен неколку предмети без кои смета дека не може да го замисли опстанокот, како и сеќавањата на минатото.
Ное, чиј дом е карван со приколка и кој знае да чита автокарти бидејќи постојано се преселува, решава да ја напушти периферијата и да се запише на факултет. Џојс, на која ѝ здодеале селото и надмените роднини, тргнува на автостоп патување со цел да стане главна во светот на компјутерската пиратерија.Најпосле, тука е анонимниот раскажувач, кој решава да почне ново поглавје во големиот Монтреал, каде што ќе го најде својот дом меѓу книгите.Во книжарницата, читајќи секојдневно, ќе му се отворат многу нови и дотогаш непознати места.
Во текот на десет години, патиштата многупати чудесно ќе ги спојат тројцата и ќе ги разделат.
Нивните патувања се неверојатно спонтани, водени од ветровите на личната волја, но исто така и проткаени со други необични моменти, опасни жени пирати, урбани археолози, поплави, риби од сите видови, една мистериозна книга без корици и расипан компас чија игла тврдоглаво покажува кон Николски. Овие луѓе на крајот сфаќаат дека се дел од голема магична целина.
„Ликовите се толку полни виталност и изненадување што се незаборавни. И јазикот е жив како ликовите… Комичната брилијантност на романот е непобитна… се чита со огромно задоволство.“
Едмонтон Џурнал
„Полн со детали за морето, рибите, старите книги, патувањето и за археологијата, Николски е продукт на ексцентричен ум инспириран од темпераментен дух.“
Маријана Акерман, Валрус
„Роман што ќе измолкне насмевка и ќе сакате да го прочитате уште еднаш.“
Винипег фри прес
„Не е доволно да се каже само: оваа книга е откритие на годината…“
Керол Бело, Л’актуалите
„Ако ве интересира големиот, простран свет, нурнете се во овој фантазмагоричен, жив, фасцинантен роман .“
Игу Кориво, Летр квебекоизе
„Дикнер ја провоцира имагинацијата на читателот до точка на екстаза.“
Ле монд
„Со стил, оригинален, потресен и сетилен.“
Дејвид Мичел, авторот на Облак Атлас",Фикција,Никола Дикнер,Антолог,2013,192,"200,00 Денари"
Adibas,"Шако е актер што поголемиот дел од своето време го поминува уживајќи во секс со различни девојки и во дрогирање. Тој и неговите пријатели имаат малку интереси надвор од овие дејности. Во тоа време, Грузија e нападната од Русија. Иако главниот град може да го бомбардираат, па дури и да го гаѓаат со хемиско оружје, ним баш им е гајле. Додека Шако може да има орален секс и да ужива во дроги, сè е во ред. И кој да се грижи сега за Апхазија?
Ова е „воен роман“ што нема ниту една борбена сцена и во кој сексот има централна важност бидејќи е претставен како метафора на војната.",Фикција,Заза Бурчуладѕе,Антолог,2015,128,"200,00 Денари"
Сплендорвил,"Еспарто е лекарка и ќерка на познат археолог, израсната во малото гратче Сплендорвил на работ од пустината. Еден ден тука пристигнува холивудска екипа да снима филм. Романoт го споредуваат со филмот Mulholland Drive на Дејвид Линч.",Фикција,Елен Матсон,Антолог,2014,352,"300,00 Денари"
Хенри IV,"Хенри IV е славна драма во три чина напишана во 1921, а премиерно поставена на сцена на 24 февруари 1922 во театарот Манцони во Милано. Претставува вистинска студија за лудилото и сложениот однос меѓу ликот и човекот, фикцијата и вистината.
Ликовите на големиот Пирандело се луѓе кои се принудени секојдневно да се справуваат со егзистенцијални проблеми. Во нив сретнуваме обични личности кои би можеле да ни бидат соседи, сопственици на мали дуќанчиња на кои судбината и семејните драми им го пореметуваат вообичаениот животен тек, потоа професори, пензионери, дадилки, шивачки итн.
Луиџи Пирандело / Luigi Pirandello, италијански прозаист и драмски авторсо ретко богат, ама и ретко еминентен опус, составен од најмалку двесте брилијантни новели, десет романи, куп луцидни есеи и дури 44 интригантни, драматуршки иновантни, беспрекорно структурирани пиеси, автор кој одамна е промовиран во книжевен мит. Историчарите на литературата, традиционално наклонети кон рангирања и споредувања од секаков вид, го прогласиле за најрелевантен италијански писател на XX-иот век. Според неговите драми и романи се снимени многу филмови.
„Смеата и болката совршено измешани со разумот и со лудилото.“
Пол Тејлор, Индепендент",Фикција,Луиџи Пирандело,Антолог,2013,112,"250,00 Денари"
Убиствата во Кингфишер хил,"Фантастичен сплет од мистерии, дисфункционални семејни односи, морбидност и неизвесност – совршениот рецепт што ќе ве натера да го прочитате романов во еден здив!
Херкул Поаро патува со луксузен пајтон до елитниот имот Кингфишер хил. Тој и неговиот верен придружник, инспектор Кечпул, се најмени од Ричард Девонпорт да го истражат убиството на неговиот брат Френк и да докажат дека неговата свршеница Хелен е неправедно осудена за убиството. Но има еден чуден услов: Поаро не смее да ја открива вистинската причина зошто е таму пред другите членови на семејството Девонпорт.
При патувањето, пајтонот наеднаш застанува зашто една вознемирена жена бара да се симне и инсистира дека, ако остане на своето место, ќе биде убиена. Иако за време на патувањето никој не е повреден, Поаро насетува дека тука се крие уште една мистерија. Неговите стравови набргу се остваруваат: пронајдено е тело на кое е оставена злокобна порака поврзана со седиштето на госпоѓата.
Дали Поаро ќе успее да ја одгатне поврзаноста на случаите? И, ако Хелен е навистина невина, ќе успее ли да го открие вистинскиот убиец на Френк Девонпорт?",Фикција,Софи Хана,Антолог,2021,288,"400,00 Денари"
Син нероден од жена,"Дело натопено во готика за несфатливото насилство и зло што ги преживеала главната хероина, а раскажани од перспективата на различни ликови.
Дневникот на млада девојка ќе открие застрашувачки тајни за едно богато семејство од доцниот деветнаесетти век во Франција. Габриел е свештеникот во чии раце ќе стигне стравотната приказна на Роза која како четиринаесетгодишно девојче била продадена на некој богат човек од страна на татко ѝ за да може да ги прехрани другите три ќерки. Тргувана за грст монети, таа станува сопственост на новиот господар и без предупредување е одведена во нејзиниот нов дом. Изолираниот имот среде шумата ѝ изгледа како замок. Поради строгата мајка на господарот и неговата постојано отсутна сопруга, наскоро е уловена во перверзна мрежа, од која не знае како да избега и кому може да верува.
„Син нероден од жена“ е супериорно напишана хорор-приказна, по чие читање никој не останува ист. Вешто кормиларејќи низ комплексноста на желбата, злоупотребата, сочувството и издржливоста, Буис создал безвременски портрет на човечката природа, но и дело кое ни покажува колку е голема и чудесна моќта на книжевноста.",Фикција,Франк Буис,Антолог,2023,272,"400,00 Денари"
Челик,"„Воопшто не е за фрлање. Пичка на каква што не сум се надевал. Убави нозе, убаво газе. Само градите ѝ се премногу мали. Но ова засега ќе ѝ го прости. Италијанка е, очигледно малолетно девојче, таква стока ја носиш на јахтите на Пунта Ала, ја даваш за петстотини евра за секс со големите ѕверки, на забавите, на јахтите на важните фаци. Гледај ја како игра… небаре е адолесцентка што танцува пред огледалото имитирајќи ја Бритни Спирс и се соблекува заклучена во бањата.“
Ова е цитат од романот со две тинејџерки што сонуваат да направат кариера надвор од периферијата, каде што бедата ги напаѓа семејствата што се распаѓаат, каде што работниците во челичаната шмркаат кокаин за да можат да ги поднесат тешкотиите, каде што човечкото месо станува поевтино од тоа во блиските месарници, каде што врските се краткотрајни, а сексот евтина надеж за сиромашните. Дали тука и во такви услови може да опстои кревкото тело на љубовта, онаа искрената?
Романот „Челик“ е преведен на повеќе од 20 јазици и е добитник на голем број награди, меѓу кои и престижната „Кампиело“. Исто така е инспирација за песна на пејачката Ноеми, а снимен е и филм во режија на Стефано Мордини.",Фикција,Силвија Авалоне,Антолог,2014,352,"300,00 Денари"
Ана,"Ана, нејзиниот брат и други деца шетаат низ Сицилија, јадат слатки и конзервирана храна, борејќи се да преживеат. Храната и водата стануваат луксуз. Пожари беснеат низ целата земја. Дистопија. Пред четири години опасен вирус од Брисел ја зарази целата планета и го уби целото возрасно население! Останаа само деца.
Организирани како детски орди, изгубените и оставени мали жители изгледаат како да ја започнуваат цивилизацијата од нула.
Поминувајќи низ низа авантури и опасности, спознавајќи ги љубовта и пријателството, Ана расте и созрева. Пред да умре мајка им, ги предупредува дека, кога ќе достигнат одредена зрелост, вирусот ќе ги убие и нив. Но им кажува и дека некој, некаде, ќе има лек!
Во овој извонреден дистописки роман, Аманити фрла остра критика на корпоративниот глобализам што владее со светот и го потсетува човештвото дека наскоро ќе исчезне ако се остави на ова и не се спротивстави.",Фикција,Николо Аманити,Антолог,2020,272,"350,00 Денари"
,"Оригинална и комична приказна за сложените човекови односи во современите времиња. По разделбата со долгогодишната девојка, Матјаж паѓа во тешка депресија. Но, по некое време, донесува одлука дека патот до нејзиното срце води преку друга врска. Односно врски. Но планот излегува позамрсен од тоа што очекувал. Тој тргнува на одисеја од „мувања“ на една вечер со редица девојки по познати места во Љубљана, но и од поранешна Југославија. Средбите и жените се најразлични, но Матјаж секогаш доаѓа до истиот заклучок: дека нема друга како бившата. Кречич создала метафора на љубовта во денешното општество, но и урнек на прикриен женомразец типичен за новиот милениум, кој ни го ставила на тацна.",Фикција,,Антолог,2017,368,"400,00 Денари"
Серенада за Надја,"Потресен роман заснован на вистински случај на потонат бегалски брод за време на Втората светска војна.
Истанбул, 2001 година. Маја Дуран е самохрана мајка која се мачи да најде рамнотежа меѓу својата напорна работа на универзитетот и воспитувањето на синот тинејџер. Работите стануваат уште посложени кога добива задача да го шета загадочниот Максимилијан Вагнер, возрасен професор на „Харвард“ со германски корени, кој доаѓа во посета на градот. Тој се враќа на местото каде што во 1942 година се случува големата трагедија во која е торпедиран бродот „Струма“ и загинуваат 800 еврејски бегалци, меѓу кои и неговата сопруга.
Маја и Вагнер се зближуваат, меѓутоа во нивниот живот почнува да се вмешува и турската тајна полиција, како и претставници од руската и од британската амбасада, со цел да се прикрие вистината за страшното злосторство од минатото.
„Серенада за Надја“ претставува трогателна љубовна приказна и застрашувачки доказ за моќта на човечката блискост во тешки времиња.",Фикција,Зулфу Ливанели,Антолог,2025,272,"450,00 Денари"
Нека играат децата (второ издание),"Второ издание на „Нека играат децата“ од Денис Бојаров, збирка раскази наменета за различни возрасни категории, која обработува социолошки, психолошки и филозофски теми поврзани со децата, со семејството, но и со човекот воопшто.
Во голема мера книгата изобилува со автобиографски приказни, збогатени со имагинативната нарација, преку кои авторот воспоставува комуникација и блискост со читателот и му испраќа емотивни и моќни пораки.
Нараторот преку гласот на децата, преку родителите, животните и растенијата комуницира со читателот и му дава еден готов производ од ликови и настани од нашето поднебје, со кои сите ние се идентификуваме. Педесет и еден расказ на број, тематски слични, сепак со поинакво сиже и поуки. Ова се раскази што ќе ја поттикнат емпатијата во вас.",Фикција,Денис Бојаров,Антолог,2020,160,"300,00 Денари"
Дневници (1910 – 1923),"Дневниците на Франц Кафка (1883 – 1924) го опфаќаат периодот од 1910 до 1923 година.
Тие даваат продорен поглед кон неговиот живот во Прага и личните искажувања за соништата, чувствата кон таткото и жената со која не можел да се ожени, како и чувствaта на вина и внатрешната состојба на отфрленост. Дневниците се приказ на еден живот со речиси неподнослив интензитет.
Книгата содржи не само лични белешки, автобиографски рефлексии, елементи за тоа како Кафка го разбира своето пишување, туку и афоризми, скици за раскази, писма и многубројни литературни фрагменти од повеќето негови романи. Еден од најзначајните литературни критичари во Германија, Денис Шек, за „Дневниците“ вели: „Дури кога ќе ги прочитаме, сфаќаме колкава смисла за хумор имал Кафка. Дури тогаш разбираме што сакаат да ни кажат неговите често неразбирливи книги.“
Ова издание ја содржи целата оставнина што му била достапна на неговиот издавач и најдобар пријател, Макс Брод. Tука се вклучени и личните коментари, варијанти и поговорот на Макс Брод за записите на Кафка.",Фикција,Франц Кафка,Антолог,2023,560,"650,00 Денари"
Човекот што не сакаше да биде погребан,"Романот е раскажан од клаустофобичниот простор на комората во една мртовечница. Оттаму го слушаме единствено гласот на затворениот Монциф, кој полека, но сигурно нè води до поентата како стигнал во непријатната ситуација да ја исполнува желбата на „човекот што не сакал да биде погребан“.
„Непријатностите на главниот лик истекуваат од страниците на книгата. Судирот со неговиот татко е шокантно директен и неверојатно препознатлив. Роман за тешкотиите при наоѓањето на сопственото место во општеството. Ламрабет знае да гради приказна. Владее со уметноста на зграпчување на читателот за врат.“ – Гус Бауер, Стандард",Фикција,Рашида Ламрабет,Антолог,2014,240,"220,00 Денари"
Историја на пчелите,"„Историја на пчелите“ комбинира футуристичка дистопија и историска фикција за да го вклучи алармот во врска со сѐ помалата популација на пчелите.
Англија, 1852 година. Вилијам е биолог и трговец со семиња, кој започнува со изградба на нов тип кошница за пчели, која нему и на неговите деца ќе им донесе и слава и чест.
САД, 2007 година. Џорџ е пчелар кој залудно се бори против модерното пчеларство, но се надева дека неговиот син ќе биде нивното спасение.
Кина, 2098 година. Тао рачно нанесува полен на овошните дрвја затоа што пчелите веќе одамна се исчезнати. Кога по една трагична несреќа властите ќе го одведат нејзиниот син, таа тргнува на опасно патување за да открие што се случило со него.
Книгата ги обединува минатото, сегашноста и една застрашувачка иднина во возбудлива приказна која е сложена како саќе. Просветлувачка и одлично опишана врска за моќната поврзаност меѓу децата и родителите како и за нашиот однос кон природата и човештвото.
„Историја на пчелите“ на прекрасен начин воведува една исклучително важна тема во светот на литературата – климатската проза, која ни предочува дека ние како човештво сме зависни од добросостојбата на пчелите и на другите инсекти. Сѐ додека тие се во опасност, и ние сме во опасност.
Книгата е објавена во рамки на проектот Made in Europe: The power of diversity / Создадено во Европа: Моќта на различноста (ко-финансиран од програмата Креативна Европа на Европската Унија).",Фикција,Маја Лунде,Антолог,2023,368,"500,00 Денари"
Малиот Бог на земјотресот,"„Малиот Бог на земјотресот“ претставува прекрасна приказна која проникнува во скриените односи на животот.
Книгата започнува како и многу други: со разделба. Една жена го напушта својот маж без некоја посебна причина. Го прави тоа старомодно, со белешка напишана на рака. Тој не изгледа изненаден, дури на почетокот воздивнува со олеснување дека не ѝ се случило ништо лошо. Така навлегуваме во светот на еден нереализиран филозоф кој е сопственик на цвеќарница. Во обид да ја открие мистеријата на исчезнувањето на неговата сопруга, презема трауматично патување во минатото – во својот гардеробер, среде руините на татковата куќа, по софиските улици, на брегот на Дунав, среде чаршијата во Скопје. Преживувајќи го распаѓањето на љубовната врска, за да преживее по трагите на изгубеното, тој се става себеси на влезовите и излезите  на сегашноста. Дали оваа интензивна потрага е во состојба да го надмине чувството за живот составено од страв и недостиг? Возможно ли е еден личен Бог да го стабилизира свлечиштето на животот за да го забави напредувањето на лудоста, која ги претвора луѓето во машини?
Книгата е објавена во рамки на проектот Made in Europe: The power of diversity / Создадено во Европа: Моќта на различноста (ко-финансиран од програмата Креативна Европа на Европската Унија).",Фикција,Петар Денчев,Антолог,2024,272,"450,00 Денари"
Замок,"„Замок“ е класика без која не може да се замисли книжевноста на XX век!
Приказната е навидум едноставна – К. на секаков начин се обидува до дојде до одговорните во замокот што управува со селото во кое е дојден да работи како геометар. Но никако не може да стигне дотаму  наместо тоа, наидува на луѓето од селото и ги доживува опскурноста и налудничавоста на нивниот туѓ свет. Сета содржина на ова книжевно ремек-дело може накратко да биде означена како залудни обиди на К. да го најде патот до замокот. Но едноставноста е само привидна. Уметничкиот космос на Кафка, кој се надоврзува на делата на Хофман, Гогољ, Достоевски, Е. А. По, е полн со параболи, сомнибулни ситуации и симболичка многузначност. Тој го маѓепсува читателот и го води во познати, но непрепознатливи предели, скриени во длабочините на нашето скриено „јас“. Со секое ново читање се исцртува нов пат низ лавиринтите на овој космос.
„Замок“ е роман за отуѓувањето, бирократијата и за бесцелните обиди на човекот да се бори против системот и уште едно од брилијантите дела на Кафка. Оваа книга е прв интегрален превод на македонски јазик што ги содржи оригиналните поговори на Макс Брод и сите отфрлени фрагменти.",Фикција,Франц Кафка,Антолог,2022,400,"500,00 Денари"
Како да заборавиш жена,"Еден обичен ден Анди се враќа од работа и гледа дека Марга го напуштила по едногодишна врска. Ненадејното заминување на девојката го носи во неочекувани места и состојби. Андреја, Луана, Марга, Бјанка, сите тие се претвораат во една жена, која треба да ја заборави…",Фикција,Дан Лунгу,Антолог,2016,266,"300,00 Денари"
Невидливиот чувар,"По многу години минати надвор од Елисондо, инспекторката Амаја Саласар се враќа во родниот град за да го најде убиецот што ги избира своите жртви меѓу младите девојки. Тој ги задушува и ги остава голи во шумата следејќи некој вид мрачен ритуал. Додека се обидува да го изгради профилот на убиецот и да ги реши убиствата, Амаја мора да се соочи со сеништата од сопственото минато.
Тоа се мрачни епизоди за кои никогаш не зборувала и што ја принудиле да замине без желба да се врати, но измешани и со старите народни верувања од областа Навара. Фасцинантна приказна во која тајните и легендите се испреплетуваат со ужасни злосторства. Што кријат бастанските шуми?
„Невидливиот чувар“ е првата книга од „Бастанската трилогија“, преведена на повеќе од 20 јазици. Филмската верзија е изработена од страна на продуцентите на трилогијата „Милениум“ на Стиг Ларсон.",Фикција,Долорес Редондо,Антолог,2019,384,"400,00 Денари"
Кај северниот ѕид,"Приказна базирана на вистински сведоштва за судбините на политичките затворенички кои поминале низ женските затвори во Чехословачка во 1950-тите.
Настаните се поврзуваат со сегашноста преку два лика во книгата – Мажот со дупка во срцето и Негувателката на тие што умираат. Во болницата за лица со терминални болести пристигнува нов пациент, Лудмила, со дијагноза која локалниот медицински тим не ја разбира. Негувателката се обидува да направи сè што е во нејзина моќ да ѝ помогне, но пациентката изгледа како да е обземена. Дали постарите жени прикриваат некое мрачно минато? Дали човековата злоба стои зад ова? И дали постои потреба да се истера ѓаволот од нивната совест?
Покрај суровоста на луѓето и општата неправда, ова е приказна и за силата на жената, мајчинството, староста. Насловот произлегува од географската локација на масовните гробници на жртвите од комунистичкиот режим, кои се наоѓаат „кај северниот ѕид“ на Ѓаволските гробишта во Прага. Романот разоткрива досега непознати детали за режимот што некои го сметале за добар, а чии извршители изјавуваат: само си ја вршев својата работа.",Фикција,Петра Клабоухова,Антолог,2024,304,"450,00 Денари"
Пустинската змија од Гиза,"Болката и страдањата на луѓето секаде се исти, без оглед на тоа каде се наоѓаат, во Македонија, на Балканот, на Блискиот Исток, во Америка. Кога децата и родителите ќе се разделат, нивната средба по 30 години е посебно доживување. Кога таткото изгубил сè и кога ќе се сретне со својата ќерка, не сака да се раздели повторно, се жртвува за своето дете, кое, пак, животот го посветило на борбата против злото. На друг крај на земјата, големата љубов на двајца млади и вербата во подобро утре придонесуваат да се разоткрие една голема завера против човештвото.
Но не секогаш работите се предвидливи. Богатите и моќните изгледаат недопирливи, но, кога злото ќе се извие над нив, тогаш обичниот човек, малиот голем херој, станува влакно за кое тие се држат за да го спречат она што надоаѓа, она што ги загрозува нив, нивните семејства и нивниот народ. Сите ние сме мали големи херои од кои зависи каква утрешнина нè чека. Дали доброто ќе надвладее над злото зависи само од нас, обичните луѓе, без оглед на тоа во кој дел на светот живееме, на која вера ѝ припаѓаме, која боја на кожата ја имаме.
„Возбудлив прв роман!“ – Лабина Митевска",Фикција,Илија Магденоски,Антолог,2016,208,"250,00 Денари"
Соларис,"Најчитаниот автор на научна фантастика во светот конечно на македонски, со едно од најважните Sci-Fi дела во историјата – „Соларис“!
На една истражувачката станица што се наоѓа на планетата Соларис, целата прекриена со огромен жив океан, доаѓа нов член на експедицијата. Веднаш по слетувањето, Крис Келвин го вознемируваат чудните однесувања на членовите од екипажот.
Открива дека еден од нив, доктор Гибариан, извршил самоубиство, а во просториите на станицата се појавиле суштества што ги креирал „океанот“, односно материјализираните спомени за ликови или нешта од најдлабоко потиснатите делови од умовите на истражувачите. Во моментот кога Крис почнува да се истражува себеси, почнуваат компликациите…
Романот „Соларис“ има огромно влијание врз уметноста. Најпозната од трите филмски адаптации е онаа на Андреј Тарковски од 1972 година, за која тој ја доби главната награда во Кан.",Фикција,Станислав Лем,Антолог,2016,224,"300,00 Денари"
La Superba,"Оваа книга е делона еден од најважните современи европски писатели, кој решава да му напише љубовно писмо не на градот во кој е роден туку на италијанскиот град во кој живее. Џенова енаречен La Superba поради својата убавина и богата историја. Главниот херој, во кој препознаваме црти на самиот автор, ја истражува дивата страна на овој мистериозен и егзотичен град, полн со лавиринти и магија.
Сè почнува со глетката на една женска нога, која го фрла раскажувачот во потрагата „по најубавата девојка во Џенова“, потрага што ќе го води низ улиците на проститутките, мигрантските засолништа, пристаништата, баровите полни морнари.
Оваа книга е како џебно издание на Пеколот на Данте, напишана од автор што ужива да оди во крајности, вистински мајстор на јазикот и на раскажувањето.
La Superba е ремек-дело на Фајфер, громогласно фалено со самото објавување во 2013 година, кога ги добило наградите Либрис, најпрестижната литературна награда во Холандија, и Цум, наградата „за најубава реченица напишана на холандски јазик“.",Фикција,Илја Леонард Фајфер,Антолог,2017,352,"350,00 Денари"
Заклучи ги сите врати,"Во „Бартоломеј“ ништо не е како што изгледа. Влегувате на сопствен ризик.
По низата несреќи што ги доживува, без пари и без живеалиште, младата Џулс Ларсен добива шанса да работи како станар чувар на еден од апартманите во „Бартоломеј“, една од најгламурозните згради во Њујорк. Таму не се дозволени гости. Не е дозволено зборување со богатите или славните станари. И тоа се само некои од правилата што Џулс треба да ги следи.
Маѓепсана од сјајот и раскошот на зградата, таа ги прифаќа и решава засекогаш да го остави своето тажно минато зад себе. Се спријателува со Ингрид, пргава сосетка, која неизмерно ја потсетува на нејзината исчезната сестра. Кога Ингрид ѝ се доверува дека „Бартоломеј“ има и друга, морничава страна, Џулс го припишува тоа на нејзината драматичност… сè додека Ингрид не исчезне.
Сакајќи да ја разреши мистеријата, Џулс навлегува сè подлабоко во злогласното минато на „Бартоломеј“ и во тајните вткаени во неговите ѕидови.
Спој на хорор-елементи и напната неизвесност со модерен заплет. Мајсторски составена тензија доволно вредна да биде во истото друштво на хорор-класиците што биле нејзина инспирација. Со изненадувачки пресврт на крајот, ова хорор ремек-дело опседнува, плаши и во исто време забавува.",Фикција,Рајли Сејгер,Антолог,2020,368,"400,00 Денари"
Јас бев тука,"„Јас бев тука: првото апсење“ е книга со огромна читаност во Естонија. Ни го претставува 17-годишниот Рас од растурен брак во едно предградие. Бидејќи нема домашна стабилност, Рас набргу се насочува кон малолетничка деликвенција и го минува своето време со банда крадци штосе занимаваат со дилање дрога. Наместо да ги пријави кај надлежните органи (како што се очекува), малите дози што ги продаваат наскоро стануваат поголеми и се буди мафијата, која тргнува да ги гони.
„Романот почнува толку моќно што читателот веднаш чувствува удар по вилицата.“ – Еева Парк",Фикција,Сас Хено,Антолог,2015,198,"250,00 Денари"
Во понеделник ќе нѐ сакаат,"Во романот е раскажана судбината на една девојка од маварско потекло, ќерка на емигранти од Мароко, која поминува проблематични пубертетски години во строго контролирано и претежно муслиманско соседство во предградие близу Барселона за време на 1990-тите години.
Постојаната присила да се покорува на закоравените религиозни правила и на машката доминација, типични за мало мароканско село од каде што доаѓа нејзиното семејство, се судираат со современото шпанско општество во кое живее Наима. Спротивставеноста на културите наспроти потребите и желбите на младата девојка се засилува по средбата и силното пријателство со уште една маварска девојка, која поседува смелост да живее на свој начин. Таа ја поттикнува Наима и самата да се впушти во потрага по сопствената индивидуална слобода.
Наџат Ел Хачми ја води нарацијата непристрасно, прикажувајќи го лицемерието на „демократското“ општество во кое двете другарки ќе треба да се соочат со стереотипите создадени врз основа на полот, потеклото и социјалната класа и поради тоа да платат висока цена.
„Во понеделник ќе нè сакаат“ во 2021 година ја добива наградата „Надал“, една од најпрестижните награди за книга напишана на шпански јазик.
Книгата е објавена во рамки на проектот Made in Europe: The power of diversity / Создадено во Европа: Моќта на различноста (ко-финансиран од програмата Креативна Европа на Европската Унија).",Фикција,Наџат Ел Хачми,Антолог,2023,272,"400,00 Денари"
Енциклопедија на руската душа,"Какви психолошки трауми предизвикал распадот на Советскиот Сојуз. Немир, дигресија, пороци, лаги дивеат во годините на транзиција. Толку пластично се опишани состојбите што во одреден период се случија во цел Источен блок што се паметат засекогаш. Кога за нив уште пишува можеби најскандалозниот постмодернист, тогаш може да сфатите каква жестока книга имате пред себе. „Енциклопедија на руската душа“ може да предизвика восхит и непријатна одбивност. Со неа може целосно да се согласите, но може и да ја негирате со негодување. Но оваа книга никого нема да остави рамнодушен.",Фикција,Виктор Ерофеев,Антолог,2010,208,"280,00 Денари"
Помеѓу,"Одлично раскажана приказна на една исклучително современа и актуелна тема – прашањето на иселеништвото, дилемата дали да се живее во сопствената земја или да се емигрира во странство во потрага по некаков подобар живот.
Марко е студент по економија кој заминува во Англија и се населува во големиот индустриски град Бирмингем. Доаѓа со желба да најде начин да го исплати кредитот и почнува да се занимава со градежништо. Наскоро му се придружува и неговата девојка Сандра која е понесена од идеалите за пиење чај на англиски начин. Но стварноста е сосема поинаква. Бидејќи не може да најде работа по струка како учителка, прифаќа да работи на шалтер на автобуска станица.
„Иако главните ликови во книгата се Хрвати, егзистенцијалните дилеми што ги преокупираат Сандра и Марко се слични на прашањата што ги споделуваат голем број луѓе од различни географски средини, вклучително и нашата. Приказната е раскажана на фрагментиран и непретенциозен начин, а сепак се покриени голем број теми поврзани со прашањето на иселувањето, односот кон инаквите, животот на границата меѓу познатото и непознатото, стереотипите што ние ги имаме за другите и стереотипите што другите ги создаваат за нас. Сите овие рефлексивни аспекти се доловени на суптилен начин, низ дијалози или куси одломки природно вклопени во текот на приказната.“
Владимир Јанковски",Фикција,Кристина Гавран,Антолог,2024,160,"300,00 Денари"
Срца од цимет,"Колку далеку можеш да ги закопаш своите тајни? И да ја скриеш тагата? Колку долго може да се извлечеш со лагите? И колку долго можеш да живееш со тоа?
Ова е приказна за тројца најдобри пријатели: онаа што беше убиена, онаа што отиде во затвор и оној што ја бара вистината сите овие години…
Кога имаше шеснаесет години, Анџела Вонг – една од најпопуларните девојки во своето училиште – исчезна без трага. Никогаш никој не се посомнева дека нејзината најдобра пријателка е вклучена на кој било начин во убиството. Но не и Кајзер Броди.
Четиринаесет години подоцна, посмртните останки на Анџела Вонг се откриени. Заклучокот е дека и таа е жртва на серискиот убиец што подоцна убил уште најмалку три жени. И кога сите помислија дека мистеријата конечно е разрешена, започнуваат да излегуваат на површина длабоко закопани мрачни тајни. Она што се случило таа судбинска ноќ е покомплексно и пострашно отколку што некој би можел да претпостави. Опсесивното минато се враќа во смртоносната сегашност.
„Срца од цимет е роман  што ќе ви остави грутка в грло. Совршена комбинација на загадочни ликови, пикантни детали и пресврти што одземаат здив и френетично ве држат во недоумица сѐ до експлозивниот крај.“ – Лиса Гарднер, Њујорк тајмс бестселер-автор",Фикција,Џенифер Хилиер,Антолог,2021,320,"400,00 Денари"
Гаргара со катран,"Во 1968 година советската војска влегува во Чехословачка и животот на младиот сирак Иља доживува пресврт. На почетокот чувствува олеснување бидејќи комунистите ги отстрануваат милосрдните сестри што го водат сиропиталиштето, но, откако децата ќе бидат препуштени сами на себе, редот и дисциплината се заменети со бруталност и хаос. Иља ќе се најде во вителот на суровото насилство. Ќе биде принуден да изврши убиство бранејќи го својот најдобар пријател и ќе ја засведочи смртта на својот брат со посебни потреби. Со пристигнувањето на војската сираците се здобиваат со воена обука. Поради тоа и поради фактот што Иља добро го познава теренот, станува помошник на еден руски тенкист. Заедно се движат сè подлабоко во еден макабричен свет на суровост, морален компромис и вечен срам. Мрачен и хумористичен, романот го прикажува созревањето на едно момче и на една држава.
„Гаргара со катран“ (2005) е прогласен за книга на годината на дневниот весник „Лидове новини“. Бил номиниран и за наградата на британскиот дневен весник „Индeпендент“.",Фикција,Јахим Топол,Антолог,2020,256,"300,00 Денари"
Абраксас,"Абраксас е мистичното име на контрадикторниот бог кој ги отклучува вратите на собите со огледала кои ја разобличуваат реалноста во која живее главниот лик на романот, Мики Луческу. 
Живеејќи осамено и сиромашно во изнајмена соба на едно поткровје, Мики одеднаш го понесуваат сеќавањата инспирирани од влезот и ходниците на станбената зграда од неговото детството. Во тоа чудно здание чувано од два камени лава живеел заедно со неговата мајка – сликарка и силна жена која била олицетворение на силата на природата. Мики почнува да ги отвора сите единаесет станови од зградата, но секогаш наместо во стан, влегува во некое старо кино, каде што гледа филмови во кои тој истовремено е и гледач и протагонист во филмот на сопствениот неуспех и самоуништување. Епизодите се одвиваат во различни точки на времето и просторот, почнувајќи од темните времиња на крстоносната војна на Фредерик Барбароса до постапокалиптичната визија на поплавенииот Букурешт, минувајќи низ Виена на Јаков Леви Морено, Париз на Илари Воронка и низ Њујорк на Делмор Шварц. Од сите овие парчиња, некои јасни, други заматени, полека, но сигурно ја составува душата и карактерот на главниот лик во романот, Човекот. Затоа што Абраксас е и светлина и темнина, и живот и смрт, а во исто време е и љубов и нејзино уништување. Тој е целиот свет.",Фикција,Богдан-Александру Станеску,Антолог,2023,592,"700,00 Денари"
Манипулант,"#6 СЕКТОРОТ Q
Телефонот го буди Карл Морк од утринската дремка во подрумот од полицискиот штаб. Повикот е од колега од Борнхолм, најисточниот дански остров. „На прва топка“ Карл го одбива случајот што му е понуден, но неколку часа подоцна слуша фрапантни вести и чувствува дека нема друг избор освен да го предводи одделението за нерешени случаи на островот и да ја открие вистината за смртта на преубавата средношколка Алберта. Таа пред седумнаесет години исчезнала од училиштето, а потоа била пронајдена како виси на дрво крај патот. Истрагата ќе ги донесе до чуден култ и до неговиот харизматичен водач, човек што е необично привлечен за жените. Во лавиринтот од мистерии и лажни траги, Карл – со своето топло срце, неодоливиот хумор, лудото возење и со детективската интуиција – заедно со своите помошници Асад, Роуз и нововработениот Гордон, тргнува во потрага по убиецот, вешт манипулатор што одбива кој било и што било да му застанат на патот…
Бестселер-авторот, чии книги се продадени во милионски тиражи низ светот, добитник на многубројни престижни награди, Јуси Адлер-Олсен, е клучната фигура на скандинавскиот трилер.",Фикција,Јуси Адлер-Олсен,Антолог,2022,512,"550,00 Денари"
Сеќавање на љубовта,"Едријан Локхарт е психолог што бега од својот живот во Англија и доаѓа во Сиера Леоне, каде што почнува граѓанска војна. Тука тој мора да се бори со жештината, со нечистотијата, со правта, како и со тајните што ги крие оваа загадочна земја.
Сеќавање на љубовта е впечатлива книга за обичните луѓе во невообичаени околности, врвно реализирана и убаво напишана, стравотна и пријатна, непоколеблива и нежна, трогателна и инспиративна. Тоа е книга за четири животи што се преплетуваат; книга за пријателството, разбирањето, простувањето и за неизбришливите ефекти на минатото; за патувањата, соништата, загубата и за самата природа на љубовта.
„Просветлувачка приказна за страста и за предавството.“ – Њујорк тајмс",Фикција,Амината Форна,Антолог,2015,528,"500,00 Денари"
Алцхајмеровиот случај,"„Алцхајмерoвиот случај“ е крими-приказна напишана со брилијантноста на која сме навикнати од Герартс. Винке и Ферстујфт се најдобрите полициски детективи во Антверпен. Кога еден сериски убиец почнува да ги убива најважните директори од градот, тргнуваат во негова потрага. Авторот на романот ни ги открива истражувачките техники на ФБИ, како и научните форензички методи. Книгата заслужено ја доби наградата за најдобар криминалистички роман на фламански јазик
Според „Алцхајмеровиот случај“ е снимен филмот „Сеќавањето на еден убиец“ од 2003 година.
„Уметност со која случувањата добиваат исклучителен допир влевајќи се во врвовите на белгиската политика и срцевината на нејзиното правосудство. Ова е дело што во 2003 година ја оствари својата филмска верзија во режија на Ерик фан Лој, за кој доби пет награди на Интернационалниот филмски фестивал на Фландрија – Гент.“ – Де Стандард",Фикција,Жеф Герартс,Антолог,2014,320,"350,00 Денари"
Лебедот,"Магичната реалност топло влијае врз оваа современа исландска сторија за деветгодишно девојче „што е уапсено поради крадење сендвичи од осум продавници“ и е испратено од својот град на село како казна поради своите дела, инаку типична исландска казна. Меланхоличното девојче патува до Флудасел, селце во кое луѓето се набљудуваат со телескопи. Семејството каде што е сместена има и ќерка, која е трудна и штотуку вратена од факултет, како и помошник што почнува своевидна врска со девојчето.
Местото не е селска идила: девојчето се исправува пред нови и болни чувства и мора да се бори со непознатото во себе и во непознатата околина. Постепено, покорувајќи се на неизбежните ограничувања и проблеми на кои наидува, открива свое парче слобода, исто како и лебедот.
Фатена помеѓу дамнешните традиции и новата технологија и доведена до возбудата што може да ја предизвика стравот, девојката емпатира со животните на оваа фарма, особено со расните коњи по кои е познат Исланд, и најпосле ѝ се случува прочистување што ѝ помага да се помири со огромната безнадежност, главно својство на исландската нација. Контрастот што се развива во романот помеѓу гротескното и убавото, комичното и драматичното, добива неочекувана и моќна завршница.
Авторот Бергсон студирал во Шпанија, така што во својата татковина е познат како преведувач на Габриел Гарсија Маркес. Влијанието јасно се забележува во оваа ретко сензуална, идилична сказна.",Фикција,Гудбергур Бергсон,Антолог,2013,144,"200,00 Денари"
Неточка Незванова,"Со мајсторски стил и длабоко чувство за човековата душа, Достоевски го внесува читателот во најскришните мисли на девојчето кое неусетно се претвора во девојка.
Во форма на лична исповед, приказната ни ги открива премрежјата на Неточка Незванова.
Од најмала возраст таа е принудена да ја запознае сиромаштијата, да ја поднесе смртта на мајка си и да биде напуштена од татко си.
Нејзиното детство го минува во сенката на очувот Ефимов, пропаднат музичар кој смета дека е занемарен гениј и кој на чуден начин ја привлекува. Но од овој пијаница не може да се очекува друго освен да ја искористи и да ја доведе до пропаст.
Кога ќе биде спасена од страна на една аристократска фамилија, Неточка се одлучува од остане аутсајдер – осамен набљудувач на блескавото општество. Почетокот на единствениот незавршен роман на Достоевски е објавен пред да биде уапсен и депортиран во Сибир под сомнеж за револуционерни активности.
По десет години минати таму, и по враќањето во Санкт Петербург, не продолжува со работата над овој важен текст во кој ги прикажува страдањето, осаменоста, лудилото и гревовите кои не одминуваат никого.
Романот ги содржи темите кои доминираат и во подоцнежните дела на рускиот класик.Раскажувајќи ни ја приказната за една фамилија и настаните поврзани околу истата преку ликот на малата Неточка: преселбата од Санкт Петербург во Москва во куќата на Александра Михајловна, едно неочекувано убиство, необичното пријателство со кнегинката Катја, смртта на нејзиниот очув, како и откривањето на тајно писмо, Достоевски во својот недовршен роман Неточка Незванова ја акцентира темата на страдањето на децата, интересите и предизвиците при нивното соочување со општеството во кое живеат.
Неточка Незванова раскажува за своето детство во сенката на очувот, Ефимов, пропаднат музичар кој смета дека е занемарен гениј.
Младата девојка на чуден начин ја привлекува овој пропаднат пијаница, кој ја искористува и го доведува семејството во крајна сиромаштија. Но кога ќе биде спасена од страна на една аристократска фамилија, деликатната психа на злоставената Неточка се одлучува од остане аутсајдер – осамен набљудувач на блексавото општество.
Со приказот на страдањето, самотијата, лудилото и гревовите што ги погодуваат и богатите и сиромашните, ги содржи темите кои доминираат и во неговите подоцнежни романи.",Фикција,Фјодор М. Достоевски,Антолог,2024,208,"350,00 Денари"
Книга на тајни,"Пензионираниот наставник Пиј Фернандес од Дар ес Салам, најнаселениот град во Источна Африка, добива дневник на еден британски колонијален управител од 1913-1914 година, откриен неодамна, a напишан во мугрите на Првата светска војна. Дневникот раскажува интригантна тајна за афера од минатото, а истовремено ја опишува и раната азиска емигрантска заедница во едно погранично гратче. Додека е во потрага по приказната на дневникот и по нејзината тајна, Фернандес сфаќа дека тој не само што ја одгатнува нераскажаната историја на Источна Африка туку и се разоткрива себеси.",Фикција,М. Г. Васанџи,Антолог,2015,336,"300,00 Денари"
Сензибилен раскажувач,"Дванаесет есеи и предавања на Олга Токарчук, собрани на едно место, заедно со нејзиниот говор во Шведската кралска академија при врачувањето на Нобеловата награда за литература, од каде што е преземен насловот.
Ова е единствената книга за која Токарчук имала време да ја напише бидејќи во 2020 година светот подзабави, така што и таа можеше да го направи тоа што е потребно. Книгата е покана да се навлезе во светот на писателскиот занает на самата авторка. Во голем дел од овие есеи, Токарчук ги гледа работите што се случуваат во светот околу нас многу појасно и многу порано од останатите луѓе, така што повеќето од ставовите во збирката се најрелевантните заклучоци за полемиките коишто се водат во светот последниве неколку години.
Покрај тоа што во оваа книга Токарчук ги изнесува своите погледи, таа во нив внесува и една интимна компонента од сопствениот живот. Есеите откриваат автобиографски белешки за нејзиното детство, за тоа што читала во младоста и што чита како возрасен човек, за нејзините патувања, за нејзиниот роден крај и како тој ги оформува нејзините ставови и влијае на романите и расказите што ги пишува. Оваа книга ќе ги заинтересира писателите, преведувачите, филозофите, психолозите, но и читателите кои се во потрага по убав збор.",Фикција,Олга Токарчук,Антолог,2024,240,"400,00 Денари"
Ехо на споделеното лудило,"Елза Вилоу е очајна откако ќе дознае за смртта на својот сакан сопруг.
За чудо, телото го нема никаде – само локва крв и извадено човечко срце во неговиот кадилак. Таа паѓа во очај и е подготвена на сè за да дознае кој и зошто го има убиено Морган и дали тој навистина е мртов. Сосема случајно открива поврзаност помеѓу сопругот и Брент Брајсон – поранешен криминалистички психолог чија осумгодишна ќерка исчезнала под мистериозни околности. Младиот пензионер Брент е чуден, енигматичен, несекојдневен и претерано богат. Уверена дека потенцијалното убиство на Морган и исчезнувањето на Џозефин се поврзани, таа го убедува да започнат потрага по вистината за нивните сакани. За време на патувањето ги откриваат своите мрачни тајни од минатото, се приврзуваат еден со друг, чувствата добиваат предност пред нивната кауза, но и покрај тоа не се откажуваат од целта – да ја дознаат вистината за Морган, Џозефин и нивната поврзаност.
Интересни и мрачни случки, многу лаги и измами, тајни кои испливуваат на виделина, многу љубов и малку еротика, неочекувани пресврти и нераскинлив јазол на поврзаност помеѓу сите ликови кои ги запознаваме додека приказната се развива како на филмска лента.
Никогаш не треба да заборавиме дека ние луѓето сме премногу ранливи и кршливи. А кршливоста резултира со неизбежно лудило. Како да се справиме со лудилото? Дали е подобро да се сподели или треба љубоморно да се чува?",Фикција,Благоја Стојков,Антолог,2024,240,"400,00 Денари"
Смеаториум,"Книга од најплодниот и најобјавуваниот хуморист и сатиричар во Македонија, која ги содржи епиграмите што ги напишал при својот долгогодишен ангажман во редакцијата на списанието за хумор и сатира „Остен“. Како илустрации вклучени се голем број карикатури од Светската галерија на карикатури во Скопје.",Фикција,Живко Павлов,Антолог,2000,160,"300,00 Денари"
Кога лажев за последен пат,"Една мистерија и една вистина закопани под многу лаги се темел на овој брилијантен психотрилер што ќе се поигрува со вашиот ум во текот на целата приказна.
Од летниот камп „Најтингејл“ исчезнуваат три девојчиња што никогаш не се пронајдени. Приказната предизвикува огромен медиумски публицитет, а кампот е затворен…
По петнаесет години, четвртото девојче од друштвото, Ема, веќе позната сликарка од њујоршката сцена, се враќа во повторно отворениот камп за да држи часови по сликање. Ема го гледа ова и како можност да ја реши мистеријата за цимерките, но и да се оттргне од сенките на минатото.
Напнатоста буквално извира од секоја страница, а како што постапно се откриваат важните детали, читателот останува без здив во обидот да дојде до вистината за исчезнувањето на трите девојчиња.
Спектакуларниот крај остава без зборови и во целост прави пресврт на сѐ што дотогаш сте помислиле.",Фикција,Рајли Сејгер,Антолог,2023,400,"500,00 Денари"
Обвинета: Вјера Гран,"Приказната на Владислав Шпилман допре до публиката од цел свет благодарение на оскаровецот „Пијанистот“ на Роман Полански. Онаа на пејачката Вјера Гран е помалку позната. Вјера Гран е полската Марлен Дитрих. Таа била прекрасна, егзотична пејачка ѕвезда од пред Вторатасветска војна, придружувана на пијано токму од Шпилман. Омилена во ноќните клубови на Варшава во 30-тите, продолжила да настапува и во варшавското гето (1941-1942). Додека пијанистот по војната станал херој, наводно криумчарејќи оружје за отпорот, Гран била обвинета дека соработувала со фашистите; жигосана како предавник, „курва на Гестапо“, понижувана, затворана, најпосле била прогласена за невина, но продолжила да биде премолчувана како уметник. Во основа, прогласена мртва и пред да умре, сè додека Агата Тушињска не ја напиша оваа книга. Поранешната пејачка се отвори пред писателката и ја раскажа својата страна на сторијата.
„Знаеме дека оваа книга ќе предизвика скандал.“ – Нувел опсерватор",Фикција,Агата Тушињска,Антолог,2015,368,"350,00 Денари"
Свежа вода за цвеќиња,"Освен вечно актуелните теми – тага, надеж, загуба и љубов, во оваа книга нежно се допираат и сите мали нешта поради кои животот заслужува да се живее, и тоа на место кое навидум им припаѓа на мртвите.
Виолет Тусен е чуварка на гробишта во мало гратче. Нејзиното кафе, нејзината насмевка, но и разговорот со оваа жена со големо срце која секогаш има убав збор за секого, е вистинска утеха за луѓето што за последен пат ги испраќаат своите најмили.
Еден ден се појавува Жилиен Сел, полициски комесар кој има необично барање. Неговата мајка починала неодамна, а нејзина желба била урната со пепелта да ѝ биде поставена во гробот на некој сосема непознат човек. Од тој момент сè ќе се промени.
Приказната за тајната љубов на мајката на Жилиен, како и времето што тој и Виолет го поминуваат заедно, полека ќе го урнат ѕидот што таа со години внимателно го градела околу себе. Бидејќи длабоко во себе и Виолет чува болна тајна. Романот на Перен претставува ода на животот и воспевање на љубовта која не е посилна од физичката смрт, туку е љубов која го победува заборавот и, откако човекот ќе научи да живее со болката, го насочува дека врз тие спомени треба да го гради остатокот од животот.
Романот е преведен на повеќе од триесет јазици, а во подготовка е и мини-серија.",Фикција,Валери Перен,Антолог,2023,448,"600,00 Денари"
МЕШ,"Романот за тројца воени лекари скатено МЕШ е книга за авантурите на една мобилна единица на хирурзи од американската армија (Mobile Army Surgical Hospital) за време на Корејската војна. Веднаш по објавувањето, романот стекнува огромна популарност и набрзо според него се снимени телевизиска серија и филм, кои насмејуваат генерации и генерации луѓе. Поголемиот дел од лекарите, според самиот автор, „го збогатија пеколот на разни начини и степени“. Тоа е така бидејќи, како и повеќето војници, иако обучени, тие се премногу млади.
Овој роман ги отелотвори ликовите на Хоки Пирс, Трапер Џон, Хот Липс Хулијан, Френк Брнс, Радар О’Рајли и другите од дружината што од МЕШ единицата број 4077 направи најоригинално место на земјата.
Предупредување за фановитена филмот и на серијата, ова е оригиналната верзија на оние препознатливи моменти, како совршено наместен фудбалски натпревар, утра накиснати со мартини, сексуални испади, незаборавни упади во недовршено самоубиство –идентично смешни и потресни денес како и во времето пред да станат дел од културата на Америка и на светот.",Фикција,Ричард Хукер,Антолог,2013,240,"250,00 Денари"
Тоа бевме ние,"Роман што вибрира од тага, но и од животна радост, како емотивен удар со тупаница што се однесува на сите нас!
Нахид и Масуд се среќаваат една вечер во Техеран. И двајцата се на осумнаесетгодишна возраст и во себе носат сон за слобода и демократија. Се движат кришум и делат летоци. Започнуваат демонстрации и илјадници луѓе извикуваат пароли на улиците. Но сето тоа станува многу посериозно и понасилно отколку што можеле да си претстават. Со позајмени пари и со лажни пасоши бегаат во Шведска. Го прават тоа заради подобар живот и заради иднината на својата ќерка. Слободата што им недостигала сега ја имаат во изобилие, но што е слобода кога ти недостигаат корењата?
Триесет години подоцна, Нахид има уште шест месеци живот. Или барем така ѝ кажуваат докторите. Исполнета е со нов гнев. Во исто време дознава дека нејзината ќерка е бремена. „Ако го добијам ова, не сакам ништо повеќе.“ Но сè се претвора во трка со времето.
Извонредна приказна за егзилот, раселувањата и емотивните врски меѓу мајките и ќерките, приказна за љубовта, за вината и за соништата за подобро утре. „Тоа бевме ние“ нè тера да се запрашаме: што им оставаме на нашите деца? Што им должиме на тие што ги сакаме? И, дали без корени можеме вистински да бидеме слободни?",Фикција,Голназ Хашемзаде Бунде,Антолог,2022,192,"300,00 Денари"
Пред поплавата,"Тензичен роман за животот во малото гратче, каде што секој има свој придонес за неговото нефункционирање како идилично место. Главна хероина на овој роман е Ана чиј живот е во знакот на различни рокови – да се испорачаат собраните лековити билки или да се достават преведените текстови. Читателот нурнува во книжевно патување кое го води на различни страни – од еден сончев летен ден до ненадеен порој со големи грмежи, од мирисот на старата липа до задушлива болничка соба, од слобода на возење велосипед по опојните планински ливади до таванот полн суви билки, стари звуци и немири кои демнат во мракот. Ана Болава, пишувајќи за мало гратче во Чешка, напишала величествен роман за телото, ранливоста и осаменоста, роман за непрестајната игра на светлоста и на темнината.
А напнатоста расте со секој нов чекор. Ќе се смири ли реката? Ќе донесе ли поплавата примирје? Олеснување? И што потоа? Каков ќе биде животот по поплавата?",Фикција,Ана Болава,Антолог,2023,240,"400,00 Денари"
Смила го чувствува снегот,"ПРОГЛАСЕНA ЗА КНИГА НА ГОДИНАТА СПОРЕД СПИСАНИЈАТА „ТАЈМ“ И „ПИПЛ“!
Смила Јесперсен, половина Данка, половина Гренланѓанка, се обидува да ја растајни чудната смрт на едно момченце што паѓа од врвот на зградата во која таа живее. Полицијата веднаш објавува дека е несреќен случај. Но Смила знае дека нејзиниот сосед не паднал сам од покривот.
Детството поминато на Гренланд ѝ дава можност поинаку да гледа на снегот и, кога ќе сфати дека стапалките на детето покажуваат дека тоа трчало по снегот пред да умре, одлучува да открие кој го бркал. Како што се обидува да ја реши мистеријата така открива редица заговори и прикривања на вистината и сфаќа дека не може никому да верува. Истрагата ја води од улиците на Копенхаген до замрзнатиот Гренланд.
Овој роман е еден од најфасцинантните трилери на сите времиња. Петер Хег стана светски познато име токму како автор на овој бестселер од 1992  година, според кој е снимен и филм во 1997 година. Изданието на англиски јазик е испечатено во тираж од 4 милиони примероци, што претставува вистинска сензација за дотогаш непознатиот дански писател. До денес романот е продаден во над 20 милиони примероци низ светот.",Фикција,Петер Хег,Антолог,2016,478,"400,00 Денари"
Знакот на четворицата,"НАЈПОЗНАТИОТ ДЕТЕКТИВ НА СИТЕ ВРЕМИЊА 
Холмс и неговиот придружник д-р Вотсон откриваат скриено богатство и убиство.
Госпоѓица Мери Морстан пристигнува на улица „Бејкер“ 221б, за да побара помош за мистеријата на нејзиниот исчезнат татко, накитот што го добива од анонимен испраќач, како и за едно писмо во кое од неа се бара да се сретне со непознато лице таа вечер. Шерлок го прифаќа случајот и авантурата почнува. Оригинално објавена во 1890 година, втората приказна за Шерлок Холмс е класичен детективски роман и предвесник на жанрот кој е толку сеприсутен во моментов.
„Вториот роман во серијата за Шерлок Холмс е можност да откриете повеќе за познатиот детектив од улицата „Бејкер“ и за неговите придружници, а и да го следите развојот на уште една мистерија. Во неа има заплети и пресврти и, како што е вообичаено за мистерија во која е вклучен Холмс, дел од нив навистина ќе ве изненадат.“ – Гардијан  
„За оние кои сакаат загадочна приказна која завршува со тоа што виновникот ги објаснува своите постапки, начинот на извршување и мотивацијата, книгата навистина ќе ви се допадне.“ – Ен Логан, книжевен рецензент   
„Забавна и мелодраматична, оваа кратка мистерија кулминира со епската ноќна брканица со бродови по Темза. Не смее да се пропушти!“ – Семи Кокс, автор и блогер",Фикција,Артур Конан Дојл,Антолог,2024,144,"300,00 Денари"
Мостот на Дрина,"Со ова дело во светската литература монументално се воспева мостот во Вишеград како многуслојна врска помеѓу вековите и помеѓу Ориентот и Западот.
Користејќи го овој објект како симбол за вкрстувањето на различните култури и цивилизации, Андриќ ја раскажува приказната за подемите и падовите на империите и за драматичните историски промени и пресврти во босанското општество од крајот на XVI век до почетокот на Првата светска војна, но претставува и редица впечатливи ликови кои се појавуваат и исчезнуваат во лавиринтите на минатото.
Мостот им одолева на виорите на историјата, а со својата величественост и со осамената убавина се воздигнува не само над градот, туку и над времето. Токму тој е главниот лик на овој роман – истовремено и сведок на мноштво засебни човечки трагедии и постојан и неуморен набљудувач на сменувањето на крупни епохи и општествени парадигми. Мостот на некој начин претставува спротивност на човечките судбини кои се минливи во однос на камената градба, која опстојува и покрај сите неприлики.
„Мостот на Дрина“ е еден од најголемите книжевни споменици за животот на луѓето од балканските простори, а во чест на овој роман, со помош на режисерот Емир Кустурица, во 2012 година изграден е Андриќград кој се наоѓа на самото устие на реките Дрина и Рзав во Вишеград.",Фикција,Иво Андриќ,Антолог,2024,352,"550,00 Денари"
Град на девојки,"Интригантен роман за гламурот, сексот и авантурите на една млада девојка среде театарскиот свет на предвоениот Њујорк во 40-тите години на минатиот век.
Откако 19-годишната Вивијан Морис е исфрлена од еден угледен колеџ, нејзините богати родители ја испраќаат да живее со својата тетка Пег, сопственичка на екстравагантен театар во срцето на Менхетен. Тука девојката се втурнува во откривање на харизматичните ликови од волшебниот свет на бурлеската. Времето поминато со нив ќе ја охрабри да го живее животот со полни гради.
Во пенливиот и смел театарски свет на Њујорк во 1940-тите години, Вивијан ќе научи и некои лекции, а горчливо ќе зажали и за направените грешки. За да го живее животот што го сака, таа ќе мора да живее многу животи, непрестајно и генијално приспособувајќи се.
„Град на девојки“ е лична исповед на Вивијан кога има 82 години. Таа конечно отворено ја раскажува својата приказна, но и онаа на жените околу неа – жени што ги кршат социјалните стереотипи на своето време и го пронаоѓаат својот пат до среќата, во век што никогаш не можел да биде во чекор со нив.",Фикција,Елизабет Гилберт,Антолог,2020,464,"550,00 Денари"
Антабус,"„Антабус“ раскажува за насилството над жените преку светогледот на петнаесетгодишната Лејла.
Таа е единствена ќерка во работничко семејство што емигрирало од Анадолија во Истанбул. И наместо на училиште, пратена е да работи во конфекција за да носи пари дома. Лејла почнува да ја живее сопствената трагична судбина и на овие страници ја раскажува непосредно, без китење или сокривање на што и да е. Суровата реалност на Лејла, која живее за да најде начин да избега од ситуацијата во која се наоѓа, нема да ве остави рамнодушни. Моќта на зборот на авторката Серај Шахинер е таква што чувствувате дека и туѓата болка боли.
Театарот „Татбикат Сахнеси“ ја изведува драмата адаптирана според овој роман и во 2016 година ја добива специјалната награда „Џеват Фехми Башкут“",Фикција,Серај Шахинер,Антолог,2024,110,"250,00 Денари"
Добриот љубовник,"По седумнаесет години, еден човек се враќа во својот роден крај во потрага по својата прва љубов. Иако запаѓа во чудни ситуации, оваа потрага завршува успешно и тој се враќа назад со својата старо-нова симпатија. Но токму жената што ќе му помогне да ја пронајде и да ја освои митската цел на страста ќе се вљуби во него креирајќи за него психолошки профил што целосно ќе му го промени животот.",Фикција,Стеинун Сигурдардотир,Антолог,2016,186,"200,00 Денари"
Но и јас,"Лу Бертињак има 13 години, коефициент на интелигенција 160 и способност внимателно да ги набљудува луѓето. Но нејзината семејна ситуација е многу тешка. Мајка ѝ со години страда од депресија и не ја напушта куќата, а татко ѝ поминува денови плачејќи во бањата.
Светот на Лу ќе се промени кога на училиште ќе добие задача да напише есеј за бездомни тинејџери. Запознавајќи ги бездомниците во Париз, ќе ја сретне Но. Меѓу двете девојки се раѓа искрено пријателство. Не можејќи да го поднесе фактот дека Но нема дом и семејство, Лу ги убедува своите безволни родители да дозволат нејзината пријателка да остане со нив. Дури, ќе се обиде да најде дом за Но, меѓутоа нејзините желби сè повеќе ќе се судираат со суровата реалност.
Според оваа книга е снимен и истоимениот филм од 2010 година.",Фикција,Делфин де Виган,Антолог,2021,224,"300,00 Денари"
Седумцрквие,"Седум цркви и серија ужасни убиства. Над Прага се спушта сенката на есента, додека по таен принцип почнуваат да умираат луѓе. Одговорноста паѓа врз невиниот – човек без работа и без иднина, само со способност што не знае да ја материјализира и со љубов кон градот што му умира пред очите. Кој е убиецот, а кој е жртвата? Седумцрквие е мрачен трилер за Кветослав Швах и тоа како тој е поврзан со убиствата во седум катедрали во Прага. Со оваа книга преведена на десет јазици, Урбан се прославил како „црниот витез на чешката литература“.",Фикција,Милош Урбан,Антолог,2016,288,"300,00 Денари"
Срце на тротоарот,"Делото „Срце на тротоарот“ е автобиографска збирка раскази, кои добиваат своја форма по враќањето дома од патешествијата на американскиот континент на авторката.
Првиот дел го сочинуваат раскази проткаени со лични видувања, додека расказите од вториот дел се создадени врз основа на разговори на пет девојки, кои може да се наречат коавторки на делото.
Секој расказ е внимателно избрана епизода или епизоди од секојдневјето на протагонистите, чија намера е да ги ослободи од заборавот. Тоа се настани и размислувања со кои се соочиле во текот на својот престој и работа во САД.
„Ракописот Срце на тротоарот е солиден прозен текст од талентирана млада авторка, кој е добредојден на македонската книжевна сцена, и токму поради тоа срдечно и со одговорност го препорачувам.“
Ѓоко Здравески",Фикција,Адријана Ананиева,Антолог,2016,96,"200,00 Денари"
Појадок кај Тифани,"„Најдоброто нешто што го изнајдов е едноставно да влезам во такси и да отидам докај Тифани. Веднаш ме смирува – мирнотијата и достоинствената атмосфера; таму не може да ти се случи ништо лошо, не може, со тие љубезни мажи во убави костуми.“
Романот мајсторски ги прикажува многуте слоеви на прекрасната и мистериозна Холидеј Голајтли. Преку необичното пријателство со соседот писател во 1940-тите години во Њујорк се гради моќна приказна за суштината на поврзаноста меѓу луѓето и чувството на припадност. Холи е лик на вечен сонувач или, како што Капоти ја нарекол, „нетипичен романтичар“. Таков роман напишал и тој: веројатно најоригиналната книга за љубовта што не е класична љубовна приказна!
Холи е девојка со слободен дух, а со темните очила и надворешниот изглед е апсолутна сензација каде и да се појави. Иако нејзиниот свет е свет на забави со милионери и „селебрити“, никогаш не се откажува од својот најголем сон – да најде вистинско место, како „Тифани“, каде што ќе најде мир за себе.
Филмската екранизација со Одри Хепберн во главната улога направи од „Појадок кај Тифани“ едно од најзвучните и најспомнувани уметнички дела на сите времиња. Романот децении и децении влијае врз книжевноста, филмот, модата, музиката и популарната култура во целина. Половина век „Појадок кај Тифани“ е омилено уметничко дело меѓу фановите од сите генерации, претворајќи се во голем мал класик!",Фикција,Труман Капоти,Антолог,2021,128,"250,00 Денари"
Пресметка,"Малата Вака седи на студените скали пред своето ново училиште. Родителите веројатно заборавиле да ја земат. Немајќи избор, останува на скалите да чека. Но не е сама. Ѝ се придружува девојче од нејзиното одделение, кое веднаш го препознава поради необичната појава: му недостигаат два прста на едната рака. Девојчето дава предлог. Вака да го искористи телефон во домот на девојчето, а потоа ќе одат да си играат во собата на Вака. Но, откако ќе влезе во нивната куќа, веќе никогаш нема да излезе.
Дванаесет години подоцна, во истото училиште е пронајдено писмо со иницијали на луѓе што треба да умрат во 2016 година. Како овие настани повторно ги спојуваат детективот Хулдар и психологинката за деца Фреја? Каква е оваа пресметка?
По „ДНК“, втора книга од серијата „Детската куќа“.
*Книгата е достапна со потпис од авторката. Во коментар за нарачката нагласете доколку сакате да добиете потпишан примерок.",Фикција,Ирса Сигурдардотир,Антолог,2019,352,"400,00 Денари"
Систем на сетилности,"Овој „систем“ се протега низ повеќе од дваесет и пет години и се менува во настанокот, темите, стилот и изворниот јазик (македонски/германски) на текстовите.
Нараторот се менува, некогаш е во прво, некогаш во трето лице, а она што преовладува е меланхолично расположение, сетилности, вљубеност, чувства, доживувања, како во расказите: „La folie“, „Сеќавање на времето кога дрвјата абортираа гранки“, „Суровоста на љубовното постоење“, „Приказна што остава без здив или Сценарио за еден здив“. Друг дел од текстовите се општествено-критички со видлива доза иронија, директност и хумор, како: „Мизантропија денес!“, „Кршливата иднина на една порцеланска фигура“, „Сениште со маска“.
Сè на сè, „Систем на сетилности“ е книга што во препознатливиот стил на Елизабета Линднер Костадиновска прави моќен книжевен засек во сетилниот и менталниот систем на читателот.
Александра Димитрова
Расказите напишани на германски јазик се од подоцнежното творештво на авторката, некои се веќе објавени, како: „Мојата службена лудачка кошула“, „Службеничка блокада. Женскијанска“, а некои се објавуваат најпрвин во превод на македонски јазик, како постмодернистичкиот „Позната како Алис Шварцер“, и утопистичкиот „Црна Земја“. Преводот е на авторката, која од 2004 година е активна како книжевен преведувач од германски на македонски и досега има објавено околу 30 наслови.
„Мислите кои сетилностите ги обликуваат се најиндивидуалното нешто што човекот го поседува. Системот на сетилности е комплексен, но главните проводници се мислите… Тие може да бидат слични, но секако не се сосема исти. Сепак, надворешниот систем, политички, планетарен, природен… влијае врз нив, но и космичкиот, и мистичниот, и непознатиот систем имаат свој удел.“
„Ќе почнеш да го откриваш системот, за да сфатиш дека е фаличен на многу места и дека ќе мора сама да го поправаш, доколку сакаш да ја спознаеш неговата вистинска функција. Преку реконструкција. Не само системот на сетилности, сите системи се фалични.“",Фикција,Елизабета Линднер Костадиновска,Антолог,2023,112,"300,00 Денари"
Куќа од хартија,"Приказната е раскажана од страна на еден професор во Кембриџ. Негова колешка само што загинала во сообраќајна несреќа, а тој по пошта добива книга потпишана од неа.Заинтригиран од оваа необична пратка, започнува потрага што го води до Јужна Америка.",Фикција,Карлос Марија Домингес,Антолог,2015,80,"200,00 Денари"
Враќањето,"Луанда, главниот град на Ангола, 1975 година. Деколонизацијата поттикнува омрази, поттикнува и војни. Белците заминуваат и наскоро половина милион луѓе ќе пристигнат во Португалија. Револуционерниот процес е на самиот врв, а повратниците се пречекани дома со недоверба и со непријателство. Повеќето немаат каде да одат. Руи има 15 години и е една од нив.
Лисабон, главниот град на Португалија, 1975 година. Речиси цела година Руи и нејзиното семејство живеат во соба во хотел со пет ѕвездички, но ситацијата е далеку од блескава и се влошува секој изминат ден. Адолесценцијата станува исчекување на стравот од станувањето возрасен: да се навикнеш на очај и на гнев, да ја осознаеш љубовта, да се измисли надеж, иако си некаде каде што мораш да си – да се вратиш, но во вистинскиот дом.",Фикција,Дулсе Марија Кардозо,Антолог,2014,224,"200,00 Денари"
,"„На плоштадот Дијамант“ е историски и психолошки роман што го опишува секојдневјето на обичните луѓе. Дејството се одвива во населбата Грација во Барселона, Шпанија, и ја раскажува сторијата на Наталија, жена како и многуте други на кои војната им ја уништила сета надеж. Таа прифаќа сè што животот и сопругот ѝ го наметнуваат. Дури и тоа да ѝ го сменат името во Гулабица. Но сето тоа завршува по граѓанската војна. Наталија ќе се побуни против сето она што смета дека е неправедно, а една од главните битки е да си го врати своето вистинско име.
Како и во другите нејзини романи, авторката игра со симболите. Гулабите што Наталија ги чува дома ѝ служат на Родореда како симболичен елемент да ја прикаже еволуцијата во живототот на главниот лик.
Според овој роман е снимен истоимениот филм во 1982 година.",Фикција,,Антолог,2014,192,"220,00 Денари"
Мртва ладна,"#2 АРМАНД ГАМАШ
Во бајковитото село Три Пајнс во Квебек, додека селаните се подготвуваат за Божиќ, некој се подготвува за убиство. Главниот инспектор Арманд Гамаш е повикан да ја истражи причината за грозната и необична смрт на една жена. Не му треба многу време да сфати дека госпоѓата Сиси де Поатје не била омилена. Но, и покрај тоа што сите ја мразеле – меѓу кои и нејзиниот сопруг, љубовникот и ќерката – како е возможно никој да не види како се измачува од електричен удар среде подмрзнатото езеро? Инспекторот длабоко копа во случајот за да дознае каде лежи вистината. Набргу сфаќа дека и тој си создава непријатели. Со доаѓањето на страшните зимски ветришта, надоаѓа нешто уште пострашно. Во следните денови уште два смртни случаи ќе се најдат пред брилијантниот детектив Арманд Гамаш, легенда од рангот на Херкул Поаро и Шерлок Холмс!",Фикција,Луиз Пени,Антолог,2018,360,"400,00 Денари"
"Смртта на Иван Илич, Кројцерова соната, Отец Сергиј","„Смртта на Иван Илич“ (1886)
Од детството, па сè до крајот на неговиот живот, Иван Илич честопати се соочува со клучното прашање: „Како живеев?“ Токму ова прашање ја сублимира сржта на раскажувачкиот глас на Толстој кој мајсторски нè поттикнува да го ставиме прстот на чело и да размислиме за нашите постапки кон самите себе, кон нашите блиски, но и кон животот.
„Кројцерова соната“ (1889)
Преку разговорот на Позднишев со непознат странец во возот, читателот се запознава со причините кои го навеле во бран на љубомора и гадење да ја убие својата сопруга. Покрај острата општествена критика за нееднаквоста на половите, Толстој поставува негативен став и кон сексуалноста, сметајќи дека таа кај човека ги побудува животинските нагони и поттикнува на злосторства, нешто што може да се спречи единствено со апстиненција. Делото го носи името на истоимената соната за виолина и пијано на Лудвиг ван Бетовен.
„Отец Сергиј“ (1911)
Младичот Степан Касацки доживува морална навреда, по што закрила бара во руското православие и се замонашува. Во наредните години неговиот живот станува потежок, проследен со искушенија, по што тој почнува живот на пустиник. Една вечер го посетува жена чија појава го поткопува самотниот живот на јеромонахот. Соочен со соблазна, отец Сергиј го напушта манастирот и ја бара Пашенка, по што се среќава со потешки подвизи, кои стануваат мерило на неговата вера во Бога.",Фикција,Лав Н. Толстој,Антолог,2024,220,"400,00 Денари"
Мементо за Истанбул,"Каков воодушевувачки и брзочитачки детективски роман од перото на турскиот Агата Кристи. Мртво тело со античка монета во дланката е пронајдено покрај споменикот на Ататурк во стариот дел на Истанбул. Но тоа нема да биде единствената жртва и наскоро зачнува потрагата.
Инспекторот Невзат и помошниците ги бараат убијците што грабнуваат луѓе, им го пресекуваат гркланот, ги изложуваат на места со туристичко значење за Истанбул, а во дланките им оставаат парички од историскиот период на кој сакаат да го насочат вниманието.
Интересно е што секоја жртва ја поставуваат така што ќе покажува во правец кон местото каде што ќе ја најдат следната.
И, при сето тоа, не оставаат ни најмала трага. Бестселер-приказна со која патуваме во времето. Седум убиства, седум владетели, седум монети и седум историски споменици, поврзани преку историјата на еден од најтаинствените и најимпресивни градови во светот.",Фикција,Ахмет Умит,Антолог,2014,572,"500,00 Денари"
Ветрогонот Бабукиќ и неговото време,"Главниот лик на филмот „Терминал“ бил заробен на аеродром девет месеци, а херојот од новиот роман на Миљенко Јерговиќ патува со авион низ целиот свет цели триесет години.
Се вика Бабукиќ, а во светот тргнува со почетокот на нашата последна балканска војна. Бега од Загреб, од работата во ЈНА и од трудната љубовница, преку Љубљана, некаде далеку, што подалеку. Веќе на првиот лет за Франкфурт, стекнува чудна дарба да го научи секој јазик веднаш штом ќе го слушне и сите – од цариници и стјуардеси до обични патници – неизмерно да му веруваат.
Авантурите на Бабукиќ се споредливи само со оние на Дон Кихот. Обиколувајќи го светот безброј пати, а никогаш не излегувајќи од аеродром или од авион, тој внимателно ги слуша неверојатните приказни на луѓе од сите раси и религии – од дагестанската вештерка, преку шведскиот антрополог Олсон, до Динко Микуличиќ, синот на најпознатиот убиец на УДБА, со кого на белградскиот аеродром ќе го дочека крајот на светот.
„Ветрогонот Бабукиќ и неговото време“ е современ пикарски роман, кој ги отсликува нашите стравови, немири, опседнатоста со секс, озборување и алкохол. Јерговиќ напишал дело во кое неговиот лик, истовремено грижлив и суетен, плашлив и храбар, е вистински херој на нашето време.",Фикција,Миљенко Јерговиќ,Антолог,2022,416,"500,00 Денари"
Дневникот на Демон Џонс,"Прв дел: Кошмарите
Меѓу пукнатините на реалноста и имагинацијата, Демон Џонс со сигурност знае само дека е маѓепсник. Неговата моќ да создава магиско оружје ја крие со години, но откако се запознава со други маѓепсници, неговата тајна е откриена. Сега тој е прогонуван заедно со другите маѓепсници од групата убијци наречени Витези, кои сакаат да ги истребат сите кои се поврзани со магијата, но и од човекот со сини очи кој еден ден се појавува во неговиот дом и се обидува да го убие. Демон ги спасува оние маѓепсници кои не знаат за Витезите, но внатре во себе крие ужасни тајни од своето минато, кои го спречуваат да продолжи да помага. Тајни кои се причина за неговото чудно однесување и постојано молчење. Тајни кои го имаат привлечено ѓаволот од неговите кошмари. Тајни на кои ни самиот не се сеќава.
Навечер, кога ноќта ќе го скрие од сите други, тој започнува да пишува дневник. Дневникот на Демон Џонс.",Фикција,Маша Тодевска,Антолог,2023,176,"350,00 Денари"
Викендичка со базен,"Кога лекувањето на познатиот актер Ралф Мајер ќе тргне во погрешна насока и тој умира, доктор Марк Схлосер мора да дојде до некои одговори. Иако лично не е премногу засегнат од смртта на актерот, угледот е сè во неговата професија. Марк знае дека не може вечно да се крие од вистината.
Сè почнува минатото лето. Докторот, неговата сопруга и нивните две убави ќерки тинејџерки поминуваат една недела на Медитеранот, во викендичката на семејството Мајер.
Покрај домаќините тука се уште и филмскиот режисер Стенли Форбс и неговата млада девојка. Друштвото ужива во сончевите денови, доброто вино и излетите на плажа, но, кога еден насилен настан ќе ја наруши идилата, се откриваат мрачните пориви и одеднаш никому не може да му се верува. Прекрасното летување се претвора во кошмар, а на површина испливува и поврзаноста меѓу подоцнежната смрт на Ралф и вознемирувачката реалност скриена зад летната трагедија.",Фикција,Херман Кох,Антолог,2020,320,"400,00 Денари"
Обвинета,"Славенка Дракулиќ повторно пишува за болката, но овој пат во прв план не е физичка болка, туку длабоката емоционална траума.
„Обвинета“ е роман за злоупотреба во семејството, за мајките што ги малтретираат своите ќерки. Секако, во име на љубовта.
Мајката се омажила и покрај спротивставувањето на семејството, но бракот се распаднал многу бргу по раѓањето на детето. Родителите ѝ дозволуваат на својата ќерка повторно да живее со нив, но под еден услов–мора да ги прекине сите контакти со поранешниот маж. Кога таа ја обновува врската со него, се затвора во неверојатен круг од болка и страдање – ќерката е често параван за нивните средби, но потоа мајката вложува силни напори да ја спречи на кој било начин да издаде дека се виделе. Методите на тренингот и казните за пропустите се застрашувачки, а фасцинантен е погледот во свеста на жртвата, која безнадежно се прпелка во мрежата од љубов и болка.
Потресен и вознемирувачки роман, кој многумина го прогласија за врв во опусот на Дракулиќ.",Фикција,Славенка Дракулиќ,Антолог,2022,176,"300,00 Денари"
Враќањето во Панџруд,"Долг е патот од Бухара до Панџруд, особено ако го врви слеп старец. Добра околност е што по патот го води момченце – каде да се најде подобар прудружник? Чекор по чекор, го поминуваат патот што им е предодреден, и чекор по чекор станува јасно дека не е момчето она што гледа, туку старецот; и не го води водичот слепиот, чувајќи го од ненадејните средби и опасности на патот, туку слепиот – на водичот малку по малку му ги открива тајните на животот. Главниот херој на романот е – великиот персиски поет Абу Абдалах Џафар ибн Мухамед Рудаки (858-941).",Фикција,Андреј Волос,Антолог,2015,490,"400,00 Денари"
Војна и терпентин,"Урбан Мартин оставил два нотеса зад себе. Тие го откриваат целиот негов живот. Живот на уметник, војник, љубовник и на некој што ја преживеал Првата светска војна. Овие нотеси се откриени 30 години подоцна од страна на неговиот внук, писател, кој преку нив воздигнува еден свет што исчезнал. Тоа е периодот на крајот на деветнаесеттиот и почетокот на дваесеттиот век. Период што за Урбан Мартин е исполнет со голема сиромаштија, воени ровови, губење на љубената, многубројни премрежиња, до живот на скромен верник и исклучителен сликар. Во своите нотеси тој пренесува речиси половина век, а со своите описи и големата љубов моќно одѕвонува и сто години подоцна. Борејќи се со оваа приказна, внукот поминува низ годините, барајќи начин да ја разбере сопствената улога во времето.
Преполн со живописни детали, размисли за сликарството и за музиката, овој фасцинантен дијалог меѓу мртвиот сликар и неговиот внук е драгоцена средба на минатото што сме го заборавиле и на сегашноста што сè помалку ја разбираме.
Вешто изработена како ренесансна фреска, Војна и терпентин слика извонреден портрет на еден човек, откривајќи како еден живот може да одекнува низ вековите.
Романот е преведен на повеќе од 20 јазици, а списанието Њујорк тајмс го вброило во десетте најдобри книги за 2016 година. Книга што се сака и не може да се заборави!",Фикција,Стефан Хертманс,Антолог,2018,320,"350,00 Денари"
Јуда,"Уште едно маестрално дело на Амоз Оз во кое доаѓаат до израз неговата генијалност и проучување на човечкиот ум со сите негови противречности. Романтичен и трогателен, ова е роман полн со меланхолија, но и хумор и мудрост, низ кој се испреплетени историјата и религијата.
Ерусалим, 1959 година. Шмуел Аш, студент на Хебрејскиот универзитет и млад проучувач на Библијата, се чувствува изгубено. Семејството му е на раб на финансиска пропаст, неговото истражувачко дело е во криза, а девојка му решава да се омажи за претходното момче. Во моментот кога треба да го напушти Ерусалим, наидува на оглас и одлучува да ја прифати работата како негувател на генијалниот, но зајадлив старец, Гершом Валд.
Меѓутоа, во неговиот дом е присутна и една таинствена личност. Аталија Абрабанел, преубава жена во четириесеттите години и ќерка на починат водач на ционистите, го заведува Шмуел, држејќи го истовремено и на дистанца. Малку по малку, старата камена куќа и тројцата отпадници што живеат во неа почнуваат да ги откриваат своите тајни.
Љубовна приказна и роман за растењето. „Јуда“ ни дава несекојдневен поглед на состојбата во Израел и на новозаветната приказна. Низ целиот роман се провлекуваат прашањата: Кој бил Јуда, дали бил предавник, а кој е Исус, дали тој бил христијанин или Евреин? Со или без Јуда, секој Евреин во очите на верниците и понатаму останува олицетворение на предавството. Еден од највлијателните романи на Оз.
„Амос Оз повторно ни ја покажува својата генијалност.“
Гардијан",Фикција,Амос Оз,Антолог,2020,299,"350,00 Денари"
Интимен живот,"Пред нас се открива животот на Марија Кристина, прекрасната четириесетгодишна поранешна манекенка и сопруга на актуелниот премиер на Италија.
Според медиумите и социјалните мрежи, таа е најубавата жена на светот, иако животот не ѝ бил секогаш лесен и претерано наклонет. На почетокот како читатели ја мразите оваа жена, затоа што е привилегирана, убава и богата, но како што се одмотува приказната, сфаќате дека почнувате да ја сожалувате. И дека веќе сте ја засакале. Марија Кристина е жртва на консументското општество, гладно за афери и за скандали, кое е спремно да ја проголта, но таа наоѓа сила и храброст да му се спротивстави и да не подлегне на подлите закони на медиумската тортура. Нејзиниот „интимен живот“ е драматичен, збунувачки и застрашувачки, но разоткриен во сета негова веродостојност и убедлива автентичност. Аманити повторно се претставува како мајстор на општествената сатира, и тоа на онаа најактуелната, поврзана со феномените на инстант културата, социјалните мрежи, стереотипите и нивните разобличувања.",Фикција,Николо Аманити,Антолог,2024,272,"400,00 Денари"
Книга на летото,"„Книга на летото“ е магичен роман, дестилат на суштината на летото. Софија, шестгодишно девојче, и нејзината баба го минуваат летото на мал остров во Финскиот Залив. Шетаат заедно покрај брегот и во шумата, изработуваат бротчиња од кора од дрво, создаваат една мала Венеција, ги проучуваат тамошните бубалки. Како што минува времето, тие учат да се приспособат една на друга. Туве Јансон опфатила голем дел од своето животно искуство и дух во оваа книга, која ѝ била омилена од оние што ги напишала за возрасни. Полна со хумор и со мудрост, „Книга на летото“ е прослава на животот.
„Прекрасна книга за читање на сонце.“ – Индепендент, „50 најдобри книги за во лето“",Фикција,Туве Јансон,Антолог,2016,144,"200,00 Денари"
Преживеаните девојки,"Три девојки, три масовни убиства и… една тајна.
Пред десет години студентката Квинси Карпентер оди на одмор со пет пријателки и се враќа сама: таа е единствената преживеана од масакар како од хорор-филм. Преку ноќ станува дел од клуб во кој никој не сака да припаѓа – група од девојки со слично минато, наречени „Преживеаните девојки“. Покрај Квинси, тука се и Лиза и Саманта. И трите се обидуваат да ги остават кошмарните сеќавања зад себе и, наспроти обидите на медиумите да ги соберат на исто место, не сакаат да се сретнат. Сè додека Лиза, првата „преживеана девојка“, не е пронајдена мртва во нејзината бања, со пресечени вени а Саманта не се појави во домот на Квинси.
До овој момент тие мислеа дека колежот што го преживеаја е најлошто нешто што им се случило во животот.
Првиот роман на Рајли Сејгер е национален и интернационален бестселер, објавен во повеќе од дваесет земји и добитник на наградата ITV за најдобар роман во категоријата трилери.
Книга што се чита одеднаш, што не се испушта од рака од првата до последната страница!",Фикција,Рајли Сејгер,Антолог,2023,367,"500,00 Денари"
Младата Сопруга,"Некаде сме на почетокот на минатиот век. Ветената Сопруга е млада, пристигнува оддалеку, а Семејството ја пречекува во елегантната резиденција надвор од градот. Синот не е тука, отсутен е бидејќи се грижи за зделките на успешното текстилно претпријатие. Испраќа необични подароци. А Сопругата го минува времето во куќата во која владеат ритуалните навики, особено бескрајните и богати појадоци. Таму преку ден владеат возбудата, радоста, полетот, директно пропорционални на вознемиреноста, на грчот во ноќните часови, бидејќи, како што вели легендата, во текот на повеќе генерации, токму тогаш мажите и жените од семејството умираат.
Роман за чекањето, за пишувањето, за телото. За љубовта и за тоа како да ја преживееме. За оние што сакаат да учат од книгите, оваа книга нè учи дека нашите тела ни го диктираат животот. Големо враќање на апсурдните ликови на Барико: чекаат некого, и ние заедно со нив. Времето на чекањето се мери со поседување апсурдни предмети. Оваа книга е метароман и, како и најдобрите дела на овој писател, не сака да ни посоветува ништо. Но поставува многу прашања. За чекањето, за пишувањето, за телото. А најмногу за сексот. И, се разбира, за смртта. За правилниот начин да се умре. Со стил, дури и со духовитост.",Фикција,Алесандро Барико,Антолог,2019,176,"250,00 Денари"
Крајот на приказната,"Ова е приказна на две жени: револуционерна милитантка што се поставува во служба на каузатата и една надежна писателка што има намера да ја испише кошмарната стварност на својата генерација. Оваа книга е синоним на жената како бунтовник. Од една страна е жената борец што реално и ангажирано оди наспроти системот и политиките на својата држава, а на друга страна жена творец што од историјата на своето време и од приказните на своите претходници го крева гласот на борба против неправдите.",Фикција,Лилијана Екер,Антолог,2014,192,"200,00 Денари"
Препишано од животот,"Збирка што содржи кратки прозни минијатури, новелети, како и куси раскази, пред сè со хумористично-сатирична содржина. Компонирана е од три целини: „телеграфски“, „флуорографски“ и „монографски“, распоредени  по овој редослед според должината: од првите – со по неколку редови, до „најголемите“ – со по 5-6 страници.
За сите нив, во оној свој, би рекле, себесвојствен и препознатлив стил, Александар Кујунџиски неодамна даде ваква изјава за „Би-би-си“: „Јас не сум нивниот автор. Тоа се чисти плагијати! Нивниот автор е Животот, а јас само ги препишав од него!“",Фикција,Александар Кујунџиски,Антолог,2015,80,"200,00 Денари"
Се гледаме наскоро. Е.,"Драгана Евтимова и Владимир Лукаш преку нивните писмописци и раскажувачки гласови – Еписторија и Еписторие, соодветно успеваат во епистоларниот роман, освен реалистичната постапка и секојдневието, да вметнат и нота на надрализам, микрораскази од руски тип налик на оние на Хармс, извадоци од весници и списанија, книжевни критики, па сè до делови кои личат како репортажи од National Geographic. Сето ова придонесува овој роман да се чита и како дневник и како размена на електронска пошта и како лексикон на значења и долги прошетки по сферите на реалното, надреалното, магичниот реализам, чудесното и фантастичното. Роман, кој се испишува од психолошките игри и симулации на живот на Еписторие и Еписторија, двата влога на еден ист совршен јин-јанг карактер.
Убавината во роман „Се гледаме наскоро. Е.“ е во тоа што може да се препрочитува неколкупати и одново да се откриваат симболите и алузиите во приказните. А овој роман е дефинитивно „хипервитамизиран“ со тоа. Се добива чувство дека пред себе имате исто дрво, кое во различни сезони раѓа различни цветови и плодови.- Душко Крстевски",Фикција,Владимир Лукаш,Антолог,2017,144,"250,00 Денари"
Книга за Бланш и Мари,"Кратко време пред Марија Кири да стане првата жена добитничка на две Нобелови награди, една од асистентките во нејзината лабораторија, Бланш Витман, преживеала три ампутации, ги изгубила левата рака и двете нозе поради радиоактивните материјали на кои била изложена.
Бланш само што се вратила кај Мари од болницата „Салпетриер“, каде што своевремено била буквално пациент ѕвезда. Бланш била „кралица на хистеријата“, една од жените што биле бесплатно прегледувани од страна на познатиот доктор Шарко.
Тој предизвикувал кај нив напади на грчење со притискање на одредени места на телото – за што, се разбира, имал одредена шема. Потребата да се притиснат, на пример, јајчниците објаснува зошто жените морале да бидат разголувани. Сите ги доживувале овие смотри на хистеријата, кои биле колку насилни толку и запрепастувачки креативни, мошне сериозно, дури и тогашниот асистент на Шарко, младиот Зигмунд Фројд.
Ова е навистина моќна приказна, можеби мислите дека е доволна да се напише најмалку една книга – но Енквист оди понатаму, преку Бланш, како врховна жртва, го воведува ликот на Марија Кири, која всушност најмногу и го интересира.",Фикција,Пер Улов Енквист,Антолог,2016,260,"300,00 Денари"
Тетка Маре,"Современата Ана Каренина се вика Тетка Маре и не треба да скока под воз. „Неверството е банална забава за женските романи“, тврди Тетка Маре (или Марина), бивша учителка по руски јазик и литература, во сегашноста лектор на дневен весник и хероина на истоимениот роман на Маја Кучерска. Неочекувано, таа ќе се најде во средиштето на настаните: љубовна врска што таа ја посакува, исто колку што се срами од неа, задушлив семеен живот, налудничав ритам на работата во весникот… Случајно добива писменце од селски учител: бавен живот на провинциски град, слики на исчезнатиот руски живот, сцени од панаѓурот во Нижни Новгород и чајните плантажи во Цејлон.",Фикција,Маја Кучерска,Антолог,2015,432,"350,00 Денари"
Крцкање на скалите,"Кога телото на една жена е пронајдено покрај светилник во исландскиот град Акранес, набрзо станува јасно дека локалците ја познаваат.
Главниот полициски истражувач во случајот, Елма, која се вратила во Акранес по пропаднатата врска, со своите колеги Сејвар и Хурдур почнува истрага што открива шокантна тајна во минатото на мртвата жена, која одекнува до ден-денес…
По серијата откритија што ги прават, Елма и нејзиниот тим обелоденуваат серија долгокриени злосторства што ја потресуваат целата заедница. Чепкајќи низ урнатините на уништените спомени на граѓаните, тие мора да ги избегнуваат сè посериозните закани и да ја донесат правдата… пред да биде предоцна.
Романот ги добил наградите „Blackbird“ за криминалистичка литература и „Storytel“ за најдобра аудиокнига на Исланд во 2018 година.",Фикција,Ева Бјорг Ајгисдотир,Антолог,2021,320,"400,00 Денари"
Spectator (VI издание),"„Набљудувам.
Патувам и го набљудувам светот.
Патувам низ светот за да ги набљудувам луѓето.
Нивната љубов, патувам низ нивната љубов, воздишки, тага и разделби, нивните радости и возбуди.
А дома сум.
Го читам Spectator, го читам Жарко Кујунџиски.
И треба да кажам нешто за книгата.
Јас не сум книжевен теоретичар. Кога пишувам сум писател, кога читам сум читател. Но, кога зачекорив во светот на Spectator, станав нешто трето, станав читател што во себе раѓа писател, затоа што читав и сонував свет што и јас сакам да го надградувам. Затоа што Spectator секојдневјето го прави волшебно и ти дава можност и ти како читател да се искреираш во книгата. Да се бараш себеси, својата љубов, онаа што завршила, онаа што наскоро ќе се роди.
Ако никогаш не ви паднало на ум како изгледа ДНК на љубовта, Spectator ви ја нуди таа лекција. Тука ќе ги најдете биологијата на човечката љубов, хемијата на еротиката, физиката на страста.
Затоа доста читате што јас сум нашол читајќи го Spectator. Седнете и читајте го Spectator. Знам дека ќе го најдете тоа што ви е потребно.“
Александар Русјаков",Фикција,Жарко Кујунџиски,Антолог,2013,144,"200,00 Денари"
Сè што изгубивме во огнот,"Дванаесет раскази во кои вешто се спојува аргентинското секојдневје, обликувано од крвавите траги од суровоста, грабнувањата и убиствата во бурното минато, со натприродните елементи.
Во книгата се распостилаат моќни приказни за патолошки личности, сериски убијци, мајка што го продала детето за да преживее, туристи што ги посетуваат местата на најтешките злосторства за разонода, ќе прочитаме за животот на луѓето во опасните и бедни квартови, полициската бруталност, за локалните празноверија и обичаи.
Последниот расказ, по кој воедно е и насловена книгата, ја раскажува историјата на група жени што решиле да се самозапалaт откако други жени загинале фрлени во оган од своите партнери. Инспирација е вистинскиот случај на фемицид на Ванда Тадеи, која починала неколку дена откако сопругот ја запалил.
Расказите не даваат одговор за судбината на ликовите, читателот не дознава кој е човекот што наведува една девојка да се самоповредува, што се случи со девојката што ја одведе напуштената куќа, кое е момчето со крвави заби што седи на креветот или каков е тој порив на жените за самозапалување како порака кон заканата од насилство. Се чини дека светот едноставно има потреба од жртви.",Фикција,Маријана Енрикез,Антолог,2024,176,"350,00 Денари"
Затворениот ковчег,"Леди Ателинда Плејфорд е една од омилените авторки на книги за деца. Таа приредува забава на својот имот. Тоа не е обичен собир. Додека гостите пристигнуваат, леди Плејфорд го повикува својот адвокат за да го измени тестаментот и сето тоа да го соопшти во текот на вечерта. Одлучува да ги лиши сопствените деца од сè, а целото богатство да му го остави на некој кому му остануваат сè на сè неколку недели живот.
Меѓу гостите се и двајца мажи што дотогаш ги нема сретнато  белгискиот детектив Херкул Поаро и Едвард Качпул, инспектор од Скотланд Јард. Ниту еден од нив не знае зошто е повикан. Поаро се прашува дали леди Плејфорд очекува да се случи убиство, но не може да сфати зошто таква провокација кога се знае дека можниот убиец е меѓу присутните?
Кога убиството навистина ќе се случи, и покрај сите обиди на Поаро да го спречи, ќе може ли славниот детектив да ја открие вистинската причина зошто леди Плејфорд ја направила драстичната промена во тестаментот? И, ќе може ли да го открие вистинскиот убиец?
„Типична Агата… Ја доловува суштината на оригиналот без да биде евтина имитација… Се појавуваат траги, но случајот останува неодгатнат. Обожавателите на Агата Кристи ќе се воодушеват од познатата остроумност и замрсените индиции што водат до расплетот.“
Вашингтон пост
„Идејата на Софи Хана за оваа приказна е толку привлечна, а нејзината страст кон делата на мојата баба толку силна, што навистина сфативме дека е вистинското време да се напише нова книга за Поаро.“
Метју Причард, внук на Агата Кристи",Фикција,Софи Хана,Антолог,2020,320,"400,00 Денари"
Украдени души,"#2 Дора Гудмундсдотир
Зимата 1945 година. Четиригодишно девојче е затворено во чуден отвор во дворот на својата куќа. Како овој настан, шеесетина години подоцна, во 2006 година, е поврзан со две свирепи убиства – игли во стапалата на телата,  детски плач што се слуша во маглата, коски во скриениот бункер за јаглен?
Клиентот на адвокатката Дора Гудмунсдотир сака да ги тужи претходните сопственици на земјиштето на кое се наоѓа неговиот хотел, за кое тврди дека е опседнато од духови. Не верувајќи во натприродни сили, Дора оди во посета на неговиот „њу ејџ“ хотел на полуостровот Снајфелснес. Таму, таа и нејзиниот љубовник Матијас стануваат сведоци на една мистерија.  Архитектката што работела за сопственикот на хотелот е брутално силувана и убиена. Тој е обвинет. Два дена подоцна, убиен е уште еден човек. Во обид да го расветли случајот, Дора влегува во заплетканата историја на семејството на двајцата браќа што живееле на имотот. Растргната помеѓу нивната и сопствената семејна приказна, во која таа е самохрана мајка на четиригодишна ќерка и на шеснаесетгодишен син што наскоро треба да стане татко, Дора не се откажува од расветлувањето на случајот. Возбудлив трилер сместен во карпестите исландски пејзажи.
*Книгата е достапна со потпис од авторката. Во коментар за нарачката нагласете доколку сакате да добиете потпишан примерок.",Фикција,Ирса Сигурдардотир,Антолог,2017,352,"400,00 Денари"
Мулен руж,"Од „сказни за големи деца“ до „раскази за сечиј вкус“, таква е траекторијата на оваа книга. Преку овие (нај)куси прозни творби ќе патувате во просторот и во времето. И назад. Од задгробниот живот до светот на легендите, од Втората светска војна до сегашноста, од „Мулен руж“ до Матка, од Белград до Охрид, се испреплетени многуте љубовни и судбински приказни на ликовите што пленат со својата анегдоталност, а на моменти толкава реалистичност, како пред очи да ни поминува (авто)биографски филм. Стилот на Лилчиќ ќе нѐ натера да го слушнеме џагорот на Париз, но и да се нурнеме во кршливите длабочини на човековата интима.",Фикција,Вера Лилчиќ,Антолог,2017,112,"200,00 Денари"
Најдено-загубено (II издание),"Како размислуваат едно момче и една девојка, едниот во Лондон, другиот тука, во Скопје, откако врската ќе заврши. Дали откако еднаш се нашле, па се загубиле, може одново да бидат едно исто, како некогаш. „Најдено-загубено“ дефитивно ќе се најде меѓу книгите со уникатен начин на читање.",Фикција,Жарко Кујунџиски,Антолог,2010,128,"200,00 Денари"
Се спушта самрак врз скалила стари,"На границата помеѓу Сибир и Казахстан е притаен еден малечок град што некој од врвот на власта го прогласил за зафрлено место погодно за прогонство на неподобните граѓани. Меѓутоа, градот, кој во романот се нарекува Чебачинск, е вистинска оаза.
Tолкаво количество интелигенција на единица површина во 50-тите и во 60-тите години на минатиот век немало ниту во Москва, Париз или во Бостон.
Во периодот на владеењето на Сталин, семејството на Чудаков се преселува од Москва во тоа зафрлено место, по своја волја, без да чека да биде прогонето.
Неколку поколенија живеат и работат таму заедно, во едно големо сложно семејство, кое поминало сè – војни, револуции, репресии – но издржало, не се скршило и успеало од колено на колено да им пренесе на децата – вера, сила, светол разум, неверојатно душевно благородство.
Ова е, веројатно, последниот роман на векот што замина. Не е важно што се појави во овој век – според сè, припаѓа на тој страшен век што однесе милиони невини животи и не даде одговор за тоа.
Се спушта самрак врз скалила стари во 2011 година ја доби наградата „Руски Букер“ за најдобар руски роман во првите десет години од XXI век.",Фикција,Александар Чудаков,Антолог,2016,642,"600,00 Денари"
Петтиот брод,"Роман за односот на децата и родителите во кој недостасува интимност и љубов.
Приказната е пренесена преку перспективата на Јарка, дванаесетгодишно девојче кое живее со својата млада но несозреана самохрана мајка и со својата незаинтересирана и дистанцирана баба. Во ова семејно јадро нема суштинска поврзаност ниту блискост. Емоционално запоставена и препуштена сама на себе среде џунглата на бетонски згради во една населба во Братислава, Јарка мечтае за место каде што ќе се чувствува своја на своето. Нејзините постапки се трогателен и искрен детски обид да го поправи светот на возрасните и да биде дел од семејство какво што  сонува да има. Инспирирана од вистински ликови, Компаникова напишала исклучително дело за односот на децата и родителите во современото општество.
Романот ја добил најпрестижната книжевна награда во Словачка, „Анасофт литера“, а прогласен е и за најдобра книга за 2010 година. Според него е снимен и филм, премиерно прикажан на Берлинскиот фестивал, каде што ја освојува првата награда во категоријата „филм за млади“.
*Книгата е достапна со потпис од авторката. Во коментар за нарачката нагласете доколку сакате да добиете потпишан примерок.",Фикција,Моника Компаникова,Антолог,2022,160,"250,00 Денари"
Гаргара (2 издание),"ВТОРО ИЗДАНИЕ НА РОМАНОТ НА ИГОР СТАНОЈОСКИ
Во 2004 година, непосредно пред Портокаловата револуција, Орест, главниот лик во романот, отвора подземно кафуле во западноукраинскиот град Лавов. Го нарекува „Гаргара“, според името на кафулето што постоело во 1963 година на истото место. Старото кафуле во 1963 година исчезнало под неразјаснети околности. Од него останала само Книгата за пофалби и поплаки, која содржи два автобиографски раскази. Орест заедно со својата пријателка тргнува во ризична потрага по авторите на расказите во Книгата за пофалби и поплаки и истовремено се обидува да го расветли мистериозното исчезнување на кафулето во 1963 година.",Фикција,Игор Станојоски,Антолог,2016,186,"300,00 Денари"
Убиствата на пеперутките,"Аби Скуп Медокс е недоволно платена новинарка од Лос Анџелес, која е отпуштена од работа. Наместо да очајува, таа се нурнува длабоко во детективски задачи. Се обидува да расветли серија убиства што го следат моќното семејство Хигинс. Повеќето нешта што ги знае за убиствата ги знае и јавноста, како на пример фактот дека на секое место каде што се оставани жртвите се најдени и рој пеперутки околу телата. Поради овој факт сите весници и телевизии го нарекуваат убиецот – Убиецот на пеперутките. Аби наоѓа свое делче среќа во тоа што конечно може да го посвети своето време на својата вистинска страст – проучување на сериски убијци и нивно разоткривање.
Петнаесетгодишната Теодора Ристеска Даскаловски раскажува лесно, свежо, со жаргон карактеристичен за младите насекаде во светот. Книгата, која првично беше објавена на англиски јазик, дефинитивно е динамично и возбудливо четиво што се голта во еден здив!",Фикција,Теодора Ристеска Даскаловски,Антолог,2021,144,"250,00 Денари"
Едно лето на Крит (трето издание),"Марина и нејзиното момче Филип одлучуваат својот одмор ова лето да го поминат на грчкиот остров Крит на гости кај блиски роднини на Марина. Елена, тетката на Марина, треба да ги пречека на автобуската станица во Хања. Прекрасната идила што ги очекува на островот е прекината поради ситна караница на станицата предизвикана од Филип, кој во момент на фрустрација ја остава својата девојка сама. Сфаќајќи во меѓувреме дека направил голема грешка, се враќа назад на станицата, каде што од Марина нема ни трага ни глас. Уште полошо, договорениот термин поминува, а тетката на Марина не се појавува во закажаното време. о тој момент, Филип започнува мртва трка со времето во обид да ја пронајде Марина, а денот што допрва следува се претвора во вистински пекол што засекогаш го менува.
„Преплет од исклучително возбудлива авантура, со силна доза на трилер, кон која се придодава нишка на романса. Секоја страница прилега на еден единствен здив затоа што толку време ви е потребно да ја голтнете.“
Игор Крајчев
*Книгата е достапна со потпис од авторот. Во коментар за нарачката нагласете доколку сакате да добиете потпишан примерок.",Фикција,Анде Јанков,Антолог,2022,224,"300,00 Денари"
Часовничарот,"Потресен и мудар роман за немирната совест и болните семејни односи.
Секоја вечер, додека ги закопчува пижамите и се поздравува со сопствениот одраз во огледалото, главниот лик на овој роман, Јосип Мајдак, се подготвува за својата смрт. Секоја вечер се одвиваат и нашите генерални проби на умирањето, во кои, исто како него, легнуваме со надеж дека утрото сепак ќе станеме. Кога ќе ја положиме главата на перница – без разлика дали таа е со пердуви или анатомска, она што дише покрај нас, онаа нејасна присутност што останува кога ќе се изгасат и светлата и сенките, е нашата совест.
Наутро тивко се подигнуваме и се искрадуваме од постелата за да не си ја разбудиме совеста. Но совеста на часовничарот Јосип бдее будна во ноќта и веќе никогаш нема да заспие. Ќе му ги довлечка в постела сите оние на кои тој одамна заборавил: покојници, живи и оние за кои не се знае.
Тоа е еден круг од околности – замка во која паѓаме уште при раѓањето. Ако читателот му суди на Јосип Мајдак, можеби ќе си суди и себеси. Добра ноќ, совест!
„Во рацете на Михаела Гашпар може да се замислат сите занаетчиски вештини, сите занаетски нарави: каменорезец, бравар, столар, лончар, ѕидар, кожар, чевлар, часовничар. Може да се видат рацете на стакларот и рацете на месарот. Тастатурата така реагирала на рацете на скулпторката, плетејќи реченици, меки и жестоки, реченици што тивко жуборат и што нагло се рушат.“ – Драган Јурак
*Книгата е достапна со потпис од авторот. Во коментар за нарачката нагласете доколку сакате да добиете потпишан примерок.",Фикција,Михаела Гашпар,Антолог,2021,170,"250,00 Денари"
Девојките од песочниот замок,"БЕСТСЕЛЕР-АВТОР НА ЊУЈОРК ТАЈМС
1915 година. Елизабет Ендикот пристигнува како волонтер од Бостон во Алепо, Сирија. Стотици илјади ерменски жени и деца се прогонети од своите домови во Отоманската Империја! Ерменскиот геноцид го уништил семејството на младиот инженер Армен. Кога Армен заминува од Алепо и патува во Египет за да се приклучи на британските трупи, почнува да ѝ пишува писма на Елизабет. Полека сфаќа дека е вљубен и дека, ако не најде начин да се врати, ризикува да ја изгуби засекогаш!
Години подоцна, ја запознаваме Лора Петросијан, романсиерка од Њујорк. Иако дневната соба во домот на нејзините баба и дедо била наречена „Отомански анекс“, таа никогаш не му придавала голема важност на своето ерменско потекло. Но, кога една стара пријателка ќе ѝ се јави, тврдејќи дека на изложба во Бостон видела фотографија од баба ѝ, Лора тргнува на патување низ историјата на своето семејство, кое ѝ открива љубов, загуба и вознемирувачка тајна закопана за идните генерации…",Фикција,Крис Бохџалијан,Антолог,2019,312,"350,00 Денари"
Последниот чувар на островот Елис,"Неколку дена пред конечното затворање на Центарот за имиграција на островот Елис во ноември 1954 година, Џон Мичел, последниот жител на островот, пишува дневник во кој тој го раскажува својот живот на овој познат остров. Со многу емпатија и чувства овој чиновник на Федералното биро за имиграција се сеќава на Лиз, неговата сакана сопруга, и на Нела, италијанската емигрантка.
Преку неколку човечки судбини, Гаел Жос говори за судбините на милиони луѓе, кои во името на подобра иднина го оставиле највредното за нив за да пристигнат меѓу карпите на островот Елис, како пристапно место пред влезот во Ветената земја. Авторката се обидува да го отвори прашањето за нивниот престој, нивните долги и исцрпувачки патувања со брод, нивната сиромаштија, нивниот страв дека ќе бидат вратени, токму во моментот кога се толку блиску, сепак далеку од „La Merica“. Нарекуван уште и Остров на надежите и Остров на солзите, островот Елис бил познат и како затворски камп за време и по Втората светска војна, а Џон Мичел е тамошен чувар и сведок на тие ужаси.
Романот е добитник на Наградата за литература на Европската Унија во 2015 година.",Фикција,Гаел Жос,Антолог,2018,176,"200,00 Денари"
Земја на љубовта,"Земја на љубовта е напишана во форма на дневник и опишува период од животот на главната хероина во кој таа е задлабочена во потрагата по место каде што припаѓа и каде што би се вдомила. Парадоксално, ова ја носи на различни патувања, физички и психички, низ времето и низ просторот, со цел да ги пронајде одговорите на прашањата што се однесуваат не само на неа туку и на целото човештво. Таа истражува различни начини на живот, се задлабочува во различни типови врски и размислува за својата поврзаност со семејството, со земјата и со нацијата. Се обидува да пронајде животна рамнотежа.
Романот е добитник на Наградата за литература на Европската Унија во 2014 година и седум недели бил на листата на најпродавани книги.",Фикција,Одни Еир,Антолог,2016,240,"200,00 Денари"
Историја на порнографијата,"„Историја на порнографијата“ е прекрасна и топла приказна што го следи растењето на една група пријатели од нивните најрани денови до стапувањето во брак. Пред нашите очи паралелно изминуваат сите настани што биле важни за нив од 1950-тите до 1980-тите години – појавата на првите рок-плочи, долгите коси, увозните фармерки, љубовите, политиката и, на крајот, порнографијата, која е некаков изместен лајтмотив на целата книга.
Трибусон е брилијантен во детаљот и во водењето на приказната, духовит во поставувањето на дијагнозите и сугестивен во оцените. Читателот во речениците на неговиот раскажувач ги чита сопствените коментари. Сите тие порано поинакви луѓе, успешни или неуспешни, почитувани или презрени, од своите животи го направиле спротивното од тоа што имале намера да го направат.",Фикција,Горан Трибусон,Антолог,2018,512,"500,00 Денари"
"Синови, ќерки","Романот „Синови, ќерки“ низ три различни перспективи ја раскажува приказната за заклученоста: општествената, семејната, интимната.
Перспективата на ќерката која по сообраќајна несреќа останува неподвижна, без можност да зборува, закована за болнички кревет. Физички ограничена, а свесна за себеси, таа е осудена да живее преку своето сеќавање.
Перспективата на синот, заробен во тело кое не го чувствува за свое, во доделена улога која отсекогаш му била туѓа, присилен да го трпи неразбирањето и малтретирањето од околината за да може да живее автентично и според сопствените желби.
Перспективата на мајката, уништена од насилниот патријархат, порасната со забрани и ограничувања, во свет во кој нема простор за нејзините желби и потреби.
Овие три ликови се вмрежени во приказната во која секој има право на сопствената вистина, на својата болка и на својата желба да преживее. Деца кои копнеат по потврда од родителите, синови и ќерки кои сакаат да бидат прифатени во општеството, родители обликувани од стравот поради кој ги повредуваат своите деца.
Силата на овој роман е во можноста потиснатото во нас да го преобликуваме и да го направиме двигател на личната и на општествената промена.",Фикција,Ивана Бодрожиќ,Антолог,2024,224,"400,00 Денари"
"Цик-цак, ку-ку","Малечката и болежлива Пилар ги воведува своите родители во нејзината игра. Секоја вечер го набљудуваат чудното цик-цак движење на семејството туристи од Германија по стрмнината наспроти нивниот дом на Тенерифе. Ова го инспирира нејзиниот татко да го напише романот „Третата карпа“ за „семејството туристи кое живее на сртот“. Приказната завршува со случајната смрт на едно од децата на туристите.
Четиричлено семејството од Берлин престојува еден месец на Канарските Острови. Таткото е писател, воодушевено го опишува канарскиот пејзаж, архитектурата на Тенерифе, „куќата во долината, каде што живее малечката Пилар“.
Навистина постојат двајца писатели и две нарации или сето тоа е фрагментиран внатрешен разговор на една личност? Кој пишува и за кого, и дали воопшто некој пишува? Од една страна е љубовта која се прелева (полиаморност) и силата на животот која неуморно се пробива низ најтесните процепи на океанот мртва природа околу нас. Од другата страна, постојаното демнење на смртта, која не одбира, не морализира, едноставно одзема. Како може да се живее понатаму кога смртта „без никакво објаснување“ одзема штотуку започнат живот?",Фикција,Жан Илиески,Антолог,2023,192,"400,00 Денари"
Америка (I издание),"„Америка“ е вториот роман на писателот Жарко Кујунџиски, кој читателите го споредија со делата на Зискинд, Маркес, Барико, Фелини, Монти Пајтон. И покрај стабилниот брак, Италијанецот Америка Берти решава да ги напушти жената и децата без објаснување. Колку долго и на каков начин е подготвена една жена да чека маж..",Фикција,Жарко Кујунџиски,Антолог,2006,208,"200,00 Денари"
Деца на злото,"„Деца на злото“ е прв роман на човекот чии јавно искажани ставови секогаш создаваат лавина реакции во соседна Србија. А сега донесува вистински потрес и во светот на литературата!
Во средиштето на романот се наоѓа едно драматично убиство, а потрагата по сторителот ќе доведе до низа други настани, кои ќе откријат дека станува збор за злосторство од страст, одмазда, опомена и симболика.
Како да се пронајде виновникот во свет во кој вистината е изобличена, а минатото на јунаците е вткаено во нивната сегашност со нераскинлива поврзаност со злото?
Никола Бобиќ, белградски адвокат, ќе се обиде да пронајде одговор на тоа прашање, не насетувајќи дека одговорот засекогаш ќе го промени.
Оваа приказна се однесува на сите нас бидејќи во неа ќе пронајдеме рефлексија и на нашата општествена стварност. Но, што е уште поважно, ќе го пронајдеме изгубеното зрно надеж.
Дури и во систем длабоко изгребан од корупцијата има место за херои.",Фикција,Миодраг Мајиќ,Антолог,2020,400,"450,00 Денари"
Во сенката на злосторот,"На 7 март 1932 година во познатото шведско семејство Фон Сидов се одвивала крвава драма, која не престанала да го интригира вниманието на јавноста сè до денес. Толкав шок и интерес од пошироката јавност предизвикале само уште убиствата на шведскиот премиер Улоф Палме и на министерката за надворешни работи Ана Линд.
Во Стокхолм студентот по право Фредрик фон Сидов со железна прачка ги убил својот татко Јалмар, окружен судија и претседател на шведското Здружение на работодавците, и нивните две слугинки. Заедно со својата сопруга Софи избегал во хотел во Упсала, каде што, откако ги пронашла полицијата, со пиштол ја застрелал сопругата, а потоа и себеси.
Зошто го направил тоа? Убиствата со години биле главна тема во цела Скандинавија. Срамот на семејството бил голем, тие биле „фини“ и за такви работи не се зборувало јавно. Општествен скандал било најлошото што можело да се случи на некое шведско семејство од повисоката класа.
Убиецот бил вујко на авторката Хелена Хеншен, чија мајка имала 15 години кога се случиле бруталните и никогаш докрај разјаснети убиства. Обидувајќи се да го сфати она што мајка ѝ никогаш не можела да ѝ го раскаже, Хеншен со ова дело го прекинала молкот, а како резултат на тоа пред читателите е еден силен и импресивен роман.
„Во сенката на злосторот“ е награден со наградата на читателите на списанието „Ви“ и со Наградата за литература на Европската Унија во 2009 година.",Фикција,Хелена Хеншен,Антолог,2019,256,"300,00 Денари"
Последната мисла во универзумот,"Оние што ја прочитаа оваа книга помислија дека е напишана од вештачката интелигенција или, пак, зборовите излегле од авторот под благо дејство на халуциногени супстанции. Но, не е така. Во раскошна и возбудлива приказна за авантурите на главниот јунак Дон и неговите двајца придружници, тие ќе излезат од оваа Вселена и ќе се вратат назад. Дејството се протега низ 3 000 години во иднината, а приказната се движи наназад.
Во класичен роман сместена е неверојатна испреплетеност на импозантни знаења од астрофизиката, еволуцијата, политиката, техниката и технологијата, роботиката, вештачката интелигенција, физиката на малите честички и на универзумот. Текстот е иритација и стимулација, на моменти шлаканица, на моменти охрабрување за човекот, неговата цивилизација и правецот во кој се развива тој и неговиот универзум, личен и вселенски.
Жанровски, стилски и тематски ова е единствен текст. Во новелата човекот има околу 600 години да најде решение за брзината со која се шири вселената и која поради тоа што таа е поголема од брзината на светлината, ќе произведе тотален мрак. И човекот не успеал“, ќе напише еден од оние што имаа можност да ја прочитаат пред вие да ја држите книгава во вашите раце. И плус ќе додаде – „ова е модерно актуелно современо четиво што сигурно би одекнало добро во европската културна јавност“. (Бранко Тричковски)
Еден друг читател кој ја читаше книгата во ракопис ќе рече: „Иако насловот на овој роман е песимистички, последната мисла, смртта и апокалипсата сепак ни овозможуваат да ја осознаеме надежта, поради сопствениот спиритус мовенс, нагон кој последен умира.
Со еден ваков филозофски концепт, Нешовски на нас, читателите, со намера или без намера, сепак ни нуди утеха, а утехата е можеби и најдефицитарната емоција во нашево секојдневие.“ (Тони Поповски)
Иако Нешовски го убива целото човештво во 4 504 година, читателот ќе насети една цреша надеж. Впрочем, оваа книга е втората во очекуваната трилогија.",Фикција,Валентин Нешовски,Антолог,2023,144,"350,00 Денари"
Пукнатина,"Приказната во „Пукнатина“ започнува со пронаоѓањето на стари аудиозаписи на плочи во една стара душевна болница. Загадочната исповед на лунатикот Валтер Фишер го води нараторот во потрага по вистината во една од најголемите словачки мистерии – онаа за исчезнувањето на луѓе на планината Трибеч. Низ романот се провлекува симболиката на „пукнатината“ помеѓу два света, помеѓу рационалното и ирационалното, видливото и невидливото, она што може да се докаже, но и она што може само да се насетува со „шестото сетило“.
Легенда, намерна мистификација или застрашувачка реалност? Ова прашање си го поставува и самиот автор, наведувајќи го читателот да го пронајде вистинскиот одговор.
Извонредна трилер-мистерија што го остава читателот без здив до последната страница.",Фикција,Јозеф Карика,Антолог,2021,288,"350,00 Денари"
Succubus,"ОД АВТОРКАТА НА „СЛУЧАЈОТ ЧЕРНОБОГ“
„Се знае и за ѓаволските книги што си ги читала. А се знае што чуваш во ковчежиња и дека си го уби свршеникот. Си станала сукубус. Знаете што е тоа?“ Иако им се обрати на стражарите и Тобиас, не се се заврте кон никој од нив, туку со перверзна надменост гледаше во Луција. „Ајде, ти барем си читала, знам дека знаеш. Народот ги вика сукуби, женски демони, мачат мажи, ги снеможуваат, им ја крадат силата.“
Почеток на XVIII век. Палењата вештерки низ Европа се стивнати, но не и исчезнати. За време на неделна миса во катедралата, шеснаесетгодишната Елисавет здогледува таинствена туѓинка и во истиот миг се опседнува со мистеријата околу неа. Луција Лилит Абдеел, омажена за локален благородник, покрај таинственоста, во новиот град со себе ги носи и гласините дека била осомничена за вештерство.
Самаел, црковниот прислужник и другар од детството на Елисавет, наоѓа начин да ја пикне на работа во богаташкиот дом на туѓинката. Елисавет гледа и сфаќа дека гласините за нејзината господарка не се неосновани, но од ден на ден и нејзината верност кон неа сѐ повеќе расте.
Елисавет, Самаел и Лилит стануваат нечисто свето тројство во обидот Луција да избега од несаканиот брак со човекот кој ја спасил од клада.
„Не горат благородници, Елисавет, запомни го тоа. Горат гревовите како мене и тебе.“",Фикција,Катерина Шошко,Антолог,2023,240,"400,00 Денари"
"Чук, чук","Пет црвени свеќички на тортата. Исчекување. Како можеше Зана да знае дека овој ден ќе им го промени животот на толку многу луѓе? А сè што сакаше беше да си ја испее „Среќен роденден“.
Кога Еверт Гренс ќе влезе во станот во Стокхолм, останува зашеметен од смрдеата на расипана храна, но и на нешто многу пострашно. Тоа што ќе го види ќе му остане длабоко врежано во сеќавањето.
По речиси две децении, Еверт Гренс повторно ќе се најде во истиот стан. Некој се вратил да ја бара Зана. Гренс знае дека не смее да ја загуби трката со времето и мора да ја најде пред таа да биде убиена.
Приказна за предавството и одмаздата, а светот трепери за време на трите дена исполнети со шокантни настани.
„Чук, чук“ е првиот роман што Рослунд го објавува самостојно.",Фикција,Андерс Рослунд,Антолог,2021,448,"500,00 Денари"
Мојата откачена мамичка!,"Чудесна детска книга: крајно добро напишана, игрива, забавна, смела, хумористична и шармантна. Едноставно одушевувачка! Авторот со неверојатна умешност се става себеси во кожата на тинејџер, со таква искреност што ќе им се допадне и на децата и на возрасните.
Движејќи се низ приказната, постепено, откриваме дека главниот лик, дванаесетгодишната Стела, е врзана за инвалидска количка.
Идеите на Стела за тоа што значи да се биде нормален ќе бидат испревртени и таа и читателот ќе сфатат дека самите одлучуваме за тоа какви нешта ќе дозволиме да нè ограничат, но и колку е важно да се биде малку „луд“ одвреме-навреме.
Урнебесен поглед на сериозна тема што создава приказна во која ќе уживаат сите членови на семејството!",Фикција,Гунар Хелгасон,Антолог,2019,176,"300,00 Денари"
Карпа на бесилките,"Уште една воодушевувачка приказна за морбидното насилство и одмаздата.
На едно мрачно вулканско поле во околината на Рејкјавик се наоѓа Карпата на бесилките. Тоа порано било место на кое се вршеле погубувања, а сега е туристичка атракција. Сè додека едно утро полицијата не најде човек обесен таму… Клинецот закован во неговите гради докажува дека не се работи за самоубиство. Но, кога полицијата ќе влезе во станот на жртвата, наоѓа уште една загатка: таму е оставено едно четиригодишно дете. Се чини дека тоа нема никаква врска со жртвата. Од неговите родители нема ни трага ни глас, а цртежите што ги црта покажуваат дека било сведок на нешто ужасно. Додека детективот Хулдар се обидува да го најде убиецот, а детската психологинка Фреја ги бара родителите на момчето, мистеријата добива мал зрак светлина.
*Книгата е достапна со потпис од авторката. Во коментар за нарачката нагласете доколку сакате да добиете потпишан примерок.",Фикција,Ирса Сигурдардотир,Антолог,2022,336,"400,00 Денари"
Ру,"„Ру“ значи „поточе“ на француски и „приспивна песна“ на виетнамски, но исто така значи и секакво друго течење – на солзи, крв, пари. „Ру“ на Ким Туи е најкристалната книга што ќе ја прочитате: текот на животот во бурите на немирот и во мирните води на јасниот стил, оваа книга ќе ве поведе на незаборавно патување од кралскиот дворец во Сајгон до преполниот и каллив камп за бегалци во Малезија, а понатаму до новиот живот во Квебек. Една млада девојка е во прегратките на поинакво општество, обидувајќи се да го оствари својот американски сон. Кога ќе подостари, водите одново стануваат матни: сега е мајка на двајца синови и мора да научи да ја обликува својата љубов на друг начин, поради аутизмот на едниот од нив. „Ру“ е книга што го слави животот со неговите чуда: моментите на убавина и сензуалност, на бруталност и тага, на удопство и смеа.",Фикција,Ким Туи,Антолог,2014,144,"200,00 Денари"
Четврток,"Романот ни ги открива животите на четири жени во современа Бугарија. Таткото на дебелото девојче Симона не знае да пишува на бугарски, но владее над целиот регион, продавајќи им на луѓето облека на старо, лош алкохол, телевизори, кондоми, метални конструкции, сè.
Вистински дилер од транзицијата. Но има силна конкуренција, која се погрижува да биде застрелан пред својот дом. Ќерката ја наследува „империјата“ од кафеани, млекарници, долгови, со кои раководи со иста жестина како и таткото, претворајќи го населението од цел град во свои закрепостени селани.
Ова е дело за упорноста на човековиот дух да излезе накрај и да одолее во моралната Сахара. Ова е роман за уништувачката моќ на парите, роман за гладот и роман за љубовта, која, наспроти сè – предавства и поткупи – останува жива. Ова е роман за надежта, за тоа дека современа Бугарија бавно и тешко, сепак се одвојува од црната слика на насилството, корупцијата, понижувањето, за да се придвижи кон похумани денови.",Фикција,Здравка Евтимова,Антолог,2014,272,"350,00 Денари"
Божиќ засекогаш,"Додека го промовира својот нов божиќен роман писателката Рајли Рејнолдс останува без зборови.
За време на телевизиското интервју емитувано во живо низ целата земја ја прашуваат како може да пишува романси кога самата досега лично не доживеала нешто романтично. Рајли набрзина вели дека во минатото доживеала една голема љубов која подоцна станала инспирација за нејзините романи. Но, таа не е свесна дека нејзината патемна изјава ќе ѝ го преврти светот на глава. Интервјуто го гледаат тројца нејзини поранешни момчиња: секој од нив мисли дека зборувала токму за него и сите тројца доаѓаат на нејзиниот книжевен викенд-настан, Божиќниот камп. Секој од нив е решен да ја наговори заедно со него одново да го напише среќниот крај на личната љубовна приказна. Поранешните момчиња на Рајли се натпреваруваат кој ќе ѝ го освои срцето, при што не бираат начини за да го испланираат најромантичното рандеву на светот. Рајли почнува одново да чувствува наклоност кон секој од нив, но на различен начин. Додека се навраќа на трите поранешни врски и притоа дознава повеќе за себеси, Рајли ѝдозволува на празничната магија да ја обземе и конечно ја наоѓа онаа, вистинската љубов, оној свој среќен Божиќ засекогаш…",Фикција,Карен Шалер,Антолог,2023,368,"500,00 Денари"
Нај-кратки раскази,Колку најкраток може да биде еден расказ а сепак во него да се раскажува интересен и впечатлив настан. Анета Попова е една од првите жени-авторки кои објавија храбра книга микрофикции.,Фикција,Анета Попова,Антолог,2009,159,"200,00 Денари"
Ќерката на трговецот со свила,"Незаборавна приказна за една жена растргната помеѓу два света…
Француска Индокина, 1952 година. Кога Никол, полу-Французинка, полу-Виетнамка, ќе наполни осумнаесет години, нејзината мајка умира и татко ѝ ѝ препушта да се грижи за одамна затворената продавница за свила во Ханој. Но нејзината сестра Силви е таа што ќе го преземе управувањето со големиот семеен бизнис. Погодена од оваа неправда, почнува да ги чувствува и неправдите на колонијалната власт кон Виетнамците.
Додека бунтовниците со сите расположливи средства се обидуваат да стават крај на владеењето на Французите, Никол е на крстопат помеѓу Тран, озлогласен виетнамски бунтовник што ѝ нуди совршено бегство од неволите, и Марк, шармантниот американски трговец и маж за каков што отсекогаш сонувала. Исправена пред големите одлуки, животот ќе ѝ тргне во неочекуван правец… Магична повест за мрачните тајни, сестринското ривалство и страсната љубов, сместена во колонијалната ера на Далечниот Исток.
Од бестселер-авторката на МИРИСОТ НА ЛИСТОВИТЕ ЧАЈ",Фикција,Дајна Џефрис,Антолог,2022,400,"500,00 Денари"
Spectator (V издание),"„Spectator“ е единствен дебитантски роман во современата македонска книжевност со пет изданија. Првата вистински урбана книга што пренесува машко-женски ситуации од 12 европски града, меѓу нив и Скопје, но блиски на сите луѓе на светот.",Фикција,Жарко Кујунџиски,Антолог,2010,128,"200,00 Денари"
Хотел Тишина,"Смешен, меланхоличен и крајно заводлив роман за еден човек чиј живот се распаѓа и процесот низ кој минува за повторно да го состави.
  Јонас се чувствува како неговиот живот да завршил.
Сопругата го оставила, мајка му сè повеќе тоне во деменција, а неговата ќерка веќе не е истата. Така што, тој смислува сигурен план: да купи билет во еден правец до хаотичната земја опустошена од војна и да стави крај на сè.
Но, откако ќе пристигне во хотелот „Тишина“, тој сфаќа дека неговиот план – и неговата анонимност – започнуваат да се растопуваат под странското сонце. Сега, некои други работи го привлекуваат неговото внимание, како на пример самиот хотел што е пред распаѓање, персоналот, како и невообичаените гости. Набрзо станува јасно дека Јонас мора да одлучи дали навистина сака да остави сè зад себе; или да му даде на животот уште една шанса, иако претстои еден сосем неочекуван пат…
„Хотел Тишина“ ја доби Исландската награда за литература во 2016 година, а истата година издавачите го избраа и за најдобар исландски роман.",Фикција,Ојдур Ава Олафсдотир,Антолог,2020,160,"250,00 Денари"
Од животот по Европа,"Авторот на збиркава, во „улога“ на глобтротер, патувајќи низ Европа, што по службена линија, што по своја лична, како пасија и опсесија, ги посетил речиси сите поголеми градови во Европа: Брисел, Москва, Париз, Цирих, Прага, Рим, Лондон, Мадрид, Берлин, Варшава, Копенхаген… и за сите нив напишал импресивни стихови.",Фикција,Саво Костадиновски,Антолог,2016,32,"200,00 Денари"
Сè што правиме во мракот,"Парис Пералта е осомничена дека го убила својот славен сопруг, а нејзиното минато што долго време го криела сега се заканува да ѝ ја уништи иднината.
Парис е уапсена во нејзината бања. Покриена е со крв и држи жилет, додека сопругот лежи мртов во кадата зад неа. Таа знае дека ќе биде обвинета за убиство. Но, колку и да изгледа лошо сето ова, тоа не е она што најмногу ја загрижува. Поради непосакуваното медиумско внимание што сега ја опкружува, прашање на време е кога некој од нејзиното минато ќе ја препознае и ќе ѝ го уништи новиот живот кој толку напорно работеше да го изгради.
Дваесет и пет години претходно, Руби Рејес, позната како Ледената кралица, беше осудена за слично убиство во судскиот процес што ја разбранува Канада во почетокот на 1990-тите. Рејес знае која е навистина Парис и кога неочекувано излегува од затвор, се заканува дека ќе ги открие сите нејзини тајни. Оставена без избор, Парис мора најпосле да се соочи со мрачното минато од кое мислела дека избегала еднаш засекогаш.
Бидејќи единственото нешто полошо од обвинение за убиство се две обвиненија за убиство.",Фикција,Џенифер Хилиер,Антолог,2023,384,"500,00 Денари"
Го имам служено англискиот крал,"Интересно, романот „Го имам служено англискиот крал“ е напишан за помалку од еден месец со техниката на автоматско пишување. Текстот потоа е објавен без исправки како самиздат, а дури по падот на социјалистичкиот режим во 1989 година и во формат на книга. Овој роман ја раскажува приказната на Дити, амбициозен, но едноставен келнер во елитен хотел во Прага во годините пред Втората светска војна. Дити е поканет да го служи не кралот на Англија, туку Хајле Селасие, императорот на Етиопија. Тоа е еден од најважните моменти во неговата биографија. Кога Гергманците ќе ја окупираат Чехословачка, се вљубува во фашистка атлетичарка. По војната, продавајќи вредни поштенски марки конфискувани од Евреите, го достигнува врвот на своите амбиции и гради свој хотел. Станува милионер, но со доаѓањето на комунизмот губи сè и е испратен да биде надзорник на патиштата во планините. Во тешки услови, Дити е исправен пред неизбежноста на последниот час, но и тогаш го задржува стилот на голем комичар.",Фикција,Бохумил Храбал,Антолог,2013,176,"250,00 Денари"
Записи од Америка,"Четвртата збирка со песни создадени при неговите патувања низ разни континенти, низ многубројни земји и градови, авторот Костадиновски ја посветува на Соединетите Американски Држави. Големата, значајна и инспиративна Америка… За него, лично, и поради фактот што во неа во далечната 1880 година отпатувал на печалба и неговиот прадедо, славниот Костадин, за кого е испеана песната „Слушај кај шумат шумите…“",Фикција,Саво Костадиновски,Антолог,2015,34,"200,00 Денари"
Крикот на ластовицата,"Книгата го поставува прашањето: Дали е поопасен сериски убиец што убива педофили или е поопасен човек што, додека во светот се случуваат вакви нешта, ја гледа само својата удобност и останува рамнодушен? 
Цел на серискиот убиец Мижачот се педофилите. Секогаш ги убива со ист ритуал. Ги носи силувачите на места што се поврзани со деца и покрај нив остава играчка. Покрај тоа, им ги врзува очите со кадифен превез и им пресекува дел од десното уво. Поради ова го нарекуваат Мижачот.
Пред неколку години имало слични случаи, но убиецот не бил фатен. Сега, кога тимот на началникот Невзат доаѓа на местото на злосторството, од глетката заклучуваат дека Мижачот повторно се вратил. Жртвата е педофилот што претходно се обидел да ја заведе и ќерката на началникот, пред таа и мајка ѝ да загинат во вооружен напад. Поради сето ова случајот почнува да станува почувствителен.
„Крикот на ластовицата“ го буди интересот на читателите со својата богата фикција и со возбудливото темпо, како и со чувствителниот приод кон општествените случувања, нудејќи многу повеќе од еден детективски роман. Дали може да се оправда едно убиство, од каква и да е причина?",Фикција,Ахмет Умит,Антолог,2021,432,"500,00 Денари"
Островот на пеликаните,"Уште една крими-драма што е сосем поинаква од која било книга од тој жанр.
Дејството ги следи судбините на двајца млади Роми, кои по игра на случајноста завршуваат во судница и доживуваат пресуда што отвора низа настани што никој не би можел да ги замисли.
Приказната за Ајша и Габриел, за Павле и Јована, е приказна за џелатите што стануваат жртви и жртвите што стануваат џелати на сопствената судбина. Тоа може да се претвори во сечија приказна, но уште веднаш се однесува на секого од нас. Токму затоа оваа книга ќе ја прочитате во еден здив, а силуетите на нејзините јунаци ќе се вкотват длабоко во вас.
Мајиќ никогаш немал шанса да одговори на обвинувањата против него. Не го сторил тоа зашто се држел до професионалниот кодекс и не сакал да зборува за случаите на кои судел. Наместо да ги толкува површните напади, судијата одговара со нова книга, која не само што претставува книжевно дело туку е и посебен чин од кој треба да учиме како да се бориме на правилен начин.
„Островот на пеликаните“ носи надеж дека борбата за општо добро секогаш има смисла.
„Романот на Маиjќ ќе предизвика нови полемики и влегува во редот на оние дела што во името на вистината и правдата не штедат никого и никому не се умилкуваат.“ – Филип Давид
  *Книгата е достапна со потпис од авторот. Во коментар за нарачката нагласете доколку сакате да добиете потпишан примерок.",Фикција,Миодраг Мајиќ,Антолог,2021,352,"400,00 Денари"
Succubus – II издание,"„Се знае и за ѓаволските книги што си ги читала. А се знае што чуваш во ковчежиња и дека си го уби свршеникот. Си станала сукубус. Знаете што е тоа?“ Иако им се обрати на стражарите и Тобиас, не се се заврте кон никој од нив, туку со перверзна надменост гледаше во Луција. „Ајде, ти барем си читала, знам дека знаеш. Народот ги вика сукуби, женски демони, мачат мажи, ги снеможуваат, им ја крадат силата.“
Почеток на XVIII век. Палењата вештерки низ Европа се стивнати, но не и исчезнати. За време на неделна миса во катедралата, шеснаесетгодишната Елисавет здогледува таинствена туѓинка и во истиот миг се опседнува со мистеријата околу неа. Луција Лилит Абдеел, омажена за локален благородник, покрај таинственоста, во новиот град со себе ги носи и гласините дека била осомничена за вештерство.
Самаел, црковниот прислужник и другар од детството на Елисавет, наоѓа начин да ја пикне на работа во богаташкиот дом на туѓинката. Елисавет гледа и сфаќа дека гласините за нејзината господарка не се неосновани, но од ден на ден и нејзината верност кон неа сѐ повеќе расте.
Елисавет, Самаел и Лилит стануваат нечисто свето тројство во обидот Луција да избега од несаканиот брак со човекот кој ја спасил од клада.
„Не горат благородници, Елисавет, запомни го тоа. Горат гревовите како мене и тебе.“",Фикција,Катерина Шошко,Антолог,2024,240,"400,00 Денари"
Измиен грев,"Кога се раѓа малата Фрмеск, таткото не ја прифаќа зашто е девојче. Згора на сè, бележана е доживотно со перче коса бела како креда на предниот дел на ќелавото главче. Дали е ова знак од Алах? Дали Фрмеск е благословена или проколната?
Мајката на Фрмеск се плаши дека маж ѝ ќе го остави новороденчето на улица. Како што се интензивира неговото насилно однесување, единственото што ѝ останува е да го даде детето да го одгледаат други луѓе.
Фрмеск расте во љубов со своите баба и дедо. Дедото е доброобразован полковник во пензија, а бабата „измивачка на мртовци“. Таа се грижи за жени што никој не сака да ги погребе – убиени во обесчестеност и срам. Но само кратко време бабата и дедото можат да ја заштитат Фрмеск од физичкото и менталното насилство врз жените во Курдистан, придружено со војна, геноцид и омраза.
За „Измиен гнев“ во 2018 година Сара Омар ја добива наградата „Readers’ Book Prize“.",Фикција,Сара Омар,Антолог,2021,304,"400,00 Денари"
62. Модел за составување,"Еден од најдобрите романи на шпански јазик од дваесеттиот век. Експериментално ремек-дело од Кортесар во кое главните ликови истовремено опстојуваат во реалниот свет – каде што го образуваат својот потесен круг, односно зона, место каде што се среќаваат – и во еден град, измислен од нив самите, место каде што не се среќаваат, каде што залудно се обидуваат да го најдат својот бериќет, кој, се чини, е толку блиску за секого од нив, но упорно им се измолкнува…
Во оваа книга Аргентинецот Кортасар го поканува читателот да излезе од своите рамки и заедно со авторот да го гради дејството во романот.",Фикција,Хулио Кортасар,Антолог,2013,288,"320,00 Денари"
Остров,"Куќата е на крајот од ’ртот, во ретката борова шума, на островот. Сосем близу до гробиштата, далеку од малата рибарска населба. Тука, недалеку од морето, блескаво лете, смрачено и сиво зиме, живеат тие двајца, со години, отповеќе многу години, можеа и да заборават сè што било, оти било одамна, ама немаат заборавено, осудени се на сеќавање.
Негови се: мрежата, чамецот, рибите, говорите, тагата и бесот, талкањето по островот.
Нејзини се: готвењето, чистењето, цвеќињата, кокошките, клавирот за кој сонува, трпението и тивкото сеќавање.
Тој ги мрази своите риби, и вели: Утре ќе јадеме кокошка за ручек. Таа е поразумна, вели: Поарно риба.
Како живеам? Добро. Задоволен сум што го проживеав веков, а никому не наштетив. Онаа штета што мене ми е нанесена одамна ја заборавив бидејќи загубата полесно се поднесува отколку каењето.
Ова е прв превод на романот „Остров“ на македонски јазик.",Фикција,Меша Селимовиќ,Антолог,2020,204,"300,00 Денари"
"Добра ноќ, слатки сни","Дејството се одигрува во Брно во текот на еден ден на самиот крај од војната, 30 април 1945 година. Се повлекуваат голем дел од вермахтот и од СС-дивизиите. Се враќаат заробениците од концентрационите логори, но нивните куќи и станови веќе се зафатени. Нема струја, гас, водоводот е уништен, се погребуваат луѓето по градините и по парковите. Се создало таканаречено нулто време, владеат хаос и несигурност што ќе се случи утре, а луѓето се подготвени да го ограбат и својот најблизок. Во таква ситуација еден човек тргнува да бара пеницилин, лекот што прави чуда, потрага штона моменти се претвора во детективска приказна.
Романот е номиниран за наградата „Магнезија литера 2013“.",Фикција,Јиржи Кратохвил,Антолог,2014,256,"240,00 Денари"
Евтини приказни,"Покрај високото петто место на листата најфилмови на сите времиња,околу самото сценарио е кажано дека „Како и Граѓанинот Кејн, Евтини приказни е напишан на таков нелинеарен начин што може да се гледа дузина пати и секогаш да се прашуваме што следи потоа…“ Моќните дијалози го вбројуваат во највредните сценарија на 20. век. (Из)врши влијание секаде каде што е тоа можно – од телевизијата и филмот, преку видеоигрите и стиповите, до музиката и начинот на однесување. Авторите Квентин Тарантино и Роџер Евари во 1994 година се закитија со Оскарот за оригинално сценарио и со Златната Палма во Кан. Неколку списанија и реномирани критичари го оценија Евтини приказни како пресвртен момент во новата историја на американската кинематографија“.",Фикција,Квентин Тарантино,Антолог,2007,192,"300,00 Денари"
Невидливи љубови (II издание),"Отсекогаш бил фасциниран од идејата со колку луѓе сме биле во сопствените мисли без тие воопшто да бидат свес­ни за тоа. Колку реплики сме им кажале додека во својата внатрешност сме разговарале со нив, колку нивни одговори сме слушнале, колку реакции сме примиле во тие компулзивно конструирани човечки драми. А сигурно и ние, без да знаеме, сме присуствувале на мноштво такви разговори во нечии други замислени светови. Какви непредвидливи улоги сме изиграле во замислените филмови на пријателите, на познајниците, на целосните туѓинци додека физички сме биле на некое друго место?
* * *
Книгата „Невидливите љу­бови“ на Владимир Јанковски е полна со една нова урбана бајковност, космополитска и скопска истовремено, цврсто закотвена во реалнос­та, но истовремено поетска и фантазмагорична.
Влада Урошевиќ
Романот на Јанковски постојано ја нагласува конститутивната моќ на Погледот, незаобиколното соучество на Другиот (во нашето идентитетско и естетско себе-заокружување), како и улогата, што во создавањето на сликата (односно, самата стварност) потполно несвесен за тоа, неминовно ја игра и самиот набљудувач.
Елизабета Шелева
Одличен! Од корица до корица, од реченица до реченица. (…) Јасно, чисто, ферментирано, почнато и завршено. Точката на крајот од романот метафорично е две точки за неговото наредно дело.
Оливера Ќорвезироска",Фикција,Владимир Јанковски,Антолог,2023,176,"350,00 Денари"
Вознемирени луѓе,"„Вознемирени луѓе“ е апсурдна комедија за заложничка драма што се случува среде презентација на стан за продажба.
Неуспешен ограбувач на банка се затвора со група луѓе со чудни, необични карактери. Разбојникот на крајот ќе се премисли и ќе ги пушти сите заложници, но, кога полицијата влегува внатре, станот е – празен. Во серија од дисфункционални сослушувања на сведоците во полициската станица, читателот има можност да ги следи детално различните верзии на тоа што всушност се случило, при што се развива едно класично составување на мозаик околу неколку прашања: Како успеал да избега разбојникот? Зошто се сите толку гневни? И во што е проблемот со луѓето во денешно време?
Потресен и шармантен роман за злосторство што никогаш не се случило, потенцијален разбојник и осуммина крајно вознемирени странци, кои сметаат дека имаат повеќе заедничко отколку што замислувале.
Полна хумор и емпатија, „Вознемирени луѓе“ е генијално конструирана приказна за трајната моќ на пријателството, простувањето и надежта –  нештата што нè спасуваат дури и во немирни времиња.
Само шест гласови ја делеа најновата книга на омилениот Фредрик Бакман од победничкото место на „Goodreads choice awards“ во категоријата „Најдобра прозна книга за 2020 година“. Наскоро и – ТВ-серија на Netflix.",Фикција,Фредрик Бакман,Антолог,2021,352,"450,00 Денари"
Градината,"Средина е на деветнаесеттиот век. На кнезот и кнегињата Борјатински им се раѓа задоцнето, неочекувано дете.
Тусја од самиот почеток не е како другите. Таа буквално го разорува семејството што претходно изгледало идеално. Во строгите рамки на општеството полно со конвенции, кога секој човек пред сѐ му припаѓа на семејството, а не самиот себеси, таа се однесува како апсолутно – дури ненормално – независен човек. Самата одлучува кога ќе се роди и кога ќе почне да зборува. Како ќе се однесува, со што ќе се занесува, кого ќе љуби или ќе мрази. Историја за тоа колку е тешко да се биде слободен човек во неслободен свет.
Романот „Градината“ е пораснат на литературна почва вкоренета во стаменитата земја на класичната руска литература на деветнаесеттиот век (Толстој, Тургенев, Чехов, итн.). Книгата предизвика огромно внимание во Русија и поделени мислења за идејните и естетските вредности, но во едно сите се согласуваат – тоа е исклучително напишан роман, со многу страст и силна поетика што маѓепсува, повлекува во својот свет без задршка и предизвикува чиста наслада.",Фикција,Марина Степнова,Антолог,2023,352,"500,00 Денари"
Цртежи од темнината,"Жестоко и имагинативно исплетен натприроден трилер, за девојка која работи како дадилка на детенце со чудни и вознемирувачки тајни.
Мелори Квин тукушто излегува од рехабилитација и наоѓа ангажман кај брачната двојка Тед и Керолајн Максвел: ќе го чува нивниот петгодишен син Теди. Мелори веднаш ја засакува работата. Има свој простор каде што живее, навечер излегува да трча, ја добива стабилноста по која одамна копнее. Искрено и топло се поврзува со Теди, мило и срамежливо детенце вечно со блок и со молив в раце.
Неговите цртежи се обични: тој црта дрвја, зајаци, балони. Но, еден ден, ќе нацрта нешто сосема поинакво: маж кој во некоја шума влече по земја безживотно тело на жена.
По ова, сите следни цртежи стануваат сè позлокобни, несмасно нацртаните човечиња од неговите први обиди брзо се менуваат и стануваат живописни скици кои далеку ги надминуваат цртачките способности на петгодишно дете. Мелори почнува да се прашува дали тие можеби се одеци од едно дамнешно нерасчистено убиство, а можеби и се поврзани со некоја натприродна сила.
Мелори знае колку звучи лудо сето тоа, но се нафаќа да ги дешифрира овие цртежи и да го спаси Теди пред да стане предоцна.",Фикција,Џејсон Рекулак,Антолог,2025,400,"600,00 Денари"
Совршената дадилка,"Кога Мирјам одлучува да почне да работи наместо да остане домаќинка, таа и нејзиниот сопруг бараат совршена дадилка за своите деца. Никогаш не сонувале дека ќе ја најдат Луиз: тивка, љубезна, посветена жена, која умее да пее приспивни песни, го чисти нивниот стан во Париз, останува доцна без приговор и приредува прекрасни забави за децата.
Но, како што парот и дадилката стануваат сѐ позависни еден од друг, љубомората, незадоволството и сомнежите се зголемуваат. Потоа, еден ден, две деца се убиени од eдна „совршена дадилка“! Градејќи напнатост со секоја страница, овој роман е возбудливо и храбро набљудувано истражување на моќта, класата, расата, семејството, мајчинството и лудилото!
Во 2016 година романот ја добива наградата „Гонкур“ и набргу станува бестселер со над 450 000 продадени примероци!",Фикција,Лејла Слимани,Антолог,2019,208,"300,00 Денари"
Авијатичарот,"Главниот лик на романот, Инокентиј Петрович Платонов, се буди во болнички кревет и сфаќа дека не се сеќава на ништо – ни на своето име, ни како завршил тука. По предлог на својот лекар, ќе започне да го запишува секој детаљ што ќе се врати од неговото сеќавање.
Платонов создава калеидоскоп од слики, лица, зборови, мириси, звуци и случувања поврзани со животот на еден млад човек во екот на Руската револуција, болшевизмот, необолшевизмот и анархијата… Иако поголемиот дел од неговото минато се однесува на почетокот на XX век, Платонов насетува дека се разбудил во едно друго време…
На апчињата покрај неговиот кревет пишува дека е 1999 година?!Во Русија нарекуван „Умберто Еко“, во Америка „рускиот Маркес“, Водолазкин со овој роман го оправдува и го потврдува епитетот гениј, создавајќи проза за сеќавањето и простувањето, за вината и невиноста, истовремено обликувајќи ја нежно и тажно, со силна духовна и литерарна димензија, претставувајќи го најмрачниот период на руската историја низ индивидуална судбина, зашто, како што и самиот вели, „политиката е на маргините во однос на она што се случува во душата на човекот“.
Дали Платонов ќе успее да се приспособи на својата нова реалност?",Фикција,Евгениј Водолазкин,Антолог,2018,336,"350,00 Денари"
Нож и пердув,"Љубовта во овој роман „вреска“ од секоја негова страница. Оваа книга е таква. Подарок за душа. А не ви е ни роденден. Ги спојува прозниот и поетскиот дискурс, што им дава карактеристичен белег на раскажувањето и на водењето на приказната. Во книгоиздателството „Антолог“ ова е една од најпродаваните книги од млад, харизматичен автор.",Фикција,Димитри Соле Љубин,Антолог,2010,128,"200,00 Денари"
Најсвирепиот месец,"#3 АРМАНД ГАМАШ
Велигден во Три Пајнс е време на црковни служби, потрага по јајца и сеанси за воскреснување на мртвите.
Група пријатели одат во старата куќа на Хадли, ужасот на ридот, за конечно да се ослободат од злите духови што го измачуваат селото со децении. Но, наместо да се ослободат од духот, тие создаваат нов. Еден од пријателите умира од страв. Или сепак се работи за убиство? Тогаш се појавува главниот инспектор Арманд Гамаш со својот тим од полицијата во Квебек. Додека ги разоткриваат слоевите нечистотија што ја покриле опседнатата куќа, сфаќаат дека злото не е само таму. Еден од навидум љубезните селани е воден од исто такво зло.
Велигден во Три Пајнс е време на повторно раѓање, особено кога природата се буди. Но тогаш се буди и нешто друго, нешто неубаво. И веќе е јасно дека за да се случи повторно раѓање, прво мора да има смрт.",Фикција,Луиз Пени,Антолог,2022,400,"500,00 Денари"
Емаус,"Романите на италијанскиот писател Алесандро Барико се омилени во цел свет и во Македонија. Авторот на Свила, Новеченто, Океан море, Пијанистот се појавува со новакнигашто ја открива сета волшебност на италијанската харизматичност.
Тие се четворица другари, таа, Андреа, една и единствена.
Тие се членови на бенд, таа е прекрасна танчарка.
Тие се мирни, таа бесна.
Тие се уште тинејџери, таа е многу позрела од своите врсници.
Сè што им е забрането, таа си го дозволува.
Една пијана свирка во блиското гратче ќе ги доближи до вчера непристапната девојка.",Фикција,Алесандро Барико,Антолог,2013,144,"250,00 Денари"
Сага за Јон,"Во 1775 година на Исланд владее невиден студ. Свештеникот Јон Стајнгримсон е осомничен за убиство на првиот сопруг на неговата сопруга Торун и протеран од манастирот. Тргнува на југ, кон Мирдарлур, и се сместува во една пештера. Чекајќи да пристигне сопругата, се надева дека таму ќе може да започнат нов живот. Но вулканот Катла се буди и почнува да блуе облаци пепел, уништувајќи ги природата и населбите, а Јон е во опасност да биде закопан жив во пештерата!
Тој го исполнува времето во размисли за љубовта, идентитетот, верата, загубата, обновата на Исланд. Земјоделството и пишувањето писма до Торун му ги оттргнуваат мислите, но Јон ќе мора да се соочи со своето минато. „Сага за Јон“ е фасцинантна епистоларна приказна за „огнениот свештеник“, комплексна и таинствена личност, една од најнеобичните во историјата на Исланд.
Книгата е добитничка на престижната Награда за литература на Европската Унија во 2011 година.",Фикција,Офејгур Сигурдсон,Антолог,2018,208,"250,00 Денари"
Блуз од мешана крв,"Младиот, генијален трубач Херонимус е уапсен во еден џез-клуб. Оттогаш на оваа музичка ѕвезда ѝ се губи трагата. Имал само дваесет години. Бил германски државјанин. И црнец.
Педесет години подоцна, Сидни Грифитс, сведок на овој настан, одбива да говори за тоа што го видел. Но, кога на гости ќе му дојде Чип Џонс, пријател и колега од некогашниот бенд, со приказна дека открил чудно писмо, за Сид почнува патот до искупувањето.
Од зачадените клубови на Берлин и на Париз од пред Втората светска војна до модерен Балтимор, Сид го води читателот во фасцинантен, недоволно познат свет, во срцето на својата совест.
Блуз од мешана крв е возбудлива и трогателна приказна за расните разлики, музиката, љубовта и за предаденоста што ја бараме од себе и од другите во име на уметноста.
Романот бил номиниран за Букеровата награда. Добитник е на наградата Гилер во 2011 година.",Фикција,Еси Едуџин,Антолог,2016,320,"300,00 Денари"
Избрани раскази,"Чехов е автор на околу 900 дела, најголемиот дел хумористични раскази, драми, новели и повести, кои се сметаат за класични творби на светската литература.
Во расказите не прикажува големи историски настани и ликови. Приказните почнуваат секојдневно, за да го вовлечат читателот, но на крајот ефектите се секогаш моќни и предизвикуваат длабоки размисли и големи емоции. Прозата му е проткаена со хумор или со блага иронија и секогаш е присутна тагата која во подоцнежните дела преминува во резигнација и очај. Многумина го сметаат за еден од најдобрите автори на куси раскази во светот.
Работел како лекар во текот на целиот живот, а паралелно се занимавал и со книжевност. Самиот изјавил: „медицината ми е сопруга, а литературата – љубовница“.
Во оваа книга се поместени петте антологиски раскази и повести пишувани во опсег од десетина години: „Шега“ (1886), „Степа“ (1888), „Двобој“ (1891), „Павилјон број 6“ (1892) и „Човек во футрола“ (1898).",Фикција,Антон П. Чехов,Антолог,2024,320,"450,00 Денари"
Од устата на китот,"Од устата на китот е исландска сага за модерната доба. Дејството се случува во 1635 година. Исланд е свет помрачен од суеверие, од сиромаштија и од суровост.
Научниците му се восхитуваат на рогот од еднорог, сиромаштијата тајно ја обожава Девицата, а книгите и луѓето завршуваат спалени на клада. Сјон нè запознава со Јонас Палмасон, поет и самоук исцелител, прогонет на пуст остров поради еретичко однесување, каде што се сеќава на својата дарба за лечење „женски болести“, на истерувањето на еден дух на далечниот брег Снјафјол, на лудачкиот масакр на невините баскиски китоловци од страна на локалните селани, како и на смртта на три од неговите деца
. Приказната на Палмасон одекнува низ вековите и низ културите, тоа е епска приказна преку која го гледаме светот со други очи.
„Има некаква чудесна елеганција во овој исландски еп што ги соединува науката, магијата и уметноста.“
А. С. Бајат
*Книгата е достапна со потпис од авторот. Во коментар за нарачката нагласете доколку сакате да добиете потпишан примерок.",Фикција,Сјон,Антолог,2016,194,"250,00 Денари"
Смртта вози ауди,"Херојот на овој роман работи во маркетинг-агенција и живее со Сара и со нејзината ќерка. Еден ден добива задача да направи постер, но бидејќи нема време да користи оригинална слика, „позајмува“, и тоа од интернет. Излегува дека е тоа лоша идеја. Ги губи работата и девојката, почнува да пие, не оди на интервјуа за работа и наскоро банкротира. Во таква ситуација, Асгер прифаќа да се грижи за еден болен младич по име Валдемар, кој сака да отиде кај исцелител во Мароко. Иако е скептичен околу патувањето, Асгер ќе му помогне да најдат пари. Тргнуваат на патување низ Европа кон Африка и откриваат дека ги следи црно „ауди“. Како што се приближуваат до Мароко, патувањето буквално се претвора во трка со смртта.
Романот е добитник на Европската награда за книжевност во 2013 година. Книгата е објавена со поддршка на програмата „Креативна Европа“ на Европската Унија.",Фикција,Кристијан Банг Фос,Антолог,2015,240,"250,00 Денари"
Криво рало,"Поглед кон животот на потомците на ослободените робови во хациендите од руралниот Бразил.
Книгата сликовито ги прикажува културата, обичаите, верувањата, како и тесната поврзаност со земјата и природата, но и нееднаквоста и неправдите на кои биле изложени овие луѓе. Нивното освестување за барање на своите права е претставено многу нежно и едноставно, преку приказната за две сестри во хациендата „Црна вода“, Бибијана и една година помалата Белонисија.
Сè започнува со детска игра во која се случува несреќа со ножот скриен во бабиниот куфер, поради која едната сестра останува нема, а другата се претвора во нејзиниот глас, поврзувајќи се на необичен начин. Со текот на времето, сестрите се оддалечуваат. Белонисија останува, а Бибијана го напушта родителскиот дом, се мажи и станува мајка. Но судбината повторно ќе ги спои во хациендата…
„Криво рало“ е прекрасна приказна во која мајсторски се спојуваат лириката, магијата и реалноста.",Фикција,Итамар Виеира Јуниор,Антолог,2023,272,"400,00 Денари"
Атомска станица,"Кога Американците се нудат да купат земјиште во Исланд за да изградат воздухопловна база за НАТО по Втората светска војна, низ целата земја почнуваат протести. Овој конфликт Лакснес го користи како катализатор на својата воодушевувачка и моќна сатира. Раскажан од селанка од северот, романот произлегува од нејзините искуства како куќна помошничка во домот на еден пратеник…
Остроумна и трогателна сатира на политиката и политичарите, комунистите и на антикомунистите, на лажните културни непријатели, големите бизниси и на сите тврдења за авторство. Ремек-делото на Лакснес, како коментар на општеството, е еднакво релевантно денес како и во времето кога е напишано во 1948 година. Во 1955 година Лакснес ја добил Нобеловата награда за литература.",Фикција,Халдоур Лакснес,Антолог,2015,176,"200,00 Денари"
Троглодитни тинејџери,"Емануела Пагано едноставно и нежно раскажува една исклучителна приказна. Храбар роман, поетски и возбудлив, роман што ја враќа надежта. Адела е главниот лик во романот, родена во тело на маж, но подоцна се подведува на операција за промена на полот. Во близина на нејзиното гратче има две езера.
Првото е вештачко и под него лежи имотот каде што таа е родена и каде што го поминала своето детство, со родителите и со братот Аксел. Второто е природно, вулканско езеро, каде што честопати оди да го помине своето време.
Како што постојат верзии од исто нешто во природата така и во човекот се кријат повеќе лица. Адела се враќа во родниот град, каде што ја ангажираат како возач на училишниот автобус. За учениците претставува вистинска мистерија што имаат желба да ја разоткријат. Прашањето е дали ќе можат?
Добитник на Наградата за литература на Европската Унија за 2009 година.
„Романот на Пагано не е далеку од тоа да се смета за ремек-дело, нурнувајќи се во срцето на женственоста, душата на детството и во убавините на снегот.“
Ле Матрикул де Анж
„Со овој роман, Емануела Пагано впливува во сентименталните проблеми, одгатнувајќи го постојаниот дуел меѓу апсолутната љубов и недоразбирањето… Како да имала потреба да го заштити читателот, или своите личности, кои се чувствителни, ранети. Веќе од првите страници имаме чувство дека се наоѓаме во некоја road-story во француски стил.“
Телерама
„Романот на Емануела Пагано се фокусира на потрагата по идентитетот, на хармонијата во светот. Троглодитни тинејџери се развива во една, како од памук, воздушеста средина. Природата во романот игра клучна улога. Деликатните зборови на Пагано го прават романот возбудлив. Студи. Трепериме. Возбудени сме, особено во допир со виртуозниот јазик на авторката. На моменти груб, како климата, без отстапки, но и поетски избрусен.“
Соар",Фикција,Емануела Пагано,Антолог,2013,160,"200,00 Денари"
Шардоне и шпагети карбонара (II издание),"„Шардоне и шпагети карбонара“ е навидум љубовен роман, во кој се вплеткуваат приказните за Миа и Милан како пријатели и за Ксенија како девојка на Милан. Освен случувањата околу овие две релации – пријателската меѓу Милан и Миа, и љубовната меѓу Ксенија и Милан, низ романот се отсликува и хобито на главната хероина како млада писателка.
Вагајќи низа свои постапки, ликовите констатираат дека зрелоста нема врска со годините, туку со себенадминувањето во обидот да се спречат егото и ароганцијата.
Но истовремено ова е роман и за истрајноста во борбата со себе и своите демони, бидејќи, кога кршиме мразови, не треба никој да нè држи за рака затоа што се потребни двете раце и сета сила.
Марта Димитров одлично психолошки ги портертира ликовите доловувајќи ги нивните најдлабоки дилеми и стравови. Умешно проникнува во срцевината на нивните проблеми и раскажува една убава и топла приказна за љубовта, пријателството, лојалноста.
„Романот ти го посветувам Тебе, читателу, кој си ги преживеал падовите и си се издигнал над нив.“  Авторката
*Книгата е достапна со потпис од авторот. Во коментар за нарачката нагласете доколку сакате да добиете потпишан примерок.",Фикција,Марта Димитров,Антолог,2021,160,"250,00 Денари"
Сенки,"Кратките раскази собрани во збирката пред нас се напишани во временски лак од триесетина години, со почеток во 1935 година. Ова е обид да се доловат разноликоста и неповторливоста во опусот книжевни теми и форми на Ландолфи, како и да се истакнат најоригиналните исчекори во фантастичниот расказ од неговото творештво. Карактеристично е присуството на елементи од готскиот роман, како и на гротескни тонови што често еволуираат во комичност. Ландолфи ја оживува таквата атмосфера, не само преку умешната игра со мотивите својствени за приказните со духови и со привиденија туку и преку превезот на античност со кој го обвива раскажувањето, инсистирајќи на архаични конструкции, секогаш во духот на иронијата и на пародијата.
Специјално за македонското издание предговор напиша лично синот на големиот италијански мајстор на раскажувањето.
„Е.А. По, Кафка и Гогољ би биле воодушевени од италијанската зона на самракот што ја создал Ландолфи.“
Њујорк тајмс",Фикција,Томазо Ландолфи,Антолог,2015,170,"200,00 Денари"
Продолжено образование,"Прочитајте како македонски писател од Мала Преспа, Албанија, вешто ги комбинира Сартр и Ками со Буковски и Селин.
Возбудлива авантура на човек кој е постојано и од сè незадоволен.
Дали на внатрешниот немир ќе најде барем малку спокој во стварноста.",Фикција,Сотир Ристо,Антолог,2009,128,"200,00 Денари"
"Бели ноќи, Слабо срце, Кротка","Три раскази кои се сметаат за едни од најдобрите на Фјодор М. Достоевски!
„Бели ноќи“ (1848)
Млад маж шета по улиците на Санкт Петербург размислувајќи за својата осаменост кога налетува на уплакана млада жена. Придружувајќи ја до дома, започнуваат разговор и стануваат пријатели. Оттогаш се среќаваат ноќе за да си поприкажат. Јазикот и стилот прават читателот да ги почувствува опишаните сцени на своја кожа, продирајќи во најтемниот, недостапен слој на човековата душа. 
„Слабо срце“ (1848)
Почетокот на расказот е брз како и целото дејство: полетната желба за брак на Васја Шумков го вивнува во облаци, по што ни неговиот пријател, Аркадиј Иванович, не може да го смири. Таквата избрзана одлука буквално ги крши срцето и умот на Васја, чијашто искрена намера направила да потклекне пред горчината што следува.
„Кротка“ (1876)
Истражувајќи го односот на „тиранин“ и „жртва“ врз примерот на едно обично семеjство, Достоевски ни ја разоткрива и изложува на виделина душата на главниот лик кој се соочува со огромна трагедија – ненадејното самоубиство на неговата млада сопруга. Читателот станува сведок на испрекинaт внатрешен монолог на човек соочен со своите мисли и тага, со длабочината на својот очај.",Фикција,Фјодор М. Достоевски,Антолог,2024,176,"350,00 Денари"
"Збогум, сеништа","Ида има триесет и нешто години, живее со својот сопруг во Рим и работи за радиостаница. Тукушто пристигнува во Месина, својот роден град. Мајка ѝ планира да го реновира семејниот дом и да го продаде, па ја вика ќерка си да ѝ помогне при расчистувањето, да провери што сака да задржи.
Опкружена со предметите од минатото, Ида е принудена да се соочи со траумата што ја има обележано. Дваесет и три години претходно исчезнал татко ѝ: едно утро просто си заминал и никогаш веќе не се вратил. Од неговото отсуство произлегува свирепиот молк кон мајката, идентитетот заснован врз неправилност, па дури и односот со сопругот, истовремено спас и бродолом. Отсликувајќи се во недостигот, Ида станува жена под силно влијание на стравот и на сомнежот кон секаков вид желба. Но сега, кога семејниот дом ја опседнува со своите сеништа, мора да најде начин да го прекине маѓепсаниот круг и да се ослободи од татко си.
Книгата раскажува за опседнатоста со загубата, таа борба гради в гради што сите мора да најдеме начин да ја преживееме. Поетичен и интимен роман за изградбата на сопствениот идентитет, кој е добитник на повеќе награди, а „Кориере дела сера“ го вброи во десетте најдобри романи за 2018 година.
*Книгата е достапна со потпис од авторот. Во коментар за нарачката нагласете доколку сакате да добиете потпишан примерок.",Фикција,Надја Теранова,Антолог,2022,192,"300,00 Денари"
Со татковината,"Во оваа несекојдневна збирка песни авторот со голема надахнатост, љубов и восхит им посветил песни на сите градови во Македонија. Прелистајте ја, прочитајте ја – уште повеќе ќе ја засакате и ќе ја запознаете нашата прекрасна татковина!",Фикција,Саво Костадиновски,Антолог,2016,32,"150,00 Денари"
Лавр,"Роман за Бога, верата, времето и за тоа дека времето не постои, дека сè е едно и сè е поврзано со остатокот, книга за љубовта и за жртвувањето. Андреј Рубљов е во стилот на „Името на ружата“ во оваа длабока приказна, спектакуларно книжевно остварување. Специјалистот по средновековна историја, Евгениј Водолазкин, пишува на вечни теми како љубов, вера, саможртва и загуба, со огромна сила и со енергија на маестрален раскажувач.
„Лавр“ е напишана во форма на биографија. Се случува во доцниот петнаесетти век во село каде што еден исцелител е немоќен да ѝ помогне на саканата, гледајќи ја како умира при породувањето, уште невенчани и непричестена.
Очајниот маж се впушта во исцрпувачко патување во потрага по искупување. На ова тешко патување во сиромаштија им служи на луѓето. На патувањето со кое ги надминува времињата и државите, јунакот минува длабока и болна лична преобразба. Расфрлан во времето и во просторот, романот ја спојува темелно проучената историја со фантазијата на постмодерната вселена.
Романот „Лавр“ е добитник на престижната руска награда „Големата книга“ во 2013 година.
„Длабоко религиозен, просветлувачки роман, кој го слави животот.“
Леонид Јузефович
„Лавр е роман што може да ги отвори најскриените катчиња на душата.“
Лев Данилкин, списание Еднако
„Во книгата ќе уживате, ќе сакате да ја носите со себе, да ја препрочитувате на различни места, да ја подарите и да ја препорачувате на пријателите.“
Итоги
„Роман за љубовта во најдлабоката смисла на зборот. Истовремено и книга за времето. Односно, за отсуството на време, за времето надминато во заедништво со вечноста.“
Нова газета",Фикција,Евгениј Водолазкин,Антолог,2014,352,"330,00 Денари"
Нека играат децата,"„Нека играат децата“ е прва објавена книга на Денис Бојаров и претставува збирка раскази наменета за различни возрасни категории, која обработува социолошки, психолошки и филозофски теми поврзани со децата, со семејството, но и со човекот, воопшто.
Во голема мера книгата изобилува со автобиографски приказни, збогатени со имагинативната нарација, преку кои авторот воспоставува комуникација и блискост со читателот и му испраќа емотивни и моќни пораки.
Нараторот преку гласот на децата, преку родителите, животните и растенијата комуницира со читателот и му дава еден готов производ од ликови и настани од нашето поднебје, со кои сите ние се идентификуваме. Педесет и еден расказ на број, тематски слични, сепак со поинакво сиже и поуки. Ова се раскази што ќе ја поттикнат емпатијата во вас.",Фикција,Денис Бојаров,Антолог,2020,160,"300,00 Денари"
Селфи,"#7 СЕКТОРОТ Q
Што може да открие едно едноставно селфи за три (навидум) среќни девојки?
Тие се млади, убави, мрзливи и веќе со години го изигруваат државниот систем за да добијат социјална помош, така што секоја понудена работа ја одбегнуваат со разни оправдувања. И додека тие единствено се грижат за својот изглед и за обезбедувањето „спонзори“, не се ни свесни дека ѝ паѓаат во очи на една неурамнотежена личност што решила да го ослободи светот од ваквите „паразити“.
За тоа време во парк во Копенхаген е откриено тело на постара жена. Случајот неверојатно потсетува на друго нерешено убиство од пред повеќе од десет години, иако врската меѓу жртвите ја збунува полицијата. Тие мислат дека сличностите се случајни, но, всушност, и тоа како се поврзани.
Детективот Карл Морк и неговиот крајно симпатичен помошник Асад ќе се најдат пред тежок предизвик кога мрачното минато на нивната колешка Роуз, која е во тешка депресија, ќе се соочи со едно нерешено убиство.
Дали тимот без нејзиното присуство ќе успее да се избори со сето тоа?
И дали Секторот Q навистина ќе се спаси од згаснување?",Фикција,Јуси Адлер-Олсен,Антолог,2022,480,"550,00 Денари"
Како пердув на ветрот,"Понекогаш, еден ден може да обележи цел еден живот.
На 12 август 2019 година Виола добива неочекуван повик од Лили, нејзина поранешна сосетка и најдобра пријателка. Сега двете имаат по осумдесет години и Лили е на смртна постела. Животот ги разделил во младоста, но никогаш не престануваат да мислат една на друга.
Длабокоемотивниот роман на Софија Лундберј ги прикажува животите на Виола и Лили така што ги потсетува на истиот, значаен датум, од 1950-тите до денес. Кога Виола и нејзините ќерки итно заминуваат за Париз за да ја видат Лили за последен пат, прашањето што со години ја измачува Виола најпосле добива одговор.
„Како пердув на ветрот“ е приказна за бесмртното пријателство, љубовта и џезот.",Фикција,Софија Лундберј,Антолог,2022,304,"400,00 Денари"
Биографија на гладот,"Јас сум глад.
Преку филозофската призма на гладот, Амели Нотомб ја пишува својата автогеобиографија: детството и тинејџерските години минати во Јапонија, Њујорк и во Југоисточна Азија, осознавајќи го светот. Глад за љубов, глад за убавина, глад за книги, но и глад во вистинска смисла на зборот со сите позитивни и негативни исходи.
Со чувство дека другите ја ценат поради погрешни вредности, Амели се декларира како дете алкохоличар, жртва на групно силување на дванаесет години, тинејџерка анорексичарка – борец против сопственото битие на кое потребите и недостигот му носат страдање, а литературата и пишувањето спас. Мазохист за телото, а хедонист за духот, Амели нè води низ романот преку играта на гладот за да ни го предочи апетитот за животот.
Низ провокативниот стил и црниот хумор ја запознаваме вистинската Амели Нотомб, која ни кажува дека Јапонија за неа значи убавина, Кина – затвор, Њујорк – лудило, Бангладеш – смрт, а Лаос – немаштија.",Фикција,Амели Нотомб,Антолог,2018,138,"200,00 Денари"
Виенски гамбит (II издание),"Виктор Николов е 33-годишен инспектор на Одделението за крвни деликти од Скопје. За време на својот летен одмор, заминува за Виена во посета кај својот помлад брат Даниел, пропаднат писател што одвај преживува работејќи како бармен во еден елитен ноќен клуб.
Додека ја истражува неодоливата Виена, Виктор ја запознава Карен Фишер, Австријката со која истата вечер завршува во кревет.
Но прекрасната ноќ се претвора во кошмарно утро. Девојката на Даниел е пронајдена мртва, а тој нема алиби. На површина излегуваат неодамнешните расправии меѓу нив и ситуацијата се заплеткува во неочекуван правец.
Може ли да му се верува на сопствениот брат, кој тврди дека е невин? И како да се повлече граница помеѓу кога главниот истражител што го гони твојот брат е жената со која си спиел пред неколку вечери?
Интригантен, тензичен и непредвидлив роман, кој ве држи во недоумица до последната страница.
  *Книгата е достапна со потпис од авторот. Во коментар за нарачката нагласете доколку сакате да добиете потпишан примерок.",Фикција,Анде Јанков,Антолог,2021,336,"400,00 Денари"
Ние против вас,"Едно гратче против друго. Еден хокејски тим против друг. Некогаш и против себе.
„Ние против вас“, накратко, е роман за последиците. Како продолжение на приказната за Мечкоград и на сите случувања што го зафатија, оваа книга, со емотивниот набој со кој е напишана, зборува за љубовта, другарството, честа, верноста, единството, разединетоста, жртвувањето и борбата за опстанок. Подготовките за новата хокејска сезона започнуваат, но хокејскиот клуб е на раб на стечај. Додека спортскиот директор се обидува да го спаси, клубот, како и градот, се распаѓа дел по дел. Следуваат настани во кои ќе се отсликаат сите емоции и надежи на заедницата, следуваат и жестоки пресметки и трагични случки.
Нови ликови, нови пријатели, нови непријатели. Мечкоградската хроника на Бакман е микрокосмос, емоционален тобоган што уште еднаш подвлекува за каков автор станува збор.
Серијата „Мечкоград“ на HBO премиерно беше прикажана во октомври 2020 година.",Фикција,Фредрик Бакман,Антолог,2021,416,"500,00 Денари"
Куќата на сликарот,"Дождлива пролет во Брисел. Марсијал, сликар што тешко ги продава своите дела, среќава една очајна жена на која сака да ѝ помогне да ја врати волјата за живот. Ќе биде ли ова почеток на една љубовна приказна? Не, бидејќи Марсијал се плаши да се вљуби. Тој признава само забава и пријателство. И, како и секогаш, ќе го следи сенката на неговиот брат, „кој не е како другите“. Ќе се промени ли тој во текот на месеците во кои ќе сретне други туѓинци, чии проблеми ќе ја направат и неговата состојба уште поалармантна? Во потрагата по среќата, ликовите во романот и нам ни ја пренесуваат убавината на Надежта.
Вредностите на оваа книга се и книжевни и социолошки бидејќи таа се занимава со психолошките болести и со затвореноста, како и со улогата и статусот на уметникот во современото општество.",Фикција,Мишел Ламбер,Антолог,2016,160,"200,00 Денари"
Лавиринтот: Невозможно бегство,"#1 БЕСТСЕЛЕР НА „ЊУЈОРК ТАЈМС“
Ако не си исплашен, тогаш не си човек.
Томас се буди во мрачен лифт. Паметењето му е избришано. Се сеќава единствено на своето име. Кога вратите се отвораат, го заслепува светлина и открива дека е опкружен со група момчиња, кои, исто така, не се сеќаваат кои се, ниту како стигнале таму.
Добре дојде на Ледината.
Зад високите камења околу целата Ледина се простира Лавиринтот, кој постојано се менува. Тоа е единствениот излез оттаму, но никој досега не го минал жив.
Сè ќе се промени.
А потоа, пристигнува една девојка. Првата девојка што некогаш стапнала на Ледината. Девојка со застрашувачка порака.
Сети се. Спаси се. Бегај.
Футуристичката антиутопија „Лавиринтот: Невозможно бегство“ е прва книга од серијалот на Дашнер, сметана за современа класика, по која е снимен и истоимениот филм од 2014 година.",Фикција,Џејмс Дашнер,Антолог,2016,348,"400,00 Денари"
Сеќавања и желби,"Љубовна приказна што почнува во Париз во 1934 година и завршува во Њујорк во 1980 година и во која Алексеј Џизмонди е во потрага по жената за која смета дека ги поседува клучевите од една тајна со која е опседнат. Во средиштето на тајната е секогаш загадочната Силви Ковалска Жарден, чии сомнителни гестови сериозно ќе им наштетат на нејзините лични и семејни односи, особено со ќерката Катрин, која на 13 години си заминува од дома за да побегне од насилното однесување на мајка си.
Книгата ги истражува длабочините на еротската психа и раскажува за една прекрасна жена, за нејзиниот живот од испреплетени вистини и лаги и за скандалозните постапки што ќе остават последици врз повеќе генерации на два континента. Ликовите од високите и интелектуални сталежи, драматичниот и страстен набој, како и многубројните уметнички, книжевни и историски референции го прават ова дело совршено четиво за обожавателите на љубовни романи.",Фикција,Лиса Апињанези,Антолог,2016,704,"600,00 Денари"
Шпанска невеста,"„Шпанска невеста“ е мајсторска легура од еротски крими и женски роман. Дејството е претставено преку гласот на две жени.
Едната приказна нѐ води меѓу тајните размисли на модерна девојка, која во обидите да изгради врски со спротивниот пол ги истражува многуте лица на љубовта и на созревањето.
Втората приказна го разоткрива последниот ден на Олга Јонаш, инаку сопругата на Геза Чат, познатиот унгарскиот писател и доктор. Во својот петгодишен, „комплициран“ брак, тие градат еден од најконтроверзните односи во историјата на познатите личности, исполнет со похота и со садистички испади. Психичката состојба на Чат се движи помеѓу паранојата и страста. Освен што на својата сопруга ѝ црта линии со кои ги обележува местата каде што ѝ е забрането да се движи, нивниот сексуален однос се одвива на работ на перверзноста. Во 1919 година три куршуми од пиштолот на Чат завршуваат во телото на сопругата.",Фикција,Илдико Ловаш,Антолог,2014,288,"250,00 Денари"
Случајот Чернобог (второ издание),"На почетокот на 1980-тите младите психијатри Јан Леви и Татјана Фауст добиваат задача да напишат теза за феноменот Елеонора Чернобог, случај што со децении неуспешно се провлекувал по психијатриски установи и за кој ниеден психијатар не успеал да постави вистинска дијагноза.
Денот кога стигнуваат во поправниот дом каде што Елеонора е оставена од родителите е денот кога животите на тројцата се менуваат. Од научнички аспект недоверливи кон телекинеза, психијатрите доаѓаат со намера да ја земат Елеонора на Институтот за психијатрија.
Нејзините претскажувачки зборови и телекинезата всадуваат страв, но и уште поголем интерес кај Јан и Татјана. Институтот и тезата на психијатрите се само параван за експериментите што државата сака да ги врши над девојката. Татјана по секоја цена сака да ја спроведе кај оние што ја бараат.
Триесетина години подоцна, една млада режисерка е решена да сними документарец за „Случајот Чернобог“ зашто има многу прашања во врска со телекинеза и психокинеза, превидувања за иднината, комуникација со оној свет и претскажувачки соништа, кои само Јан Леви може да ѝ ги одговори.
Дали Мона ќе го сними документарецот, или патем ќе го загуби умот кога ќе почне да гледа привиденија?
  *Книгата е достапна со потпис од авторот. Во коментар за нарачката нагласете доколку сакате да добиете потпишан примерок.",Фикција,Катерина Шошко,Антолог,2021,416,"400,00 Денари"
Потекло,"Вака стојат нештата: земјата во која сум се родил денес веќе ја нема. Додека постоеше, се сметав себеси за Југословен. Како и моите родители: татко ми – Србин, a мајка ми – од бошњачко муслиманско семејство. Бев дете на мултиетничка земја, плод и исповед на двајца луѓе што се сакале и кои југословенскиот melting pot ги ослободил од притисокот на различното потекло и религија.
ПОТЕКЛО е книга за моите потекла, за сеќавањата и откритијата. Книга за јазикот, работата на црно, штафетата на младоста и за многу, многу лета.
  Во својот трет роман Саша Станишиќ раскажува како од родниот Вишеград патува за Хајделберг, па се враќа назад во босанските планини кај баба си. Топол, близок, духовит и живописен роман, кој ја плени германската публика. Вонсериско дело што ќе ве освои на прво, второ и на секое следно читање.
Германска книжевна награда за 2019 година!
„За разлика од други постјугословенски автори што ја создаваат својата книжевност во тесните, зададени рамки на идентитетскиот кафез, Станишиќ сам отвора рамки и дефинира идентитети.“ – Миљенко Јерговиќ",Фикција,Саша Станишиќ,Антолог,2021,352,"400,00 Денари"
"Скриени желби, немирни патувања","„Скриени желби, немирни патувања“ е мозаичен роман во кој врз основната приказна за четири ликови се вкрстуваат приказните на педесетина луѓе од различни географски меридијани.
Книгата претставува микс од приказни, преплетени и вмрежени меѓу себе, доловени со многу детали, хаику-моменти, филмски секвенции, духовни епифании. Роман за интеракцијата меѓу личното и надворешното, за начинот на кој атмосферата и ситуациите ги обликуваат нашите внатрешни пејзажи, за потребата да се раскажуваат приказни и да се пронаоѓаат сјајот и лагата во нив.
Еден од најинтересните аспекти во романот е релацијата меѓу четирите основни и преостанатите куси приказни. Од таа релација се градат визуелни и мисловни контрапункти, ситни драматуршки пресврти, нијансирани поттекстови. Комбинацијата од непристрасен поглед на камера и лично обоено раскажување создава необичен тон, кој предизвикува читателот да биде оставен пред отворената врата на толкувањето.
  *Книгата е достапна со потпис од авторот. Во коментар за нарачката нагласете доколку сакате да добиете потпишан примерок.",Фикција,Владимир Јанковски,Антолог,2020,180,"300,00 Денари"
Мојот живот како куче,"„Чисто задоволство, од почеток до крај“, „Брилијантно, урнебесно раскажување“ се само мал дел од многуте блескави критики за интернационалниот бестселер Мојот живот како куче, за кој се снимени и филм и цела тв-серија. Истовремено суров до коска и нежен како ќебе, на моменти длабоко замислува но цело време со леснотија насмевнува, ова ќе биде најпрекрасниот роман што ќе го прочитате и ќе подари огромно количество топлина во студените денови што доаѓаат. Секој кој барем еднаш чувал домашно милениче, ќе се воодушеви од поврзаноста на малиот Ингемар Јохансон со неговото куче кое го придружува секаде, дури и во соништата.
„Има само еден начин да се истрпи болката, тоа е да се заборави“, вели Раидер Јонсон, авторот на романот Мојот живот како куче, одговарајќи на нашето прашање, специјално за македонскиот превод на романот, дали настаните што ги раскажува навистина се случиле во неговото многу потресно детство. „Можеше да биде и полошо“, додава со надеж дека наскоро ќе има можност да ги сретне одблиску и македонските читатели.",Фикција,Реидар Јонсон,Антолог,2012,240,"290,00 Денари"
Што да сторам кога сè гори?,"Лобо Антунес навлегува во непознатиот свет на трансвеститите, хомосексуалноста, дрогите и на алкохолот за да ни ја раскаже приказната на едно семејство полно со конфликти, и тоа преку сеќавањата на Пауло, момче што растело под туторството на таткото-трансвестит и на мајката-алкохоличарка. Неговиот живот се одвива на улиците на еден сиромашен кварт во Лисабон, каде што ја набавува дрогата што му помага да избега од реалноста, и во психијатрискиот центар, каде што лекарите се обидуваат да го вратат во живот. Насловот на книгата е стих од ренесансниот поет Са де Миранда, кој во денешно време се чини најактуелен досега. Антунес вели дека по овој роман има желба да напише само уште две книги.",Фикција,Антонио Лобо Антунес,Антолог,2015,528,"500,00 Денари"
Автопортрет со седум прсти,"Наспроти познатиот лиричар, на страниците на овој „Автопортрет со седум прсти“ се исправа еден друг, речиси непознат Шопов – а сепак истиот! – кој со остро перо пишува за семожните „конфузии“ и „политикантските алузии“ во „нашата мала, нерасповиена литература“, за „литературните и уште повеќе нелитературни конфронтации“, за „стегите на аристократизмот и примитивизмот“, за нашата „провинциска препотентност“ и „особина да импровизираме“, за навиката да „се играме одговорност“ и „напластеното сало на нашето спокојство“… Но и за темните обиди да се покријат со лага страниците од нашата историја, за македонскиот јазик – „трн во окото на големобугарските шовинисти“… Како и за „улогата на поезија во националната афирмација“, за ослободувањето од регионализмот и зачекорувањето кон универзалното во нашата „сериозна и нова литература“, која го носи „здивот на почвата на која се родила и бојата на нејзиното небо“…
Со други зборови, за сè она што и денес нè докоснува, и тоа многу повеќе отколку што нашиот поет можел да поими кога ги објавувал овие свои размисли, во текот на неговите четири децении творечки и општествен живот, од почетокот на четириесеттите до крајот на седумдесеттите години на дваесеттиот век. 
 Ј. Ш.",Фикција,Ацо Шопов,Антолог,2024,576,"700,00 Денари"
Совршена ноќ да се замине во Кина,"Романот почнува со најстрашниот кошмар на секој родител: детето што ненадејно исчезнува. Таткото прави една погрешна одлука и го остава својот шестгодишен син на 15 минути. Кога се враќа, малечкиот не е веќе таму, а три човечки животи се менуваат засекогаш. Дали детето е киднапирано? Изнесено од државата? Дали е живо?
Приказната ја раскажува Роман, телевизиски водител, кој го бара својот син како во градот така и во светот на соништата, во обид да го врати. Прогонуван од цврстото убедување дека син му му се обраќа насекаде, Роман почнува да навлегува во чуден однос со исчезнатото дете и со својата совест. Неговото однесување станува неподносливо, па тој е отфрлен од неговата жена, а полицијата го демне мислејќи дека самиот тој го крие детето.
Гилмор пишува со јасен, современ јазик, без претереното разубавување на стварноста во која отуѓеноста на луѓето станува сѐ пострашна. Книгата го впива читателот сѐ до последната, изненадувачка страница.",Фикција,Дејвид Гилмор,Антолог,2017,116,"200,00 Денари"
100 проценти,"Андерс Рослунд докажува дека е еден од најдобрите автори на крими-трилери на нашево време.
„Значи, ми велиш дека наеднаш сме се нашле во некој… што знам, крими роман со сериски убијци? Знаеш дека не се занимавам со такви работи, никогаш не сум се занимавал – од едноставна причина што во Шведска нема сериски убијци, никогаш немало.“Но, доколку нема сериски убијци во Шведска, тогаш:Зошто некој некому му ја исцедил целата крв од телото?Зошто некој искршил до најмалото ковче друго тело и зошто некој спржил трето тело со разни течности?И, всушност, колку е сигурен како доказ примерокот од ДНК? Конечно, што навистина му се случило на детективот за крвни деликти Еверт Гренс, кој си пукал в глава сакајќи да стави крај на сè?
Немилосрден трилер што е невозможно да се испушти од раце додека не се дочита докрај.",Фикција,Андерс Рослунд,Антолог,2024,384,"500,00 Денари"
Оваа приказна,"„Оваа приказна“ ја раскажува животната сторија на Ултимо Пари. Читателот се сретнува со дете израснато на село во Северна Италија на почетокот од XX-иот век и потоа го следи неговиот пат на различни места и низ различни случки до 1960-тите години. Книгата се сосредоточува на дихотомијата на редот/нередот. Ултимо Пари открива дека единствениот начин да му се даде значење на животот, да му се даде рамнотежа, е да се создаде тек, совршен тек. Кога ја преживува трагедијата од битката во Капорето, Ултимо внимателно ги одбира „кривините“ на својот животен тек. Задачата што му ја дава жената што ја сака е внимателно да го открие овој тек и да го пропатува животот, за еден и единствен пат.
Романот, кој користи различни стилови, е проткајан од чувството на неизвесност и вчудовиденост. Тука се научното пристигнување на првите автомобили, страста за автомобилите и тркањето, единствениот однос меѓу таткото и синот, ужасните глетки од Големата војна, љубовната приказна што не почнува и не завршува и што е потпомогната од знаци и од патокази.",Фикција,Алесандро Барико,Антолог,2015,288,"300,00 Денари"
Мемоарите на Шерлок Холмс,"Втората книга од приказните за Шерлок Холмс содржи дел од најдобрите авантури на најпознатиот детектив на сите времиња. Класична збирка од 1894 година, во која на Холмс му се даваат подлабоки димензии, а заплетите стануваат сè помрачни и покомплексни.
Шерлок Холмс и неговиот верен партнер д-р Вотсон ќе решат дел од најбизарните случаи – исчезнувањето на тркачкиот коњ “Сребрен Пламен”, ужасните околности во кои ќе се најде “Грчкиот толкувач” и чудната мистерија на “Ритуалот на семејството Масгрејв”, а наспроти сите овие случаи, еден генијален криминален ум ќе планира како да му стави крај на постоењето на големиот детектив.
Холмс и д-р Вотсон остануваат најдобриот тим детективи во историјата, а начинот на кој сер Артур Конан Дојл ги прикажува машкото пријателство, возбудата при гонењето, како и магливите предградија на градот Лондон во викторијанската ера, останува нешто неповторливо во детективската книжевност.",Фикција,Артур Конан Дојл,Антолог,2020,256,"350,00 Денари"
Луксембуршката градина,"Пол е професор во една париска гимназија и се наоѓа пред период од животот во кој неговата омилена област, философијата, на неверојатен начин ќе се спои со светот на научната фантастика!
На почетокот од распустот Пол по грешка ќе отчука еден збор на тастатурата, кој ќе стане причината за сите чудовишни пресврти во текот на летото.
Погрешно напишаниот збор го движи низ интернет-лавиринтите, го носи до чуден фрагмент од фантастичен роман со непостоен јазик чиј автор е американски математичар. Во комбинација со романтични авантури, како и со низа случувања на работ од реалноста, авторот создава мистично-философска алегорија за една поразлична стварност.
Љубовта и љубомората, омразата и помирувањето, на еден духовит начин ги поврзува со улогата на технологијата и науката во нашите животи.
За романот „Луксембуршката градина“ Ајваз ја добива наградата „Магнезија литера“ за книга на годината за 2012 година.",Фикција,Михал Ајваз,Антолог,2018,170,"250,00 Денари"
Сликата што не е на продажба,"Миа и Јан. Навидум едноставни и обични, но исправени пред многу предизвици. Приказна за вртлозите на животот кога душата е сместена во две тела, а тие не можат да најдат мир. Дали за да ги победиш тагата и празнината, како две сестри близначки, треба да инсистираш на  сопствената замисла за животот и љубовта или исполнетоста може да  се постигне и со толеранција и компромис? Подеднакво незадоволни, а  среќни?! Нелогично звучи, но дали е (не)возможно? Каде да се најде  патот – во единството на спротивностите или во парадоксите на созревањето, кога дури отпосле ќе сфатиш дека довербата одамна не постои, дека си грешел, а сè можело да биде поинаку. Или иднината ќе остане неоткриена, љубовта ќе остане тајна, а зборот ТЕ САКАМ ќе биде погрешно разбран, или постои надеж?! Кој мудрец може да ги посоветува Миа и Јан кога е доволно доцна, а сепак навреме, да го отворат куферот на неостварените желби?",Фикција,Агапи Гордон,Антолог,2023,192,"400,00 Денари"
Петте годишни времиња на љубовта,"Портрет на 55-годишната Ана чиј живот не е таков каков што очекувала и чии некогаш храбри соништа се претвориле со полувистини, грешки, фрустрации. За да го исполни аманетот што го дала за време на студентските денови, организира забава по повод новиот милениум. Како што се појавуваат старите пријатели и како што се доближува одбројувањето до новиот век, минатото на Ана претрпува неочекувани промени…
Поставена во хаосот на Бразилија, место каде што и основните човекови прашања – љубовта, пријателството, сексот, работата – може да имаат чудни размери, оваа приказна  е неодоливо модерна и длабоко безвременска. „Петте годишни времиња на љубовта“ е исклучителен роман од автор на врвот на задачата.
Книгата е добитник на најстарата и најпрестижна книжевна награда во Латинска Америка, „Каза де лас Америкас“, во 2003 година.",Фикција,Жоао Алмино,Антолог,2015,160,"200,00 Денари"
Земја,"Најбогатиот човек на планетата создава ријалити шоу што будно го следи целото човештво на малите екрани и преку социјалните мрежи.
Медиумскиот магнат испраќа осуммина на Марс за да ја создаде првата колонија надвор од Земјата, но без шанси да се вратат. По неговата смрт, неговите деца, син и ќерка, веќе возрасни луѓе, треба да завршат игра почната во детството што тој ја дизајнирал.
Наградата за успешно завршената игра е исполнување на најголемата желба на секој од нив… Но ништо не е како што изгледа и вистината станува сложена загатка што треба да се открие, за да сфатиме на крајот дека главниот проблем кога ја бараме вистината настанува кога ќе ја најдеме и не знаеме што да правиме со неа.
Роман за моќта на телевизијата и на социјалните мрежи и за негрижата за планетата што ќе го промени твоето гледиште на светот.",Фикција,Елој Морено,Антолог,2025,384,"600,00 Денари"
Скопје и сè е можно,"Четворица луди другари имаат намера да го украдат споменикот „Воин на коњ“ од Плоштадот во Скопје. Урнебесните ситуации почнуваат со ковањето планови како да се дигне 14,5 метарскиот споменик кој тежи десетици тони.
Кој очекува да прочита уште една од книгите на Жарко Кујунџиски, ќе останебајагиразочаран. Романот е 180 степени поразличен од сè досега, бидејќи е пишуван на скопски сленг а народниотхумор е тој што го движи дејството и дава шарм на несекојдневната идеја која може да ги освои и најголемите мрчатори.
Пишувана според целосно бестселерска формула,Скопје и сè е можно лесно и бргу се чита а дејството е и смешно и динамично, како да гледате холивудска комедија.
Хуморот во македонската литература е ретко присутен, но овојпат стилот е на чист македонски Квентин Тарантино и ќе ги возбуди читателите од сите генерации и општествени провиниенции.
Насловната страница ја направи македонскиот стрипаџија Михајло Димитриевски Тхе Мичо, цртачот на серијата Еднооки.",Фикција,Жарко Кујунџиски,Антолог,2013,304,"350,00 Денари"
Бризбејн,"Евгениј Водолазкин во својот нов роман ја продолжува приказната за јунаците (исто како и во „Лавр“ или во „Авијатичарот“) чија судбина – како во античките трагедии – наеднаш и веднаш се менува.
Глеб Јановски е музичар, виртуоз што на врвот од својата слава ја губи можноста да настапува поради болест и се обидува да најде нова смисла на својот живот, нова потпорна точка. Во тоа му помага минатото: се обидува да ги собере заедно сеќавањата од детството во Киев, од младоста во Ленинград, од сегашноста во Минхен. Само Бризбејн го нема меѓу тие животни патешествија. Дали воопшто постои таков град? Или тоа е само илузија, мечта, утописки идеал?
Романот е прогласен за Книга на годината во Русија за 2019 година.",Фикција,Евгениј Водолазкин,Антолог,2021,352,"400,00 Денари"
Седум куќи во Франција,"„Седум куќи во Франција“ не е историска хроника, туку возбудлива и живописна приказна што преку авантурата на ликовите ја бара вистинската метафора за темната страна на нашиот свет!
Амбиентот на овој роман е моралната декаденција во гарнизонот на колонијалните трупи на кралот Леополд II од Белгија на почетокот од дваесеттиот век, во срцето на џунглата во Конго.
Лаланд Биран е капетан, но и поет со амбиција да се збогати и да им се врати на книжевните кафулиња во Париз. Неговата жена е уште поамбициозна: сака да поседува седум куќи во Франција, една за секоја година што нејзиниот сопруг ја поминал во туѓина!
Фасцинантата лепеза од ликови ќе направи оваа книга да не ја заборавите. Возбудлива црна комедија што ја открива најмрачната суштина на човековите желби.",Фикција,Бернардо Ачага,Антолог,2018,208,"250,00 Денари"
Омон Ра,"Омон Кривомазов е обично советско дете што мечтае за лет во вселената. Таа идеја станува основа во неговиот живот и му ја одредува натамошната судбина. Во СССР освојувањето на космосот е една од најважните задачи и Омон има среќа (или несреќа) да учествува во тоа. Но фантазиите се едно, а реалноста нешто сосем друго. Многу лесно, во даден миг, може да сфатиме дека целиот наш живот е една огромна измама.
„Омон Ра“ (1992) е првиот роман на Пелевин со кој тој го привлекува вниманието на читателите и на критиката и во него со неверојатна вештина претставува една алтернативна верзија на историските настани што досега никој не ги ставаше под никаков сомнеж.",Фикција,Виктор Пелевин,Антолог,2019,160,"250,00 Денари"
Воздишката на Сузана,"Моќно дело за љубовта, за пријателството, како и за љубовта на родителите кон децата.
Сузана Либескинд е ќерка на сопственик на фабрика за  шеќер. Ништо не ѝ недостига и лесно патува низ секојдневјето опкружена со сладок живот и шеќерна волна.
Сузана има двајца другари: Хануш и Јан, а и двајцата ја сакаат. Интелигентна е и убава, а згора на тоа е од богато семејство. Но е Еврејка. Се случува германската окупација и таа завршува во концентрационен логор.
Патиштата на тројцата се разидуваат, детството го заменува присилното созревање: Јан му се приклучува на отпорот, Хануш станува колаборант, а Сузана се обидува да ги преживее садистичките експерименти во логорот.
Ја победува сета болка што ѝ е нанесена, но, кога се враќа дома за да ја преземе шеќераната од убиениот татко, дознава дека со нејзините карти некој започнал друга игра…
Дали сè уште е способна да сака по сè што преживеа? И има ли избор?",Фикција,Јакуба Каталпа,Антолог,2021,304,"350,00 Денари"
Близначки,"Историската и човековата приказна се судираат во овој психолошки роман, кој почнува во 1990 година со една случајна средба на две возрасни жени во белгиското одморалиште Спа. Двете жени се дојдени на бања. Но не е случајно што обете страдаат од артритис. Стариците, всушност, се близначки, одделени во детството поради смртта на нивните родители. Ана останала во родната Германија, каде што ќе ја израсне дедото во голема селска сиромаштија, додека Лоте е пренесена во Холандија од страна на роднините. Од тој момент го губат контактот една сo друга и се на спротивни страни за време на подемот на Хитлер и распалувањето на Втората светска војна. Лоте до срж ги презира Германците бидејќи се омажила со холандски Евреин. Додека Ана се омажила со офицер на нацистичките СС-единици од Виена. Сепак, и двете сестри во војната ги загубиле партнерите, едната при бомбардирањето на сојузничките сили, втората во австриски концентрационен логор.
Во двата обиди да се сретнат, тешко комуницираат. Првпат се наоѓаат 40 години по војната. Но тешко се разбираат. Трогателната приказна се распламтува преку сеќавањата и разговорите полни со лутина бидејќи имаат голем број несогласувања. Теса де Ло уметнички ткае два мошне развиени лика на богата историска заднина. Вечните прашања на вина и соучество остануваат нерешени, иако романот суптилно раскрива проблематични места од прашањата за националниот идентитет и семејната поврзаност. Како што сестрите полека сфаќаат дека не е сè црно-бело така читателот е принуден да погледне длабоко во себе пред да ги осуди другите.
Првпат објавен во 1993 година, овој потресен роман го истражува непријателството што постоело меѓу Германците и другиот дел од Европа по Втората светска војна. Дејството се раскажува на женствен, сензитивен и провокативен начин, без директно воспевање и осудување.",Фикција,Теса де Ло,Антолог,2013,416,"350,00 Денари"
Магичен ковчег,"Сигрун и нејзиното семејство се кријат од времето во своите запечатени временски ковчези, кога одеднаш, ковчегот на Сигрун се отвора, а таа е соочена со свет во кој владеат напуштање и урнатини.
Обидувајќи се да најде смисла во тоа што се случило, Сигрун се здружува со група деца и со една чудна старица, која им раскажува приказна за алчен крал што го освоил светот, но копнеел да го освои времето. Со магичниот ковчег, проѕирен како стакло, но изработен од пајакова свила, исткаен толку густо што ни времето не можело да ги пробие ѕидовите, кралот успеал да ја заштити ќерка си од процесот на стареење.
Еден ден, едно момче го отвора ковчежето, а принцезата открива дека поминале 20 години, а кралот полудел.
Се чини како да постои некаква поврзаност меѓу приказната на старицата и светот на Сигрун. Таа мора да ја најде врската, која да се надеваме дека ќе ѝ покаже како да го поправи светот!",Фикција,Андри Снаер Магнасон,Антолог,2019,272,"300,00 Денари"
Војната нема женско лице,"НОБЕЛОВА НАГРАДА ЗА ЛИТЕРАТУРА ЗА 2015 ГОДИНА!
Војната нема женско лице е една од најпознатите книги за војната. За време на Втората светска војна, околу еден милион жени се бореле на страната на Црвената армија, но за нив никогаш ништо не се пишува. Оваа книга ги собира на едно место спомените на стотици жени – снајперистки, тенкистки, болничарки.
Ова е приказна за жените во текот на војната. Што ним им се случувало, како таа ги променила? Од што се плашеле? Како научиле да убиваат? Овие жени – повеќето првпат во својот живот – ја раскажуваат нехеројската страна на војната, која најчесто не е присутна во сеќавањата на ветераните.
Тие говорат за валканоста и за студот, за гладот и за сексуалното насилство, за проблемите и за сенката на смртта. Алексиевич дозволува овие гласови да се слушнат во нејзината трогателна книга, првпат објавена во 1985 година. Авторката ја дополнила во 2002, преработувајќи ги деловите што биле цензурирани и додавајќи нови материјали што првично не било дозволено да се објават.",Фикција,Светлана Алексиевич,Антолог,2016,320,"350,00 Денари"
Пчелно семејство,"„Пчелно семејство“ е збирка од седум раскази. Секој расказ застапува одреден обред или обичај од словенечката традиција, кои во делото на Мугерли се вметнати во поинаков контекст или во современи рамки, така што добиваат нова улога и добиваат нова смисла. Централна тема на секој расказ е семејството: било да е неостварено („Јаболкарка“), обединето и потоа раздвоено („Пламени јазици“) или некое што во нормални услови би можело да стане вистинско („Пчелно семејство“). Сите раскази, освен еден, се случуваат во сегашноста, но поради ритуалите и атмосферата се чинат безвременски. Авторката со јазична виртуозност нè внесува во свет што не го познаваме, иако живееме во него.
Читајќи ги расказите, постојано преминуваме некакви граници – јазични, културни, политички, географски, но и оние што се поставени помеѓу реалноста и несвесното.
Во 2021 година „Пчелно семејство“ ја добива престижната Награда за литература на Европската Унија.
Книгата е објавена во рамки на проектот Made in Europe: The power of diversity / Создадено во Европа: Моќта на различноста (ко-финансиран од програмата Креативна Европа на Европската Унија).",Фикција,Ања Мугерли,Антолог,2022,144,"300,00 Денари"
Понижени и навредени,"Во што е разликата помеѓу љубовта и жртвувањето?
Каде е границата помеѓу чувството на достоинство, егоизам и горделивост?
Скршен од болест и тага, младиот петербуршки писател Иван Петрович (Вања) се присетува на минатите настани од сопствениот живот и животот на луѓето што му се блиски. Неговата пријателка од детството во која е вљубен, Наташа Ихменева, го засакува Аљоша, синот на кнезот Валковски, кој е главната причина за сите неволји на нејзиното семејство.
Наташа го напушта домот на своите родители, а нејзиниот татко, неправедно обвинет од страна на кнезот, финансиски уништен и емоционално повреден, ја проколнува својата ќерка.
Од друга страна, љубовта на Наташа и Аљоша наидува на непремостливи препреки поради инфантилниот и непостојан карактер на Аљоша кој е неспособен да прифати одговорност за своите постапки, како и поради притисокот од страна на неговиот татко, кој сака да го ожени за богатата Катја. Најпосле животните патишта на главните ликови се вкрстуваат преку малата Нели, чија судбина фрла ново светло врз животните погледи на останатите ликови.
„Понижени и навредени“ (1861) зазема посебно место во творечката биографија на Достоевски како прв поголем роман по неговото враќање од Сибир.",Фикција,Фјодор М. Достоевски,Антолог,2025,464,"600,00 Денари"
Гранична држава,"Еден човек е уловен во канџите на западната претераност, емотивно осакатен свет во кој „сите земји станаа имагинарна пустина во која луѓето се номади што талкаат од едно искуство до друго“. Книжевната сензација од 1993 година, досега објавена на десетина јазици.",Фикција,Тону Онепалу,Антолог,2014,112,"200,00 Денари"
Островот на срцебиењето,"Роман кој со својата едноставност успева да го трогне читателот и да пренесе пораки од непроценлива вредност што ги надминуваат сите очекувања.
Шуичи е млад илустратор на детски книги кој се справува со загубата на мајка му во куќата во која пораснал и која се обидува да ја реновира за да може да ја продаде или да ја изнајми. Тогаш се појавува осумгодишниот Кента и секој од нив настапува на свој начин во запознавањето и комуникацијата. Возрасниот со имагинација и со фантазија, детето со игра, со нелогичности и со доза меланхолија.
Дестинацијата на возбудливото патување на двајцата протагонисти станува островот Тешима во Југозападна Јапонија, каде што се наоѓа Архивата на срцебиењето.
Во неа се собрани срцевите отчукувања на луѓе од целиот свет. Секое отчукување е приказна, а сето тоа заедно е споменик на сеќавањето.
Ако не размислуваме за спомените и како тие функционираат, не можеме да откриеме ниту кои сме навистина. Оваа книга го прави токму тоа – ни овозможува да се сетиме на најважните нешта за да можеме да ја раскажеме нашата приказна.",Фикција,Лаура Имаи Месина,Антолог,2025,272,"450,00 Денари"
Приказната за сината планета,"Бојан и Хана се најдобри пријатели што живеат на остров на една прекрасна сина планета каде што живеат само деца, без возрасни, секој е најдобар пријател со секој друг и секој ден е повозбудлив од вчерашниот. Нивните животи се едноставни и радосни сè додека, еден ден, вселенски брод управуван од возрасен со чуден изглед по име Веселко Ведарденовски не се сруши на плажата.
Ведарденовски им ветува на децата дека ќе им ги направи животите стопати повозбудливи во замена за само капка од нивната младост и ги попрскува со магичен летачки прашок што се активира на сонце – тој дури и ќе го прикова сонцето за небото само за децата да можат да летаат по цел ден и цела ноќ. Децата се толку понесени од своите нови игри што ќе ги изумат сите игри во кои порано уживале.
Во текот на големиот летачки натпревар на Ведарденовски, Хана и Бојан лебдат на другата страна од планетата, каде што откриваат дека цело време е темно, а децата се болникави и бледи. Тие знаат дека мораат да ги спасат бледите деца, но прво мораат да се вратат на островот и да ги убедат своите пријатели дека Веселко Ведарденовски не е таков каков што се претставува.
Оваа фантастична авантура, преубаво раскажана, се развива како навидум едноставна сказна. Приказната за сината планета ќе ги израдува и ќе ги предизвика читателите од секоја возраст.",Фикција,Андри Снаер Магнасон,Антолог,2017,104,"300,00 Денари"
Клуб на обожаватели,"Маргините на градот се преплавени со приказни. Друштвата што произлегуваат од нив сами по себе се книжевни ликови. „Клуб на обожаватели“ донесува четири раскази во кои се раскажуваат неколку необични судбини, смешни и полни со пресврти, судбини за неколку веќе средовечни другари од приградската населба Плинара.
Педесетгодишниците ги свлекоа фармерките, ги заврзаа сложените јазли на вратоврските, некои од нив тешко се разболеа и се соочија со фактот дека ветувањата биле празни и дека гротеската е единствената работа што има шанси во светот што толку сериозно се занимава со работи што ним им изгледаат трагикомични.
Со својот однос кон минатото и зборувањето за сегашноста, „Клуб на обожаватели“ потсетува на најдобрите страници на Трибусон, авторот што со своето чувство за доловување на стварноста и живописноста на дијалозите ги исполнува централните простори на хрватската проза свртена кон секојдневјето.",Фикција,Горан Трибусон,Антолог,2019,208,"250,00 Денари"
Психопорно,"„Психопорно“ е збирка од кратки раскази, целосно напишани во динамичен дијалог.
Како што кажува и самиот наслов, во делото се прикажуваат сексуалноста, нејзината духовна и трансцедентална димензија. Во расказите буквално се разглобува сексуалноста, дел по дел. Пред читателот се открива длабинско истражување на човековата внатрешнотст. Ова се разговори што се состојат од изјави без заобиколувања, без одбирање „суптилни“ зборови и понекогаш ја доведуваат дискусијата меѓу ликовите до самата срж.
Даворин Ленко е вистински мајстор на дијалогот, кој успева да исцрта сцени без премолчување, а истовремено создава расположение на комплексни, ранети или „ѕверски“ харизматични ликови. Со оваа шокирачка книга тој отвора ново поглавје од својот литературен опус и го подигнува нивото на читателските очекувања.",Фикција,Даворин Ленко,Антолог,2024,288,"400,00 Денари"
Страв,"Натприродна мистерија од рангот на Стивен Кинг исполнета со страв и ужас!
Маж во своите триесетти години по раскинувањето со својата девојка се враќа во приградската населба во која израснал. Населбата е сместена во подножјето на планина што крие грозоморна тајна – во исклучително студени зими во планината исчезнуваат деца. Заедно со поранешната љубов и со другарите мора да се соочи со злобната сила, но и со сенките од сопственото минато. Сите падови и разочарувања што ги доживеал дотогаш се ништо во споредба со пеколот што демне на местата каде што израснал.
Авторот на бестселери, Јозеф Карика, во оваа хорор-приказна со натприродни елементи ни нуди и емотивно размислување за начинот на кој доживувањата од детството влијаат врз нашите животи.",Фикција,Јозеф Карика,Антолог,2019,240,"300,00 Денари"
Ослободување,"Брилијантна и неизвесна приказна за мрачната страна на друштвените медиуми. Книгата ќе те натера да се запрашаш дали си објавил нешто за што можеби ќе зажалиш. 
Полицијата дознава за злосторството на ист начин како и сите други: преку „Снепчет“. На видеото е прикажана преплашена млада девојка што моли за прошка. Кога е пронајдено нејзиното тело, тоа е обележано со бројот 2.
Детективот Хулдар се приклучува кон истрагата, доведувајќи ја во тимот детската психологинка Фреја за да помогне при испрашувањето на пријателите на убиената тинејџерка. Наскоро ќе дознаат дека Стела била далеку од оној ангел како што сите ја опишуваат, но кој би можел да ја мрази толку многу за да ја убие?
Потоа, исчезнува уште еден тинејџер, нови видеа се испратени по друштвените мрежи и се појавува тело со бројот 3. Вистината е далеку од едноставна. Фреја и Хулдар се согласуваат за најмалку две нешта: убиецот сè уште не завршил. И, дали некаде постои неоткриено тело обележано со бројот 1?
*Книгата е достапна со потпис од авторката. Во коментар за нарачката нагласете доколку сакате да добиете потпишан примерок.",Фикција,Ирса Сигурдардотир,Антолог,2021,352,"400,00 Денари"
Шумската принцеза,"Делото „Шумската принцеза“ е роман бајка, кој од една страна може да се гледа како четиво историска фикција за создавањето на првото македонско кралство, обединето од неколку македонски кнежевства, а од друга – како прекрасна љубовна приказна меѓу принцот Оливер и неговата избраничка Оливера, која од сиромашна и скромна девојка ќе стане принцеза, па дури и кралица. Ова е роман за храброста, за праведноста, за гордоста, но и за искрената љубов, за чесноста, за среќата… Со прекрасните описи и со возбудливите дијалози, книгата е интересна како за постарите така и за помладите генерации читатели и претставува редок книжевен настан.",Фикција,Првољуб Лилчиќ,Антолог,2017,144,"200,00 Денари"
Последното име на иднината,"Едно дете го придружува дедо си до блискиот рид над градот, каде што пуштаат балони со хелиум кон небото. Во еден миг балонот исчезнува, а на негово место се појавува мала бела птица.
Таквите денови стануваат убави сеќавања, но детето израснува во човек со мал невидлив дефект под градната коска – телото често му го разјадува празнина и тој станува опседнат со стареењето на луѓето. „Враќање дома“ треба да биде единственото друго име на староста. „Тишина“ е второто име на Зале, реката отаде прозорецот. Иднината има илјада имиња, но кое е последното?
Приказна за животот на Јоха, инженер за тунели од Јена, Источна Германија, чиј живот од корен се менува откако ќе биде испратен да работи во едно испустено место на југот од Босна и Херцеговина. Приказна за телата, осаменоста, патувањата и за животот што го живееме и го замислуваме и на кој успеваме и сакаме да се сеќаваме. Приказна за еден човек што, најпосле, го води својот внук на блискиот рид од детството, гледа во балонот во неговата мала рака и помислува на тоа како сите нешта – во свое време и на чудесен начин – си доаѓаат на свое место.",Фикција,Живко Грозданоски,Антолог,2018,348,"350,00 Денари"
Sfinksi i mllefit,"KANDIDATI MAQEDONAS PËR ÇMIMIN “BALLKANIKA” 2021
Kur redaktori i shtëpisë botuese “Veda” mëson se një shkrimtar i njohur është paraqitur si i zhdukur, niset ta zbulojë të vërtetën. Kërkimi në të cilin rrezikon gjithçka do ta ballafaqojë me gjëegjëza në të cilat janë gërshetuar historia, mitologjia, psikologjia dhe ngjarjet shoqërore. Lazari mendon se nëse i deshifron mesazhet sekrete që i zbulon, do ta realizojë qëllimin e dëshiruar prej kohësh: të arrijë te dorëshkrimi i pabotuar i shkrimtarit të zhdukur.
Duke lëvizur midis kufijve të misterit dhe trilerit letrar, Zharko Kujunxhiski (“Spectator”, “Amerika”) krijon një roman intrigues dhe të konceptuar me mjeshtëri, një palimpsest zhanëror dhe stilistik, me të cilin arrin në zona të pashkelura deri më tani në prozën tonë.
* Libri është me nënshkrim të autorit. Në komentin për porositje theksoni nëse dëshironi të merrni një ekzemplar të nënshkruar.
“Një gërshetim virtuoz i traditës dhe urbanes, që e bën një vepër tepër tërheqëse dhe magjepsëse, një roman postmodern. Autori të tërheq drejt thelbit ontologjik të qenies, me një eksplorim të thellë që të lë pa fjalë, me një  stil dhe mjeshtëri rrëfimi që i zgjeron dimensionet e prozës.” – Daim Miftari
“Ky libër, i cili është përmendore e gjallë e Shkupit dhe Splitit, është një bunar i vyeshëm nga i cili mund të nxirren simbole pafund, të cilat janë shumështresore dhe gërshetohen në mënyrë të shumëfishtë  që në fund të arrijnë tek e vërteta.” – Snezhana Stojçevska
“Kombinimi i trilerit dhe mistifikimit letrar, me një notë të butë të dashurisë dhe besimit në letërsi. Edhe një personazh i fiksuar pas librave, një  specie e papërballueshme endemike pothuajse në zhdukje.” – Vlladimir Jankovski
“Jam e mahnitur nga stili i rrëfimit të autorit, spikatet nga autorët e tjerë në këtë zhanër […] Një rrëfim i përkryer, shtresor dhe vepër që do ta lexoja dhe rilexoja.” – Stefani Tabakovska",Фикција,Жарко Кујунџиски,Антолог,2023,304,"400,00 Денари"
Белегот на сите нешта,"Величествен, опсежен роман за желбата, амбицијата и жедта за знаење.
Вметнувајќи го својот уникатен глас во волшебна приказна за љубов, авантури и откритија, Елизабет Гилберт го опфаќа периодот од XVIII и XIX век. Романот ја следи судбината на необичното семејство Витакер, на чело со бизнисменот Хенри, Англичанец од сиромашно потекло, кој стекнува огромно богатство во Јужна Америка благодарение на трговијата со кинин и на крајот станува најбогатиот човек во Филаделфија. Неговата ќерка Алма, родена во 1800 година, покрај парите, ја наследува и татковата интелигенција, па станува надарена ботаничарка. Како што истражувањата ја водат кон длабоките мистерии на еволуцијата, таа се вљубува во Амброуз Пајк, човек што слика неповторливи орхидеи и ја одвлекува во свет поразличен од нејзиниот  свет на духовното, божественото и магичното. Алма е трезвен научник, Амброуз уметник на утопија,  но тоа што го обединува овој необичен пар е очајната желба да сфатат како функционира светот.
Извонредно истражен и раскажан со галопирачко темпо, романот нè води низ целиот свет – од Лондон до Перу, Филаделфија, Тахити, Амстердам… Напишана со смел, предизвикувачки дух на тоа време, мудрата, промислена и волшебна приказна на Гилберт со сигурност ќе ги освои срцата и умовите на читателите.",Фикција,Елизабет Гилберт,Антолог,2022,560,"650,00 Денари"
Шафран жолта,"Специјалист за инвестиции што напредува уште на млади години; криумчарка на археолошки предмети; образована колгерла. Инџи Арал раскажува за вкрстувањето на личните патишта на овие луѓе. На почетокот од новиот милениум сите тројца се погодени од општествените и од културните превирања. Од една страна, многу пари, луксузен живот, секаков вид уживање, од друга страна валкани, гнили вредности, незадоволство, систем на експлоатација и дегенерирана сексуалност.
„Шафран жолта“ е авантурата на младата популација во триесеттите, чиј број од ден на ден се зголемува, кои, додека трчаат по пари и по моќ, се оддалечуваат од својот идентитет, од надежите, и прво ги губат љубовта и вербата во иднината, а потоа и – душата… Роман за денешното време, кој нема лесно да го заборавите.",Фикција,Инџи Арал,Антолог,2015,336,"320,00 Денари"
Изгубениот господин Ковач,"Возбудлива приказна за млади луѓе кои поради својата љубопитност, досетливост и храброст се соочуваат со неочекувани ситуации – од семејните односи до односот кон природата и кон самите себеси.
Во книгава се преплетуваат корените на семејството со корените на растенијата. Злодуси излегуваат од огледала, а металните механизми на т.н. автоматони се придвижени од растителните жили и сокови. Ова е прекрасна сага за едно семејство кое мора да го заштити својот најмлад член и кое мора да се осигура дека историјата нема да се повтори!",Фикција,Мореа Баниќевиќ,Антолог,2025,240,"350,00 Денари"
Жените што трчаат со волците,"Во секоја жена има диво и природно суштество, моќна сила исполнета со добри инстинкти, страсна креативност и безвремено знаење. Името ѝ е Дивата Жена, но таа е загрозен вид. Иако се раѓаме со дарбите на дивата природа, обидот на општеството да нè „цивилизира“ во крути улоги го грабнал ова богатство и ги замолчел длабоките, животворни пораки на нашите сопствени души. Без Дивата Жена, стануваме премногу припитомени, страшливи, некреативни, заробени.
„Жените што трчаат со волците: митови и приказни за архетипот на Дивата Жена“ (1992) се смета за еден од класиците на феминизмот. Тоа е дело што функционира како хибрид на феминистичка антропологија, етнологија и психоанализа. Во него авторката користи богати интеркултурни митови, бајки и приказни, со цел да им помогне на жените повторно да се поврзат со својата инстинктивна природа. Преку приказните и коментарите на авторката се истражува, се анализира и се објаснува митот за Дивата Жена и се создава нов лексикон за опишување на женската психа. Авторката верува дека здравјето, среќата и целоста на жената зависат од нејзиното враќање кон изворите на нејзината потисната природа, и ова го објаснува врз основа на интерпретација на значењето на некои традиционални приказни од северноамериканскиот, јужноамериканскиот и од европскиот фолклор.
Во книгата има шеснаесет поглавја, секое посветено на некој особен аспект на женското искуство – врските, креативноста, лутината, спиритуалноста, припаѓањето итн. Во поговорот, авторката зборува и за терапевтската функција на приказните, надоврзувајќи се така и на традиционалните начини на прекугенерациско пренесување на женската историја и искуство.",Фикција,Клариса Пинкола Естес,Антолог,2024,624,"850,00 Денари"
Вечно туѓа,"Во еден мал град во Прованса, луѓето од памтивек раскажуваат за еден прастар погром и за едно скриено богатство. Стефан Хертманс ја заснова „Вечно туѓа“ на историски факти и го следи животот на една истакната христијанска благородничка што го напушта својот дотогашен живот поради љубовта кон едно еврејско момче.
Во зората на крстоносните војни, 17-годишната Вигдис Аделаис, ќерка на полукултивиран Норман што живее во Руан, еден ден поминува покрај јешивата и го здогледува Давид Тодрос, син на главниот рабин од Нарбона. Иако нејзиниот татко го критикува поттикнувањето омраза кон Евреите, кога дознава за забранетата љубов, ја затвора Вигдис во манастир. По успешното бегство, Вигдис го зема името Хамутал и, иако се чини дека ќе најдат мир за себе и за своите деца во планините, Давид и Хамутал не се ни свесни за искушенијата и трагедиите што ги очекуваат.
Брилијантна реконструкција на едно неверојатно патување од средновековна Европа до Египет и нераскажана приказна за заборавени документи и забранета љубов. Настаните, иако се случиле пред речиси илјада години, изгледаат неверојатно современи.
Со извонредно насликаните ликови и атмосфера, како и со длабочината на своето историско разбирање, „Вечно туѓа“ е несомнено ремек-дело на авторот што веќе се прослави со „Војна и терпентин“.",Фикција,Стефан Хертманс,Антолог,2020,304,"350,00 Денари"
Чекорите до црешовото дрво,"Нежна и моќна приказна за детството, храброста, љубовта и за животот.
Деветгодишната Мафалда носи очила со жолти рамки,има мачор по име Отимо Туркарет, другарка-Амазонка и најдобар другар по име Филип. Но таа е исправена пред чуден предизвик. Ѝ откриле Старгардова болест која предизвикува постепено губење на видот и слепило. Во дневникот започнува да ги запишува сите нешта што нема да може да ги прави–да ги брои ѕвездите на небото, да игра фудбал со машките, да се качува на црешовото дрво во училишниот двор. Ама, набрзо дознава дека постоии поинаков начин нагледање. Со чекорите го мери растојанието до црешовото дрво… во правец на опојниот мирис… и започнува нов список: со нештата што сѐ уште ќе може да ги прави.
Во мракот што ја опфаќа, Мафалда, исто како и Малиот Принц, учи светот да го набљудува со срцето, а не со очите. Горчината што ја чувствува читателот само се засилува со сознанието дека и авторката на романот страда од истата болест.
Книгата е објавена во рамки на проектот Made in Europe: The power of diversity / Создадено во Европа: Моќта на различноста (ко-финансиран од програмата Креативна Европа на Европската Унија).",Фикција,Паола Перети,Антолог,2023,192,"350,00 Денари"
Љубовна саботажа,"Дали знаете дека комунистичка земја е онаа во која се користат вентилатори? И дека од 1972 до 1975 година беснеела мала светска војна во едно гето во Пекинг? Дека велосипедот, всушност, е коњ? Дека штом ќе помине пубертетот, сè друго е само епилог? Ќе дознаете и многу други нешта во овој редок роман, епски, забавен, фантастичен и трагичен роман, кој раскажува вистинска љубовна приказна, што ќе ги згрее и најстудените срца. Со оваа книга, Амели Нотомб стана најнадежното име на младата книжевна генерација.
Многумина сметаат дека тоа е нејзината најдобра книга, а еве и зошто: ова е драма што глуми роман. Секоја реченица може да се искаже како реплика или да се изрецитира како стих. Се чини дека го напишала во тотална екстаза, од прв до последен збор, во еден креативен здив. Зарем не е тоа илузијата по која тежнее секој што пишува?",Фикција,Амели Нотомб,Антолог,2016,192,"200,00 Денари"
Замрачување,"Во нарација подеднакво маѓепсувачка и мистериозна како и сеќавањето – ја дознаваме приказната за Натаниел (14 години) и неговата постара сестра Рејчел.
Во 1945 година, непосредно по Втората светска војна, тие остануваат во Лондон додека нивните родители се преселуваат во Сингапур, оставајќи ги на чување на мистериозната фигура по име Молецот.
Сомневајќи се дека тој е криминалец, децата стануваат уште позагрижени кога ја запознаваат неговата ексцентрична група пријатели: мажи и жени споени од заедничката, недефинирана служба во војната. И сите тие се решени сега да ги заштитат и едуцираат (на крајно невообичаени начини) Рејчел и Натаниел.
Но, дали се навистина оние што тврдат дека се? И што значи кога мајка им се враќа по месеци молк без таткото и без какво било објаснување?
Десетина години подоцна Натаниел почнува да открива сè што сакал да дознае, а токму патувањето низ фактите, сеќавањата и имагинацијата е пренесено во ова ремек-дело од еден од најголемите писатели на нашето време.
„Хипнотизирачки од првата реченица, преполн потресни сознанија и прекрасни заплети, овој роман за тајните и за загубата е можеби најдоброто дело на Ондачи досега.“ – Publishers Weekly",Фикција,Мајкл Ондачи,Антолог,2022,270,"350,00 Денари"
Дворец во Ромања,"„Дворец во Ромања“ е првиот роман на Игор Штикс.
Тројца млади вљубеници во литературата и архитектурата доаѓаат во посета на дворецот Марди, каде што поетот Енцо Стречи живеел во периодот на ренесансата.
Додека девојките го разгледуваат дворецот, момчето се фасцинира од приказните на калуѓерот за животот на Стречи. Тој својата љубов ја сретнал токму таму, по што ѝ посветил многу љубовни песни, но во дворецот ги проживеал и најтешките денови од својот живот.
Инспириран од потеклото на момчето, калуѓерот раскажува и за себе. Дошол во Италија од Раб, по прогонот од тамошните власти заради Резолуцијата за Информбирото. Неговиот егзил е резултат на политичката ситуација и на несогласувањето со тогашната комунистичка власт, како и на забранетата љубов.
Штикс поврзува две љубовни приказни со историски и политички ситуации. Првата се случила во време на конфликт меѓу Ломбардија и Хабсбурзите, а другата се случила во поствоена СФРЈ.",Фикција,Игор Штикс,Антолог,2022,122,"250,00 Денари"
Бел гавран,"Култна книга на посткомунистичката генерација од „полскиот Керуак“. Авантуристичката приказна на „Бел гавран“ е за пријателството и за бранот промени во Полска во 1980-тите години. По ненамерното убиство на еден полицаец, четворица мажи се даваат во бегство. Патот води преку снежните планини, каде што заглавуваат со количество евтина вотка. Следува шокантна и симболична кулминација.",Фикција,Анджеј Сташук,Антолог,2015,304,"280,00 Денари"
Смртоносна терапија,"Во еден манастир во Варшава се одржува групна психотерапија преку нов метод на лекување, кој предвидува поделба на улоги меѓу пациентите. По една од сеансите, Хенрик Телак е пронајден брутално убиен со нож во окото. Случајот му е доделен на државниот обвинител Теодор Шацки, кој се бори со средовечна криза. Навлегувајќи сè подлабоко во случајот на несекојдневното убиство, открива дополнителни слоеви на застрашувачка моќ во езотеричните терапевтски методи. Шацки застанува против „црвената пајажина“, која ќе го одведе до поранешно убиство од времето на комунизмот.
Но зошто одеднаш и Тајната полиција се интересира за случајот? Откривајќи ги деловите од сложувалката, Теодор сфаќа дека можеби е подобро да не продолжува понатаму. За неговата лична сигурност.
Истоимениот филм е снимен според овој роман.",Фикција,Зигмунт Милошевски,Антолог,2018,304,"350,00 Денари"
Зајдисонце,"Една млада девојка сака да заигра во ритамот на музиката, но се впушта и во ритамот на страста. Амбициозната Кармен се запишува на часови по танцување кај шармантниот и неодолив Соф. Отсуството на својот свршеник Ник го користи за да го разбуди својот талент за танцување без притоа да биде свесна дека судбината ѝ наметнува будење на љубовта што била затрупана од општеството. Кармен и Соф се впуштаат во љубовна афера што има облик на секаков вид романса освен на краткотрајна афера. Сплет на мисли, сплет на чувства што ечат од главата на неверната жена. Интересен спој на еден маж што не сака да сака и една жена што се плаши да сака и да биде сакана.",Фикција,Катерина Џатева,Антолог,2016,160,"200,00 Денари"
Животописот на црно-белото јагне,"Романот не шармира единственo со мудрото спојување на зборовите туку пред сè со оригиналните ставови. Авторот црпи инспирација од сопствените искуства. Бидејќи Змешкал е од мешан брак меѓу Чехинка и Конгоанец, ги отсликува ситуациите и однесувањето на двајца близнаци мулати, Вацлав и Луција, ситуации и однесувања што повеќето од нас – белците – не можатда ги сфатат, дури и оние што за себе сметаат дека немаат предрасуди, дека се либерални и толерантни. Со својот специфичен стил, Змешкал го опишува периодот помеѓу 60-тите и 80-тите години, период што многу се идеализира денес, опишувајќи свет во кој она што го нуди општеството не функционира.",Фикција,Томаш Змешкал,Антолог,2013,272,"280,00 Денари"
Повикувач на дожд,"Збињек, самостоен референт за недвижности, по многу години се сретнува со својата некогашна љубов за да ѝ помогне во, на прв поглед, едноставен имотноправен проблем. Се враќа во родното село, во местото на своето детство и созревање, и постепено ќе се заплетка во нејасни околности околу спор за имот, но и во својата лична и брачна криза. Се бори со несоница, талка низ пределот и низ катастарските мапи, а над нив како призрак се издигнува откачениот селски авијатичар од осумнаесеттиот век. Во клучен момент Збињек стапува во акција за едно утро „да не се разбуди како некој друг“.
Прогласена е за книга на годината во анкетата на весникот „Лидове новини“ за 2016 година.",Фикција,Јиржи Хајичек,Антолог,2017,248,"250,00 Денари"
Мутации,"Домашната мува Леон Зумса се буди едно утро и се наоѓа себеси преобразена во „монструозен ‘рбетник“, односно човечко суштество. Лавот од сатирата на Курт Тухолски „Лавот избега!“ мутира во поларна мечка која го истражува хипстерскиот Берлин. Моделот на статуата на Венера од приказната на Проспер Мериме „La Venus d’Ille“ работи како млад роб во „фирма“ која покажува неверојатни паралели со денешниот работен свет. „Анегдотата од последната пруска војна“ (Клајст) е поместена во иднината, каде што последните четири луѓе се борат едни против други. „Повикувањето на големата мечка“ на Ингеборг Бахман е вкрстено со митот за Чулу на Лавкрафт и резултатот е песна што потсетува чудно на Готфрид Бен.
„Мутации“ се 7 приказни и 1 песна, секоја базирана на класичен текст, од Црвенкапа до Вирџинија Вулф!
Книгата е објавена во рамки на проектот Made in Europe: The power of diversity / Создадено во Европа: Моќта на различноста (ко-финансиран од програмата Креативна Европа на Европската Унија).",Фикција,Франсис Кирпс,Антолог,2023,176,"300,00 Денари"
Сиракот од Бергамо,"Десетина години откако е затворен најголемиот полициски случај во историјата на Италија, злото повторно чука на врата.
Две години Калин е сокриен под таен идентитет во Лугано со своето семејство. Тој е четириесетгодишен оперативец од тајната полиција на Италија, кој повторно е активиран откако е пронајдено безживотното тело на неговиот поранешен шеф во пензија, Флорини. Покрај обесеното тело е оставена порака, а неговото име се наоѓа на неа. Сега мора да балансира помеѓу семејството и темните опасности кои демнат од минатото.
Жедта за одмазда на убиецот е посилна од сè. Калин, заедно со агентот Џенаро, се впуштаат во комплексна истрага и навлегуваат во врзоп кој се обидуваат да го одмотаат и да го откријат серискиот убиец кој брутално убива невини жртви во Бергамо. Тој не само што остава иста порака по секое грозоморно дело туку изгледа како секогаш да е еден чекор пред нив…",Фикција,Петар Стојановски,Антолог,2023,272,"400,00 Денари"
Бизарни раскази,"Збирка од десет раскази чиј заеднички именител е фасцинацијата од чудовишното. Токарчук ни поставува дилеми што нè исфрлаат од комфорната зона, потсетувајќи нè дека светот сè повеќе ни се измолкнува и дека сè помалку имаме контрола врз она што го правиме.
Бизарен е светот во кој живееме, ставен во непрестајно движење и постојано менување. Такви се и овие фасцинантни раскази  огромно патување, книга што преку чудовишното ги поткопува сите очекувања. Од каде води потекло бизарното? Дали бизарното е одлика на светот или пак лежи во секого од нас? Читателот ја губи свеста низ постојаната промена на ритамот на нарацијата. Што ли го чека на следната страница?
Ова не се само приказни за клонирање, осаменост и неможност да се сфатиме себеси и својата положба во утврдените општествени улоги, туку секој расказ е визија што ја поттикнува потребата да му дадеме смисла на светот. Со помош на гротеска, црн хумор, фантастични и хорор-елементи ни покажува дека реалноста не е онаква каква што ја познаваме. Токму затоа и постои уметноста  за да го провоцира она што се плашиме и да го помислиме.",Фикција,Олга Токарчук,Антолог,2022,224,"350,00 Денари"
Кобајаши Мару,"#4 инспектор Виктор Николов 
Вистината не е доволна самa по себе, таа е целосна само кога е споделена.
Четири години по теророт на „Одмаздникот“ низ скопските улици, животот на инспекторот Виктор Николов е пред своевиден крстопат. Фината семејна идила со сопругата и ќерката е нарушена од финансиски проблеми со кои се соочува семејството по завршувањето на корона-пандемијата.
При крајот на зимата 2024 година, скопскиот Оддел за крвни и сексуални деликти од гостиварската полиција презема случај на убиство на познат сексуален престапник и повремен уживател на наркотични средства. Наркоманот е пронајден застрелан во неговата соба во хотел на Мавровско Езеро. Единствената трага за полицијата е пронајдената чаура на местото на убиството.
На првиот ден од месец март, текот на истрагата и личните премрежиња на полицискиот инспектор доаѓаат во непосреден меѓусебен судир, резултирајќи во една опасна и тензична вечер, проследена со смртоносни последици.
Под влијание на лепеза светски книжевници, почнувајќи од Ју Несбе, преку асимилација на интуитивниот дијалог на Венко Андоновски, и од футуристичката логика на Орвел, но и пункција на луцидноста од античката фокализација, авторот го развива дејството како во темна комора, дел по дел, сѐ додека не ја индуцира целосната слика при климаксот на романот. – Јована Матевска Атанасова",Фикција,Анде Јанков,Антолог,2024,336,"450,00 Денари"
Тоа можев да бидам јас,"Главната оска на дејствието го сочинуваат животните околности на психијатарката Лаура Херман и пациентките кои доаѓаат кај неа да ја раскажат својата приказна.
Но, тука психотерапијата не е само психотерапија, ниту хероините се наоѓаат во улогите кои се подразбираат во психијатриската ординација. Двете основни приказни ги надополнуваат исповедите на тројцата пациенти на Лаура, кои авторката суптилно ги нијансира и, вешто преплетувајќи ги нивните животни патеки, креира мозаична приказна за различните верзии на преболувањето на тешките искуства.
Приспособувањето на сопствениот живот согласно туѓите очекувања, незадоволството во врската, погрешните животни избори, соочувањето со загубата на партнерот, како и тегобноста на почнувањето од почеток се клучните точки на романот. Распонот на теми Вујчиќ го проширува и со проблематизација на психоанализата, во чија срж е вербализацијата на човековите искуства и наративизацијата на животот, а тоа заедно со мотивот на „роман во романот“ книгата ја претвора во суптилна романескна посвета на уметноста на зборот и книжевноста.
„Ѝ се чинеше дека Павел нема паралелен свет, дека оној за кој зборува е единствениот што го има. Со таквиот свет, всушост, тајните стануваат вишок, а премолчувањето себичност.“",Фикција,Марина Вујчиќ,Антолог,2023,224,"400,00 Денари"
Сината лисица,"Студениот пејзаж на Исланд е локацијата каде што се случува оваа магична приказна, која е делумно мистерија, делумно бајка. Во основата романот следи две сосем лабаво поврзани приказни во неколку дена во 1883 година. Балдур Скагасон е на лов и следи една неуловлива лисица. Природонаучникот Фридрик Фридриксон се бори да ѝ овозможи иднина на својата штитеничка, млада жена со Даунов синдром, која ја спасил од бродолом пред неколку години.
Човечките ликови и сината лисица не се само длабоко поврзани, туку се и еднакво фасцинантни поради сѐ што претставуваат и поради начинот на кој си влијаат едни на други.
Посебноста на „Сината лисица“ лежи во поетскиот јазик и во начинот на кој се гради приказната, сцена по сцена. Ефектот е речиси хипнотички. Ќе ја дочитате со желба да не заврши, иако најпосле суптилниот пресврт ќе ги спои линиите глатко и паметно.
Добитникот на Нордиската книжевна награда, еквивалент на Букеровата, е совршен вовед во еден книжевен талент од светска класа.
„Кога барам нешто моќно и поетично, се потпирам на Сјон… Сината лисица е магичен роман.“ – Бјорк
   „Сè што мислам да кажам може да го сведам на два збора: волшебно поетски.“
Нурудин Фарах, Индипендент",Фикција,Сјон,Антолог,2014,112,"200,00 Денари"
Убиствата на Алиса,"Која тајна од животот на Луис Карол ќе предизвика нова серија ужасни убиства?
Младата стипендистка Кристен Хил работи на истражување со Братството Луис Карол и открива необјавена страница од дневникот на славниот автор на „Алиса во земјата на чудата“, која била искината и загубена во 1863 година. Подготвувајќи се да го објави откритието што ќе фрли нова перспектива на деликатното и контроверзно поглавје од животот на писателот, девојката е дивјачки прегазена од автомобил.
Следуваат серија злосторства што се чини дека имаат цел да спречат да се обелодени тајната на таа страница.
Кој сака да го убие носителот на пораката? Кој се крие зад серијата злосторства? Кој и зошто ја користи книгата за Алиса за да убива?
Угледниот професор по логика Артур Селдом и еден студент по математика од Аргентина ќе се обидат да разоткријат серија грозоморни убиства инспирирани од оваа култна книга.
Гиљермо Мартинес успева да создаде детективски роман што, според традицијата на Борхес и Еко, умешно ја внесува полициската тематика во литературата.",Фикција,Гиљермо Мартинес,Антолог,2020,256,"350,00 Денари"
"Скриени желби, немирни патувања (II издание)","Скриени желби, немирни патувања е мозаичен роман во кој приказните на педесетина луѓе од различни меридијани се комбинираат со приказните на четири лика што живеат во Скопје. Ова е роман за пресекот меѓу личното и надворешното, роман за начинот на кој атмосферата и ситуациите ги обликуваат нашите внатрешни пејзажи, роман за потребата да се раскажуваат приказни и да се наоѓа блесокот и лагата во нив.
Тематски, книгата се занимава со некои од доминантните теми на сегашниот миг: односот меѓу реалното и виртуелното, прашањето на професионалниот успех и успехот во уметничкиот свет, потрагата по себеси која има една надворешна, а можеби сосем поинаква внатрешна форма.
  Награда „Роман на годината“ на Фондацијата „Славко Јаневски“ за 2020 година
Македонски кандидат за наградата „Балканика“ за 2020 година
Македонски кандидат за наградата за литература на Европската Унија (EUPL) за 2022 година
Награда Автор на годината на Македонската асоцијација на издавачи за 2022 година
„Во контекст на актуелната македонска продукција, со својот најнов роман, Јанковски го потврдува веќе освоеното место на различен во однос на тековните книжевни манири и пози; автентичен во однос на неговиот поширок книжевен интерес, свој и препознатлив глас во однос на сиот гргорлив шум на квалитетна романескна продукција последниве години.“ – Оливера Ќорвезироска",Фикција,Владимир Јанковски,Антолог,2022,192,"350,00 Денари"
Жената на маестрото (II издание),"Двајца мажи губат глава околу една прекрасна дама од високите кругови. Бидејќи и двајцата се писатели, судирот се проширува и во професионална смисла. Што сè прават за да најдат инспирација. Едноставно раскажана книга, која долго се памети и одново се препрочитува. Роман натопен во шпанска сензуалност и со енигматична загатка што читателот треба сам да ја открие.",Фикција,Гиљермо Мартинес,Антолог,2011,128,"240,00 Денари"
Македонски знаменитости,"Ова е збирка песни за кои не можеме да најдеме подобри зборови од оние што ги напишал авторот во нејзиниот вовед: „Тоа се теми што се цврсто врзани за народот, за неговото битие, за јазикот наш македонски, за татковината, за името Македонија и за идентитетот нејзин. Теми на кои – и сега и во иднина – со гордост ќе се пишува и ќе се пее…“",Фикција,Саво Костадиновски,Антолог,2016,32,"150,00 Денари"
18% сиво,"Потресен од ненадејното заминување на неговата сопруга, Зак се обидува да ја удави тагата во Мексико, а потоа се враќа во САД со украдена марихуана. Користејќи го ова како повод да го смени својот живот, тргнува кон Њујорк со „ганџата“ и со стар „никон“. Низ објективот на фотоапаратот, почнува да се открива себеси, фотографирајќи ја темната страна на Америка. Неговото патување води низ серија настани опасни за животот, прошарани со сеќавањата на неговиот однос со Стела и со животот во Бугарија од крајот на 1980-тите.
Книгата има 22 изданија во Бугарија и ја добива наградата „Вик“ за роман на годината.
Книгата е објавена со поддршка на програмата „Креативна Европа“ на Европската Унија.",Фикција,Захари Карабашлиев,Антолог,2015,272,"350,00 Денари"
Девојчето што премногу ги сакаше кибритчињата,"Живеејќи со својот авторитарен татко на еден огромен имот каде што времето одамна сопрело, две деца живеат во некој свој надреален свет, инспириран од читање филозофски дела и витешки приказни. Кога го наоѓаат таткото мртов, сестрата го остава братот и тргнува да купи ковчег во блиското село. Контактот со жителите сурово го трга превезот од романтика и од суеверие и пред нив се открива суровата вистина за нивното постоење. Прекрасна приказна во која ништо не е како што изгледа. Девојчето што премногу ги сакаше кибритчињата е книга-триумф на неизвесноста што ѕирка во срцето на вината, суровоста и на насилството. Идеална за тинејџери што сакаат да доживеат необичен страв.",Фикција,Гаетан Суси,Антолог,2016,208,"200,00 Денари"
Одбивна среќа,"Што би се случило ако погледнеме подалеку од видливото?
Неодолива збирка од 11 раскази со семејна, еротска, фантастична и хорор тематика. Гиљермо Мартинес балансира на работ помеѓу разумноста и лудилото, помеѓу фаталноста и случајноста, помеѓу соништата и кошмарите, нè запознава со духовната бездна на неговите ликови, кои се соочуваат со необични, дури и екстремни ситуации. Се појавуваат сладострасни професори и заводливи студентки, овенати барски дами и голобради заводници, сенилни и мрачни баби и уморни татковци, тенисери, болничари, имагинарни книжевни величини, криминалци и жртви, обичен свет.
Покажувајќи ги слепите точки во односите меѓу луѓето, Мартинес успева да нè стресе кога гледаме како она што ни е најсакано е на чекор да стане чудно, и како, во одредени околности, го допираме дното без да знаеме како сме стигнале дотаму.
Сите овие приказни се раскажани со „поглед со кој апсурдното, ужасното, фантастичното и чудното се третираат со апсолутно мајсторство“, се вели во одлуката на жирото на хиспаноамериканската награда за најдобар расказ „Габриел Гарсија Маркес“, доделена првпат токму на  Гиљермо Мартинес.
Наградениот расказ „Мајка заштитничка“ е адаптиран во филмот „Син“ во 2019 година во продукција на „Нетфликс“.",Фикција,Гиљермо Мартинес,Антолог,2020,192,"300,00 Денари"
Јас и Келн,"Македонскиот писател Саво Костадиновски, кој уште од далечната 1973 година живее и работи во градот Келн во Германија, со целосна оправданост и основаност овој град го смета за свој „втор роден крај“! И затоа не е ништо чудно што тој, иако веќе му посветил неколку книги, пак се прашува: дали доволно „поетска љубов“ му возвратил на убавиот, поетичен, незаборавен и неповторлив Келн?!",Фикција,Саво Костадиновски,Антолог,2016,32,"150,00 Денари"
Детето што сакаше елени,"#3 Миа Кригер и Холгер Мунк
Зима е, 1996 година. Еден пензионер вози низ планините со својот автомобил. Одеднаш забележува нешто пред себе и нагло закочува. Фаровите фрлаат светлина врз снегот на патот каде што стои преплашено дете со помодрени усни и со еленски рогови на главата. Четиринаесет години подоцна, во планинското езеро недалеку оттука, пронајдена е мртва девојка. Во балетски костим, а близу до неа стои и фотоапарат на статив. За една недела ќе се случат уште две убиства. Убиецот остава насоки за полицијата што ги водат во игра во која не може да победат.",Фикција,Самуел Бјорк,Антолог,2022,384,"450,00 Денари"
Последното уметничко дело,"Софија Лундберј повторно покажува единствена способност да нè трогне и во нас да ги разбуди емоциите за кои долго ќе размислуваме.
Последното дело на светски познатата уметница Хана Стилтје на прв поглед не е импресивно. Кога ќе го изложи во Музејот на модерната уметност во Стокхолм, низ галеријата се разлева разочараноста на посетителите. Наместо исклучителна слика или скулптура во нејзиниот дотогашен стил, таа прикажала комода направена од отпадоци.
Дел по дел, се разоткрива приказната за децата оставени од родителите, за институциите што не ги заштитиле напуштените деца, за сите што се прават недоветни за несреќата на најмладите.
Последното уметничко дело на Хана Стилтје ќе открие уште нешто – силата да ѝ се погледне на несреќата право во очите, љубовта посилна од крвната врска и храброста да се стори сè за доброто на другите. Зашто, што е поважно: чинот на уметникот што е во центарот на вниманието или секојдневната грижа за блиските?
Прекрасна приказна за децата, за семејните врски и за љубовта. Роман што нема да го испуштите од раце.“ – M-Магазин
„Исклучително! Авторката како полека и нежно да ве наметнува со најфин памук. Книга што дава надеж и создава чувство на топлина.“ – Фонстерт
„Впечатлива приказна за хероина, за силата на уметницата и за моќта на љубовта. Приказна што се прелева со животна непоколебливост.“ – Фемина",Фикција,Софија Лундберј,Антолог,2024,384,"500,00 Денари"
Исцелување на светот,"„Исцелување на светот“ е приказна за животот на двајца луѓе во време на крајности. Георг и Вера во една точка од своите животи имаат екстремно спротивставени биографии. Тие се среќаваат кога тоа станува можно, откако сè на светот било против таа нивна средба. Но потоа заминуваат секој по својот пат, иако сега пак сè ги упатува на тоа да останат заедно.
Станува збор за епска приказна што сведочи за моќта на идеологијата способна да подели речиси сè. Романот го опфаќа периодот од втората половина на XVIII век, кога група германски колонисти пристигнуваат во Славонија, Хрватска, во рамките на реформите на Марија Терезија, па сè до распадот на Југославија кон крајот на XX век.
„Исцелување на светот“ е најнаградуваниот хрватски роман во последните неколку години. Добитник е на наградите „Меша Селимовиќ“, „Мирко Ковач“, „Радомир Константиновиќ“, „Кочиќево перо“ и „roman@tportal.hr – награда за најдобар хрватски роман“!
*Книгата е достапна со потпис од авторот. Во коментар за нарачката нагласете доколку сакате да добиете потпишан примерок.",Фикција,Слободан Шнајдер,Антолог,2018,504,"500,00 Денари"
Армада,"Жоао Жилберто Нол претставува лик што талка во главниот град на една измислена држава од Латинска Америка.Се подразбира дека земјата е пародија на Бразил, нејзиното општество и обичаи. Ликот шета во различни делови на градот: река, море, театар, хотел. На сите овие локации се прикажани различни видови луѓе и нивни реакции, додека читателот доживува широк спектар на сензации. Критичарите оценија дека „Армада“ е едно од најважните дела на современата бразилска книжевност.
Романот е добитник на наградата „Жабути“ во 1994 година за роман на годината.",Фикција,Жоао Жилберто Нол,Антолог,2015,112,"200,00 Денари"
Америка,"Првиот и веројатно најведар роман на Кафка ја раскажува приказната за седумнаесетгодишниот Карл Росман, кој по една засрамувачка сексуална авантура со слугинката е „спакуван за Америка“ од страна на родителите. Очекувајќи да се искупи себеси во оваа „магична земја на можности“, младиот Карл е занесен од изобличени настани и вртоглави авантури. Кафка никогаш ја немал посетено Америка и уште од првите страници на книгата очигледно е дека не му било целта да даде некаква реална претстава за неа. Слики од имагинарни пејзажи, злокобни опасности, безизлезни ситуации, постојани неправди и гротескни тензии меѓу ликовите го карактеризираат овој генијален роман.
„Америка“ е зачудувачки модерна и визионерска пародија за континентот што буди најразлични асоцијации и чувства, но и многу повеќе од тоа.",Фикција,Франц Кафка,Антолог,2022,288,"400,00 Денари"
Кој се плаши од волкот,"Едно 12-годишно детенце влетува во локалната полициска станица, тврдејќи дека видело труп во некоја зафрлена куќичка во шумата. Инспекторот Сејер повторно треба да ги засука ракавите и да тргне во потрага по убиецот на жената што живеела сама среде планината.
Ерки Јорма, пребегнат пациент од психијатриската болница, е виден истиот ден на тоа место, пред целосно да исчезне меѓу дрвјата.
Следното утро се случува вооружен грабеж на банка во блискиот град. Пиштолџијата зема еден заложник и бега. Бидејќи неговите планови почнуваат да се рушат, за разлика од смирениот заробеник, тој почнува да ја губи контролата.
Во меѓувреме, потрагата по убиецот станува потрага по главата на еден човек – сите го бараат мистериозниот Ерки.",Фикција,Карин Фосум,Антолог,2016,272,"350,00 Денари"
Бувот лови само ноќе,"#2 Миа Кригер и Холгер Мунк
Тинејџерка со проблеми во однесувањето исчезнува од домот за млади. Набргу, на шумска ледина е пронајдено нејзиното мртво тело на постела од пердуви, врамено во пентаграм. Случајот е доделен на Одделението за убиства на полицијата во Осло, со истражителите Холгер Мунк и Миа Кригер. Работата е посебен предизвик за Миа, која сè уште води борба со суицидните мисли и со зависноста од апчиња и од алкохол.
Во меѓувреме, Миријам, ќерката на Мунк, доживува емоционална криза и ја преиспитува својата улога на сопруга и мајка. Откако ќе го запознае младиот интересен активист, почнува да се прашува каде исчезнала нејзината страсна политичка ангажираност, а романтичните чувства што се будат во неа ќе ја одведат директно во рацете на еден исклучително болен ум…
Истрагите на тимот Мунк и Кригер се вртат во круг сè додека не им се јави мистериозен хакер што им покажува вознемирувачко видео. Снимката разоткрива нови детали за трагичната судбина на убиената девојка, а на крајот се гледа дури и убиецот, облечен како був – птицата на смртта.
„Неверојатно застрашувачки и напнат роман, подеднакво фасцинантен како и Патувам сама.“ – The Wall Street Journal",Фикција,Самуел Бјорк,Антолог,2021,416,"450,00 Денари"
Европа во стихови,"Саво Костадиновски, писател, глобтротер, космополит и полиглот, кој најголем дел од својот животен и работен век го минал во градот Келн, во Германија; што службено, што приватно; ги минал и сите позначајни дестинации низ Европа. Посетил голем број градови, не само главните… Прошетајте низ нив и вие, проследувајќи ги песните од оваа стихозбирка.",Фикција,Саво Костадиновски,Антолог,2015,34,"200,00 Денари"
Ексцентричен универзитет,"Ова е роман наменет за оние што се подготвени да не ги прифатат правилата на игра. Книга за книгата додека се испишува, една голема постмодернистичка брканица, во која ликовите и писателот населуваат ист свет. Во трагикомичната атмосфера на „Ексцентричен универзитет“ се судираат репресивниот тоталитарен систем на 50-тите години на XX век во Словачка и ликовите полни со благородничката руска носталгија од XIX век. Ракус со овој роман ни го претставува периодот на тоталитаризмот преку раскажувањето на многу поединци затоа што токму поединецот, надвор од секаква институција, може да биде носител на природноста и на автентичноста во раскажувањето.",Фикција,Станислав Ракус,Антолог,2014,176,"200,00 Денари"
Сфинга на гневот – III издание,"Кога уредникот на издавачката куќа „Веда“ дознава дека еден познат писател е пријавен како исчезнат, тргнува да ја открие вистината. Потрагата во која ризикува сè ќе го соочи со загатки во кои се испреплетени историјата, митологијата, психологијата и општествените случувања. Лазар смета дека ако ги дешифрира тајните пораки што ги открива, ќе ја оствари одамна посакуваната цел: да се добере до необјавениот ракопис на исчезнатиот писател.
Движејќи се меѓу границите на мистеријата и книжевниот трилер, Жарко Кујунџиски (Spectator, Америка) создава интригантен и вешто смислен роман, жанровски и стилски палимпсест, со кој пристапува во досега неистражени предели на нашата проза.
„Амфионијата на Жарко Кујунџиски ја раѓа приказната исткаена од повеќе приказни. Таа уметност се врежува низ страниците на овој роман како израз на т.н. урбофилија или како топло чувствување на градот (и тоа не само на Скопје, туку и на Сплит).“ – Од Образложението на стручната комисија за избор на национален претставник за меѓународната книжевна награда „Балканика 2021“ 
„Корпусот на книжевната критика за Сфинга на гневот ќе биде обемен кога ќе се издекодира во целост (ако воопшто е возможно некогаш да се доодгатне докрај проза со ваква големина).“ – Храмина
„Овој роман претставува лек за гневот зашто човек колку и да чувствува силна лутина важно е да знае да избере и да ги толкува случените настани, а со тоа се вбројува во оние дела што остануваат во наследство за идните генерации во ранг на палимпсест!“ – Лидија Размоска Тримовска
„А сфингата е таа која има крилја на орел, со што целата идеја станува покомплексна, а преплетувањето на времето, мотивите, идеите неограничени од простор и време… Онака како што можеби Рубин кармин на Архангел, би се вклопила во романот или можеби во интимната меморија на авторот и неговиот град.“ – Мерсиха Исмајлоска",Фикција,Жарко Кујунџиски,Антолог,2023,304,"350,00 Денари"
Помеѓу рајот и пеколот,"(1# трилогија Помеѓу рајот и пеколот)
Во еден далечен предел на Исланд, млад човек се придружува на брод со рибари. Кога ќе ги фати бура на отворено море, тој е збунет од студената рамнодушност на неговите колеги. Скршен поради тоа, скришно ги напушта, со една единствена цел, да ја врати книгата на слепиот стар морски капетан што живее зад гори и планини. Штом ќе пристигне во градот, открива дека не е сам во својата самотија: пречекан е во топлиот круг на маргиналците, каде што почнува да го гледа животот со други очи.
„Помеѓу рајот и пеколот“ ги истражува длабочините на очајот за да ја прослави спасителната моќ на пријателството. Сместен на крајот од XX век, овој роман нуди читателско искуство што е толку интензивно како и силата на исландските пејзажи.
Фалбите што ги добива авторот за ова дело не се претерани: оваа фасцинантна приказна за Исланд и за неговото минато е безвремена одисеја, лирска медитација за животот и смртта, за рајот и пеколот што ги носиме во себе. Во 2011 година книгата ја добива високата шведска книжевна награда што го носи иметона Пер Улов Енквист.",Фикција,Јон Калман Стефансон,Антолог,2017,176,"250,00 Денари"
Драг господине М.,"Своевремено славен писател, М. го постигнал најголемиот успех со трилер базиран на случај на исчезнување во реалниот живот. Во него ја раскажал приказната за професор по историја што исчезнал една зима откако имал куса врска со својата прекрасна студентка. Професорот никогаш не бил пронајден. По објавувањето, романот на М. станал бестселер што го одбележал неговиот интернационален пробив.
Тоа било пред многу години, но сега кариерата на М. е на залезот. Но не и ако го прашате неговиот бизарен, навидум срамежлив сосед, кој ги демне и него и неговата сопруга. Зошто?
Благодарение на романот на М., кој наводно е фикција, се чини дека сите се поврзани засекогаш, сè додека нешто неочекувано не ја одведе „приказната“ во сосем неочекувана насока. Со сè позасилена напнатост на својот мрачно циничен ум и светски познатиот инстинкт за човечките недостатоци, Херман Кох повторно не поштедува ништо и никого во својот напнат роман, зајадлива претстава што ги држи читателите на штрек во мистериозниот простор помеѓу фактите и фикцијата.",Фикција,Херман Кох,Антолог,2022,384,"450,00 Денари"
Невидлива жена и други раскази,"Дали со староста стануваме невидливи, што се случува со нашите тела, со нашиот однос кон другите и – уште поважно, со односот на другите кон нас? Мрежите што ги плетеме цел живот одеднаш стануваат тенки и кревки. Преку шеснаесет раскази во оваа книга Дракулиќ раскажува за меѓучовечките односи, за релациите меѓу родителите и децата, за заминувањето, исчезнувањето, заборавањето, болеста, срамот и болката, за најдлабоките чувства за кои не се осмелуваме да зборуваме.
Длабоко емотивно, без задршка, раскажува за искуството при распаѓањето на животот. Катарзична, ослободувачка, удира во плексусот на современието. Секој расказ посебно му влегува на читателот под кожа, терајќи го да застане, да размисли за себе и за другите, да биде шокиран, да заплаче, да се препушти и на емоциите и на разумот. Книга што уште еднаш докажува дека само литературата може да зборува за неизречливото!
„Невидлива жена и други раскази“ е добитник на наградата „Букстар“ за 2018 година.",Фикција,Славенка Дракулиќ,Антолог,2018,160,"250,00 Денари"
Сушен период,"Сушен период опишува љубовна врска меѓу Ана, 62-годишна дизајнерка од Централна Европа, и Исмаел, 27-годишен Африканец што пораснал на улиците и бил жртва на многу злоупотреби. Она што им е заедничко се осаменоста, трагичното детство, сушните периоди или „харматан“, кога ниту природата ниту љубовта не можат да процветаат. Наскоро, уметницата сфаќа дека празнината помеѓу нив не се појавува поради бојата на кожата или поради разликата во годините, туку поради нејзината припадност на западната цивилизација, во која таа ги има изгубено сите зацртани улоги – на ќерка, на жена и на мајка. Еротиката не ја надминува осаменоста, потиснатите тајни од минатото испливуваат во светот што е суров, но и поневин од нејзиниот. Во романот се преплетуваат магичен реализам и фрагменти од африканската политичка реалност, а посебно место ѝ се посветува на една од клучните фигури од африканската кинематографија: сенегалскиот режисер Џибрил Диоп Мамбети.
Романот Сушен период ја доби Европската награда за книжевност во 2013 година.
Книгата е објавена со поддршка на програмата „Креативна Европа“ на Европската Унија.",Фикција,Габриела Бабник,Антолог,2015,304,"300,00 Денари"
Мали тајни,"Сè што е потребно да се разоткрие нечиј живот е само една мала тајна…
Марин има совршен живот. Омажена за својата љубов од факултетските денови, таа е сопственичка на синџир елитни фризерски салони, додека сопругот Дерек управува со сопствена компанија. Тие се почитувани членови во својата заедница и семејство полно со љубов. Сè додека не им се распадне светот дента кога е киднапиран нивниот син Себастијан.
Една година подоцна, Марин е претворена во сениште. ФБИ изгубило секаква трага. Таа и нејзиниот сопруг одвај зборуваат еден со друг. Марин најмува приватен детектив да продолжи со истрагата, но, наместо да го најде Себастијан, открива дека Дерек има афера со помлада жена. Ова откритие ја враќа Марин во живот. Го изгуби својот син, но нема да дозволи да го изгуби и сопругот. Кензи е непријател со име и презиме, што значи дека ова е проблем што Марин може да го реши.",Фикција,Џенифер Хилиер,Антолог,2021,336,"400,00 Денари"
Родители и деца,"Син шета со својот татко. Но син што има повеќе од 40 години и уште е хонорарец. Живее со Марта, 26-годишна девојка што завршила философска лингвистика и работи од дома. Таткото е биолог во пензија. Вистински интелектуалец, во позитивната смисла на зборот. Единственото заедничко нешто им е што еднаш месечно одат на прошетка. Но ги спојува и 40 години заеднички живот.
Родители и деца е добитник на наградата „Магнезија литера“ во 2002, а според оваа книга е снимен и истоимениот филм од 2008 година.
„Хакл е вистински книжевен талент. Му треба многу малку за да создаде атмосфера и ликови. Многу значаен писател за чешката литература.“ – Далибор Малина",Фикција,Емил Хакл,Антолог,2015,128,"200,00 Денари"
Вистинско крзно од леопард,"Моќна и слоевита приказна за жена што го губи своето предвремено родено синче. Тагата ја пренесува во светот на сенките на нејзините мртви предци, кои живееле во истиот дом каде што таа ги минува тешките денови по загубата. Трагедиите од холокаустот се испреплетуваат со етичките дилеми во љубовниот триаголник во кој се заробени Јана и нејзината најдобра пријателка Тинка, чиј сопруг е и татко на изгубеното дете.
Повикот на дивата телесност се поставува наспроти поредокот на општествените односи. Модерната жена, која во еден миг им потклекнува на длабоките и необјасниви инстинкти на физичката привлечност кон мажот што би требало, според општествените конвенции, да ѝ биде само пријател, се разгранува во комплексна слика на родовите противречности низ кои се бара топлината на вистинската љубов.
На крајот, дали е најбитно да се преживее, но и да се пружи рака за помош дури и на озлогласениот непријател?",Фикција,Хана Коларжикова,Антолог,2021,240,"350,00 Денари"
Секое утро патот до дома е сè подолг и подолг,"Приказна за спомените, за менливоста на животот и за разделбите. Љубовно писмо и бавно збогување на еден човек со неговиот внук, на еден татко со неговиот син.
Дедото и Ноа седат на клупа до која цветаат зумбули. И покрај големата разлика во возраста, тие можат да разговараат буквално за сè. За животот, за математиката, за училиштето, за мечките, за најважните и најневажните работи на светот. Дедото се обидува да се сети како се вљубил во бабата на Ноа и како ја изгубил. Сè уште ја памети, но што ќе се случи кога веќе нема да се сеќава ниту на нејзиниот лик?
Како што само тој умее, Бакман ни дава трогателен приказ на борбата на дедото да ги сочува своите најдраги спомени среде океанот на универзумот. Оваа книга е искрено толкување на стравот и љубовта, но и потсетник дека најголемото богатство се секојдневните мали ситни радости. И оние со кои ги споделуваме.",Фикција,Фредрик Бакман,Антолог,2020,94,"250,00 Денари"
Географија на маленкоста,"Ако имате потреба од книга која ќе внесе малку потребен мир и хармонија со секој збор, тогаш одберете ја Географија на маленкоста.
Расказите се како неопходна и медитативна дневна доза опуштање.",Фикција,Ацо Гогов,Антолог,2009,64,"150,00 Денари"
Сето тоа ќе ти го дадам,"Мрачни семејни тајни, убиства, измами и вечната потрага по вистината сместени во прекрасно опишаниот лозарски крај на Галиција.
Познатиот писател Мануел Ортигоса добива известување дека неговиот сопруг Алваро Муњис де Давила загинал во сообраќајна несреќа во Галиција кога всушност требало да биде на службен пат во Барселона. Се упатува таму и открива дека истрагата за случајот е затворена, а човекот со кој бил во брак петнаесет години криел од него дека потекнува од богато благородничко семејство и дека тој му е единствениот наследник.
Растргнат помеѓу болката од загубата и од сознанието за двојниот живот, сака да избега веднаш по погребот. Но го задржува Ногеира, полицаец во пензија, кој се сомнева во околностите за смртта на Алваро исто како и за друг смртен случај во неговото семејство, за кој мисли дека бил прикажан како несреќен случај. Заедно со свештеникот Лукас, кој му бил најдобар пријател на загинатиот од детството, го наведуваат Мануел да започне истрага за ненадејното патување на Алваро во Галиција и за неговиот таен живот. Ја почнуваат потрагата по вистината во место во кое старите обичаи и верувања се длабоко вкоренети и место што крие многу тајни.",Фикција,Долорес Редондо,Антолог,2023,576,"650,00 Денари"
Антропологија и сто други раскази,"Лесни за читање, забавни, сепак обоени со длабока тага поради минливоста на нештата, овие микрораскази со трагикомична иронија и горчлив  хумор прикажуваат низа варијанти во кои може да се оствари љубовта.
Распонот на формите во кои е прикажана таа е многу широк. Сепак, Роудс најчесто се интересира за крајните точки меѓу кои може да осцилираат емоциите на човекот: параноидни фантазии што стануваат реалност, мазохистичка вљубеност во другиот, сурова нетрпеливост кон партнерот, невообичаено голема посветеност што преминува во понижување, претерана наивност и доверба… Ваквата мрачна визија за меѓусебните односи станува интересна за читање поради способноста на авторот преку корозивната смисла за хумор да ја релативизира секоја од раскажаните ситуации.
Збирката содржи 101 расказ, секој составен од 101 збор. Формалното правило секој расказ да има 101 збор (ова правило е задржано и во преводот на македонски јазик) на книгата ѝ обезбедува хомогеност на стилски многу прецизно изведено дело.",Фикција,Ден Роудс,Антолог,2023,112,"250,00 Денари"
Украдени. Историја на едно злосторство,"„Овој роман претставува трилер на новата генерација. Во него не учествуваат паметни и чесни инспектори, тип на луѓе што практично е во процес на исчезнување кај нас.
Ова е приказна во која жртвата не сака истрага и за тоа постои добра причина. А која е причината за тоа, читателите ќе откријат на крајот од романот: зашто во секого од нас се крие иследник, благороден, паметен, непоткуплив истражувач, кој се стреми кон вистината и кој разбира дека на светов постои онаа чудна работа што се нарекува љубов.“
Ваша, Људмила Стефановна Петрушевскаја",Фикција,Људмила Петрушевскаја,Антолог,2019,250,"300,00 Денари"
Ловци на фазани,"Во 1987 година, во викендичка во северна Данска, сурово се убиени брат и сестра. Полицијата се сомнева дека убиецот е дел од една приватна гимназија во која учат децата на најбогатите семејства во земјата. Учениците од ова елитно друштво се познати по организирање насилни оргии. Сепак, истрагата е попречена од високи полициски инстанции.
Дваесетина години подоцна случајот повторно е на масата на полицискиот инспектор Карл Морк, брилијантниот детектив што раководи со Секторот Q – одделението за нерешени случаи. За него станува јасно дека не е сè така како што изгледа на прв поглед.
Тој ќе дојде до Кими, жената што живее на улица и краде за да преживее и која мајсторски го усовршила криењето од полицијата. Но не ја бараат само претставниците на законот бидејќи таа чува тајни поради кои и моќници од високите општествени кругови би можеле да ја бараат нејзината глава.
Tајната што Кими ја крие може да смени сè.",Фикција,Јуси Адлер-Олсен,Антолог,2021,416,"450,00 Денари"
Божикен ораториум,"Најважното дело на шведскиот писател Јоран Тунстром е семејна сага на три генерации во текот на бурниот XX век. Романот почнува во 1930 година, кога Солвег (сопруга на Арон и мајка на Сиднер) е убиена. Семејството, потонато во тага, го напушта домот и се преселува во друг град, надевајќи се дека ќе го почне животот одново, но открива дека емотивниот товар го понеле со себе. Арон, погоден од загубата, почнува да ја „гледа“ сопругата во разни халуцинации и почнува да ја бара нејзината реинкарнација во некоја жена од другата страна на светот. Интроверниот тинејџер Сиднер тргнува во потрага по емотивна зрелост, која го води во чудни пријателства со уличен џамбаз и со слободоумна возрасна жена зад која се крие идентитетот на познатата писателка Селма Лагерлеф.
„Божикен ораториум“ е голема панорама на човековата борба, амбиција, желба и копнежи, напишана од еден од најважните шведски романсиери. Фокусирана на три генерации на семејството Норденсон, се открива цела сага, детално изградена како кантата на Бах и емоционално комплексна како филм на Бергман.",Фикција,Јоран Тунстром,Антолог,2014,352,"300,00 Денари"
Не правете им сенка на гробовите,"Гнев, сладострастие, алчност, гордост, мрзливост, завист и ненаситност се седумте смртни гревови – страшните искушенија на човековата душа.
Збирката „Не правете им сенка на гробовите“ од Дијана Петрова е обид да се натераат читателите да го забележат она што вообичаено им се искраднува од погледот. Преку отелотворувањето на седумте смртни гревови во тела и во дела, овие раскази длабоко допираат до нашите сетила и свест. Преку ликовите што се доведуваат на работ на лудилото се прикажува апсурдноста на постапките во животот и се поставува прашањето: дали тоа што смртта е неизбежна прави таа да биде нелогична?",Фикција,Дијана Петрова,Антолог,2020,144,"250,00 Денари"
Злосторство и казна,"„Злосторство и казна“ – едно од најголемите дела на руската и на светската книжевност.
Истовремено и длабок филозофски роман, и напната психолошка драма, и возбудлив трилер, како и величествен опис на еден мрачен град во чијашто утроба луѓето грешат, бараат прошка, се жртвуваат, се одрекуваат од себеси поради своите блиски и наоѓаат душевен спокој во смирение, покајување и вера.
Низ страниците на можеби најголемото класично ремек-дело, на читателот му се нуди уникатна можност да ги истражува темните катчиња на човековата душа. Во центарот на вниманието се наоѓаат филозофските прашања за моралот, слободната волја и природата на човековото злосторство. Анализирајќи ја психолошката состојба на главниот лик, поранешниот студент Родион Раскољников, и историјата на неговото злосторство, авторот ја истражува границата помеѓу доброто и злото, моралот и подлоста.
Дејството е сконцентрирано во девет и пол дена до стореното злосторство и девет години по злосторството (една за време на судењето и осум во прогонство), што секако, како и многу други нешта во овој роман, има длабока симболика.",Фикција,Фјодор М. Достоевски,Антолог,2024,624,"700,00 Денари"
Змија,"Ова е книга за стравот, најсилниот човечки инстинкт. Авторот тргнува да испита како канџата на теророт грабнува група луѓе и како тие реагираат на тој стисок, секој според својата сопствена психолошка конституција. Романот сака да покаже дека е неопходно да се признае исконската човекова вознемиреност, а не да се негира. Да се соживееме со стравот е единствен начин човекот да се пронајде себеси.
Напишана за време на Втората светска војна, „Змија“ е сместена во Шведска, исплашена поради воената загрозеност. Дагерман, војник и анархосиндикалист, го користи секојдневното отслужување на воената обврска како основа за испитување на социјалната правда и на психологијата на стравот.
Првиот дел од романот е за една жена што работи во воениот камп и го среќава Бил, војник садист. Вториот дел го претставува вознемирувачкото искуство на алтерегото на писателот, а во последната глава е претставено авторовото гледиште како да се победи стравот.",Фикција,Стиг Дагерман,Антолог,2015,256,"250,00 Денари"
Чернобилска молитва,"Чернобилска молитва е чудесна и потресна книга за личните соочувања на луѓето погодени од најголемата нуклеарна катастрофа во историјата на човештвото. 16 април 1986 година, Чернобил. Сведоштво од кое се ежи кожата. Каталог на трауми на луѓе погодени од катаклизмични настани чии ефекти беа пренесени низ целата планета. Болка, страв, бес и несигурност, со кои сè уште живеат. Авторката дозволува оние што живееле и сè уште живеат во погодените области да ја раскажат сопствената приказна.
Гласови на жени сведоци на грозоморното умирање и распаѓање на телата на нивните сопрузи погодени од радијацијата. Жена што добива рак од седењето покрај креветот на кој спиел нејзиниот сопруг. Гласот на таткото што ја закопал својата ќерка, почината од болест што не постои.
Гласот на старата жена што не може да сфати зошто мора да ги напушти селото и својата градина кога во неа сè расте и сè цвета. Во овој свет сè изгледа сосема нормално затоа што злото се крие зад маска и никој не може да го препознае, да го види, да го слушне, да го допре или да го помириса. А сè може да убие – водата, почвата, јаболкото, дождот.
Алексиевич нагласува дека ова не е книга за Чернобил, туку за последиците од Чернобил, за луѓето што живеат во нова реалност, која никако не можат да ја сфатат. Оние што го преживеале Чернобил се преживувачи на атомската Втора светска војна.
Уметноста многу пати вежбала апокалипса и нудела различни технички верзии на судниот ден, но сега со сигурност знаеме дека животот е многу пострашен писател. За оваа тема не смее да се молчи, а овие приказни не смеат да бидат заборавени од времето.",Фикција,Светлана Алексиевич,Антолог,2017,304,"350,00 Денари"
Азбучната куќа,"Втора светска војна – двајца англиски пилоти, eдна психијатриска болница за офицери на СС и една многу опасна игра на преправање.
Во 1944 година, двајца англиски пилоти, Џејмс и Брајан, пријатели од детството, се соборени над Германија. Свесни дека ќе бидат стрелани како шпиони ако ги фатат нацистите, успеваат да влезат во санитетски воз наменет за високорангирани припадници на СС-единиците што го загубиле разумот поради суровите доживувања на источниот фронт. Џејмс и Брајан исфрлуваат од возот двајца пациенти на умирање и ги заземаат нивните постели со надеж дека подоцна ќе избегаат. Така, двајцата завршуваат во Азбучната куќа, психијатриска болница што се наоѓа во самото срце на Германија, во Фрајбург. И единствен спас им е да глумат дека се луди…  
„Најдобар филм што сум го прочитал во животот.“ – Јуст Бетцер, филмски продуцент
„Возбудлива комбинација на воен роман и психолошки трилер, ни малку поневозбудлив од неговиот меѓународно познат серијал за секторот Q.“ – The Times",Фикција,Јуси Адлер-Олсен,Антолог,2024,496,"600,00 Денари"
Седумтемина луди,"„Седумтемина луди“ е жестока антиутопија, во која вистината и фантазијата си ги заменуваат местата. Мрачното дело на Арлт ја претскажува политичката иднина на Аргентина 15 години пред некој воопшто да слушне за Хуан Перон.
Груба, брутална, колоквијална и надреална книга, во која главниот лик, очаен поради постојан недостиг на пари и на перспективи, се приклучува на едно тајно друштво што сака да го смени општествениот поредок преку сурова и ужасувачка социјална револуција осмислена од еден од најмоќните ликови во аргентинската литература, Астрологот. Превратот треба да биде финансиран преку мрежа на бордели распоредени низ цела Аргентина, а со нив ќе управува еден друг интересен лик, Меланхоличниот Насилник.
Во романот се изложуваат апсолутната лудост на општеството, суровоста на капитализмот, нечувствителноста на индустријата и нејзините технолошки машини, поставени наспроти ранливоста на смртниот човек што создава. На тој начин, човекот влегува во метафизички страдања со универзален карактер, актуелни и ден-денес.
Истоимениот филм од 1973 година е добитник на „Сребрена мечка“ (големата награда на жирито) на Берлинскиот филмски фестивал.",Фикција,Роберто Арлт,Антолог,2016,282,"250,00 Денари"
Виенски гамбит,"Виктор Николов е 33-годишен инспектор на Одделението за крвни деликти од Скопје. За време на својот летен одмор, заминува за Виена во посета кај својот помлад брат Даниел, пропаднат писател што одвај преживува работејќи како бармен во еден елитен ноќен клуб.
Додека ја истражува неодоливата Виена, Виктор ја запознава Карен Фишер, Австријката со која истата вечер завршува во кревет.
Но прекрасната ноќ се претвора во кошмарно утро. Девојката на Даниел е пронајдена мртва, а тој нема алиби. На површина излегуваат неодамнешните расправии меѓу нив и ситуацијата се заплеткува во неочекуван правец.
Може ли да му се верува на сопствениот брат, кој тврди дека е невин? И како да се повлече граница помеѓу кога главниот истражител што го гони твојот брат е жената со која си спиел пред неколку вечери?
Интригантен, тензичен и непредвидлив роман, кој ве држи во недоумица до последната страница.",Фикција,Анде Јанков,Антолог,2020,336,"400,00 Денари"
Историја на светлината,"Роман за чешкиот фотограф Франтишек Дртикол и за историјата на фотографијата како нов вид уметност. Сте размислувале ли некогаш како би изгледала приказна раскажана со светлосни зраци?
Кој бил, всушност, Франтишек Дртикол? Конте од рударско гратче, светски познат фотограф со пропаднат бизнис, мајстор на актот што немал среќа со жените, мистик и будист што поверувал во комунизмот, накратко – маж синтеза на многу противречности.
Романот претставува вистинска фреска, која покрива повеќе од половина век: во неа оживуваат прибрамските рудници за сребро, Минхен во периодот на сецесијата, како и боемштината на Првата република, кога моделките еднаподруга голи се шетаат на светлото, кое незабележливо се слева со свеста…
Историја на светлината е добитник на Европската награда за книжевност во 2014 година, како и на наградите Чешка книга и Јозеф Шкворецки.",Фикција,Јан Њемец,Антолог,2016,400,"400,00 Денари"
Свекрва,"Фасцинантен роман полн со пресврти за сложениот однос меѓу една жена и нејзината свекрва, однос што завршува со убиство…
Од моментот кога Луси ја запознава мајката на својот сопруг, знае дека не е жена каква што Дијана посакувала за својот совршен син. Иако е извонредно учтива, пријателски настроена и секогаш великодушна, Дијана ја држи Луси на дистанца, и покрај очајничките обиди на снаата да се зближат. Дијана е столб на заедницата, поборник за права на бегалците и жена што со децении ужива во среќен брак; никој нема лош збор за неа… освен Луси.
Минуваат пет години… Дијана е најдена мртва, а прошталното писмо вели дека веќе не сакала да живее поради ракот што ѝ го разорува телото. Само што аутопсијата не открива рак. Но затоа открива траги од отров и докази дека починала од задушување.
Кој би можел да ја посакува смртта на Дијана? Зошто нејзиниот тестамент е променет во последен момент и ги лишува од наследство своите две деца, заедно со нивните брачни партнери?
Нарушените односи и длабоко скриените семејни тајни стануваат сè пошокантни со секоја следна страница, така што овој роман не ќе можете да го испуштите од рака.",Фикција,Сели Хепворт,Антолог,2020,320,"400,00 Денари"
Седум часот и педесет минути,"Што ако, преку ноќ исчезне причината за милениумската борба помеѓу христијанството и исламот?
Асли е сопруга на Иштар Азим, очајна да се оствари во улога на мајка. Иштар сè уште не може да ја преболи смртта на сестра му, така што нејзиниот дух е причината за нивниот нарушен брак. Тој е сега препознаен од цела земја и пошироко. Неговата единствена издадена книга, ги руши рекордите на читаност.
Неочекувано, пред да настапи зимата, во седум часот и педесет минути, Истанбул го засенува најголемата трагедија во историјата. Додека владата се обидува да го спаси градот од пепелта, почнуваат да се навраќаат прашања од минатото. Вистината за мртвиот Осман Џалал, деталите во објавениот роман, исчезнувањето на девојките од брегот и една од најдлабоко закопаните тајни во подземјето на Византион.
Седум часот и педесет минути е продолжение, со испреплетени два поларитети на градот – истанбулската елита и дупката на Мраморното море од каде што се раѓа трговијата со органи. Како и тајната реликвија на Ватикан, стара илјадници години, покриена со брановите на Босфорот.
Богато разјаснувачко завршување на митот за Камила Џалал, кое само по себе отвора историски прашања на кои овој роман има деликатен одговор.",Фикција,Јован Илиески,Антолог,2024,288,"400,00 Денари"
Човекот по име Уве,"Запознајте го Уве, 59-годишен вдовец. Тагата по неговата сакана го тера секој ден да ја посакува сопствената смрт. Уве е еден од оние што покажуваат со прст во луѓе што не им се допаѓаат. Секое утро врши инспекција по населбата во која живее. Ги преместува велосипедите и проверува дали ѓубрето е правилно селектирано – иако веќе поминале неколку години откако е разрешен од должноста претседател на здружението на станари. Вечно гневен и незадоволен, лесно избувлив, накратко: сосед од кошмарите. Меѓутоа, зад неговата мрзоволност, педантерија и железна принципиелност се крие една многу тажна судбина…
И така, еден ноемвриски ден, кога соседот што се вселува во соседната куќа случајно го уништува поштенското сандаче на Уве, одеднаш почнува комично топлата приказна. Приказна што суштински ќе промени еден човек и едно соседско здружување. Ова е роман за влијанието на еден човечки живот врз безброј други.
Истоимениот филм во 2017 година беше номиниран за „Оскар“ за најдобар филм од неанглиско говорно подрачје.",Фикција,Фредрик Бакман,Антолог,2018,352,"450,00 Денари"
Ножот на Аврам,"Ножот на Аврам е трилер на писателот кого го нарекуваат „исландскиот Ден Браун“. Дејството почнува кога Џејмс Донели, ирски писател, добива мистериозна разгледница од својот неодамна починат пријател. На неа е испишан енигматичен текст за кој ќе се утврди дека е пророштво од Нострадамус. Во книгата се предвидуваат нападите во Париз и трета светска војна меѓу христијаните и муслиманите! Во потрага по вистината, Донели и неговиот асистент се вовлекуваат во хаотична бркотница по улиците на Њујорк, но Њујорк по 11 септември 2001 година. Затоа, и ЦИА е заинтересирана за оваа теорија на заговор. Тие откриваат тајна што е толку моќна што може да го промени начинот на кој луѓето го перципираат својот однос кон верата.",Фикција,Отар М. Нордфјорд,Антолог,2016,272,"300,00 Денари"
Патувам сама,"#1 Миа Кригер и Холгер Мунк
„Патувам сама“ постигна извонреден интернационален успех кај читателите низ светот, а беше избран и за најдобар во бестселер-листата на германскиот весник Der Spiegel.
Истражителката Миа Кригер ја напушта полицијата и градскиот метеж го заменува со осамен и тивок живот на еден норвешки остров. Наскоро таму доаѓа нејзиниот стар колега, Холгер Мунк, да ја наговори да се врати на работа. Потребна му е нејзината помош за новиот вознемирувачки случај. Во шумата е најдено безживотното тело на шестгодишно девојче, обесено со училиштен ранец на грбот. Околу вратот има закачено порака: „Патувам сама“.
Сè укажува на тоа дека убиецот ќе продолжи да убива, а истрагата на Миа нè води до постар случај кога од породилното одделение исчезнува новороденче… Комплексен, софистициран и застрашувачки трилер, кој нема да престане да ве шокира и изненадува до последната страница.
„Бјорк е веќе афирмиран во елитата на писателите од крими-жанрот. Пази се, Ју Несбе!“
Бергенс Тридене",Фикција,Самуел Бјорк,Антолог,2020,432,"450,00 Денари"
Солзите на ангелите,"„Солзите на ангелите“ е моќна приказна што потсетува на вечната борба на човекот против безмилосното величество – природата! Приказната го следи „момчето“ што, откако доживеало страшна траума на море, оди во едно мало исландско село што наскоро ќе му стане дом. Тој има желба да му ја врати книгата поезија на стариот морски капетан – книга поради која умира и неговиот пријател Бардур.
Додека селаните се собираат во крчмата за да пијат жесток алкохол, момчето им чита извадоци од „Хамлет“. Еден ден таму влетува поштарот Јенс, полумртов и смрзнат до коска.
На следното патување кон фјордовите, тој го поведува и момчето со себе бидејќи има потреба од некој што не се плаши од морето. Двајцата ќе се најдат во ситуација да го ризикуваат животот еден за друг, и тоа поради една невообичаена пратка! Снегот е „солзите на ангелите“ и тој паѓа ли паѓа и се обидува да ги препокрие и хероите на оваа волшебна книга.
Стефансон ја добива италијанската награда „Ботари Латес Гринѕане“ токму за ова дело, кое е втор дел од епската исландска трилогија „Помеѓу рајот и пеколот“, но може да се чита и како засебна книга.",Фикција,Јон Калман Стефансон,Антолог,2018,262,"250,00 Денари"
Доаѓањето на матадорот,"Макс е талентиран актер, но е во сенката на грандиозната актерска кариера на татко му.
Иако со видни амбиции во професијата, изгледа дека животот има други планови за него. Една моќна жена ќе му предложи да биде главен дел од софистицирана измама, а тој нема да може да одолее барем еднаш во животот да одигра водечка улога, ризикувајќи сè што стекнал.
Гавран е маркетинг менаџер кој повеќе не може да го поднесе корпорацискиот диктат и да биде тркалце во системот што ги меле сите луѓе на оваа планета. Тој има поинаква визија, а кога ќе се вљуби во Камиј, ќе ѝ подари несекојдневен подарок–општествена револуција. Двајцата тргнуваат по стапките на Јованка Орлеанка, од Руан до Париз и Лондон…Макс и Гавран се двајца хазардери кои смело зачекоруваат во коридата на XXI век каде што ќе бидат пречекани со многу ниски удари. Движејќи се помеѓу трилер и бурна драма, романот на Бранко Росиќ зоврива од актуелност и жестина.
„Росиќ всушност е сценарист и драматург во костум на романописец. Со задоволство би видел екранизација на неговите романи. Во раце на одличен режисер тоа би биле филмови и серии кои прецизно и убиствено би ја разобличиле трансформацијата на српското општество во последните три турбулентни децении, со посебен осврт на импотентната и самозадоволна средна класа.“– Урош Ѓуриќ
„Возбудлив роман што точно го опишува моментот во кој се наоѓа денешното општество, а во него се среќаваат Расколников и Јованка Орлеанка на 21. век.“ – Бери Филипс",Фикција,Бранко Росиќ,Антолог,2023,256,"400,00 Денари"
Брада натопена со крв,"Главниот лик се обидува да ги открие деталите за смртта на дедо си.
Почнува со посета на татко му кој му ја најавува намерата да се самоубие и му ја раскажува приказната за мистериозната смрт на дедо му. Го убиле во Гаропаба, мал приморски град на југот на Бразил, во текот на неделна игранка, кон крајот на 1960-тите, при што никогаш не биле најдени ни телото ни виновниците. Скршен по загубата на татко си, семејните несогласувања и љубовното предавство, младиот човек, инаку професор по физичко образование, се сели во Гаропаба во потрага по личен мир и по вистината за дедо му. Но многу тешко доаѓа до информации бидејќи оние што го познавале не сакаат да зборуваат. Реализацијата на неговите цели особено ја отежнува и неговата необична невролошка состојба: не ги памети лицата на луѓето, дури ни на оние што ги познава со години.
Сепак, во новото секојдневје, меѓу неочекуваните познанства, емотивни врски и патувањата, открива многу повеќе, не само за дедо му туку и за самиот себе.
„Брада натопена со крв“ во 2012 година ја добива наградата за литература на Сао Паоло.",Фикција,Даниел Галера,Антолог,2022,400,"500,00 Денари"
Собрани раскази,"„Преобразба“, „Пресудата“, „Селски лекар“, „Уметник во гладување“ и сите останати раскази на Франц Кафка!
Расказите, од кои некои се во форма на басни, алегории или параболи, заземаат централно место во неговото творештво. Во текот на својот живот објавил само дел од нив. Повеќето од нив се објавени постхумно и против неговата волја. Книгата е поделена во три дела: раскази што Кафка ги објавил во своите книги во текот на животот, раскази кои не ги вклучил во книгите, но се објавени одделно на различни места, и раскази од неговата оставнина. Меѓу нив се наоѓаат и скици за романи. Делата на Франц Кафка се сметаат за клучни текстови на Модерната, а оваа книга за првпат на македонски јазик ги пренесува сите сочувани куси прозни творби на еден од најголемите автори на едно место.",Фикција,Франц Кафка,Антолог,2024,480,"700,00 Денари"
Мажите не можеш да ги силуваш,"Това Рандерс слави роденден. Оди во некое кафуле, танцува, се враќа дома со маж и завршува силувана. Таа не се затвора во осаменост да го преболи понижувањето. Дише длабоко и зема сила. Одлучува да ги смени улогите. Да го силува силувачот. Романот е објавен во 1975 година и веднаш станал жива класика.
Според овој роман во режија на Јорн Донер е снимен истоимениот филм од 1978 година.",Фикција,Мерта Тиканен,Антолог,2015,164,"200,00 Денари"
Ноќно нуркање,"Нуркањето е една од најпривлечните мистерии, а подводниот свет една од најголемите енигми. Кога на тоа ќе му се придодаде и голем и скапоцен плен, може да претпоставите каква возбудлива авантура ќе најдете во овој роман.
Водена од големата нуркачка страста, Хилке Торхус се упатува на ноќно нуркање на западниот брег од Норвешка. Кога со двајца пријатели скокнуваат во леденото море, не насетуваат дека под површината се одвива далеку поопасна акција. Пријателите ѝ ги убиваат, па ќе мора сама да тргне на една долга игра на мачка и глушец, во која храбро бега со куп дијаманти. Оттогаш во секоја сенка гледа опасност која ја демне. Сепак, наместо да ја фати параноја, докрај останува присебна и се обидува на светот и понатаму да гледа со ведрина и копнеж по својата идеална половина кој треба да ѝ даде поддршка и заштита.
Ким Смоге (1945) е псевдоним на норвешката писателка Ане Карин Торхус која е првата жена-инструкторка по спортско нуркање и подводен лов на светот и првата претставничка на т.н. „нов женски бран во криминалистичката литература“. Нејзините романи се преведени на многу светски јазици.
Книгата Ноќно нуркање е добитник на наградата Ривертон за најдобра крими приказна.",Фикција,Ким Смоге,Антолог,2013,160,"250,00 Денари"
Воспитувањето девојки во Чешка,"Дејството во романот почнува кога писателот и наставник по чешки јазик и литература, Оскар, ја прифаќа понудата на локалниот бизнисмен, новопечен богаташ, да ѝ одржи курс по креативно пишување на неговата постара ќерка Беата во текот на летниот распуст. Беата е нескротлива млада девојка што од револт дека нејзиниот татко насилно ја прекинува љубовната приказна со еден од неговите вработени со денови не разговара со никого.
Тешката задача да ѝ предава на младата девојка што во потполност го игнорира духовитиот учител ја завршува повеќе од успешно, па дури и се вљубува. Поточно, Оскар развива еден комплексен однос, кој опфаќа емпатија, страст и инспирација.
Сатиричен приказ на чешкото посткомунистичко општество и првите тајкуни.
Веројатно најуспешното дело на чешкиот автор, кого го споредуваат со Ник Хорнби, има и своја филмска екранизација од 1997 година.
  *Книгата е достапна со потпис од авторот. Во коментар за нарачката нагласете доколку сакате да добиете потпишан примерок.",Фикција,Михал Вивег,Антолог,2019,224,"250,00 Денари"
Пирамидите на денот,"Тринаесетте раскази од оваа книга се занимаваат со размислувањата околу тоа што се менува во текот на времето во светот на протагонистите и на што му е судено вечно да трае. Се поставуваат прашања за човековото битие, љубовта, личната слобода, Бог и судбината, покрај кои животот на современиот човек се доживува како најголемо постигнување. Кратките раскази на Ополскаите започнуваат со приказ на односите во рамките на едно семејство: меѓу сопружниците, родителите и децата, браќата и сестрите, понекогаш меѓу блиските пријатели или љубовниците. Темите на предавството или гризењето на совеста се истражуваат преку јазикот, кој е нежен и богат. Еден соголен реализам на човековото постоење силно дејствува врз читателската фантазија, а некои елементи на мистика и фантастика одржуваат рамнотежа меѓу видливиот свет и магичниот реализам.
Расказите се пишувани во период од осумнаесет години, период во кој добија највисоки оценки од книжевната критика. „Решетки“ во 2018 година ја освојува „Нобеловата награда за литвански кратки раскази“, а расказот „Дојди преку мразот“ е награден со наградата „Јургис Кунчинас“. Во 2019 година „Пирамидите на денот“ја добива престижната Награда за литература на Европската Унија.
*Книгата е достапна со потпис од авторката. Во коментар за нарачката нагласете доколку сакате да добиете потпишан примерок.",Фикција,Даина Ополскаите,Антолог,2022,240,"350,00 Денари"
Децата на Волга,"Во далечините на степата по долниот тек на Волга уште во осумнаесеттиот век се населиле Германци. Годината е 1916, а Јакоб Бах е руски Германец што работи како учител во малото село Гнадентал. Тој одамна се повлекол од светот, се грижи за својата единствена ќерка Анче на осамен селски имот и пишува волшебни приказни што на чудесен и трагичен начин се остваруваат во стварноста.
Но животот одеднаш му се променува кога ќе се вљуби во Клара, ќерка на селанец од другиот брег на Волга. Нивната љубов не може да им избега на настаните што со себе ги носат револуцијата и основањето на Германската република на Волга.
Книга во која се прикажани и љубовта, и смртта, и историјата, и политиката, и војната, и создавањето… Книга во која магичниот реализам се среќава со суровата руска реалност, на бреговите на моќната река Волга, но и пошироко.
Ова е вториот и долгоочекуван роман на Гузел Јахина, најфалената дебитантка во поновата историја на руската литература.",Фикција,Гузел Јахина,Антолог,2021,480,"500,00 Денари"
Тврдина,"„Тврдина“ е еден од двата класици на великанот на светскиот роман во дваесеттиот век, Меша Селимовиќ.
По огромниот успех што го доживува со „Дервишот и смртта“, романот што денес претставува симбол за неговото име, Селимовиќ во 1970 година го објавува „Тврдина“, кој на некој начин претставува роман близнак, огледален роман на „Дервишот и смртта“.
За ова свое дело Селимовиќ ќе истакне: „Тврдината е еден поширок симбол. Тоа е сè што ги одвојува луѓето: религијата, нациите, државите, убедувањата, предрасудите, сè во што се затвора поединецот и заедницата кон другиот. Во однос на книгата ’Дервишот и смртта‘, каде што е дадена димензија на омраза и страсти, во ’Тврдина‘ сакав да го покажам излезот од таа затвореност во која луѓето живеат одамна, па и денес. Може ли да се излезе од тврдината и од тврдините, можат ли луѓето поинаку да разговараат меѓу себе освен преку пушкарниците? Мојот главен јунак ги има сите услови да биде огорчен и затворен во себе и тој сепак се обидува да најде пат до другите луѓе. За него е неприфатлив каков било друг пат освен патот на љубовта.“",Фикција,Меша Селимовиќ,Антолог,2023,352,"450,00 Денари"
Нека играат децата (трето издание),"Трето издание на „Нека играат децата“ од Денис Бојаров, збирка раскази наменета за различни возрасни категории, која обработува социолошки, психолошки и филозофски теми поврзани со децата, со семејството, но и со човекот воопшто.
Во голема мера книгата изобилува со автобиографски приказни, збогатени со имагинативната нарација, преку кои авторот воспоставува комуникација и блискост со читателот и му испраќа емотивни и моќни пораки.
Нараторот преку гласот на децата, преку родителите, животните и растенијата комуницира со читателот и му дава еден готов производ од ликови и настани од нашето поднебје, со кои сите ние се идентификуваме. Педесет и еден расказ на број, тематски слични, сепак со поинакво сиже и поуки. Ова се раскази што ќе ја поттикнат емпатијата во вас.
  *Книгата е достапна со потпис од авторот. Во коментар за нарачката нагласете доколку сакате да добиете потпишан примерок.",Фикција,Денис Бојаров,Антолог,2021,160,"300,00 Денари"
Азбука за непослушните,"„Азбука за непослушните“ е роман сместен во 863 година, во манастирот Полихронос на Олимп. Главната приказна за послушните и непослушните ја раскажува, односно ја запишува, немиот клисар во манастирот. Литерарен, филозофски и историски преплет преку кој се реактуализира средновековието. Авторот му поставува директни прашања на читателот, испитувајќи го колку знае за себе, за сопствената историја, за Библијата, митологијата и фолклорот. Андоновски прави „воскреснување на замрените букви“, кои преку својата фиксирана ортографија зборуваат за едно ликовно поимање на стварноста. Преку девет столетија, авторот дешифрира архаични зборови/архаизми и на инвентивен начин ја реактуализира и глаголицата, при што зад секоја буква создава приказна. Првиот роман на Венко Андоновски нè освојува со својата свежа интерпретација на средниот век и просторите на кои живееме.",Фикција,Венко Андоновски,Антолог,2018,144,"250,00 Денари"
Повторно дома,"Еден човек се враќа во родниот крај откако долго време поминал на Флорида. Причините поради кои Ерки отишол во Америка пред десетина години се поврзани со тежок финансиски криминал и сега тој се враќа да си го земе она што смета дека е негово – местото во општеството и жената. Меѓутоа, нештата не се одвиваат според неговиот план. Како беше, домашниот и надворешниот есап се разликуваат. Сопругата има син од друг човек, а има нешта што не можат да се купат со пари. Гастарбајтерот влегува во директен конфликт со многумина од локалните граѓани.",Фикција,Анти Тури,Антолог,2013,288,"280,00 Денари"
Трач,"ОД БЕСТСЕЛЕР-АВТОРКАТА НА „ЊУЈОРК ТАЈМС“!
Дали слушна? Грејс ѝ се доверува на својата најдобра пријателка Меделин дека го изневерува сопругот, а оваа почнува да пишува роман за тоа, сакајќи да ѝ го објави зад грб…
Емотивната сага ТРАЧ е прекрасна книга од „кралицата на летните романи“ – Елин Хилдербранд.
Меделин Кинг и Грејс Панцик се најдобри пријателки на кои им завидува цел град поради сето она што го имаат – совршени бракови, прекрасни деца, заеднички вечери во недела навечер. Сепак, ова лето мириса на промена. А, доколку во Нантакет сакаат нешто повеќе од коктели на плажа на зајдисонце, тоа е – добар трач. Но овој пат можеби вистината е полоша и од трачот.",Фикција,Елин Хилдербранд,Антолог,2016,368,"400,00 Денари"
"Мојата сестра, сериски убиец","Три убиства веќе те прават сериски убиец. Или не?
Кореде е огорчена. И, како да не биде?! Нејзината сестра Ајола е многу нешта: омиленото дете, најубавата ќерка, но веројатно и – социопат.
Кога вечерата на Кореде е прекината од вознемирувачкиот повик на сестра ѝ Ајола, таа знае што се очекува од неа: белило, гумени ракавици, нерви од челик и силен стомак. Ова ќе биде третото момче на Ајола по ред  убиено во самоодбрана и со тоа официјално трета збрка што нејзината сестра треба да ја расчисти.
Кореде веројатно би требало да оди во полиција, но… ја сака својата сестра и, како што велат: семејството секогаш на прво место.
Морничав трилер преполн со црн хумор и сатира, приказна за љубовта, но и остра критика на семејните односи во современото општество.
Оваа книга за рекордно брзо време се искачи на сите читателски топ-листи. Беше и на пошироката листа на номинации за Букеровата награда за 2019 и финалист на Women’s Prize 2019.",Фикција,Ојинкан Брејтвејт,Антолог,2020,192,"300,00 Денари"
Појадок кај Тифани (II издание),,Фикција,Труман Капоти,Антолог,2009,112,"200,00 Денари"
Травничка хроника,"Оригинален книжевен поглед со богат историографски увид за разликите во светогледите на луѓето од Истокот и од Западот на почетокот од XIX век во Босна.
Романот претставува седумгодишен летопис кој го опфаќа периодот од 1807 до 1814 година, кое е и времето на подемот и падот на Наполеон. Травник тогаш бил везирски град и во него се мешале односите меѓу француските и австриските конзули со месното население и османлиските великодостојници. Во оваа смисла, жителите на Травник се претставниците на Истокот, а францускиот конзул Давил, на Западот. Со неговото пристигнување тој станува проследувач и учесник во еден нов и дотогаш непознат, таканаречен ориентален начин на живот. На суптилен книжевен начин е нагласена непремостливата разлика помеѓу источните и западните култури.
Пишувајќи го романот за време на Втората светска војна, Андриќ користел богата документарна граѓа од сферата на историјата, етнологијата и автентични записи за личностите претставени во делото. „Травничка хроника“ е најкласичниот роман во неговото творештво.",Фикција,Иво Андриќ,Антолог,2024,480,"650,00 Денари"
Двојната земја,"Поранешна Југославија беше жешката тема на 90-тите во светот, не само поради бурните политичко-воени настани туку бидејќи тука отсекогаш двојно повеќе се мразело и се сакало од другите краишта на Земјината топка. И, кога и да се прави едното, неминовно се вклучува и другото. Не можеш да сакаш без малку да мразиш. Таков е Балканот. Двосмислен е и пристапот на авторката, која со носталгија и со критика раскажува за Југославија, донесувајќи приказна на груба воена реалност и на полн еротски набој.
Романот е добитник на наградата „Роман на годината“ на Данското национално радио.",Фикција,Биргите Косовиќ,Антолог,2014,256,"240,00 Денари"
Појадок кај Тифани (I издание),"Њујорк и продавницата за скапоцен накит „Кај Тифани“ треба да спојат еден вечен сонувач и една лесна девојка која ги врти мажите на малиот прст. Дали ќе постоеше Сексот и градот ако не се појавеше романот Појадок кај Тифани е прашање на место. Во култниот истоимен филм Холи Голајтли ја игра Одри Хепберн, која просто брилјира во улогата на џебна Венера. Неповторлива книга која и ден денес влијае на повеќе форми на музика, lifestyle, мода, современа култура.",Фикција,Труман Капоти,Антолог,2006,128,"200,00 Денари"
Вкусот на одмаздата,"Карл Морк се враќа со најсложениот случај досега!
Во 1987 година Нет Хермансен планира да им се одмазди на оние што ја малтретирале во младоста. Имено, во Данска во средината на XX век постоело безмилосно движење за казнување на девојките што биле „непослушни“. Во него учествувал и Курт Вад, харизматичен, надалеку познат хирург, кој ги стерилизирал своеглавите девојки.
Дваесетина години подоцна, детективот Карл Морк има полни раце работа со истрагата за исчезнувањето на Рита, сопственичка на бордел, случај што им го уништил животот на двајца негови колеги. Но тој не се откажува.
Кога тој и неговите помошници дознаваат дека покрај Рита, исчезнале и многу други луѓе во приближно исто време, трагата води сè поблизу до познатиот хирург Курт Вад. Неговото брутално малтретирање на Нет е само делче од еден поголем и застрашувачки мозаик.",Фикција,Јуси Адлер-Олсен,Антолог,2021,480,"500,00 Денари"
Празни улици,"Дејството почнува кога главниот лик случајно нагазува на шилец од еден дрвен предмет. Формата на чудниот предмет ја препознава на различни места во градот и таа го води во потрага по една млада девојка што неодамна исчезнала.
Девојката има 22 години, но со својата краткоистрижена коса личи на тинејџерка. Нејзината тетоважа на стомакот е енигма за херојот на романот, кој мисли дека, ако го разгатне симболот од тетоважата, ќе може да ја открие и тајната на исчезнувањето. Книгата се претвора во магична детективска приказна, но и медитација за значењето на животот, исполнета со голем број потраги и мистериозни исчезнувања.
Романот „Празни улици“ изобилува со игра, напнатост, симболи, философија, поезија, описи на амбиенти и необични ликови, кои стапуваат во несекојдневни односи и ситуации.
Дали мистеријата ќе го доведе херојот до банално разочарување на неговите очекувања или навистина ќе открие некоја голема и длабока тајна?
За романот „Празни улици“ во 2005 година Михал Ајваз ја добива највисоката национална награда во Чешка, „Јарослав Сајферт“.",Фикција,Михал Ајваз,Антолог,2017,464,"400,00 Денари"
Ова се имињата,"Гранично гратче во степата. Мала група прегладнети и бесни бегалци се појавуваат од нигде-никаде и шират страв и паника во градот. Кога полицискиот инспектор Понтус Бег наредува да се уапсат, во нивните куфери наоѓаат доказ за убиство. Како што тој ја разоткрива историјата на нивното пеколно патување така таа почнува да се испреплетува со неговото потекло. Тој станува некој вид инквизитор, а подоцна и спасител на групата. Соредок спој на хумор и мудрост, Томи Виринга ја поврзувамрачната човекова природа сопрашањето кои смеи дали искупувањето е возможно.
Романот е добитник на наградата „Либрис“ за 2014 година.",Фикција,Томи Виринга,Антолог,2017,264,"300,00 Денари"
Центурија,"Дали може да си претставите книга составена од 100 романи, а секој „роман“ да биде долг само две страници. Тоа го постигнал Манганели со овие лежерни, комични, шармантни, луцидни приказни кои нè пренесуваат во светот на стотици фасцинантни ликови. Книгата е еден од најоригиналните експерименти во литературата, забавна и провокативна, елегантнаи сугестивна. Центурија ја има добиено и високата италијанска награда Вијареџо.",Фикција,Џорџо Манганели,Антолог,2012,288,"340,00 Денари"
Остров на тишината,"Предизвик за љубителите на авантуристични приказни – неизвесност зачинета со летна романса.
Четворица туристи од Франција и од Англија учествуваат во предизвик што го прочитале преку социјалните медиуми. Не ги слушаат предупредувањата на старицата од пансионот чиј покоен сопруг бил еден од стражарите на „забранетиот град“ во времето кога се случило нешто за кое се молчи. „Градот не смее да се вознемирува“, ги советува таа. Некој од туристите смета дека се работи само за суеверие, друг прифаќа да оди надгласан од групата, трет живее за авантура, иако не се познаваат добро меѓу себе.
Островот Сазан во близина на Валона е популарна туристичка дестинација, опкружен со тиркизни води и уникатна плажа и познат по сочуваниот напуштен град, целосно забранет за пристап до 2015 година, а сега достапен единствено за организирани краткотрајни посети.
Напуштениот град можеби и не е напуштен… која е тајната на „Островот на тишината“?",Фикција,Весела Богдановиќ,Антолог,2023,240,"400,00 Денари"
Лавиринтот: Лек за смртта,"Се гледа крајот.
ЗЛОПАК му одзеде на Томас сè: животот, сеќавањата, како и единствените пријатели што ги има – Лединарите. Останува уште еден последен тест. Да се открие лек што ќе го спаси светот.
Дали некој ќе преживее?
Она што ЗЛОПАК не го знае е дека Томас памети повеќе одошто тие мислат. А тоа е доволно за да не им верува на ниту еден збор.
Вистината ќе биде ужасувачка.
Томас го победи Лавиринтот. Побегна од Пустошот. Сè стави на коцка за да ги спаси своите пријатели. Но само вистината може да стави крај на сето тоа.
Времето на лагите е завршено.",Фикција,Џејмс Дашнер,Антолог,2017,304,"350,00 Денари"
Убиства со монограм,"Нов роман за Херкул Поаро – ново таинствено убиство што може да го реши само брилијантниот белгиски детектив.
„Јас сум мртва жена, или ќе бидам наскоро…“
Мирната вечера на Херкул Поаро во едно лондонско кафуле ја прекинува непозната жена што му се доверува дека наскоро ќе биде убиена. Иако видно уплашена, таа го моли Поаро да не го бара нејзиниот убиец бидејќи со нејзината смрт правдата ќе биде задоволена.
Истата вечер во еден отмен Лондонски хотел се убиени тројца гости, а на секого од нив во уста му е оставено по едно копче. Дали овие убиства се поврзани со преплашената жена? И, додека Поаро се труди да го расветли случајот, на повидок е четврто убиство.
Во стилот на брилијантната Агата Кристи, Софи Хана нè води низ една ѓаволски замрсена загатка, која не може да ја разреши никој освен ненадминатиот Херкул Поаро.",Фикција,Софи Хана,Антолог,2020,320,"400,00 Денари"
Времиња на игра. Детство во Трансилванија,"Ова дело, опиено од мирисите на детските игри и на убавите спомени, ги опишува настаните поврзани со едно мешано германско-романско семејство што живее некаде близу градот Брашов во седумдесеттите години на XX век, видени и пренесени преку очите на едно шестгодишно дете.
Живеејќи помеѓу два различни менталитети, на германските Саси и на романските Олтенци, момченцето се обидува да ги опише и да ги разбере премрежињата низ кои минале неколку генерации од двете семејства, притоа опишувајќи ги парадоксите на различните идеологии, култури и религии конфронтирани на различни нивоа.
За него сите настани се само игри што ги играат, не само децата туку и возрасните, и тоа – во домот во кој живее, на улицата пред куќата, во маалото каде што го поминува времето.
Романот е добитник на престижната Награда за литература на Европската Унија за 2016 година.",Фикција,Клаудиу М. Флоријан,Антолог,2018,368,"350,00 Денари"
Spectator (VII издание),Седмо издание на романот „Spectator“ од Жарко Кујунџиски.,Фикција,Жарко Кујунџиски,Антолог,2015,144,"200,00 Денари"
Невидливи љубови,"Романот Невидливи љубови на Владимир Јанковски опфаќа три приказни, во кои авторот преиспитува некои од клучните аспекти на современата љубов: односот меѓу присуството и отсуството, опседнатоста со појавното и со видливото, идејата за Другиот како конструкција и како фикција.
Како се однесува кон девојката што ја сака некој што може да се преобразува во предмети? На кој начин сака човек опседнат со набљудување? Што прави оној што, секогаш кога ќе се доближи до девојката во која е вљубен, станува невидлив?
Две нетипични бајки за возрасни премостени со динамично раскажана реалистична приказна, во кои како во музичка композиција идеите варираат, се надополнуваат, си противречат или течат паралелно една покрај друга.",Фикција,Владимир Јанковски,Антолог,2015,160,"200,00 Денари"
Жртва 2117,"#8 СЕКТОРОТ Q
Застрашувачка меѓународна истрага ја открива сложената животна приказна на еден од членовите на одделот за нерешени случаи – загадочниот Асад.
Весниците го нарекуваат мртвото тело само „Жртва 2117“, две илјади сто и седумнаесеттиот мигрант што го загубил животот во Средоземното Море.
Но за тројца луѓе, жртвата е многу повеќе, а нејзината смрт поттикнува низа настани, кои Секторот Q, предводен од инспекторот Карл Морк, го фрлаат во длабоко опасен и прилично личен случај, кој не само што открива мрачни тајни за минатото туку и смртоносни последици за иднината.
За едно психички нестабилно момче од Данска, смртта на Жртвата 2117 станува симбол на сѐ што мрази и е совршен изговор да ги ослободи своите убиствени нагони. За Галиб, суров мачител од озлогласениот затвор Абу Граиб, смртта на Жртвата 2117 е првиот чекор во терористичка завера, планирана со години. А за Асад, Жртвата 2117 е врската до неговото закопано минато и до своите најблиски кои ги сметал за одамна мртви.",Фикција,Јуси Адлер-Олсен,Антолог,2023,463,"550,00 Денари"
Вештачко дишење,"„Вештачко дишење“ е објавен во 1980 година, време кога илјадници граѓани на Аргентина „исчезнале“ при обидот на владата да создаде авторитарна држава. Во облик на детективски роман, преку различни нивоа на мистерија, книгата ги истражува силите на влијание низ историјата на Аргентина. Нараторот, писател по име Емилио Рензи, почнува да го бара исчезнатиот вујко, Марсело Маги, кој е поврзан со низа контрадикторни семејни приказни и енигматични писма. Токму преку тие писма Емилио дознава дека неговиот вујко водел истраги за животот на Енрике Осарио, секретар и шпион на аргентинскиот диктатор Росас од деветнаесеттиот век.
Романот во вториот дел се претвора во своевиден есеј во кој авторот развива книжевни теории преку разговор меѓу два лика, извртувајќи ги законите на картезијанската логика и конструирајќи фасцинантни тези, како врската меѓу Кафка и Хитлер.",Фикција,Рикардо Пиглија,Антолог,2018,224,"250,00 Денари"
Домот во кој…,"Едно момче ќе биде одведено во дом за деца со посебни потреби. Наеднаш пред него ќе се отвори сосем нов свет со сопствени ликови и со правила на однесување, толку различни од „обичниот“ свет. Децата се доведени таму од своите родители и заборавени. Сепак, нивната детска фантазија и игри не може никој да им ги одземе. Сите тие имаат впечатливи прекари и карактери. Не сме сигурни дали Лорд навистина потекнува од благородничко семејство, но Слепиот навистина е слеп, а Сфинга е мудар. Тутунот не е лошо дете, но сака да заработи на туѓа сметка. А тука е и таинствената појава на детето со име Македонски.
Домот е многу повеќе од дом за деца со посебни потреби, тоа е еден засебен универзум, а штитениците на домот не се лица со посебни потреби – не, тоа се лица со посебни можности!",Фикција,Маријам Петросјан,Антолог,2016,848,"700,00 Денари"
Порака во шише,"Израснат во екстремно религиско семејство, кога пораснал, педантно и безмилосно тргнал во поход да се одмазди на сите секти за своето несреќно и заробено детство.
Планот му го загрозува шише, пронајдено на морски брег, а потоа со години заборавено во шкотска полициска станица. Во шишето се наоѓа порака што е мошне уништена и тешко читлива. Единствено може да се забележи: ПОМОШ!
Кога шишето стигнува во рацете на инспекторот Карл Морк во Данска, заедно со помошниците Асад и Роуз тој ќе успее да дешифрира повеќе букви од пораката.
Станува јасно дека некаде во деведесеттите години две момчиња биле киднапирани, а ова шише е единствениот знак на живот што тие го испратиле.
Но кои се момчињата и зошто нивните родители никогаш не пријавиле дека се исчезнати? И, што се случило со нив?
„Порака во шише“ во 2010 година ја доби престижната награда „Стаклен клуч“ во категоријата најдобар нордиски крими-роман на годината.",Фикција,Јуси Адлер-Олсен,Антолог,2021,464,"500,00 Денари"
Спиј!,"Маја страда од несоница. Пробува сè и сешто за да дремне барем малку. Советите од пријатели и од стручни лица не помагаат. Терапиите преку ШопЧанел и курсевите, исто така. Кога партнерот ја остава бидејќи покрај неа веќе не се издржува, таа ја губи контролата врз себе. Ноќе фрустрирано буди други луѓе… Сè додека на едно од своите полноќни талкања не ја сретне сродната душа, Беноа. Тоа е почеток на чудна врска. Затоа што, додека таа живее во сегашноста, тој повеќе сака да се наврати на времето што веќе поминало…",Фикција,Анелис Вербеке,Антолог,2015,144,"200,00 Денари"
Макунаима,"Макунаима е член на племето Тапанхума. Тој го живее својот мрзлив и безгрижен живот во бразилските прашуми. Но, кога ќе го загуби талисманот, мора да го напушти племето и да тргне кон Сао Пауло, изненадувачкиот милионски град, каде што врие од цивилизација. „Херојот без карактер“ таму наидува на бордели, на воени паради и на полицијата. Сретнува вештерки, герилци, индустриски магнати што „мелат“ луѓе. И, несмасен каков што е, на сопствената кожа ги чувствува најчудните обичаи на своето време. Романот Макунаима има ненадминато место во бразилската литература.",Фикција,Марио де Андраде,Антолог,2016,160,"200,00 Денари"
Штама,"# 6 ДЕТСКАТА КУЌА
Убиена жена. Исчезнато дете. Татко што бара одмазда.
Еден студен ден во Рејкјавик исчезнува бебе родено од сурогат мајка.
Единаесет години подоцна девојче умира од морбили, а таткото сака да се пресмета со личноста што ја заразило. Хулдар и Фреја сега работат во иста полициска зграда. Фреја се обидува нивните лични односи да ги држи настрана од професионалните, колку тешко и да е тоа. Тогаш, во напуштен автомобил е пронајдено распарчено тело на една жена. Полицијата не може да ја пронајде нејзината глава. Додека работат на случајот, а наоколу владее штама, тајната околу аферата на Хулдар и Фреја е речиси пред разоткривање.
Идентификувањето на телото на жената ги враќа назад во тајните на минатото и им отвора дотогаш неоткриени злосторства што поврзуваат три различни семејства. Ништо не е како што изгледа во овој комплициран случај!",Фикција,Ирса Сигурдардотир,Антолог,2022,432,"550,00 Денари"
Љубов на два континента,"Едноставен роман, лесен за читање, проткаен со многу емоции. Во него авторката со лирска нота, на моменти многу суптилна или нежно мека, силно изразена со боите на искрените чувства, го одразува денешното живеење и го држи читателот љубопитно да го следи дејството.
Главен лајтмотив на овој роман е сепак љубовта, како животен резонанс, изразена најмногу како љубов меѓу двајца вљубени, или искрена љубов кон децата, до исконска љубов кон родната Македонија. Многу автентично, со особена колоритност авторката ги опишува кејот на Вардар, Водно, Охрид, Маврово, Радика…
Авторката Марија Бабамова во овој роман се служи и со доста метафори, оставајќи простор на читателот да се поистоветува со напишаното или да ја открие вистинската мисла на авторот. Највпечатлива е метафората со црешата, кој во дел од дејството е вистинска цреша – дрво, но кога се работи за носталгично-емотивните доживувања, таа цреша е Македонија.
Целиот роман претставува богатство од поетски споредби, топли доживувања, искрена симболика, логичка последователност на настаните. Севкупната содржина е судбинска лирска исповед, искрена, исткаена и облагородена со тајните на животната сензибилност.
На прашањето „Дали, дали???“ – дали некогаш Иван ќе го добие одговорот, останува да погодува читателот…",Фикција,Марија Бабамова,Антолог,2017,112,"200,00 Денари"
Повикот на кукавицата,"Број 1 интернационален бестселер.
Напнат крими-роман сместен во атмосферата на Лондон  од тивките улици на Мејфер, преку пабовите во зафрлените улички на Ист Енд до бучавата на Сохо.
Една снежна вечер манекенката Лула Ланди ќе падне од балконот на својот апартман. Нејзиното проблематично однесување ќе ја наведе јавноста да заклучи дека станува збор за самоубиство. Меѓутоа, нејзиниот брат не го дели општото мислење. Тој го најмува приватниот детектив Корморан Страјк да го испита случајот.
Страјк е воен ветеран, со многу проблеми и на физички и на психички план. Неговиот живот се распаѓа, така што истрагата околу смртта на познатата манекенка ќе му се види како појас за спасување. Случајот го втурнува во светот на мултимилионерските убавици, рок-естрадата и очајните дизајнери, свет исполнет со разновидни задоволства, искушенија, пороци и заблуди. Откривајќи шокантни тајни, детективот ќе влезе во срцето на опасноста.
Можеби мислите дека веќе знаете сè за детективите, но никогаш не сте сретнале некој како Страјк. Можеби мислите дека знаете сè за богатите и славните, но никогаш не сте ги виделе во истрага како оваа.",Фикција,Роберт Галбрајт,Антолог,2020,480,"550,00 Денари"
Spectator (III издание),Tрето издание на романот Spectator.,Фикција,Жарко Кујунџиски,Антолог,2005,187,"200,00 Денари"
Плен,"„Плен“ е самостоен психотрилер на Ирса Сигурдардотир од кој смрзнува крвта и кој ќе ви предизвика бессони ноќи.
Спасувачки тим е пратен во зафрлена исландска висорамнина во потрага по група исчезнати луѓе. Што е тоа што ги натерало двете брачни двојки да појдат на ризично патување, во толку лоши временски услови? И зошто го напуштиле единственото засолниште, скудно облечени и целосно изложени на страшниот студ?
Во меѓувреме, необични работи се случуваат и во далечната радарска станица во Стокснес. И тука е сè чудно. Без разлика дали станува збор за локвата крв откриена во негибнат снег, за малото детско чевличе пронајдено неколку децении откако е закопано или за црната дупка во карпата покрај морето, која како да ги привлекува луѓето.
Снегот продолжува да паѓа, необјаснивите настани не престануваат и ништо не е како што изгледа…",Фикција,Ирса Сигурдардотир,Антолог,2024,320,"500,00 Денари"
Виолета,"Епски роман за Виолета дел Ваље, чиј живот, долг еден век, го опфаќа времето на најголемите историски настани на XX век, во светот и во нејзината земја од Латинска Америка – Големата депресија, Втората светска војна, диктатури, природни катастрофи, две светски пандемии, и тоа на „шпанскиот грип“ при нејзиното раѓање во 1920 година и на коронавирусот при нејзината смрт во 2020 година.
Преку долго писмо упатено на саканиот внук Камило ги опишува најважните моменти што го обележале нејзиниот живот: страсните романси и љубовни разочарувања, моментите на болка и на страв, времињата на сиромаштија и на богатство, на тешки лични трагедии и на голема среќа. Но врз нејзиниот живот не влијаат само личните и историските настани. Него го обликуваат и поддршката на женските организации за борбата за женските права и борбата против семејното насилство.
Изабел Аљенде повторно ни нуди возбудлив роман, исполнет со топлина и длабоки емоции.",Фикција,Изабел Аљенде,Антолог,2024,352,"500,00 Денари"
Куќа на духови,"Сага за четири генерации на семејството Труеба, нивните драматични семејни односи, успеси и падови.
Естебан Tруеба е конзервативен човек, многу строг и жртва на избувливиот карактер и политичките амбиции, што ги ублажува само љубовта кон неговата мистична сопруга, Клара, која има дар да ја предвидува иднината и да се поврзе со светот на духовите. Нивната ќерка Бланка е во забранета врска со маж кој Естебан го смета за недостоен. Таа на својот татко му создава многу нервоза, но ќе му ја донесе и најголемата радост: внуката Алба. Убава и паметна девојка која ќе настрада поради политичката определба на човекот што го сака.
Во заднината на романот ги следиме општествените превирања во земјата во период што опфаќа голем дел од XX век без да се споменат директно имињата на историските личности, но во ликот на Кандидатот/Претседателот се препознава Салвадор Аљенде, а на Поетот – Пабло Неруда.
Авторката го комбинира натприродното со лична верзија на магичниот реализам создавајќи заплет во кој се испреплетуваат секојдневното и магичното, љубовта и револуцијата, личните идеали и суровата политичка реалност.
„Куќа на духови“ е нејзиниот прв роман, кој беше прогласен за роман на годината во Чиле и постигна молскавичен успех, станувајќи меѓународен бестселер. Во 1993 година е направена филмска адаптација со Џереми Ајронс, Мерил Стрип, Глен Клоуз, Винона Рајдер, Антонио Бандерас и Ванеса Редгрејв.",Фикција,Изабел Аљенде,Антолог,2024,464,"600,00 Денари"
Америка (II издание),"„Америка“ е вториот роман на писателот Жарко Кујунџиски, кој читателите го споредија со делата на Зискинд, Маркес, Барико, Фелини, Монти Пајтон. И покрај стабилниот брак, Италијанецот Америка Берти решава да ги напушти жената и децата без објаснување. Колку долго и на каков начин е подготвена една жена да чека маж?",Фикција,Жарко Кујунџиски,Антолог,2010,174,"200,00 Денари"
Слатко сонувај,"Исчезнувањето на две четиригодишни девојчиња не може да биде заборавено, иако може да остане неразјаснето. Сепак, порано или подоцна, минатото ќе се разбуди.
Исчезнаа во ист ден. А сега ги оплакуваат на истите гробишта, секоја во својот гроб. Но, нивните сандаци се празни. За да одгатнат како се поврзани овие два случаи, полицискиот инспектор Еверт Гренс и неговиот доушник Пит Хофман мораат да навлезат во најмрачниот од сите светови и да се изборат со најтешката и најужасната задача досега, задача што води до мрачниот свет на вистинските чудовишта – уживатели на детската болка. Се заработуваат милиони од болните страсти на анонимните онлајн клиенти. Детективите треба да ја тргнат маската зад една меѓународна криминална мрежа, но зад маската се кријат уште многу лица.
А на беспомошните девојчиња итно им треба помош!
„Уште едно ремек-дело на оваа брилијантна писателска ѕвезда.“ – DBC.",Фикција,Андерс Рослунд,Антолог,2022,432,"500,00 Денари"
Рулет,"Во Хрватска има 50 000 регистрирани хронични зависници од коцка. Годишно на овој порок се трошат речиси милијарда евра. Во Загреб, град што е сè по блиску до апатија, на секој чекор никнуваат нови коцкарници што даваат најпрецизна слика за осиромашеното население – таму ќе најдете многумина што ги „отпишала“ берзата, „луѓе без својства“, додека очајнички ги предаваат на судбината последните влогови и последните надежи. Еден бунтовен човек меѓу другите коцкари ќе одлучи со необична игра да ги надитри рулетот, општеството, судбината, околината. Но играта е возбудлива и многу болна.
Книгата „Рулет“ е добитник на Европската награда за литература во 2012 година.",Фикција,Лада Жиго,Антолог,2013,272,"200,00 Денари"
Книга,"Една мајка му дава книга на своето дете и му вели дека набргу ќе се врати. Таа никогаш не се враќа.
Илидио ќе порасне во внатрешноста на Португалија и ќе се вљуби во прекрасната Аделајд. Но парот се разделува. Девојката ќе замине во Франција и со себе понесува само една книга што ја добива на подарок – истата онаа што ќе му ја остави мајката на Илидио пред многу години. Аделајд ќе се омажи и тоа повторно со посредство на книгата, но нејзиниот маж е позаинтересиран за политиката отколку за сопругата. Илидио се решава да отпатува во потрага по својата поранешна девојка, оставајќи го Жозуе, човекот што го израснал.
„Книга“ е летопис за руралниот егзодус во кој над милион португалски емигранти трагаат по својата среќа во периодот меѓу 1960 и 1974 година. Низ очите на ликовите сведочиме за суровата реалност на емигрантскиот живот, но и за истрајната надеж за враќањето.
Писма што не стигнуваат, неуспешни потраги, комплицирани љубови и горчлив-сладок копнеж го исполнуваат овој романтичен роман, во кој болката се претвора во услов на постоењето.
Книгата е објавена во рамки на проектот Made in Europe: The power of diversity / Создадено во Европа: Моќта на различноста (ко-финансиран од програмата Креативна Европа на Европската Унија).",Фикција,Жозе Луиш Пејшото,Антолог,2024,240,"400,00 Денари"
Доба на кожата,"Книжевноста, политиката, културата на секојдневјето и сопствените сеќавања и искуства совршено се испреплетуваат во есеите на Дубравка Угрешиќ. Може ли кожата да послужи како уметничко дело, што се случува со доселениците на Запад, каква е улогата на уметноста и на книжевноста и како тоа темата за чистиот хрватски воздух секогаш е актуелна?
Во овие шеснаесет есеи Дубравка Угрешиќ со горчлив хумор и многу културолошки референции, секогаш покажувајќи ги сите лица на најопасното животно на светот – човекот – се обидува да го сфати денешниот свет и ги преиспитува своите и нашите соништа, среќата и стравовите. Ставот на Евгениј Замјатин дека вистинска книжевност можат да напишат само ретки – „лудаци, пустинци, еретици, сонувачи, бунтовници и скептици“ – го усвоила и Угрешиќ. „Доба на кожата“ нè тера и самите да зачекориме на почвата по која одат ретките.",Фикција,Дубравка Угрешиќ,Антолог,2021,250,"350,00 Денари"
Жедниот,"Жедниот е истовремено убава и болна книга што раскажува за свет што се граничи со лудилото на алкохолизмот и неговиот пекол. Ова е сурово дело што ги истражува границите на човековата деградација преку психофизичкото уништување што алкохолот го носи со себе. Како да се бориме против оваа неугаслива жед што ништо не признава? Ова прашање го прогонува Естебан Еспосито, писател-алкохоличар, во неговата луцидна и пијана перцепција на реалноста. Губењето на сеќавањето и на чувството за време и за простор, од кое страда тој, формира роман што потсетува на стилот на пишување на другите алкохоличари-писатели како Жерар де Нервал, Дилан Томас, Едгар Алан По и Малколм Лаури.
Абелардо Кастилјо го нарекуваат „еден од најголемите раскажувачи на нашето време“.",Фикција,Абелардо Кастиљо,Антолог,2015,240,"250,00 Денари"
Се буди ѕверот,"Теофил Плашки е млад и успешен бизнисмен, неоженет, но со голем број авантури. Станува фобичен дека го следи кампионет со натрапници што планираат да му го украдат скапиот џип. Фобија повеќе: настојчиво му се заканува некој непознат средовечен човек, обвинувајќи го дека забременил млада девојка и дека за тоа ќе сноси последици. Драган Дарко, пак, е градежен работник со сон да ја зграпчи првата шанса и да стане бизнисмен ковач на сопствената среќа. Теофил и Драган се среќаваат преку мала бизарна кавга, но конфликтот наскоро прераснува во пријателство. Плашки му нуди на Дарко почетен капитал да отвори сопствена фирма. Овој прифаќа…
Телеграфски пренесена, ова е фабуларната оска на најновата, 35-та книга на Велко Неделковски. Приказна што се случува ОВДЕ и СЕГА, во современиот општествен вриеж, своевидна сага за животот на неколку наши (пост)транзициски фамилии. Раскажувајќи со филмски набој, но и со трилер-нијансирање на нарацијата и на ликовите, авторот нè воведува во свет на противречности, каде што постепено се буди ѕверот на себичноста, нетолеранцијата, одмаздољубивоста, бесчувствителноста кон другите, алчноста. Со модерен книжевен израз и со изграден стил, во избалансиран однос меѓу епското, лирското, драмското и ироничното, Неделковски раскажува трагикомична полифонична приказна за нашето опстојување на овие простори.",Фикција,Велко Неделковски,Антолог,2017,224,"300,00 Денари"
Алиџан,"Алиџан станува воен заробеник, но ја преживува војната. По неа станува активен член на екипите на меѓународниот Црвен крст што работат во повоената, разрушена Германија. Таму ги запознава Изолда и повратниците логораши, ја запознава патоодната судбина на земниот живот, а ја потиснува Ананка како ветување на самата природност на својот човечки живот.
Романот „Алиџан“, заедно со „Ананка“, го формира диптихот „Живот или судбина“, социолошко-политичко-философски роман во два дела базиран на вистинити животни судбини, историски и политички настани…
Преку ликовите на Ананка и Алиџан, Роми од Топаана, и Изолда, млада Германка, во романот „Алиџан“ се отсликува животот во Германија, во Југославија и во Македонија во втората половина на ХХ век, живот со многу војни, љубов, разделби, поделби и соединувања.
Писателот Јусуф Сулејман, со својот специфичен стил на директен говор, ја ткае приказната низ видокругот на ромските познанија за доброто и злото, за Земјата и Космосот, за Сегашноста и Вечноста, за заветот и течението на животот, за злосторствата на нацистите, за човештината на мирољубивите Германци, за победените и победниците, за градењето и рушењето на Берлинскиот ѕид, но и за уривањето на Југославија, создавањето на самостојна држава Македонија и каде во сето тоа наоѓа место животот на обичниот човек.",Фикција,Јусуф Сулејман,Антолог,2019,192,"250,00 Денари"
Магла и ноќ,"Според овој роман е снимен истоимениот филм со познатите турски актери Угур Полат и Селма Ергеч. Дејството е според техниките на криминалистички психотрилер во кој службеник во разузнувачката служба на Турција ја бара Мине, која мистериозно исчезнала. Седат ги користи сите расположливи средства за да ја најде својата многу помлада љубовница, поврзувајќи ги во едно Аријаднино клопче личните и професионалните амбиции и потреби. Крајот на конецот ќе го доведе до еден шокантен заклучок.
„Ова е првиот турски детективски роман што се здоби со пофалбите на критиката за литературен квалитет.“ – Т. Саит Халман, Енциклопедија Британика
„Ако Роман Полански го прочиташе овој роман, сигурно ќе снимеше филм… Но најинтересен е стравотниот крај, кој во вистинска смисла на зборот ќе ве препоти.“ – Атила Дорсај, Јени Јузјил",Фикција,Ахмет Умит,Антолог,2014,304,"300,00 Денари"
Натриум хлорид,"#9 СЕКТОРОТ Q
Во возбудливиот претпоследен трилер од серијалот, тимот тргнува во лов на криминалец кој со години се провлекува незабележано.
На својот шеесетти роденден, една жена си го одзема животот. Кога случајот пристигнува на бирото на Карл Морк, нему не му е јасно каква врска има тоа со одделот за нерешени случаи бидејќи причината за смртта се чини сосем очигледна. Сепак, неговиот шеф, Маркус Јакобсен, е убеден дека тоа е поврзано со нерешен случај што го мачи уште од 1988 година.
На барање на Маркус, Карл и колегите од Секторот Q, Росе, Асад и Гордон, неволно почнуваат да истражуваат. Набрзо откриваат дека претчувството на Маркус се покажува точно: во текот на последните три децении, на секои две години има необични, беспрекорно темпирани смртни случаи со меѓусебна поврзаност што вклучува мистериозни купчиња сол на местото на злосторството. Како што истрагата навлегува подлабоко, се покажува дека овие „несреќни случаи“ се, всушност, дел од пакосна шема на убиства.
Соочени со својот најтежок случај досега, дополнително отежнат од рестрикциите со ковид-19 и предизвиците што им ги носи приватниот живот, колегите од Секторот Q влегуваат во трка со времето за да го пронајдат виновникот пред да се изврши следното убиство, зашто станува се појасно дека убиецот нема намера да сопре.",Фикција,Јуси Адлер-Олсен,Антолог,2023,416,"550,00 Денари"
Силуети,Потсвеста никогаш не спие. Таа е будна дури и во мигот на вашите најдлабоки соништа.,Фикција,Станка Бајлозова-Барламова,Антолог,2021,74,"200,00 Денари"
Само Бог простува,"#3 инспекторот Виктор Николов
Декември, 2019 година. Полицискиот инспектор Виктор Николов по годишниот одмор се враќа на работа на Одделот за крвни деликти. Зимата на голема врата чука на портите на главниот град, кој полека се подготвува за претстојната празнична сезона. Едно понеделничко утро, во Скопје е пронајдена убиена жртва во подрумот под градскиот трговски центар. Навидум обичното убиство со лихварска заднина бргу се покажува како покомплицирано, кога следната недела е пронајдена нова жртва, убиена под слични околности, без каква било поврзаност со претходниот случај. Одеднаш, Виктор со колегите од одделот е соочен со свиреп сериски убиец, кој од страна на новинарската фела го добива прекарот Одмаздникот и кој зад себе не остава траги, освен мистериозната порака најдена на местата каде што напаѓа.
Како што одминуваат деновите и годината полека кулминира со новогодишната ноќ така растат и професионалниот и личниот влог за главниот инспектор, кој, освен што е принуден да ја следи трагата на убиецот низ разни делови од земјата, соочен е и со можноста конечно да се смири со поранешната сопруга…
*Книгата е достапна со потпис од авторот. Во коментар за нарачката нагласете доколку сакате да добиете потпишан примерок.",Фикција,Анде Јанков,Антолог,2022,320,"400,00 Денари"
Прашалникот е половина срце,"Навидум совршен живот. Неочекувано писмо. Длабоко емотивно патување во минатото.
Елин Боулс има совршен живот. Таа е една од најуспешните фотографки во Њујорк, мажена за прекрасниот Сем, со кого ја има седумнаесетгодишната ќерка Алис. Сепак, оваа слика е само фасада.
Еден ден Елин добива писмо од  Готланд, мал остров во близина на Шведска, каде што го има поминато своето сиромашно детство. Писмото е глас од минатото, кое Елин со сите сили се труди да го заборави бидејќи носи мрачни тајни што своевремено ја натерале да се отсели од родниот крај.
Елин сфаќа дека, за да биде среќна, мора да се соочи со демоните од минатото, да се пронајде себеси. Тргнува на пат што ја води не само на друг континент туку и во едно друго време и друг живот.
„Прашалникот е половина срце“ е приказна за надминување на срамот и вината, за вистината и прифаќањето на својата природа, но пред сѐ за тоа како вистински да сакаме.
*Книгата е достапна со потпис од авторот. Во коментар за нарачката нагласете доколку сакате да добиете потпишан примерок.",Фикција,Софија Лундберј,Антолог,2020,265,"400,00 Денари"
Куќата на џамијата,"Семејството на Ага Џан со векови е едно од најпознатите и најмоќни семејства во градот. Тие живеат во раскошна куќа поврзана со џамијата. Верни на муслиманската традиција, секоја нивна генерација „раѓа“ по еден имам, духовен лидер на своето време. Кога умира имамот Алсабери, семејството го избира Галгал.
Но неговите проповеди имаат политички конотации. Галгал се приклучува на антиамериканското движење и бега во друг град.
Имамот е важен човек, но важен е и Ага Џан, богат трговец и писател. Тој сфаќа дека големите општествени промени носат тешки времиња. Сѐ повеќе членови на семејството ја напуштаат куќата на џамијата и тргнуваат по различни патишта.
Како одговор на слободниот живот, група предводена од Хомеини ја презема власта. Сите оние што не го почитуваат исламот на ист начин како што тоа го прават тие се егзекутирани на самото место.
Роман за богатството на иранската култура, суштината на исламот, уметноста, човековата природа, влијанието на радиото и телевизијата.",Фикција,Кадер Абдолах,Антолог,2019,400,"400,00 Денари"
Дабот сè уште e тука,"Потресен роман за копнежот, вината, бесмртното пријателство и пронаоѓањето животна рамнотежа по разурнувачката врска.
По тешкиот развод, на Естер ѝ се чини дека нејзиниот живот ја загубил смислата. Најболни ѝ се викендите што не ги поминува со синот. Во тие денови, секоја втора недела, оди кај стариот даб што расте крај водата. Еден ден под дабот ја среќава Рут, возрасна дама што има прекрасна особина секогаш да се насочи само врз тоа што е убаво во животот. Фасцинирана од неверојатната животна приказна на Рут, Естер со текот на времето ќе стане нејзина добра пријателка. Колку повеќе ќе стекнуваат меѓусебна доверба, сè поочигледно ќе биде дека Рут крие болни тајни. Откривајќи ги, Естер ќе стигне дури до Италија и езерото Комо, каде што ќе сфати дека животната приказна на Рут е многу поинаква отколку што можела да претпостави.
„Прекрасна приказна. Трагична, инспиративна и полна со надеж. Во вас ќе разбуди мошне силни емоции.“
boktokig.blogg.se
„Роман што на најубавиот начин ја опишува радоста на новооткриеното пријателство. Едногласна препорака.“
Sveriges Radio
  *Книгата е достапна со потпис од авторот. Во коментар за нарачката нагласете доколку сакате да добиете потпишан примерок.",Фикција,Софија Лундберј,Антолог,2021,336,"400,00 Денари"
Дома пред да се стемни,"Меги Холт е познато име за жителите на Вермонт – нејзиниот татко го прославил целото семејство со книгата за куќата „Бејнбери хол“ од која сите побегнале среде глува доба. Неговата хорор-приказна за натприродни и злокобни присуства станала светски феномен на популарност, но и на скептицизам.
Меги сега е возрасна и ја наследува „Бејнбери хол“. По смртта на татко ѝ, одлучува да ја открие тајната. За неа духови не постојат и таа е решена по секоја цена да се соочи со она што мисли дека го заборавила пред дваесет и пет години. Но локалните жители не се баш воодушевени од нејзиното враќање зашто мемоарите на татко ѝ го направиле гратчето неславно. Кога Меги почнува да доживува необични нешта исти како оние во книгата, вистината што ќе ја открие е многу поинаква од она што го очекувала. Мрачната историја на куќата ќе го доведе во прашање сето она во што таа верува.",Фикција,Рајли Сејгер,Антолог,2021,400,"450,00 Денари"
Женски декамерон,"„Женски декамерон“ е книга за десет млади советски жени, кои ќе се најдат во исто породилиште во Ленинград, во период кога во таа установа е воведен карантин. Тие ќе мораат да поминат таму уште десет дена, нешто што, секако, воопшто не ги радува. Тогаш на едната од нив ѝ текнува да ја повтори приказната што прв ја раскажал фирентинскиот писател Бокачо; имено, за време на десетте дена да се забавуваат  раскажувајќи си приказни за животот, за мажите, за љубовта, за љубомората, за неверствата, за заведувањето, за фарсичниот секс, за парите, за среќата и за многу други нешта што ја возбудуваат секоја женска душа, вклучително и руската.
Предлогот е едногласно прифатен и во тие десет дена жените раскажуваат сто приказни – по една приказна на ден од секоја од нив – во кои се насетува суровата реалност на едно општество распарчено од самоубиства, разводи и алкохолизам, сиромаштија, закани за ужасни затворски казни. Истовремено, од оваа книга зрачи страсна верба во духовната сила на руската жена, со која сочувствуваат читателите низ цел свет.",Фикција,Јулија Вознесенскаја,Антолог,2018,404,"400,00 Денари"
Чуварницата,"„Чуварницата“ ткае приказна за доаѓањето на модерниот свет во Ратлин, осамен ирски остров, на крајот на XIX век. Модернизирањето на островот погоден од бури е олицетворено во Нуала Брн, која поради несреќни околности е оставена од семејството да живее сама меѓу островците. Барајќи трошка среќа и удобен живот, таа се соочува со тешки одлуки од кои ѝ зависи животот. Во замена за покрив над главата, се согласува да се омажи за стариот кројач.
Во меѓувреме, островот врие од гласови за мистериозни странци што пристигнуваат со необична опрема за која се зборува дека ги краде зборовите од устата и ги пренесува преку океанот. Познатиот пронаоѓач Маркони составил тим од инженери да спроведуваат експерименти за потребите на безжичната телеграфија. Кога Нуала е испратена да им готви на странците, ѝ се отвораат непознати хоризонти. Го запознава и Габриел, еден од инженерите, и како што нивното пријателство почнува да се развива, таа сфаќа дека цената што ја платила за сигурен дом сепак била превисока.
„Чуварницата“ се најде во потесниот избор за Наградата за литература на Европската Унија во 2019 година.",Фикција,Берни Мекгил,Антолог,2021,232,"350,00 Денари"
Со затворени очи – Bird Box,"Македонско издание на светскиот мегахит „Bird Box“!
Во светот на иднината луѓето не смеат да гледаат за да преживеат! Има нешто, нешто страшно што не смее да се види! Со само еден директен поглед на дневната светлина, следува болна смрт! Никој не знае што е тоа или од каде доаѓа. Пет години откако сето ова започнува, остануваат само неколку преживеани, меѓу кои и Малори и двете деца со неа. Живеејќи во напуштена куќа близу реката, таа сонува да побегне на безбедно место. Кога момчето и девојчето ќе наполнат четири години, време е да заминат таму, но патувањето ќе биде застрашувачко: повеќе од триесет километри по течението на реката во чамец и со врзани очи! Еден погрешен потег и ќе ги проголта смртта. Човек, животно или чудовиште?
Овој психолошки трилер ќе ве прогонува долго откако ќе го прочитате. Во 2018 година беше филмуван со Сандра Булок, Треванте Роудс и Џон Малкович во главните улоги!",Фикција,Џош Малерман,Антолог,2019,272,"350,00 Денари"
Тајни,"Со натегнатата атмосфера, динамичните дијалози и неочекуваните пресврти, „Тајни“ е трилер што ќе ви ги скине нервите и ќе ве заведе во светот полн со скриени опасности и интригантни мистерии.
Една провала го воведува инспекторот Саше во истрага во која мора да извлече максимум од својата проникливост. Тој ќе пронајде сведок и ќе го идентификува злосторникот, но за да дојде до непобитни докази, бара помош од неговиот пријател и поранешен партнер, Златко. Тргнуваат заедно во потрага по вистината, разоткривајќи мрачни тајни, соочувајќи се со опасни закани и со скриени предизвици.
Приказна за вистинското, несебично пријателство, за корумпираноста на системот, за моќта на богатите наспроти останатите членови на општеството, за луксузот кој неморалните личности си го дозволуваат и за тоа дали една личност може да остане етички доследна под притисок на средината. Лесниот стил на Коцевски во комбинација со хуморот го прават ова дело вистинско задоволство за читателите.",Фикција,Јордан Коцевски,Антолог,2024,352,"400,00 Денари"
Болка во џебот,"Роман за слепата љубов, насилството и капитализмот. Базиран е на вистински настан – пожар на патнички траект во 1990 година, во кој загинаа 159 луѓе. Иако настанот е реален, ликовите се фиктивни.
Жена патува со автобус низ јужна Данска. Кога погледнува низ прозорецот, пред неа се појавува лик на маж со бела коса. Заслепена е од неговото лице, но не го препознава. Повторно се качува во автобусот, овој пат патувајќи во спротивната насока, и се симнува на местото каде што ѝ се појавил ликот на човекот. Во моментот кога се доближува до една куќа и заѕвонува на ѕвончето, пред неа се откриваат слики од животот на двајца луѓе, Курт и Меги.
Сопружниците живеат на фарма во своите подоцнежни години. Тука Курт ја започнува својата мала автобуска компанија, додека Меги води тивок живот, тонејќи во спомените. Во куќата тие се љубат и се караат. Како што изминуваат годините, караниците се сè почести, сѐ додека нивната врска не се распадне, оставајќи ги само со чувство на апатија. Тоа што на почетокот е пламена страст почнува да венее, а насилното минато и финансиските проблеми сѐ повеќе се испречуваат помеѓу нив. По нејзината смрт, еден бизнисмен го охрабрува Курт да инвестира во траект што ќе плови помеѓу Данска и Норвешка. Набрзо ги губи сите вложени пари откако траектот ќе изгори. Ги поминува своите последни денови сам и во сиромаштија. Спомените го измачуваат и почнува да ги слуша криковите на првородениот син. Романот е наречен „најамбициозен книжевен потфат за 2020 година“.",Фикција,Аста Оливија Норденхоф,Антолог,2022,160,"250,00 Денари"
Роман 1987,"Во Роман 1987, Фјорд, образован човек во средните четириесетти години, ја раскажува својата приказна: бара да биде разбран, да ја објасни својата судбина, судбина над која ја има целата одговорност. Како читатели го следиме во улога на студент, новинар, сопруг, наставник по историја во гимназија.
Во еден момент на еурека-проблесок, сфаќа дека е фрлен во процес на „себепролетеризација“ од страна на маоистичката партија на која припаѓа и завршува како наемник во една фабрика за картонски кутии во Лилехамер.
Еден ден фабриката се затвора и Фјорд се чувствува како осамен човек без иднина. Но дали навистина е така? Повторно останува имун на судбината.
Приказната може да се чита како егзистенцијалистичка, како приказна во која еден човек се обидува да му побегне на апсурдот; на мигот што не е поврзан со ништо друго, кој не припаѓа на поголемата слика. На тој начин, Фјорд почнува да размислува околу историјата, а главно прашање станува: дали можеме некогаш воопшто да го сфатиме времето во кое живееме?
„Роман 1987“ е добитник на наградата на Нордискиот совет за култура во 1987 година.",Фикција,Даг Солстад,Антолог,2013,368,"300,00 Денари"
Зообраќај,"Книгата „Зообраќај“ на хумористот и сатиричар, писател за деца и возрасни, Александар Кујунџиски содржи хуморески, епиграми, афоризми и „смешни дијалози“ – сите на теми од областа на сообраќајот или „зообраќајот“, како што шеговито го именува авторот. Сите творби поместени во ова прекрасно четиво – „лекција“ за сите сегашни, идни и некогашни возачи, се објавувани на хумористичната страница на списанието „Современ возач“. Пронајдете го и вашето возачко или пешачко место во неа!",Фикција,Александар Кујунџиски,Антолог,2014,64,"200,00 Денари"
Брик лејн,"Откако ќе се омажи со Чану, 20 години постар од неа, Назнин е одведена во Лондон и го напушта својот дом во Бангладеш. Новиот свет е полн со тајни. Како добра и послушна муслиманка, се обидува да не поставува многу прашања, туку да се грижи за сопругот и за ќерките. Но ненадејно сретнува привлечен млад човек и ова еротско будење ги претвора нејзините претходни навики во хаос. Привидот на животниот мир ќе го скрши токму Карим, кој ќе ѝ наметне голем број дилеми за личните желби и за припадноста во општеството, ќе ѝ ги отвори очите, но она што на крајот ќе го види ќе ги изненади двајцата.
Додека се движи по патеката на својата самореализација, патека на која ја прогонува духот на нејзината мајка, во Бангладеш сестра ѝ Хасина влетува од беља во беља. Во својот интимен свет којшто е оформен, но не е и целосно ограничен на спомените и на местата во кои живеат, двете сестри се обидуваат во соништата да побегнат од правилата што им се наметнати. Велелепниот роман на Моника Али е книга за патувањето, внатрешно и надворешно, при што прекрасното и ужасното се испреплетуваат во едно.",Фикција,Моника Али,Антолог,2014,496,"420,00 Денари"
Оправдание на Островот,"Дејството се одвива на остров што го нема на картата, но никој не се сомнева во неговото постоење. Тој не може да се најде во учебниците по историја, но настаните ни се сосема познати!
Новиот роман на Водолазкин е хроника на еден измислен остров, кој многу потсетува на вистински настани од руската историја. Книга во која се сплотени неколку различни епохи: средновековието, дваесеттиот век и сегашноста. Водолазкин умешно ги преплетува историските настани со такви што ниту постојат ниту може да постојат. Но, во исто време, фикцијата што е присутна не нѐ спречува да ја препознаеме и јасно да ја видиме сопствената стварност.
„Оправдание на Островот“ е метафора за тоа што може даѝ се случи на историјата. Одраз на суштината на времето што изминува и на значењето на историјата… на тоа дали пишаниот збор секогаш има тежина и моќ… на тоа како времето влијае врз луѓето. Империи се раѓаат и паѓаат, но несебичната љубов не умира, а односите меѓу луѓето остануваат токму какви што биле пред векови и векови наназад.",Фикција,Евгениј Водолазкин,Антолог,2022,336,"450,00 Денари"
Само еден труп повеќе,"Кога близок роднина на младиот Санчо Бордабери ќе му подари полни сандаци книги, тој решава да отвори мала книжарница во Гечо во периодот по граѓанската војна. Веднаш се здобива со поддршката на Колдобике, упорна жена полна елан. Всушност, Санчо се обидува да стане писател во стилот на Дашиел Хамет и Рејмонд Чендлер, автори на детективски романи што се случуваат во Чикаго или во ЛА, со лаконски типчиња во мантили за дожд и пиштоли во футроли. Но стварноста го удира во лице. Издавачите му ги враќаат ракописите. Сѐ додека еден ден не се сети дека единственото злосторство што се случило во Гечо пред војната уште не е разрешено и дека пишувањето за вистински случај може да биде одлично решение за човек без мечта. Тогаш Санчо се претвора во приватен детектив за да открие кој сакал да ги убие близнаците Алтубе врзувајќи ги со синџири на карпа за да ги удави морскиот прилив. Во текот на истрагата што ја води и разговорите со осомничените, открива дека всушност пишува роман во реално време и со нов стил, во кој тој истовремено е раскажувач и протагонист.",Фикција,Рамиро Пиниља,Антолог,2017,240,"300,00 Денари"
Не правете им сенка на гробовите (второ издание),"Гнев, сладострастие, алчност, гордост, мрзливост, завист и ненаситност се седумте смртни гревови – страшните искушенија на човековата душа.
Збирката „Не правете им сенка на гробовите“ од Дијана Петрова е обид да се натераат читателите да го забележат она што вообичаено им се искраднува од погледот. Преку отелотворувањето на седумте смртни гревови во тела и во дела, овие раскази длабоко допираат до нашите сетила и свест. Преку ликовите што се доведуваат на работ на лудилото се прикажува апсурдноста на постапките во животот и се поставува прашањето: дали тоа што смртта е неизбежна прави таа да биде нелогична?
  „Збирката раскази Не правете им сенка на гробовите е мошне возбудливо и уникатно четиво поделено во седум дела со по три целини насловени според седумте смртни гревови – секоја од нив е едно посебно патување внатре низ светот што Петрова го гради со филантропска вештина и внатре низ светот на секој оној што ќе тргне по овие наративни патувања. Светот во кој авторката нè води е и обичен и необичен, мистериозен и банален, близок и далечен, населен со ликови со широка палета од најразлични особености во чија бизарност, сепак, лежи човечкото.
Оваа книга остава жиг, не на телото, туку на душата на читателот, кој сака да тргне во една ваква силна и возбудлива авантура и поради тоа, како и поради зрелоста, умешноста, мудроста на овие раскази, односно на нивната авторка.“ – Фросина Пармаковска",Фикција,Дијана Петрова,Антолог,2021,144,"250,00 Денари"
Приказни за август,"Книга со која авторот ѝ предожи брак на својата девојка. Цел еден роман напишан за само една личност.
„Можам да ви зборувам за техниките што ги користи Велкоски при пишувањето. Можам да ви кажам дека станува збор за префинето писмо на еден школуван млад автор што ветува. Ама што фајде од тоа? Сето тоа се најобични баналности.
Сето тоа е само обична форма во однос на она што во суштина претставува оваа книга. А тоа е љубов, напишал рецензентот.",Фикција,Дејан Велкоски,Антолог,2010,64,"150,00 Денари"
Жолти очи дома водат,"Има еден мост во Прага подалеку од Карловиот мост, кој ја поврзува Чехословачка, денешна Република Чешка, со Бразил; мост што го изодуваат четирите жени протагонистки на овој прекрасен роман: Марта, Лена, Луиза и Марушка – четири многу различни жени, кои животот се помачил да ги спои со големо ласо, кое оди и се враќа од Прага до Сао Пауло. Две млади и две возрасни жени, кои не ги ни замислуваат изненадувањата што ќе им ги приреди нивната средба. Од потрагата по сопствениот идентитет, искоренувањето на иселените, до љубовните и политички компликации, нивните приказни се нижат во една страсна приказна, проткаена со падот на комунизмот и еден љубовен триаголник, кој со текот на годините го формирале Луиза и Марушка со шпионот Јаромир.",Фикција,Маркета Пилатова,Антолог,2013,144,"200,00 Денари"
Мирисот на листовите чај,"Сместена во дваесеттите години на минатиот век, приказната ја следи младата Англичанка Гвен, која има среќа да ја сретне љубовта на својот живот – русокосиот сопственик на плантажа од Цејлон (денес Шри Ланка). Таа доаѓа со пароброд на островот за да стапи во брак што ветува долг и мирен живот среде високите зелени ридови со чај.
Но Лоренс е постојано на работа, а неговата млада сопруга мора сама да ја истражува плантажата. Талкајќи по забранетите места, Гвен наоѓа заклучена врата, премолчено минато.
Гвен наскоро ќе остане бремена, а нејзиниот сопруг е пресреќен. По породувањето таа се соочува со страшната одлука што мора по секоја цена да ја скрие од Лоренс. Кога вистината ќе излезе на виделина, дали сопругот ќе може да ѝ го прости на Гвен тоа што го направила?",Фикција,Дајна Џефрис,Антолог,2019,432,"500,00 Денари"
Крунски панагон,"„Крунски панагон“ е книга со хибридни микрофикции напишани под влијание на прозите на Бекет, Борхес, Кафка, Кено, Киш, Кортасар, Хармс, со самосвоен раскажувачки стил и возбудлива кинестетична атмосфера.
Збирката содржи 22 кратки расказа, колку што има глави во „Апокалипсата“ и букви во хебрејската азбука.
„Крунски панагон“ од Горан Тренчовски е дело во кое заедно ги сонуваме соништата на уметникот, собрани низ овие чудесни метафизички списи на неговиот творечки гениј, уметник кој се качува по пирамидите со својот несекојдневен талент, чекорејќи со своите стапалки во бескрајот и движејќи се на брановите на божественото, пливајќи во длабоките мистични води како поет/раскажувач, онаму каде што ние обичните луѓе немаме пристап, предочувајќи ни восхитувачки сцени од некои далечни и волшебни светови. – Проф. д-р Мимоза Рајл",Фикција,Горан Тренчовски,Антолог,2022,80,"250,00 Денари"
Магионичар,"(#1 трилогија Берлин)
Во една напуштена зграда во Берлин полицијата пронаоѓа унакажан труп на вработен во Архивата на поранешната Штази. Во исто време, во Софија, Бугарија, под мистериозни околности е убиен германскиот новинар и фоторепортер Герхард Замуел. Истрагата ја преземаат Државната полиција и специјалните служби. Наскоро станува јасно дека единствена нивна цел е да го прикријат случајот и да ги „неутрализираат“ недоверливите.
Инспекторот Ковалски е тргнат од истрагата и предвремено суспендиран од полицијата поради алкохолизам и непослушност. Но тој ќе продолжи да ја бара вистината, помогнат од посвоената ќерка на Замуел, познатата ТВ-новинарка Дагмара Бош. Тие откриваат дека убиените прибирале материјали за темното минато на водечките политичари во обединета Германија и за нивната вклученост во операцијата „Магионичар“. Станува збор за операција во која Штази, во соработка со бугарските граничари, наредувала убиства на граѓани од Источна Германија што патувале преку Бугарија во времето на Железната завеса. Многу од ликовите во овој роман се вистинити. А некои од нив ја прочитале и книгата.",Фикција,Магдалена Парис,Антолог,2017,500,"500,00 Денари"
Бели црнци,"„Бели црнци“ е брутална сторија за аутсајдери, за тројца млади луѓе што живеат на работ од општеството. Авторот ја црпи силата од својата директност. Оваа книга е манифест на младешката култура на 1970-тите, агресивна и солидарна во исто време, вистински бунт против буржоаското однесување. Романот е поделен на три дела, но последниот дел всушност е хронолошки почеток на дејството.",Фикција,Ингвар Амбјернсен,Антолог,2016,384,"300,00 Денари"
"Ендрју, љубов и други непогоди","Три драми за читање и за гледање – Ендрју, љубов и други непогоди (2004), Трета врата (2001), Девиците од Исток сонуваат секс и /ли љубов (1998).",Фикција,Жарко Кујунџиски,Антолог,2004,208,"200,00 Денари"
Мајчино млеко,"Оваа книга е за мајчинската љубов. За љубовта кон блиските, но и кон далечните луѓе. За луѓето на кои не им било дадено да љубат или да имаат дете, но и за силата што може да им го даде тоа најдобро чувство на светот. За една мајка што, оддавајќи ѝ се целосно на работата, се враќа дома сосем истоштена. За една жена што толку го замразува постојниот поредок што одбива да го дои детето со своето млеко. За една девојка што расте меѓу стравови и очај, лишена од мајчинската љубов, но која успева да се развие во личност преполна со топлина и која на некој начин ќе стане мајка на сопствената мајка.
Романот ја пренесува животната историја на три поколенија жени, нивните судбини и односи, лишувањата што ги преживеале живеејќи под советска чизма. „Мајчино млеко“ е исполнета од соништа и намери, од труд и верба, од пријатели и љубени. Напрегнатото, речиси исповедно, раскажување го задржува вниманието на читателот од првата до последната страница.",Фикција,Нора Икстена,Антолог,2017,160,"200,00 Денари"
Маѓепсница,"Длабоко во шумата, далеку од светот на луѓето, пред златокосото девојче со име Луеле е отворен светот на маѓепсничките вештини. Таа уште од мали нозе „голта“ магични книги, совладува како да чита мисли, да разговара со ѕвездите, учи да стане маѓепсница. Но не може да насети зошто го прави тоа, зошто, и покрај големите опасности, мора да патува на сите четири страни на Великото Кралство.
Стотина години порано, нејзината земја е освоена од свирепите варвари. Според она што е запишано во таинствената Песна, сега, 777 години подоцна, се ближи крајот на нивното владеење. Дали поробената земја најпосле ќе се ослободи од рацете на Освојувачите? Дали на престолот ќе седне праведен владетел? Дали Луеле ќе успее да порасне? Дали ќе се исполни пророштвото?
„Маѓепсница“ е првиот успешен обид да се напише фантастичен роман од рамништето на Толкин и Урсула Ле Гин и е една од најубавите фантастични сказни на сите времиња. Од 1994 година впишано на Светската листа „Ханс Кристијан Андерсен“, ова ремек-дело е уживање за сите генерации читатели.",Фикција,Дорота Тераковска,Антолог,2018,352,"350,00 Денари"
Божиќен камп,"Убавата мразачка на Божиќ е решена по секоја цена да ја добие работата од соништата, макар и да мора да мине една седмица во Божиќниот камп – место каде што неочекувано открива љубов.
За Хејли Хенсон, идеалниот Божиќ е оној поминат на Карибите, избегнувајќи ги сите традиционални обичаи и настани. Со години го жртвува личниот живот додека се искачува на сè повисоки позиции во една престижна рекламна агенција во Бостон. Но сега, ако сака да стане партнер во фирмата, ќе мора да склучи голем договор со компанија која произведува божиќни играчки.
Нејзиниот шеф, Лари, смета дека Хејли треба треба да си го подобри ставот кон празникот, па ја праќа во Божиќниот камп, место кое ќе треба да ѝ помогне да го пронајде празничниот дух. Хејли пристига во убавото планинско одморалиште и таму го запознава Џеф, згодниот син на сопственикот. Меѓу нив се раѓа привлечност, но Хејли се обидува да остане сконцентрирана на тоа за што е дојдена во кампот, а тоа е работата.
Дури откако конечно си дозволува да се опушти и да го живее мигот, почнува да се зближува со него. Сепак, нивната врска претрпува сериозен удар кога Џеф дознава дека Хејли смислила план како да му помогне на неговиот татко да го спаси пансионот западнат во парични проблеми, додека тој се обидува да го убеди да го продаде. Сега ќе биде потребно многу празнична магија за да се спојат повторно овие две срца.",Фикција,Карен Шалер,Антолог,2024,304,"500,00 Денари"
Сфинга на гневот (II издание),"Кога уредникот на издавачката куќа „Веда“ дознава дека еден познат писател е пријавен како исчезнат, тргнува да ја открие вистината. Потрагата во која ризикува сè ќе го соочи со загатки во кои се испреплетени историјата, митологијата, психологијата и општествените случувања. Лазар смета дека ако ги дешифрира тајните пораки што ги открива, ќе ја оствари одамна посакуваната цел: да се добере до необјавениот ракопис на исчезнатиот писател.
Движејќи се меѓу границите на мистеријата и книжевниот трилер, Жарко Кујунџиски (Spectator, Америка) создава интригантен и вешто смислен роман, жанровски и стилски палимпсест, со кој пристапува во досега неистражени предели на нашата проза.
„По Spectator и Америка  воопшто не изненадува фактот дека од писателското перо на Жарко Кујунџиски ќе дојде мегароман како што е Сфинга на гневот.“ – Елена Конеска
„Оваа книга, која е жив споменик и мапа на Скопје и на Сплит, е бесценет бунар од кој бескрајно може да се црпат симболи, кои повеќеслојно и повеќекратно се испреплетуваат за на крајот да дојдат до вистината.“ – 
Снежана Стојчевска
„Комбинација од трилер и книжевна мистификација, со фина нота на љубов и верба во литературата. И еден лик занесеник по книги, речиси невозможен ендемичен вид во изумирање.“ – Владимир Јанковски
  *Книгата е достапна со потпис од авторот. Во коментар за нарачката нагласете доколку сакате да добиете потпишан примерок.",Фикција,Жарко Кујунџиски,Антолог,2021,304,"350,00 Денари"
Волчја доба,"Романот е дел од идна серија книги сместени пред Втората светска војна во Источна Европа, испреплетени со натприродни елементи во рамките на вообичаените тензии меѓу етничките групи и империи, особено Германците и Русите. Во сценариото, кое се врти околу тајниот еврејски заговор да се контролираат настаните во светот, Тапинас претставува високотехнолошки, поствикторијански Вилнус поврзан со Прага преку суштествата голем и нивните магови. Градот Вилнус е запоседнат од Козаците и од Прусите и е под закана на еден бионички, железен волк.
„Волчја доба“ е првата „стимпанк“ книга во Литванија, која 20 недели се наоѓала во топ 10 бестселери.",Фикција,Андрус Тапинас,Антолог,2015,514,"500,00 Денари"
Приказничар,"25 ГОДИНИ ЈАС РАСКАЖУВАМ
Кога неодамна се занимавав со јубилеите во 2024, сфатив дека се навршува и четврт век од моето прво објавено книжевно дело. Расказот „Симбиоза“ се појави во списанието „Студентски збор“ во март 1999 година.  Расказот е потценета форма, но истовремено форма со неверојатен потенцијал. Со оваа секавична и фриволна дефиниција секој автор би сакал и самиот да се идентификува, и затоа сметав дека една ваква збирка е најсоодветна за да го обележам овој пишувачки јубилеј со читателите. А кога ќе кажам форма со неверојатен потенцијал, меѓу другото, мислам и на ова: најкратката од овие прози има десет збора, а најдолгата речиси четири илјади зборови.
„Расказите на Жарко Кујунџиски се раскошно славење на приказната. Без разлика дали станува збор за приказни раскажани во прво лице или низ перспективата на сезнаечки наратор, овие текстови ги користат многубројните можности на расказот како форма, богато поигрувајќи си со неговите потенцијали.“ – Владимир Јанковски
„Кујунџиски е мајстор на расказот, мајстор на разумот чиј корен е во срцето. На едно место, во еден расказ, пишува за себе, за тоа дека расказите ги пишува најпрвин во главата. Но, по прочитувањето, сосема е јасно дека нему разумот не му е спротивен на срцето. Како во молитвата: тој мисли со срцето. Затоа и му се случува да напише нешто толку топло, искрено и чудесно, што сигурен сум, ќе ја смени физиономијата на современиот македонски расказ.“ – Венко Андоновски
„Расказите на Жарко Кујунџиски се современа форма на хибриден раскажувачки перформанс во кој, на исклучително вешт начин, се поврзуваат два аспекти на сеќавањето, првиот, во кој се вклучени елементите од индивидуалното искуство вградено во сеќавањата и вториот, активиран преку составот од текстови/пишувања на Другите вградени во слоевите на неговото сеќавање како читател.“ – Славица Србиновска
„Кујунџиски пишува топли, емотивни раскази.“ – Knizhevnik
„Секаков обид за прераскажување на неговите раскази би бил смешен. Соништата не се прераскажуваат туку – се сонуваат.“ – Јелена Лужина",Фикција,Жарко Кујунџиски,Антолог,2024,160,"300,00 Денари"
Гласот на Господарот,"„Гласот на Господарот“ заедно со „Соларис“ и „Киберијада“ спаѓа меѓу најпознатите дела на Станислав Лем!
Исполнет со интелектуални авантури, толку длабоки што секако ќе влијаат читателите да го сменат погледот на светот и на вредностите. Сторија што ја раскажува професорот Хогарт за истражувањата во врска со еден таинствен неутрински сигнал и отворените прашања во врска со сигналот: кои се и дали постојат испраќачите на сигналот, намерите зошто е испратен, како земјаните практично да го искористат, итн. Дали одговорот на овие прашања ќе му донесе полза и напредок на човештвото или ќе го турне во бездната на самоуништувањето? Прашањето за Контактот. Што му вели Космосот на човештвото? Што се случува со Добрите Намери, со Доброто, со Злото? Дали спознавањето на Злото води кон Добро?
Бесценет философски трактат во препознатливиот стил и израз на Станислав Лем.",Фикција,Станислав Лем,Антолог,2022,256,"400,00 Денари"
Пијана вселена,"Кујунџиски не е само еден од најпродуктивните писатели за деца и за возрасни во Македонија, со вкупно досега објавените 115 (први изданија!) книги. Тој е еден од ретките македонски автори што хумористичното творештво не го создавал само за време на својата поодамнешна работа и подготовка на хумористични емисии во Радио Скопје („Хумористични бранови“, „Најнеслушана емисија“, „Хихириху“ и други). Соработувал и со „Остен“, „Јеж“, „Весели свет“, „Осмех“, „Стршен“, „Павлиха“, и е добитник на десетина награди за хумористични дела на анонимни конкурси низ балканските простори. Напишал и објавил над 300 хуморески, а ова е само дел од нив…",Фикција,Александар Кујунџиски,Антолог,2014,46,"200,00 Денари"
Кажа дека не се кае,"Патот долг стотици километри за враќање дома ќе биде драматично искуство за пет жени.
Доцна пролет 1945 година. Пет Финкинки ја преминуваат границата меѓу Норвешка и Финска, враќајќи се од логор за затвореници во Норвешка без соодветна облека и храна и со избричени глави како знак дека соработувале со нацистите. Носејќи го товарот на сопствените мисли за одлуките што ги донесле, тие пешачат кон своите домови низ опустошената Лапонија.
Со тишината што ја носи срамот во нивните срца, наоѓаат утеха во меѓусебното друштво, сфаќајќи дека, барем во нешто, се слични и не се целосно осамени. Со секој чекор, жените се приближуваат кон своите домови, каде што треба да започне нивниот нов живот. Сега, кога повеќе не им се потребни на Германците, останува нејасно како ќе бидат прифатени дома.
Сурово искрена проза за сите оние тивки и невидливи учеснички во војната надвор од бојното поле. Трогателна посвета на женската решителност и неверојатната храброст и сила на човечкиот дух во турбулентни времиња, а нивното пешачење е емотивно патување во мрачните длабочини на одлуките што ги обележале засекогаш.",Фикција,Томи Кинунен,Антолог,2025,272,"450,00 Денари"
Најдоброто за сите,"Ако не знаеме да бидеме среќни, како можеме да знаеме што е најдобро за другите? Виктор има десет години. Тој е разгалено и проблематично дете, кое живее во Прага со својата мајка Хана, театарска актерка. Кога еден ден мајка му добива понуда да снима серија на другиот крај на земјата, го испраќа синот кај својата мајка, без оглед на неговиот отпор. Чувствувајќи се измамен и изневерен, тој е уште потажен покрај доминантната баба, која вели дека има јасна идеја како треба да изгледаат животите на Виктор и на неговата мајка. Дали сите го сакаат најдоброто едни за други? Книжевен пресек на силата на семејните односи и искуства. Книжевен пресек на едно дете во време кога ја сфаќа својата беспомошност во светот на возрасните. А тука е и немоќта на возрасните пред сопствените идеи за среќа.
Интересно, една од најважните случки што ќе ги доживее Виктор е, всушност, носечката приказна на книгата за деца од Петра Соукупова, „Кој ми го убил кучето?“",Фикција,Петра Соукупова,Антолог,2019,310,"300,00 Денари"
Имприматур,"ИНТЕРНАЦИОНАЛЕН БЕСТСЕЛЕР
ФАНТАСТИЧЕН СПОЈ НА УМБЕРТО ЕКО И ДЕН БРАУН!
11 септември 1683 година
Градот Рим е во неизвесност. Граѓаните чекаат информации за исходот од битката кај Виена, во која Отоманската Империја е пред портите на католичка Европа.
Во меѓувреме, една римска таверна е ставена под карантин поради сомнително ширење на чума. Меѓу заробениците е и мистериозниот Ато Мелани, шпион што му служи на францускиот крал. Со помош на едно момче, тој открива скришен премин што води до мрежа тунели под градот. Нивните ноќни талкања во римското подземје ќе ги одведат до изненадувачки откритија во однос на смртоносното непријателство меѓу папата Инокентиј XI и Луј XIV и до таен заговор за користење оружје за масовно уништување во битката меѓу исламот и Западот.
Со темелно истражување и со брилијантна замисла, „Имприматур“ содржи воодушевувачки откритија, кои биле криени со векови. Ова е вџашувачки трилер што фрла нова светлина на судирот на силите во Европа од XVII век, чии последици се чувствуваат до денес.
Кога била првпат објавена во Италија во 2002 година, книгата предизвикала огромен број контроверзии, била бојкотирана од италијанските медиуми и од сите издавачки куќи. Сепак, романот станал европски бестселер, преведен на 20 јазици и објавен во 45 држави. Досега се продадени повеќе од милион примероци.",Фикција,Моналди и Сорти,Антолог,2016,768,"700,00 Денари"
"Сонцето под земја, кралството над него (II издание)","Длабоко под земја лежи второто сонце, елша. Елшата е магична материја која со векови ги хранела Сончевите кралеви, давајќи им натприродна сила. Но не повеќе. Некои не ни веруваат дека некогаш тоа било вистина.
Сега поважно е пророштвото – пророштвото кое вели дека Сончевото кралство ќе згасне засекогаш. Неизбежноста на судбината ја засенува кралската фамилија. Затоа, принц Марко, Токиј Токмакот – џинот кој не е џин, Неда – главата на Зраците, и Ѕвездан – oвчарот од Поток, мораат да го најдат Неродениот од жена, да го уништат пред тој да збрише сè.
Но, на Сончевото кралство му се закануваат и други опасности. Стариот крал е решен да ги сече врските со господарот од подземјето, а Копачите, на чело со командантот Драгор, сејат раздор и ерес по срцата на народот. Браќа и сестри ќе посегнат по зло од завист, кој со оружје, кој со магија – сите барајќи си го своето.
Херои не можат да постојат, не во оваа земја. Oваа земја плаче за крв, а сонцето под земја ќе го нахрани победникот – некој ќе го отруе, некој ќе го зацари.",Фикција,Елена Бошбож,Антолог,2025,352,"450,00 Денари"
Жените на Лазар,"Брилијантниот руски научник Лазар Линт и жените со кои е поврзан – саканата, сопругата, внуката, се јунаците на оваа возбудлива книга. Романот открива како живееле научниците под закрила на КГБ и на власта. Но секоја страница во него – страниците за мирот и за војната, за науката, за создавањето на атомската бомба, за балетот – всушност е страница за љубовта.
Едноставен роман за едно семејство што ја одразува историјата на цела епоха. Книгата донесува потресна трагедија, бајковитост, метафоричност, длабоки психолошки портрети, како во класичните руски романи. Добитник на наградата Големата книга, највредната книжевна награда по Нобеловата.",Фикција,Марина Степнова,Антолог,2015,352,"350,00 Денари"
Врвна уметност,"Романот „Врвна уметност“ е поглед кон подземјето на урбаното општество на Рио де Жанеиро, Бразил. Еден адвокат е ангажиран за случај на убиство на две проституки. Во својата истрага открива садизам, криумчарење на кокаин, сериски убиства, мафијашки пресметки.
Потрагата тргнува од буквата П испишана со нож на лицето на убиената проститутка. Нема отпечатоци, сведоци, нема докази. Само ракописот на убиецот. За да го дешифрира, адвокатот Мандрагора, еден од најважните ликови на современата книжевност, влегува во фанатична авантура низ мрачната страна на метрополата, додека ножевите тивко и смртоносно се подаваат од рака во рака.
„Врвна уметност“ со месеци се наоѓала на врвот на листата на бестселери во Бразил. Критиката, која со најголеми епитети се искажувала за авторот Рубен Фонсека, на голема врата го пречека романот, во Бразил и надвор од него. Според „Врвна уметност“ е снимен истиомениот филм на Валтер Салес во 1991 година, кој обилно прикажува насилство, поврзувајќи трилер и психологија. Ликовите се ерудити што говорат за митологија, шах, вино, употреба на ножеви и правни цитати на англиски и на латински.",Фикција,Рубен Фонсека,Антолог,2013,336,"350,00 Денари"
Таксим,"Шверцерот Владек се занимавал со овoј „бизнис“ уште од времето на комунизмот. Почнал со кинески патики, па преку кафе, девизи, гориво, стари алишта, сè што барал пазарот, за на крајот да се вмеша и во шверц на луѓе. Главниот јунак, пак, е шофер на скапано „дукато дизел“, старо 12 години. Додека тој и Владек патуваат и продаваат ѓубришта, им се случуваат бизарни случки со многу крв, бруталности, алкохол. Шверцерската рута ги води низ Полска, Чешка, Словачка, Унгарија, Романија, Украина, Балканот, сè до плоштадот Таксим во Истанбул. Нивниот живот е патување што нагло почнува и не се знае точно кога и каде ќе заврши.
„Ликовите на овој роман носат повеќе мудрост во стомакот од целата германска филозофија.“
Хелмут Шенауер",Фикција,Анджеј Сташук,Антолог,2016,288,"250,00 Денари"
Трипати взори,"Ја препорачуваме оваа книга за секој што сака да чита приказни што може да го возбудат и да го изненадат, ја препорачуваме на сите оние што сакаат да сонуваат, за момент да ја напуштат реалноста и да запознат интересни ликови што ќе ги паметат засекогаш.Токму такви се ликовите на Алесандро Барико.
„Во последниот роман што го напишав, Мистер Гвин, на едно место се спомнува книжето што го напишал англо-индискиот писател Акаш Нарајан, со наслов Трипати взори. Се разбира, станува збор за книга што е измислена…
Така, откако ја завршив Мистер Гвин, започнав да ја пишувам Трипати взори, нешто што го направив со големо уживање.“ – Алесандро Барико",Фикција,Алесандро Барико,Антолог,2014,96,"200,00 Денари"
Прости ми,"Спонтана љубовна приказна на двајца млади. Приказна за љубовта, но и за тоа како таа згаснува. Парот започнува врска, воопшто не познавајќи се еден со друг. Но она што се случува со текот на времето е премин во мачно секојдневје исполнето со опсесија, сомнежи, болка, кое ги руши границите помеѓу вистината и лагата, сонот и реалноста. Приказната открива страст, но и репресија и лаги како механизам на промислена самоодбрана. Надежта, соништата за свадба и големото патување на море, копнежот за единство и вечност се задушуваат во сите прикриени вистини, опасни тајни и сомнежи.
Реализам што се граничи со апсурдот на сонот и со црниот хумор.
Ида Хегази Хојер нуди ретроспектива на љубовта што е силна и мрачна, радосна и тажна, великодушна и себична, откривајќи ги грубите и ранливи страни на човекот, механизмите на интеракција, како и можноста за помирување. И, кога сè е неповратно, остануваат живиот спомен во крвта, монолог од дното на душата и едно тивко: прости ми…
Награда за литература на Европската Унија за 2015 година.",Фикција,Ида Хегази Хојер,Антолог,2019,208,"250,00 Денари"
Скршнување,"Вели дека се вика Емили, но тоа не е нејзиното вистинско име. Го позајмила од поетесата Емили Дикинсон, чија книга поезија е едно од ретките нешта што ги понела со себе бегајќи во дивите предели на Велс. Нејзиниот стар дом е во Амстердам, но го напуштила откако признала дека е во вонбрачна врска со студент и добила отказ од работа. На фармата каде што доаѓа наоѓа десет гуски. Една по една, тие исчезнуваат.
Навистина, која е оваа средовечна жена? Дали нејзиниот сопруг ќе успее да ја најде? А момчето што останува да преспие на имотот: зошто не сака да си замине? И зошто гуските исчезнуваат?
Сместен во прекрасните велшки пејзажи, „Скршнување“ е приказна за потрагата по себе и за природата на болката. Романот на Бакер освојува со својата заводлива атмосфера на осаменост и закана и со приказната полна со искрено сочувство и со ретка убавина. Кристалната прецизност и привидната едноставност на ова дело од еден од најзначајните европски писатели на својата генерација кријат гејзир од силни емоции.",Фикција,Гербранд Бакер,Антолог,2017,192,"250,00 Денари"
Изворите на В’лтава,"„Изворите на В’лтава“ базично му припаѓа на детективскиот жанр, но се надоградува како историско-политички трилер.
Зад приказната за пронаоѓањето на мртвата девојка Тереза Велкова една студена ноќ во Шумава и истрагата за нејзината смрт, се откриваат долго премолчуваните вистини за воените злосторства во чешко-германскиот граничен регион. Убиената девојка е пронајдена во затвореничка облека на риги со еврејски амблем. Изнурнуваат приказните за подземни тунели, за тајна нацистичка фабрика за авионски делови и за логор кој не бил никаде евидентиран и за чии жртви не постои никаква трага. Старите приказни влијаат врз животите на новите генерации што живеат во таа област. Духот на наследените нетрпеливости ја интензивира поделеноста на заедницата и овозможува понирање во длабоките слоеви на психолошките профили на главните ликови на приказната.  
Романот се има закитено со почесното признание „Јиржи Марко“, награда која се доделува за најдобриот детективски роман во Чешка.",Фикција,Петра Клабоухова,Антолог,2024,300,"400,00 Денари"
Тринити,"Тринити е три. Тринити е тројство меѓу јазолот на смртта, моќта на љубовта и вечното пријателство.
Тринити е драма за пукање на маските. Тринити е драма за човекот, чии точки се разбегани, се шетаат некаде, којзнае каде.
Тринити е соѕвездието на кое тие секогаш му се враќаат.
ЈАГОДА:Еднаш неделно имавме секс во дворот.
ЕДИ: Како?!
ЈАГОДА: Јако. Ха-ха. Се топевме заедно со месечевата светлина… Знаеш, небото во град е штуро, празно или, во најдобра рака, полупразно. Сите ѕвезди се разбегани. Се шетаат некаде, којзнае каде. Сакам да одиме таму каде што сите ѕвезди се на број. Ветуваш дека ќе одиме?
ЕДИ: Ако не ги скинат конците.
……………………………………………………………………………………………………………………………………….
ЕДИ: Зошто сметате дека клучот е баш тука и тоа токму кај еден сосема небитен, обичен човек како мене?
ÉDOUARD: Le café. C’est plus fort. Појако е овде. Полесно буди.
ЕДИ (смеејќи се гласно): Кафето?! Ха-ха. Лудило! Буди… грешка сте monsieur, можеби е појако, но само во горчина, ве уверувам. Ова е џунгла од заспани луѓе… Што е со маскава?!
ÉDOUARD: Маската си ти, monsieur Ед.",Фикција,Анета Попова,Антолог,2013,63,"200,00 Денари"
Невидлив,"Приказна за едно дете кое, раководејќи се од најлошиот советник – стравот, посакува да има супермоќи како суперхероите од стриповите што ги чита. Го прави тоа за да се спаси од насилството што го трпи од соучениците. Посакува да стане невидливо, како механизам за бегство, за заштита од суровата реалност што го опкружува, без да биде свесно дека всушност страда. Детето не добива помош од никој, бидејќи е невидливо за сите оние што гледаат што се случува но претпочитаат да не видат, за сите што не сакаат да гледаат и ја вртат главата настрана, и за сите што гледаат но се плашат или едноставно мислат дека тоа не е нивен проблем. Како што вели и самиот автор: „Никој не е невидлив ако другите не му помогнат да биде невидлив“.
Невидлив е приказна раскажана низ призмата на насилникот и жртвата, неговата симпатија и пријателите, родителите и наставниците, и поучна за сите што ќе ја прочитаат.
Училишното насилство отсекогаш било присутно меѓу нас, но овој роман е напишан сега и тука, од талентиран автор што го прави ова искуство уште помоќно од она во реалноста.
Романот досега има повеќе од дваесет изданија и е преведен на многу јазици. Невидлив ги добива наградите „Јолео“ и „Аче“ за 2019 година, а бил финалист и за наградата „Менхалибрес“.
Книгата е објавена во рамки на проектот Made in Europe: The power of diversity / Создадено во Европа: Моќта на различноста (ко-финансиран од програмата Креативна Европа на Европската Унија).",Фикција,Елој Морено,Антолог,2022,272,"400,00 Денари"
