Наслов,Опис,Категорија,Автор,Издавач,Година,Страници,Цена
НЕТОЧКА НЕЗВАНОВА,"Со мајсторски стил и длабоко чувство за човековата душа, Достоевски го внесува читателот во најскришните мисли на девојчето кое неусетно се претвора во девојка.
Во форма на лична исповед, приказната ни ги открива премрежјата на Неточка Незванова. Од најмала возраст таа е принудена да ја запознае сиромаштијата, да ја поднесе смртта на мајка си и да биде напуштена од татко си. Нејзиното детство го минува во сенката на очувот Ефимов, пропаднат музичар кој смета дека е занемарен гениј и кој на чуден начин ја привлекува. Но од овој пијаница не може да се очекува друго освен да ја искористи и да ја доведе до пропаст. Кога ќе биде спасена од страна на една аристократска фамилија, Неточка се одлучува од остане аутсајдер – осамен набљудувач на блескавото општество.Почетокот на единствениот незавршен роман на Достоевски е објавен пред да биде уапсен и депортиран во Сибир под сомнеж за револуционерни активности. По десет години минати таму, и по враќањето во Санкт Петербург, не продолжува со работата над овој важен текст во кој ги прикажува страдањето, осаменоста, лудилото и гревовите кои не одминуваат никого. Романот ги содржи темите кои доминираат и во подоцнежните дела на рускиот класик.Раскажувајќи ни ја приказната за една фамилија и настаните поврзани околу истата преку ликот на малата Неточка: преселбата од Санкт Петербург во Москва во куќата на Александра Михајловна, едно неочекувано убиство, необичното пријателство со кнегинката Катја, смртта на нејзиниот очув, како и откривањето на тајно писмо, Достоевски во својот недовршен роман Неточка Незванова ја акцентира темата на страдањето на децата, интересите и предизвиците при нивното соочување со општеството во кое живеат.Неточка Незванова раскажува за своето детство во сенката на очувот, Ефимов, пропаднат музичар кој смета дека е занемарен гениј. Младата девојка на чуден начин ја привлекува овој пропаднат пијаница, кој ја искористува и го доведува семејството во крајна сиромаштија. Но кога ќе биде спасена од страна на една аристократска фамилија, деликатната психа на злоставената Неточка се одлучува од остане аутсајдер – осамен набљудувач на блексавото општество. Со приказот на страдањето, самотијата, лудилото и гревовите што ги погодуваат и богатите и сиромашните, ги содржи темите кои доминираат и во неговите подоцнежни романи.",Класики,Фјодор М. Достоевски,Антолог-Боокс ДООЕЛ,,,350 ден.
ПРОДАВНИЦА ЗА ЖИВОТНИ ПРОМЕНИ,"Роман што буди желба да внесеме повеќе живот во животот и да ја прифатиме иновативната филозофија водилка на зебрата: „смелорноста“.
Три нетипични личности, три електрони со слободни души. Кога ќе им се вкрстат патиштата, поредокот на нештата ќе се измени засекогаш. Полето на можностите се отвора, а хоризонтите се прошируваат. Тие се слеваат еден во друг за да си најдат послободен, поотворен, посреќен пат...
Базил, пронаоѓач, раздвижувач на невроните со несекојдневна генијалност, нè води во еден поетско-уметнички свет што го скокотка умот и поттикнува да скршне од униформното размислување. Отвора „бихевиористичка“ продавница од трет вид: за провокативни предмети што ги будат фантазијата, креативноста и го поттикнуваат отворањето на умот. Џулија, надарен „нос за парфеми“, мечтае да внесе душа во својот занает, а нејзиниот син Артур, бунтовен тинејџер, се труди да си го открие местото во светот во кој припаѓа. Наспроти нив е Лујза Мортеј, уредничката на општинскиот весник која сака по секоја цена да ја затвори чудната продавница.
До каде ќе ги однесе своите ликови? Популарната писателка се враќа во своето најдобро издание – со нов извонреден роман со кој уште еднаш нè изненадува и нè освојува.",Романи,Рафаела Жордано,ТРИ,,,450 ден.
АЗИЛАНТОТ,"Кристијан Бек е преведувач на упатства за употреба од Готинген, Германија. Неговата тешко болна девојка, Птичка, изразува желба да се омажи со барател на азил од Алжир со цел му помогне да добие дозвола за престој. Бек веќе подолго време не се грижи многу за своите потреби и воопшто не се противи на идејата азилантот да спие во ист кревет со неговата девојка. Настаните што го доведуваат до оваа состојба се одигруваат во она што самиот го нарекува поранешен живот, кога тој и Птичка живеат во Елиат, Израел. Таму тој е писател кој има цел да ги демаскира човековите илузии. Неговата обземеност го доведува до чин на злосторство во локалниот бордел каде тој е секојдневен посетител. Бек ја презема одговорноста, но нема потреба да оди в затвор...",Романи,Арнон Грунберг,Паблишер,,,400 ден.
ГОЛЕМАТА ЛАГА И МАЛИТЕ ВИСТИНИ,"Самоизолирана од сите, со човек кој не го познавам – со себеси.
Човекот е роб на своите најдлабоки мисли и емоции, скриени во телото кое треба да му биде дом на духот, а кое не успева никогаш докрај да го спознае. Затоа честопати си изгледа како да гледа низ прозорец во внатрешноста на куќата. А внатре е празно...
Додека докторката Лаура де Луци се обидува да ја спаси сестра си од неизлечливата болест, во болницата „Салватор мунди“ се случува хаос. Во Рим се шири мистериозна заразна болест. Притиснати од неа, преморени и исплашени, и лекарите и пациентите стануваат свесни дека се, пред сѐ, луѓе кои сакаат да живеат, да бидат сакани и да сакаат – себеси, другите и светот. А љубов е кога стравот да постоиш без некого е поголем од стравот да се соочиш со себеси. Борејќи се со страшниот вирус, всушност, сите се борат со своите внатрешни демони.
Приказна за животот која нѐ тера да се соочиме со себе и своите морални дилеми. Приказна која извира од имагинација, но се однесува на реалноста. И едно писмо во кое се крие вистината...",Романи,Нона Марковска,ТРИ,,,300 ден.
ЈУ-ПОЛИЊА СО ДИВИ НАРЦИСИ,"Писмото што останува непрочитано во џебот на едно палто е причина за едно долго патување кон секој изминат и иден миг од животот. Сто и осум жолти ливчиња со непромен- ливата порака: Разбуди ме. Страниците од дневникот испишани во потрагата по себе се единствената нишка во лавиринтот на љубовта и неверството. Митови што еманираат од нашето најсекојдневно постоење. Доброволни прогонства и разделби ни ги отвораат портите кон вечно живите детства. Мириси што можат да ги разбудат најскриените агонии на животот секогаш еден чекор пред нас. Како можеме да го најдеме она што ниту сме знаеле дека воопшто ни припаѓа. Противречноста на очекувањето. Да проникнеш во човекот е исто како тој да се роди повторно. Дали тоа што еднаш суштински се скинало може совршено да зацели?
Најновиот роман на Винка Саздова, Полиња со диви нарциси, е необична приказна за едно неверство. Особено восхитуваат веќе докажаното мајсторство во монтажата на нарацијата и суптилната инверзија во која ни се откриваат ликовите. Староста преку младоста, минатото преку иднината. И едното и другото судбински вкрстени во вечното сега.",Романи,Винка Саздова,ТРИ,,,250 ден.
"ТОА ШТО ГО БАРАШ, ЌЕ ГО НАЈДЕШ ВО БИБЛИОТЕКАТA","Читателите сами си создаваат лични врски со зборовите, без разлика што сакал да каже авторот, и притоа добиваат нешто скапоцено.
Што барате? Тоа прашање секојдневно го поставува таинствената библиотекарка во Токио, Сајури Комачи. Како и повеќето библиотекари, таа ја има прочитано секоја книга што спокојно чека на полиците да промени нечиј живот. Но Комачи има и друга необична дарба – да ги чита душите на нејзините посетители и според тоа да им ја препорача вистинската книга.
Разговорите што ги водат читателите со библиотекарката, и книгата што таа ќе им ја даде, носи сериозни последици врз нивниот живот. Ние мислиме дека ги избираме книгите, но всушност, тие нè наоѓаат нас.
Секој што ќе влезе во библиотеката се труди да оствари некој сон, исто како секој од нас. Сега оваа книга те наоѓа тебе. Ти ги подава рацете и е вистинската што ти треба во овој миг. Таа знае дека она што го бараш ќе го најдеш на нејзините страници. Со благозвучен шарм и мудрост, оваа книга е доказ за магичната моќ на библиотеките, пријателството и живеењето во заедница. Таа е совршена за секој што заглавил во ќор-сокак во животот и му треба малку ѕвездеста прашина за инспирација.
„Восхитувачки, нежен спој на приказни кои носат надеж и радост за сите кои се наоѓаат во некој пресвртен момент во животот.“
Киркус ривју",Романи,Мичико Аојама,ТРИ,2024,212,285 ден. 380 ден.
ОСУМ ПЛАНИНИ,"„Осум планини“ е едукативен роман, приказна за пријателството на таткото и синот со планината како главен лик, место во кое секој ги наоѓа сопствениот идентитет и смислата на сопственото постоење. Тој е интересен и привлечен, но и класичен во навраќањето на темите пријателство, детство, односот татко – син, а оригинален во амбиенталноста во која планината е апсолутен протагонист. „Осум планини“ е книга посветена на пријателството, кое не мора да биде засновано на сличните животни услови, општественото опкружување, интересите и разликите. Но и на родителството.Оваа книга е приказна за човечките судбини. Освен тоа, ова е роман за планините кој може да го промени погледот на читателите кон нив во позитивна смисла. Но многу повеќе е роман за луѓето, за потребата за осамување, освојување, приспособување, барање, вклопување, но и прифаќање на сопствената суштина.
Стилот на Паоло Коњети е од суштинско значење за успехот на романот – лесен и елегантен, а зборовите се одбрани со екстремна точност. Напишан е со посебен стил, со многу детали кои не оптоваруваат, со употреба на широк спектар зборови преку кој се забележува исклучителното познавање на авторот на планините и природата.",Романи,Паоло Коњети,Македоника Литера,,,300 ден.
КУФЕРОТ ОД БЕРЛИН,,Романи,Јелена Бачиќ-Алимпиќ,Матица,,,450 ден.
ДРВОТО НА НАРАЈАНА,"Да замислиме дека стоиме пред дело кое штотуку настанало. Знаеме дека е тоа средишниот дел на триптихонот; од едната негова страна се наоѓа меѓата на светот од другата се протега пределот на парадоксалниот сон. И централниот дел и крилјата што го преклопуваат делото истовремено се и отворени и затворени. Она што ги исполнува може да се шири но формата им е конечна.
Да претпоставиме дека тоа дело има повеќе – на пример, девет – тематски целини, кои меѓусебно се преплетуваат. Едната тематика е семејниот круг, втората метафизиката на соништата, третата „алхемијата на зборовите“, четвртата малограѓанскиот свет, петтата урбанизираното општество, шестата војната, седмата љубовта, осмата ars poetica-та, деветтата смртта.
Да си речеме дека сите тие целини имаат свои делти составени од повеќе ракави-мотиви, и дека ним им одговараат исто така разгранети обработки или сижеа кои бараат соодветен стил. И да поверуваме, најпосле, дека сето тоа можеме да го замислиме како во склопот на целото дело така и во секој од неговите составни елементи.
Настанатото дело, се разбира, ги нема секогаш, во секој свој „фрагмент“, сите елементи од кои е составена целината, но ја има нивната претпоставена слика. И ако оние кохезиски сили, кои ги поврзуваат сите мотиви во „круговите“, се доволно јаки, останува само да се надеваме дека во него има доволно енергија која еден ден ќе нè врати кон заедничкото средиште, до новиот почеток, „или на родителскиот имот“. Така барем мечтаеме ние кои ги замислуваме тие нешта. (Од „Пригодна ars poetica“)",Романи,Митко Маџунков,ТРИ,,,200 ден.
ПТИЦИТЕ УМИРААТ ПЕЕЈЌИ,"РОМАН СПОРЕД КОЈ Е СНИМЕНА СЛАВНАТА ТЕЛЕВИЗИСКА ХИТ СЕРИЈА
Меги е ќерка на сиромашни доселеници од Австралија. Уште од мала, таа е запоставена од нејзините родители и постојано живее по религиозните и патријархални правила на нејзината фамилија и стегите што ги наметнува гратчето и огромниот имот Дрогхед.
Ралф е млад, убав и речиси совршен свештеник што назначувањето во Австралија во почетокот го доживува како казна. Имено, неговите силни свештенички амбиции се насочени на друга страна, кон таинствениот Ватикан. Уште од првиот момент кога ќе ја запознае десетгодишната Меги, таа му станува многу мила и постојано е нејзин заштитник. По неколку години, една вечер, кога погледите ќе им се сретнат, сега веќе преубавата тинејџерка Меги, ќе пробуди чувства кај Ралф, чувства какви што тој никогаш немал, а и не ни знаел дека ги има. Од тој момент, Ралф е во вечно искушение дали тој е совршен свештеник и има неограничена љубов кон Бога, или сепак постои жена, на чиј мирис, убавина и нежност не може да им одолее.
Дејствието опфаќа повеќе од половина век – двете светски војни и постапките на Ватикан. Тука се судбините на неколку генерации. Оваа љубовна и семејна сага сведочи и за сушите, пожарите и поплавите кои се заканувале со целосно уништување на имотите во Нов Зеланд.
„Волшебна сторија… едноставна, неповторлива!“
– Чикаго Трибјун
„Преплетувањето на љубовни приказни од една генерација во друга, драматичниот заплет, чувството на постојана напнатост, реалните ликови… се во најмала рака неодоливи.“
– Паблишерс викли",Романи,Колин Мекалоу,БАТА ПРЕСС МИЛЕНИУМ Д.О.О. Скопје,,,600 ден.
ПОСЛЕДНАТА ПРОЛЕТ ВО ПАРИЗ,,Романи,Јелена Бачиќ-Алимпиќ,Матица,,,450 ден.
КЛУБОТ МЕФИСТО,,Трилери,Тес Геритсен,Матица,,,630 ден.
ВЕРОНИКА РЕШИ ДА УМРЕ,"На прв поглед Вероника има сè што може да посака. Ги посетува популарните ноќни клубови се запознава и се забавува со привлечни млади мажи меѓутоа сепак не е среќна нешто ѝ недостига во животот.
Затоа, на 11 ноември, решава да умре. Откако ќе земе преголема доза апчиња, дознава дека ќе живее само уште неколку денови… И токму тогаш, кога го преживува она што никогаш не си го дозволила - љубовта, омразата, стравот, љубопитството - сфаќа дека секоја секунда од нејзиното постоење е личен избор меѓу животот и смртта. А нејзиниот избор е...да живее.
Ми се допаѓа овој роман на Коелјо. Навистина длабоко ме потресе. Умберто Еко",Романи,Пауло Коелјо,ТРИ,,,320 ден.
БЕЗМАТИЧНИК,"Зборовите на мајка ми никогаш не беа туѓи. Сите влегуваа во мојот јазик, во кој ќе останат засекогаш.
Во брилијантната проза на Мира Марќинув сè е непредвидливо и чудно, а најчудна е смртта што не треба да се случи. Иако на децата им се чини дека нивните мајки секогаш треба да бидат со нив, во светот постојат две крајни, непредвидливи околности: се умира со трагична смрт или по долго страдање.
Во „Безматичник“ Мира Марќинув се обидува да изнајде нов јазик за да ја опише загубата на саканата личност. Интимноста и недостигот таа ги претвора во книжевност: моќна, духовита и истовремено треперлива, сурово искрена, полна со нежност и копнеж…  иако огромната празнина не може лесно да се пополни.
„Безматичник“ е обид да се пронајде и да се разбере љубовта, желбата да се живее и бегството од смртта. Енергичен роман за отсуството, сеќавањата, детството во посттранзициската реалност на 90-тите години. За една безмерна љубов каква што може да се случи само меѓу мајка и нејзината ќерка, која се чувствува како пчела што ја изгубила својата матица.",Романи,Мира Марќинув,ТРИ,2025,256,400 ден.
МОЛИТВА ЗА ПРОШКА,,Романи,Јелена Бачиќ Алимпиќ,Матица,,,390 ден.
СТРАВ ОД ВАРВАРИ,"Неколку дена по падот на Берлинскиот ѕид, додека цела Европа е во исчекување што е следно, на најјужната точка на Европа постои еден остров каде малкуте луѓе кои останале таму, живеат заборавени од сите. Нив историјата постојано ги одминува, ги одминале и лепрата и гладот, и таман кога ќе помислат дека и овој пат ќе ги одмине историјата, на островот пристигаат тројца странци. Двајца мажи и една жена. И ништо повеќе не е исто.",Романи,Петар Андоновски,Или-Или,,,250 ден.
ДЕВОЈКАТА ШТО ПИШУВАШЕ НА СВИЛА,"На островот Оркас штотуку дипломираната Инара Ериксон го истражува имотот на својата неодамна почината тетка која ѝ го оставила во наследство. Случајно наоѓа внимателно скриено извезено парче свила. Додека ги разоткрива слој по слој тајните што тоа ги крие животот почнува да ѝ се испреплетува со животот на Меј Лиен младата Кинезинка што пред повеќе од еден век била протерана од својот дом. Низ приказните што Меј Лиен ги раскажува везејќи ја свилата Инара ја дознава трагичната вистина што длабоко ќе го потресе нејзиното семејство а неа ќе ја натера да се осмели на незамислив чекор...
Инспириран од вистински настани, брилијантниот историски роман на Кели Естиз е потресна приказна за две жени поврзани со времето и судбината. Жени со силен дух и достоинство, цврсто решени да постапат правилно, независно од цената што треба да ја платат. Зашто додека не се каже вистината за минатото, не може да се најде спокој во сегашноста.
„Девојката што пишуваше на свила е преубав, елегичен роман, извезен фино и деликатно, токму како што навестува и самиот наслов. Кели Естиз ткае волшебна приказна што го осветлува минатото во сета негова суровост и убавина, како и човечноста што нè спојува сите нас.“ Сиетл викли",Романи,Кели Естиз,ТРИ,,,450 ден.
МАСКАРАДА,"Минуваат 120 години од раѓањето на Витолд Гомбрович (1904 – 1969), еден од најенигматичните, најконтроверзните и најуникатните автори и мислители во полската и во европската литература на XX век. Предмет на постојани реинтерпретации, толкувања, анализи… Имено, годишнинава решивме да ја одбележиме со „омнибус“ издание што го содржи неговиот целокупен белетристички опус (освен романот „Проколнати“, кој го објавил под псевдоним). Додека книжевниот свет веќе полека ги заборава голем дел од неговите современици, Витолд Гомбрович никако да му се предаде на забот на времето. До ден-денеска е актуелен во својата родна земја, но и во светски рамки. Сѐ уште се читаат неговите прозни дела, во театрите се поставуваат неговите драми, а според неговите романи се снимаат и филмови. Како да е малку сето тоа, Гомбрович е автор (иако во животен спор со родната земја) што во својата земја е многу присутен и во поп-културата. Често можат да се сретнат и разни форми на експериментален уметнички израз, инспирирани токму од неговото творештво. […] Гомбрович, општо несфатен од своите современици, ни се покажува современ нам, жителите на подоцнежната или „флуидна“ современост, во која – како што пишува Зигмунт Бауман – паднаа сите кодекси и секој мора на своја рака да решава спознајни и етички дилеми. Па, оттука, да се послужиме со зборовите на Чеслав Милош: „Делото на Гомбрович не може да биде мерено со изминувањето на неколку декади. Тоа е споменик на полската проза…“.",Романи,Витолд Гомбрович,Бегемот,2024,781,1.000 ден.
ПАПОКОТ НА СВЕТОТ,"ЧЕТИРИНАЕСЕТТО ИЗДАНИЕ НА КУЛТНИОТ РОМАН НА ВЕНКО АНДОНОВСКИ
Романот се состои од вовед, наводно напишан од братот на извесен В., на кој се
надоврзуваат книгата „Папокот на светот“ (манускриптот на романот), книгата
„Исход“ и книгата „Светлина“ (Записите од дневникот), по кои следува поговор
од книжевниот теоретичар Венко Андоновски. Првата книга напишана на
псевдоархаичен јазик се одигрува во IX век и би можел да се означи како некој
вид филозофски крими роман во ековски манир; додека во вториот дел, во
„Дневникот“, една љубовна сторија во Југославија во втората половина на ХХ век ги
пресликува случувањата од првиот дел.",Романи,Венко Андоновски,ТРИ,,,360 ден.
АНТАБУС,"„Антабус“ раскажува за насилството над жените преку светогледот на петнаесетгодишната Лејла.
Таа е единствена ќерка во работничко семејство што емигрирало од Анадолија во Истанбул. И наместо на училиште, пратена е да работи во конфекција за да носи пари дома. Лејла почнува да ја живее сопствената трагична судбина и на овие страници ја раскажува непосредно, без китење или сокривање на што и да е. Суровата реалност на Лејла, која живее за да најде начин да избега од ситуацијата во која се наоѓа, нема да ве остави рамнодушни. Моќта на зборот на авторката Серај Шахинер е таква што чувствувате дека и туѓата болка боли.
Театарот „Татбикат Сахнеси“ ја изведува драмата адаптирана според овој роман и во 2016 година ја добива специјалната награда „Џеват Фехми Башкут“.",Романи,Серај Шахинер,Антолог-Боокс ДООЕЛ,,,250 ден.
СЕСТРАТА НА СОНЦЕТО,"Електра – најубавата, најбурната и најчуствителната од сестрите Д*Аплиез, изгледа како жена која има се*, слава, богатство, убавина! Но, после веста за смртта на Тате Солт, нејзината ментална состојба се влошува и таа бара утеха во алкохолот и дрогата. Додека сите околу неа се загрижени за нејзиното здравје, Електра добива писмо од непозната личност која тврди дека е нејзина баба…",Романи,Лусинда Рајли,Матица,,,550 ден.
БЕСПРЕКОРНО,"Правилата беа прости: да ги држи рацете подалеку од ќерката на неговиот агент и да не запаѓа во неволји. Да биде беспрекорен. А сега е принуден да го дели покривот со неа. И креветот. Но правилата се создадени за да бидат прекршени.
Рет Итон е најпознатиот родео-каубој во Канада и жените го обожаваат. Вистинска суперѕвезда. Или барем до неодамна, пред да биде вмешан во голем скандал што се заканува да ѝ стави предвремен крај на неговата блескава кариера. Агентот настојува да го среди имиџот, па затоа ја праќа ќерка си, Самер, да го следи во чекор до крајот на сезоната. На Рет не му треба дадилка – особено не толку убава, со припиени панталони и заводлива насмевка, која не умее да си ја држи устата затворена. Прекрасната уста за која тој не може да престане да размислува. Но Самер не е лесен плен, не е уште една цртка во долгиот список со заведени девојки. Таа проникнува зад неговата маска на самоуверен и себичен никаквец, го гледа неговото вистинско лице и нема намера да побегне. Самер се обидува да не ја пречекори границата, затоа што неговата репутација не би издржала уште еден удар – како и нејзиното срце, кое не би издржало уште болка. Но Рет е решен да ѝ го освои, колку и да го чини тоа.",Љубовни романи,Елси Силвер,Сакам книги,,,520 ден.
КРАЛИЦАТА ШАРЛОТА,"„Ние сме една круна. Неговата тежина е моја, а мојата е и негова…“
Во 1761, еден сончев септемвриски ден, еден крал и една кралица се сретнуваат за првпат. И се венчаваат во рок од неколку часа.
Родена како германска принцеза, Шарлота е прекрасна, тврдоглава и крајно интелигентна… а тоа не се баш особините кои Палатата ги посакува за сопругата на младиот крал Џорџ III. Но нејзиниот оган и независност се токму она што е потребно, бидејќи Џорџ има тајни… тајни со потенцијал да ги разнишаат темелите на монархијата.
Втурната во новата улога на кралица, Шарлота мора да се запознае со правилата и политиките додека истовремено си го штити срцето, бидејќи се вљубува во кралот, дури и покрај тоа што тој ја оттурнува од себе. А пред сѐ мора да научи да владее и да разбере дека ѝ е дадена моќ да направи огромни промени во општеството. Таа мора да се бори – за себе, за својот сопруг и за сите кои бараат помош и водство од неа. Затоа што таа никогаш повеќе нема да биде само Шарлота. Мора да ја следи својата судбина… како кралицата Шарлота.
Незаборавна романса од моќното дуо, напишана ексклузивно за Нетфликс.",Романи,,Сакам книги,,,520 ден.
ЦРВЕНО ОКО,"Петнаесетгодишниот Халим дете на марокански родители родено во Стокхолм секојдневно води дневник кој претставува жива слика на неговата конфузија пред светот во потрага по сопственото место во него. И како да не му е доволно прекршувањето меѓу шведскиот и арапскиот менталитет го погодуваат и пубертетски маки проблеми во училиштето и вљубувањето. Пловејќи низ животот и трудејќи се да не се удави во болните спомени за мајка си Халим се справува со сето тоа како што знае и умее. Си зацртува две цели: да ја освои Марит и да ги сочува своите корени да се спротивстави на „пошведувањето“ и интеграцијата во општеството кое не го доживува како свој културен простор. Но претставата што овој тинејџер роден во Шведска ја има за арапскиот свет е всушност стереотипна и западњачка претстава за Ориентот.
Но набрзо ќе ја проѕре суровоста на светот и апатијата на својот татко, кој се откажал од Борбата. И кога ќе сфати како моќта на Алах е поврзана со судбината и зошто интелектуалците личат на куци камили, Халим кове план: да стане најмоќен револуционерен црноглавец во Шведска и мислечки султан кој ги открива кодовите и ги освојува најубавите женски...",Романи,Јонас Хасен Кемири,Паблишер,,,320 ден.
ДОГОВОР ЗА ЉУБОВ,"Деклан: Судено ми е да станам директор на семејната медиумска империја. Има само еден проблем. Клаузулата за наследство на дедо ми. Исполнувањето на неговата последна желба – да се оженам и да му дадам наследник – ми се чинеше невозможно сѐ додека мојата асистентка не волонтираше за позицијата. Нашиот брак требаше да биде совршено решение на мојот најголем проблем. Но колку повеќе глумиме дека сме заљубени пред други, толку понесигурен станувам за нашиот договор. Развивањето чувства за Ирис никогаш не беше дел од спогодбата. Особено не кога знам дека е неизбежно да ѝ го скршам срцето.
Ирис: Мојот план да се омажам со Деклан во теорија беше прилично едноставен. Ќе се вселиме заедно. Ќе организираме свадба. Ќе направиме дете. Поставивме дури и одредени правила за да избегнеме какви било проблеми. Правила кои не требаше да бидат прекршени, без оглед на тоа колку Деклан ќе ме искушува. Но што кога нашата фиктивна врска почнува да се претопува во вистинска? Вљубувањето никогаш не беше опција. Барем не за мене.",Романи,Лорен Ашер,Сакам книги,,,490 ден.
ПОСЛЕДНИОТ ПРЕЖИВЕАН,,Трилери,Тес Геритсен,Матица,,,490 ден.
КАКО НАМЌОРОТ ГО СПАСИ БОЖИЌ,"Изабел Кук има сериозен проблем. Нејзината семејна фарма, местото каде што воедно се одржува еден од најважните традиционални настани во Тиликум, Божиќното село, е во неволја. Голема неволја. А најлошото од сѐ е што човекот којшто се обидува да ја купи фармата е најголемиот намќор на светот – Илајас Стоунхарт. Нема теоретски шанси. Таа нема намера да му дозволи ни да им се приближи. Не со тоа негово камено срце.
Илајас е заинтересиран само за стекнување богатство, не пријатели. Особено откако неговиот шеф му го ветува долгоочекуваното унапредување. Сѐ што треба да направи е да убеди едно семејство, на кое бизнисот секако не му оди добро, да ја продаде фармата. Проблемот? Фармата е на семејството Кук. А Изабел Кук му е поранешна девојка.
И покрај тоа што има минато со Изабел, ова е само бизнис. И нема намера да дозволи една фармерка која го обожава Божиќ да застане помеѓу него и неговите амбиции. А Божиќ? Па тој го мрази! Божиќното село е глупост. Но кога доаѓа во малиот град, божиќниот дух – и Изабел – почнуваат да му се пикаат под кожа. И има шанси таа да е единствената која може да го стопи мразот на неговото ледено срце.",Љубовни романи,Клер Кингсли,Сакам книги,,,470 ден.
КОН ДРУГАТА ЗЕМЈА,"Маџунков создава роман-историска фреска клучен за нас и таков досега несоздаден; роман во кој се резимира историското ходочастие на Македонија еве повеќе од два и пол милениуми опстојување на балканските простори. Напишан во поетиката на енциклопедискиот реализам како органско проникнување на реалното и имагинативното на белетристичкиот и есеистичкиот дискурс на поезијата и хуморот Кон другата земја е прв македонски енциклопедиски роман и затоа еден меѓу неколкуте од најстварните и највистинитите што сме ги создале и тоа во целост: и во историска и во духовна и во естетска смисла.
Овој роман естетски блика не само од една ретка речиси ингениозна дарба – толку нè привлекува со својата убавина со својата уметничка и естетска сугестивност – туку и од една речиси фрапантна ерудиција која нè обзема токму со својата филозофска сеопфатност и длабочина.
Посебна речиси волшебна приказна на овој извонреден и голем роман е неговиот јазик. Маџунков навлегува во неговите темни и недокосливи исконски длабочини. Во тој јазик низ неговите вени и жили како да тече крвта на народот. Затоа македонскиот јазик е кај него толку пагански слободен и подмладен.
Митко Маџунков во својот исклучителен роман плови со радарска точност низ столетијата и епохите откривајќи ја историската егзистенција на овој народ и осмислувајќи ги сите оние судбински нешта што ја прават оваа земја таква каква што е, кревајќи ја од приземноста кон небесата, од ништожноста кон ѕвездите.
Георги Старделов",Романи,Митко Маџунков,ТРИ,,,400 ден.
ЕДНА НЕДЕЛА ВО ЖИВОТОТ И СМРТТА НА ГРОЗДАН,"Главниот протагонист во романот е соочен со својот живот што не може да го препознае како свој, и постојано се гледа себеси отстрана, како да е туѓинец. Преку мотивот на двојникот, Гроздан како да се гледа низ туѓи очи и, поради тоа што во даден момент престанува да ја разликува стварноста од фантазијата (или стравот од стварноста), и повеќе не препознава дали самиот учествува во настаните или само ги замислува, светот околу него ја губи смислата. Аспектот кога стварноста прераснува во гротеска и во бесмисленост е успешно воден преку неизвесните и динамични исечоци од животот на протагонистот.
Одделните настани се поврзани преку лајтмотивот на двојникот, преку повторувањето на ситуации и реплики во кои секогаш се надополнува нешто ново или се менуваат ликовите што ги изговараат истите зборови, како и преку некој вид запаѓање во состојба меѓу сонот и јавето, својствена за магичниот реализам.",Романи,Ѕвездан Георгиевски,Темплум,,,220 ден.
РЕЗЕРВЕН ЖИВОТ,"Роман на годината 2012 на Друштво на писатели на Македонија
Европска награда за литература 2013
""Резервен живот"" е втор роман потпишан од Лидија Димковска, несомнено најсилниот творечки глас од генерацијата македонски писатели родени во седумдесеттите. Реткост е, не само кај нас, да се биде подеднакво успешен и во поезијата, и во прозата, но таа реткост е правило кај Димковска, правило кое го потврдува со секоја своја објава – таа е подеднакво моќна во своите пет поетски збирки (за чија вредност сведочат бројните избори објавени во странство, и неколкуте високи меѓународни признанија), како и во романот „Скриена камера“ (за кој ја доби наградата „Стале Попов“ и е преведен на неколку јазици).
„Резервен живот“ е приказна за две сијамски близначки родени со споени глави, Злата и Сребра, и за нивната потрага по смислата на животот обележан од физичката мана во семејната и општествената средина на осаменост, другост и (не)прифатеност. Личната драма чие испишување се протега во периодот од 1984 до 2012 год. од Скопје до Лондон и назад, е отсликана на фонот на времето ние кое протекува животот на нараторката Злата опфаќајќи ги и оние настани кои се дел не само од индивидуалната, туку и од колективната меморија и историја. Играта на претскажување на судбината со која романот започнува се исполнува на ироничен и трагичен начин, а романот го завршува својот круг со реплика на почетната сцена на делото, но во која нараторката не е повеќе учесник, туку нејзин сведок. Романот преку необични пресврти, психолошка анализа, специфичен пристап кон љубовта, стварноста и кон времето во кое живееме ја истакнува храброста на Димковска да им даде книжевен облик на актуелностите на нашето време и на судбината на човечкото битие.
Гоце Смилевски",Романи,Лидија Димковска,Или-Или,,,420 ден.
ВРЕМЕТО НА ИРВАСИТЕ,"Овој плавен и мамутски граден прозен лавиринт од настани психолошки модели на восприемање и на однесување кон светот од уверливи филозофски и ерудитивни наслаги во секој сегмент од епиката на собитијата се осмислува како дополнета потрага на Маџунковите досегашни прозни дела по изгубената друга земја на неговиот творечки космогониум... Со Маџунков во овој роман ние сме во одминатиот и во незбиднатиот свет во татковините кои нè бараат нас а не ние нив во сите солуции во кои личноста оживува од историјата од естетиката од стварноста или илузијата.
Бранко Цветкоски
Времето на ирвасите е свртница во македонската проза, како што впрочем беше и Кула на Ридот. Тоа е дело со кое се поставуваат европски стандарди на македонската проза. Дело кое користејќи ги постмодерните искуства, во исто време ги преиспитува. Дело кое се игра и со поимот „ангажирана литература“, затоа што го поставува прашањето за односот меѓу литературата и стварноста, едно од најважните прашања покрај она за бесмртноста/смртноста на човекот. Сето тоа во ирониски, односно пародиски клуч, во навидум „семејна“ приказна. А пародијата отсеко- гаш од старите форми произведувала нови. Со други зборови, ова дело е дело на обновата на македонската проза, отворање нов пат, пат кон пост-постмодернизмот, по кој по Маџунков тргнаа многумина помлади, но и повозрасни автори.
Венко Андоновски",Романи,Митко Маџунков,ТРИ,,,500 ден.
ЗА ТЕБЕ,"Една ноќ ги зближува. Друга ги разделува.
На Грејс Мајлс ѝ недостасува лесното другарство со Ашер, но растењето значи оддалечување. А и вистина, како би можел да се вљуби во неа кога го имаат поминато детството валкајќи се во кал на потокот и делејќи мастика за џвакање? Но летово, нешто како да е поинаку. Да беше понаивна, Грејс ќе помислеше дека Ашер флертува со неа. Тие темни очи, цврстото тело и ѓаволестата насмевка ѝ будат пеперутки во стомакот и храброст во срцето да се надева на работи за коишто отсекогаш била убедена дека никогаш нема да ги има.
Затрескувањето во најдобрата другарка не би требало да е комплицирано, но за Ашер Бејли, љубовта кон Грејс е сè, само не едноставна. Патот до романса не е лесен благодарение на глутницата браќа кои се заштитнички настроени кон девојката од соседната куќа, бабата која не трпи глупости, малото гратче каде што озборувањето е секојдневна појава, и кавгата што се протега низ генерации. Но Ашер сфаќа дека неговите чувства се преголеми за да ги игнорира. Не ризикува со тоа што ја љуби. Ризикува ако дозволи да ја изгуби.
И една вечер, еден бакнеж менува сè. Конечното признавање на чувствата е почетокот на нивниот среќен крај. Но нивната бајковита љубовна приказна трагично прекинува и никој од нив никогаш повеќе нема да биде ист.",Љубовни романи,Клер Кингсли,Сакам книги,2024,,390 ден.
УНИШТУВАЊЕ,"Во заднина имаше нешто помрачно, нешто нездраво, па дури и зло...
Пристига 2027 година. Француската држава станува жртва на серија мистериозни и вознемирувачки кибернапади. Дури и најдобрите компјутерски научници остануваат без одговори пред невидливата закана. Земјата е во состојба на економски пад и морално распаѓање.
Пол Резон работи во Министерството за економија и е близок до владата, како син на човек кој целиот свој работен век го поминал во безбедносните служби. Кога таткото умира од мозочен удар, неговите деца имаат можност да си ги обноват односите и да ја вратат претходната блискост. Но што се подразбира под обновување на личните односи или на државата?
Мишел Уелбек уште еднаш открива нови страни во своето творештво, додавајќи сочувство и нежност во емоциите на бес, одвратност и иронија, со стил кој ги разбрануваа читателите и критичарите претходните години и му донесе меѓународна слава.
„Најзначајниот романсиер во цела Европа во последните три децении.“
Сандеј тајмс
„Уелбек е неспоредлив. Нема автор што му парира.“
Дејли телеграф",Романи,Мишел Уелбек,ТРИ,2024,498,488 ден. 650 ден.
ЖЕНАТА ВО КУРАНОТ,"Еве една значајна, повеќе од добредодена, за сите потребна книга која ги отвара видиците и придонесува за разбирање и надминување на предрасудите за статусот на жената во исламот и воопшто во светот.
Книга инспирирана од искрен хуманизам, наменета не само за приврзаницате на исламот, ниту пак само за жените, или само за мажите. Непосредно, со дијалог и јасна аргументација, авторот Бенјамин Идриз покажува дека мажот нема право да ги поддржува своите неоправдани очекувања, а жената има право да се чувствува еднакво значајно.
Овој извонреден толкувач на Куранот заслужува да биде сослушан. Изложувајќи ги учењето и залагањата на Пророкот, тој ги разрешува прашањата за жените во исламот со истражување на негативните слики за нив во исламската традиција, не од академска дистанца туку низ секојдневни разговори и излагања. Зашто за Идриз и двата пола се рамноправни во духовна и морална смисла, пред Бога и пред правдата се третираат исто.
Ова е книга што има моќ да ја менува историјата.",Романи,Бенјамин Идриз,ТРИ,,,280 ден.
10 МИНУТИ И 38 СЕКУНДИ ВО ОВОЈ ЧУДЕН СВЕТ,"Што ако по смртта човековиот ум продолжува да работи уште неколку скапоцени минути? Или, поточно, десет минути и триесет и осум секунди...
За Леила секоја минута по нејзината смрт ѝ навраќа спомени: семејната тајна за нејзиното раѓање; детството во мирното турско гратче; вкусот на манџата направена од месото на козата што татко ѝ ја жртвува за да го прослави раѓањето на долгоочекуваниот син; бегството во Истанбул за да го избегне несаканиот брак; вкусот на чоколадните бонбони што ги јаде со згодниот студент во борделот во кој работи... Секој спомен ја потсетува и на пријателите што ги запознала во клучните мигови од својот живот ‒ пријатели кои сега очајно се обидуваат да ја најдат...
„Очекувајте енергични, сликовити описи што ќе ви ги отворат очите за животот на Средниот Исток проткаени низ трогателната приказна раскажана во препознатливиот, прекрасен стил на Шафак.“ Венити фер
„Шафак е страстно посветена на уривање на бариерите, без разлика дали станува збор за пол, раса, националност, култура или оние помистичните.“ Сандеј тајмс",Романи,Елиф Шафак,ТРИ,,,450 ден.
ПИСМОТО НА ГОСПОЃА ВИЛМА,,Романи,Јелена Бачиќ Алимпиќ,Матица,,,450 ден.
ЧОВЕК ШТО ПЛАЧЕ ОД СМЕЕЊЕ,"Октав Паранго во 90-тите работи како копирајтер, во 2000 е моден агент, а во 2010 година открива нова професија...
Човек што плаче од смеење е заокружување на трилогијата на Октав Паранго за современите отуѓувања. Суров и смешен, циничен и искрен, со духовити забелешки за човековиот живот и актуелниот миг, овој роман изобилува со емоции и очајни исповеди. Користејќи го своето алтер его, Фредерик Бегбеде пишува памфлет против недостатоците на западното општество, особено во медиумите.
За жал, сѐ е точно во оваа смешна и очајна сатира!",Романи,Фредерик Бегбеде,ТРИ,,,400 ден.
ЖЕНАТА НЕ Е МАЖ,"Човек мора да ја дочита приказната докрај за да ги дознае одговорите. Така е и со животот. Никој ништо не добил уште на самиот почеток.
Палестина, 1990 година. Седумнаесетгодишната Исра повеќе сака да чита отколку со сведнат поглед да ги служи просците што татко ѝ ги пречекува сакајќи да ја омажи. Брзо како насон, но многу различно од нејзините соништа, таа за една недела од мечтателка станува жена и заминува за Бруклин. Таму започнуваат маките на Исра, која се труди да ги исполни очекувањата на свекрвата и на сопругот Адам, со надеж дека ќе ја засакаат.
Бруклин, 2008. Осумнаесетгодишната Деја, најстарата ќерка на Исра, мора да се запознава со кандидатите за сопруг кои баба ѝ ги избира, иако нејзината желба е да студира. Деја се прашува дали ќе ѝ помогнеа нејзините родители ако не загинеа во сообраќајна несреќа. Меѓутоа баба ѝ е одлучна: единствената добра иднина за Деја е бракот со вистинскиот човек.
Но судбината си има свои патишта. Наскоро Деја ќе се соочи со болни вистини за семејството што долго биле криени од неа – за смртта на нејзините родители, за бегството на тетка ѝ, за неопходноста самата да одлучува за својата иднина.
„Жената не е маж“ е приказна за традицијата, честа, тајните и предавството, љубовта и насилството. Таа е интимен поглед во строгиот и затворен свет на арапската жена, универзална вистина за семејството и начинот на кој замолчувањето и срамот може да ги уништи кревките души што треба да бидат заштитени.",Романи,Итаф Рам,ТРИ,,,500 ден.
НЕПОЗНАТАТА ОД СЕНА - ГИЈОМ МИСО,,Романи,Гијом Мисо,Топер,,,240 ден.
СУКУБУС,"„Се знае и за ѓаволските книги што си ги читала. А се знае што чуваш во ковчежиња и дека си го уби свршеникот. Си станала сукубус. Знаете што е тоа?“ Иако им се обрати на стражарите и Тобиас, не се се заврте кон никој од нив, туку со перверзна надменост гледаше во Луција. „Ајде, ти барем си читала, знам дека знаеш. Народот ги вика сукуби, женски демони, мачат мажи, ги снеможуваат, им ја крадат силата.“
Почеток на XVIII век. Палењата вештерки низ Европа се стивнати, но не и исчезнати. За време на неделна миса во катедралата, шеснаесетгодишната Елисавет здогледува таинствена туѓинка и во истиот миг се опседнува со мистеријата околу неа. Луција Лилит Абдеел, омажена за локален благородник, покрај таинственоста, во новиот град со себе ги носи и гласините дека била осомничена за вештерство.
Самаел, црковниот прислужник и другар од детството на Елисавет, наоѓа начин да ја пикне на работа во богаташкиот дом на туѓинката. Елисавет гледа и сфаќа дека гласините за нејзината господарка не се неосновани, но од ден на ден и нејзината верност кон неа сѐ повеќе расте.
Елисавет, Самаел и Лилит стануваат нечисто свето тројство во обидот Луција да избега од несаканиот брак со човекот кој ја спасил од клада.
„Не горат благородници, Елисавет, запомни го тоа. Горат гревовите како мене и тебе.“",Романи,,Антолог-Боокс ДООЕЛ,,,400 ден.
БЕЗОБРАЗНИ ПИСМА,"Грифин Квин беше момчето од Британија со кое се допишував во детството. Иако бевме тотално различни, преку стотици писма во текот на годините, станавме најдобри пријатели, споделувајќи ги нашите најмрачни, најдлабоки тајни и создавајќи нераскинлива врска. Но таа врска сепак се раскина еден ден.
И години подоцна, пристигна ново писмо. И тоа безобразно – писмо во кое беше собран сиот негов гнев од изминатите осум години. Немав избор, освен да му кажам зошто престанав да му пишувам. Грифин ми прости и некако успеавме повторно да го оживееме тој близок однос од детството. Само што, сега бевме возрасни и во врската имаше хемија, имаше искри. Нашите забавни писма брзо станаа кокетни, а потоа и крајно безобразни, преполни со нашите најлуди фантазии. Па логично беше да отидеме еден чекор понатаму и да се видиме во живо.
Но, Грифин не сакаше да се сретнеме. Ме замоли да му верувам и велеше дека така е најдобро. Само што, јас сакав нешто повеќе, па решив да ризикувам и тргнав да го барам. Луѓе правеле и полуди нешта за љубов. Но она што го открив таму можеше да смени сѐ.",Љубовни романи,Вај Киленд И Пенелопи Вард,Сакам книги,,,450 ден.
ЖРТВУВАЊЕ СО ОГАН,"Младата Микаела останува сираче за време на Првата светска војна. Едвај преживува од ден за ден, питајќи по улиците и копнеејќи за топла постела и безбеден покрив над главата. Бидејќи нема друга опција, веднаш се согласува да замине кај тетка ѝ за да има кој да се грижи за неа. Но ни нејзината тетка, како нејзина единствена блиска роднина, не е пресреќна што треба да ја прими во својот дом, па веднаш ѝ става на знаење дека нема да биде гостинка таму, туку ќе треба да си го заработува лебот и престојот со макотрпна работа.
Но, животот продолжува да ја казнува и измачува. Работите се комплицираат и таа мора да се омажи за човек речиси двојно постар од неа. Принудена повторно да ја прифати својата тешка судбина, се помирува со бракот без љубов.
По неколкугодишен брак, избувнува Втората светска војна. И животот по којзнае кој пат ја доведува на раб на преживување, принудувајќи ја да ја донесе најтешката, а воедно и најстрашната одлука во нејзиниот живот.",Романи,Лепа Гештаковска Христовска,Сакам книги,,,300 ден.
ПРВАТА ЛАГА Е ДОБИТНА,"Таа ти го украде идентитетот. Сега треба да си го вратиш.
Иви Портер има сè што една обична девојка може да посака: прекрасно момче што ја сака, удобна куќа со двор и бела дрвена ограда, забавна група пријатели. Но… Иви Портер не постои. Најпрво ѝ даваат нов идентитет: Иви Портер. Штом ќе ја добие и локацијата од мистериозниот шеф, господин Смит, таа дознава сè што може за градот и неговите жители. Потоа ја дознава целта: Рајан Самнер. А нејзината мисија е последното парче од сложувалката.
Иви не го знае вистинскиот идентитет на господин Смит, но знае дека оваа задача е посебна. Но Рајан успева да ѝ се пикне под кожа и таа веќе почнува да замислува поинаков живот. Само, не смее да направи никаква грешка – особено по она од последниот пат.
А единствената работа што цел живот се обидува да ја зачува, единствениот идентитет на кој секогаш може да се врати – вистинскиот – одеднаш пристигнува во градот. Иви Портер мора да биде еден чекор понапред од своето минато и да се погрижи да има некаква иднина пред себе. Влогот не може да биде поголем. Но Иви отсекогаш сакала предизвик.",Романи,,Сакам книги,2025,342,520 ден.
ЛЕНИНГРАДСКА ЗИМА,"Мередит и Нина Витсон се толку различни што не личат на сестри. Едната останува дома, се мажи со својата прва љубов, раѓа деца и го води семејниот бизнис. Другата ги следи своите соништа и патува низ светот како познат фоторепортер. Но кога нивниот сакан татко се разболува, Мередит и Нина повторно се спојуваат со нивната неописливо ладна мајка, Ања, која дури и во овој најтрагичен момент не им нуди утеха на своите ќерки.
Како деца, единственото нешто што ги поврзувало со неа била руската бајка што Ања понекогаш им ја раскажувала на девојчињата ноќе. Сега, татко им на смртна постела, бара трите жени да му дадат едно заедничко ветување – бајката да биде раскажана и ислушана за последен пат, но овој пат од почеток до крај. Па така почнува необичното патување низ вистината за животот на Ања во војна – во Ленинград, пред пет декади. Приказната на мајка им е толку потресна, срцепарателна и страшна што ќе ги протресе основите на нивното семејство и целосно ќе ги промени сите.
Оваа приказна започнува меланхолично и бавно, но до последните страници веќе не останува суво око дури ни кај најсилните читатели.",Романи,Кристин Хана,Сакам книги,,,420 ден.
АНА,"Ана, нејзиниот брат и други деца шетаат низ Сицилија, јадат слатки и конзервирана храна, борејќи се да преживеат. Храната и водата стануваат луксуз. Пожари беснеат низ целата земја. Дистопија. Пред четири години опасен вирус од Брисел ја зарази целата планета и го уби целото возрасно население! Останаа само деца.
Организирани како детски орди, изгубените и оставени мали жители изгледаат како да ја започнуваат цивилизацијата од нула.
Поминувајќи низ низа авантури и опасности, спознавајќи ги љубовта и пријателството, Ана расте и созрева. Пред да умре мајка им, ги предупредува дека, кога ќе достигнат одредена зрелост, вирусот ќе ги убие и нив. Но им кажува и дека некој, некаде, ќе има лек!
Во овој извонреден дистописки роман, Аманити фрла остра критика на корпоративниот глобализам што владее со светот и го потсетува човештвото дека наскоро ќе исчезне ако се остави на ова и не се спротивстави.",Романи,Николо Аманити,Антолог-Боокс ДООЕЛ,,,350 ден.
ПЛАТФОРМА,"Платформа е најпознатото и најконтроверзното дело со кое Мишел Уелбек стекна светска слава и достигна статус на најзначаен современ француски и европски писател. Во него се преплетени сите карактеристики на делата на Уелбек – општествена сатира, возбудлива приказна, нетипични ликови и брилијантен стил кој го отсликува светот во кој живееме со сите негови недостатоци и предности.
Во Платформа Уелбек го слика денешниот непродуховен човек, обземен од консумеризмот и зависен од секс, опкружен со различни облици на фундаментализам и екстремизам кои секој ден добиваат сѐ поголем замав. Среде тој хаос на денешното постоење, Уелбек се осмелува да го постави прашањето за љубовта и да ги
истражува причините зошто таа не може да опстои.",Романи,Мишел Уелбек,ТРИ,,,400 ден.
ВЛАДЕТЕЛ ОД СЕНКА,,Трилери,Донато Каризи,Матица,,,450 ден.
ПЛЕН,"„Плен“ е самостоен психотрилер на Ирса Сигурдардотир од кој смрзнува крвта и кој ќе ви предизвика бессони ноќи.
Спасувачки тим е пратен во зафрлена исландска висорамнина во потрага по група исчезнати луѓе. Што е тоа што ги натерало двете брачни двојки да појдат на ризично патување, во толку лоши временски услови? И зошто го напуштиле единственото засолниште, скудно облечени и целосно изложени на страшниот студ?
Во меѓувреме, необични работи се случуваат и во далечната радарска станица во Стокснес. И тука е сѐ чудно. Без разлика дали станува збор за локвата крв откриена во негибнат снег, за малото детско чевличе пронајдено неколку децении откако е закопано или за црната дупка во карпата покрај морето, која како да ги привлекува луѓето.
Снегот продолжува да паѓа, необјаснивите настани не престануваат и ништо не е како што изгледа…",Трилери,Ирса Сигурдардотир,Антолог-Боокс ДООЕЛ,,,500 ден.
ГОСПОЃИЦАТА,"Централен лик на романот е госпоѓицата Рајка Радаковиќ и нејзината најголема страст – скржавоста.
Дејството се одвива во Сараево, пред и за време на Првата светска војна, и во Белград, во првите хаотични години по војната. Преку сеќавањата на скржавата лихварка се навраќаме до времето кога нејзиниот татко, пропаднат трговец, бил на смртна постела и ја заветил својата ќерка по цена на животот да го чува она малку што може да ѝ го остави. Така, таа станува целосно поробена од парите во кои се надева дека ќе најде сигурност и одмазда спроти омразениот и несигурен свет. Рајка уште како млада девојка се откажува од радоста на животот, стекнувајќи се со аскетска и речиси мизантропска осаменост.Романот е психолошка монографија на личност која меѓу нејзините современици и сограѓаните била позната едноставно како „Госпоѓицата“ – длабоко поразена токму во она време кога во човечката природа се создаваат најубавите соништа за животот.За разлика од другите романи на Андриќ, основен белег на ова дело е отсуството на ориенталниот колорит, но присутна е неговата омилена форма – хрониката, прикажувајќи ги минатото и сегашноста на педантен уметнички и филозофски начин. „Госпоѓицата“ (1945) е објавена во истата година кога се објавени и романите „Мостот на Дрина“ и „Травничка хроника“, оформувајќи своевидна „Босанска трилогија“.",Романи,Иво Андриќ,Антолог-Боокс ДООЕЛ,,,350 ден.
ЗАВЕТИ,"„Нашето заедничко време, читателу, се приближува кон крајот. Веројатно на овие мои страници ќе гледаш како на кревка кутија со богатство, која треба да се отвори со крајна внимателност. Веројатно ќе ги искинеш или ќе ги запалиш: тоа често им се случува на зборовите.“
„Во рацете држиш опасно оружје наполнето со тајните на три жени од Галад. Тие ги ризикуваат своите животи заради тебе. Заради сите нас.“ „Пред да влезеш во нивниот свет, наоружај се со овие мисли: Знаењето е моќ и Историјата не се повторува, но се римува.“",Романи,Маргарет Атвуд,Бегемот,,,700 ден.
СЕСТРАТА ОД СЕНКА,,Романи,Лусинда Рајли,Матица,,,550 ден.
МОИТЕ НОЌНИ ВОЗОВИ,"Ерик Фај во „Моите ноќни возови“ нè повикува на ноќно, уверливо патување со возови низ Европа и Азија (од Париз, Прага, Москва, до Владивосток, Монголија, Пекинг…) во времето пред падот на Берлинскиот ѕид и крајот на Варшавскиот пакт. Возот го продолжува својот пат меѓу два различни света, обликувани од анахроните императиви на иделогиите, непомирливоста на режимите, светските антагонизми. Тоа возовите го чинат секојдневно и секогаш со нови патници. Секој од нив минува од едно во друго доживување.
Ерик Фај настојува да биде уверлив записинчар на нивните судбини. Низ една ретка идеја, да ги поврзе асоцијативните импресии и размисли низ пругите во еден вид „среќна полноќна инсомнија“, авторот нè поведува низ свет со граници кои го изгубиле своето некогашно значење, низ простори на империи кои повеќе не постојат, низ идеологии кои непомирлво се држат на старите позиции, низ цивилизации коишто ги задржале знаците на некогашното постоење. Тој ги поврзува хрониките за белешките од долгите коридори на вагоните од возовите преполни со различни ликови, кои ја играат полноќната улога на своите народи.",Романи,Ерик Фај,Или-Или,,,250 ден.
СКРИЕНА УБАВИНА,,Романи,Лусинда Рајли,Матица,2024,,790 ден.
ВРАТИ МИ СЕ,"Ова е најважниот ден во Итановиот живот.Денес жената која што одсекогаш ја љубел се мажи за друг човек. Денес ќе им се даде нова пролика. Итан има неверојатни дваесет и четири часа да го промени целиот живот, или засекогаш да го изгуби…
Едно утро Итан ќе добие покана за свадба на жената која некогаш одамна ја љубел, но која ја оставил за да и се посвети на кариерата. Тој е сега еден од најдобрите психијатри на Менхетн-богат, познат но многу осамен. Ова е ден кога тој реши да ја поправи грешката од минатото и повторно да ја освои Селин. По збрканите дваесет и четири часа обвиткани со мистерија, Итан ќе го убие непознат маж. Меѓутоа следното утро ќе се случи нешто неверојатно-Итан ќе се разбуди и ќе сфати дека, со игра на судбината, повторно го проживува истиот ден. Дали ќе успее навреме да ја искористи приликата што ја доби?",Романи,Гијом Мисо,Топер,,,240 ден.
ПРИКАЗНИ ОД КАФУЛЕТО,"Годишните времиња се движат во круг. Исто и животот. Минува низ тешки зими, но на крајот, секогаш доаѓа пролет.
Не можеме да видиме што навистина се крие во срцето на другиот. Кога тонеме во своите грижи, стануваме слепи за чувствата на најблиските. А кога конечно ќе се разбудиме, посакуваме да ги смениме нештата. Што ако навистина постои место во кое можеме да се вратиме во времето?
Во приказната на Тошиказу Кавагучи постои едно кафуле во кое можеме да се вратиме во времето. Но притоа мораме да следиме неколку правила, инаку патувањето може да заврши фатално. Најзначајно е дека треба да се вратиш во сегашноста пред да се излади кафето и дека не смееш да го менуваш минатото. Дали е разумно да се враќаш во времето ако не можеш да го промениш?
Во оваа книга ќе сретнеш неколку ликови кои го прифаќаат предизвикот. Тие ќе те премислат. Ќе ти откријат дека враќањето во времето навистина има смисла, дури и ако подразбира само одново доживување на истиот миг. На крајот, ќе видиме дека во тоа е и суштината – да го живееме секој миг како да нема да се повтори никогаш повеќе.
„Ретко се среќаваат вакви приказни кои завршуваат со искрени солзи радосници.“
Њујорк тајмс",Романи,Тошиказу Кавагучи,ТРИ,2024,186,380 ден.
АЗБУКА ЗА НЕПОСЛУШНИТЕ - ФРЕСКИ И ГРОТЕСКИ,"Расказите „Фрески и гротески“ и романот „Азбука за непослушните“ се првите дела со кои Венко Андоновски ја освои македонската јавност. Тие му претходеа на романот „Папокот на светот“, со кој Андоновски го сврте вниманието кон себе во балканските литератури (награда „Балканика“ 2001). Со „Вештица“ веќе го привлече вниманието на француските и руските критичари и читатели (предговор од Милан Кундера за француското издание на „Вештица“ и награда „Југра“ за најдобар роман од словенските книжевности преведен на руски јазик). За најновиот роман, „Папокот на светлината“ (2022), Андоновски ја доби и меѓународната Толстоева награда за книжевност „Јасна Полјана“, со што се вброи меѓу претходните добитници, познатите писатели Џулијан Барнс, Рут Озеки, Марио Варгас Љоса, Орхан Памук...
Тој пат од речиси целосна анонимност до меѓународно признание немаше да се случи ако не постоеја овие две книги, од кои како од јајце, ab ovo, излезе цела една прозна вселена.",Романи,Венко Андоновски,ТРИ,,,450 ден.
ЗАГУБЕНАТА СЕСТРА,,Романи,Лусинда Рајли,Матица,,,630 ден.
КНИГА,"Една мајка му дава книга на своето дете и му вели дека набргу ќе се врати. Таа никогаш не се враќа.
Илидио ќе порасне во внатрешноста на Португалија и ќе се вљуби во прекрасната Аделајд. Но парот се разделува. Девојката ќе замине во Франција и со себе понесува само една книга што ја добива на подарок – истата онаа што ќе му ја остави мајката на Илидио пред многу години. Аделајд ќе се омажи и тоа повторно со посредство на книгата, но нејзиниот маж е позаинтересиран за политиката отколку за сопругата. Илидио се решава да отпатува во потрага по својата поранешна девојка, оставајќи го Жозуе, човекот што го израснал.
„Книга“ е летопис за руралниот егзодус во кој над милион португалски емигранти трагаат по својата среќа во периодот меѓу 1960 и 1974 година. Низ очите на ликовите сведочиме за суровата реалност на емигрантскиот живот, но и за истрајната надеж за враќањето.
Писма што не стигнуваат, неуспешни потраги, комплицирани љубови и горчлив-сладок копнеж го исполнуваат овој романтичен роман, во кој болката се претвора во услов на постоењето.",Историски романи,Жозе Луиш Пејшото,Антолог-Боокс ДООЕЛ,,,400 ден.
ОДБРОЈУВАЊЕ,"Токму во тој темен агол од собата каде што си постојав уште малку откако овие двете заминаа, ми се крена една огромна завеса, како простум да сонувам, и пред мене се појави цела сцена. На неа имаше полн декор, предмети испорасфрлани навидум безредно, кои беше тешко да се идентификуваат, наликуваа на темни партали во купишта оставени кај се нашле, а на средината на таквото необично окружување стоеше мојот маж замислен. Тој не ги гледаше парталите околу себе, но тие се кренаа, се движеа, веќе земаа и форми како сеништа кои кружеа околу него во поголем радиус, а тој сѐ уште не ги гледаше, не ги слушаше ниту кога се приближија сосем блиску до него, а испуштаа звуци на ветер и продолжуваа да кружат околу него сѐ додека едно по едно, а ги имаше повеќе од стотина, не влегоа во него и така исчезнуваа, во него, сѐ до последното кога тој седна омалаксан на празната сцена и заспа сосе многуте посетители во себе или, којзнае, можеби тие не спиеја.",Романи,Фросина Пармаковска,Или-Или,,,299 ден.
ГРАД ВО ОБЛАЦИТЕ,,Романи,Ентони Дор,Матица,,,630 ден.
ГРЕШНИКОТ,,Трилери,Тес Геритсен,Матица,,,590 ден.
ГЕНИЈАЛНИ ЛАГИ,"Книга за која постојано се зборува …
Ева Бенедикт е последна од филмските диви, симпатичен секс-симбол со освоени два Оскара, четири поранешни сопрузи и легија љубовници.
Нема тајна, ниту скандал што таа не го знае. Сега Ева одлучи да ги напише своите мемоари – без цензура и каква било забрана. Цел Холивуд ја моли да не го стори тоа. Но, Ева има свои причини…
Посинокот на Ева, Пол Винтроп, кој патем е вистинска секс-бомба, ќе ја разниша решителноста на Ева да ја раскаже својата приказна. И додека Џулија дознава колку непријателите на Ева спречуваат книгата да биде објавена, таа, исто така, открива дека Ева има една последна, темна тајна за споделување.",Романи,Нора Робертс,Култура,,,550 ден.
ЗЛОСТОРСТВО И КАЗНА (АНТОЛОГ),"„Злосторство и казна“ – едно од најголемите дела на руската и на светската книжевност.
Истовремено и длабок филозофски роман, и напната психолошка драма, и возбудлив трилер, како и величествен опис на еден мрачен град во чијашто утроба луѓето грешат, бараат прошка, се жртвуваат, се одрекуваат од себеси поради своите блиски и наоѓаат душевен спокој во смирение, покајување и вера.
Низ страниците на можеби најголемото класично ремек-дело, на читателот му се нуди уникатна можност да ги истражува темните катчиња на човековата душа. Во центарот на вниманието се наоѓаат филозофските прашања за моралот, слободната волја и природата на човековото злосторство. Анализирајќи ја психолошката состојба на главниот лик, поранешниот студент Родион Раскољников, и историјата на неговото злосторство, авторот ја истражува границата помеѓу доброто и злото, моралот и подлоста.
Дејството е сконцентрирано во девет и пол дена до стореното злосторство и девет години по злосторството (една за време на судењето и осум во прогонство), што секако, како и многу други нешта во овој роман, има длабока симболика.",Романи,Фјодор Михајлович Достоевски,Антолог-Боокс ДООЕЛ,,,700 ден.
АЗБУЧНАТА КУЌА,"Втора светска војна – двајца англиски пилоти, eдна психијатриска болница за офицери на СС и една многу опасна игра на преправање.
Во 1944 година, двајца англиски пилоти, Џејмс и Брајан, пријатели од детството, се соборени над Германија. Свесни дека ќе бидат стрелани како шпиони ако ги фатат нацистите, успеваат да влезат во санитетски воз наменет за високорангирани припадници на СС-единиците што го загубиле разумот поради суровите доживувања на источниот фронт. Џејмс и Брајан исфрлуваат од возот двајца пациенти на умирање и ги заземаат нивните постели со надеж дека подоцна ќе избегаат.
Така, двајцата завршуваат во Азбучната куќа, психијатриска болница што се наоѓа во самото срце на Германија, во Фрајбург. И единствен спас им е да глумат дека се луди…",Трилери,Јуси Адлер-Олсен,Антолог-Боокс ДООЕЛ,,,600 ден.
ТУЃИНЕЦОТ НА СВАДБАТА,"Пред љубовта на прв поглед, имаше работи кои никој не ги виде.
Ени не верува во љубовта – сè додека не го запознава Марк. Откако патиштата им се вкрстуваат одејќи наутро на работа, се зближуваат за време на групните терапии за преживеани трауми. И двајцата препознаваат делови од себе во другиот, но и двајцата кријат нешта од своето минато. Ени не ни замислувала дека е можно некогаш да се венча, а сега, кога денот е конечно тука, не постои нешто за што е посигурна од желбата да стапи во брак со Марк.
Но додека стои пред олтарот и гледа кон насобраните гости, забележува еден туѓинец. Набрзо дознава дека нејзиниот нов живот нема да биде толку среќен колку што си замислувала. Кој е туѓинецот на нејзината свадба? Што навистина се случило со првата сопруга на Марк? Дали средбата меѓу Ени и Марк била навистина случајна или некој друг ги вмешал прстите?
Возбудлив трилер што ќе ве натера да размислите двапати пред да кажете „да“.",Трилери,А. Е. Гонтлет,Сакам книги,,,490 ден.
ПОЛОВИНАТА ШТО МИ НЕДОСТИГА,"Од град можеш да избегаш, но од крвта не се бега.
Близначките Винс мислат дека можат да избегаат и од едното и од другото. Стела и Дезире растат во малото гратче Малард. Во детството неразделни, откако ќе избегаат во големиот град нивните животи тргнуваат во поинакви насоки, со различни семејства, заедници и ставови за расниот идентитет. Стануваат два различни света.
По многу години, едната сестра се враќа со својата црна ќерка во родниот град, а другата половина, Стела, влегува во светот во кој не припаѓа – нејзиниот бел маж не знае ништо за нејзиното минато. Но дури и одвоени со километри и со многу лаги, судбините на близначките остануваат испреплетени. Што ќе се случи со следната генерација кога ќе се вкрстат приказните на нивните ќерки?
Зафаќајќи ги темите за двојните стандарди во идентитетските и национални разлики, од Длабокиот Југ до Калифорнија од 1950 до 1990 година, Брит Бенет создава емотивна приказна за семејството и за американската историја.
„Половината што ми недостига е роман на годината, речовит нов влез во книжевноста преку најсуштествените теми за идентитетот.“ Тајм",Романи,Брит Бенет,ТРИ,,,500 ден.
ПОДВИЖЕН ХОРИЗОНТ,"Тргнувајќи на непознато патување географско и книжевно преку дневниците на неколку претходни експедиции ова книжевно патешествие нè води надвор од временските рамки во хипнотизирачкиот пејзаж на Антарктикот.
Раскажувајќи за сопствената експедиција, Дел Џудиче создава книжевен мозаик од животот и книжевноста. Пренесувајќи ни ги суровите приказни за бродоломи, за бродови со месеци заглавени во мразот, за екипажи и морнари на работ на очајот или уништени од лудило, тој реконструира „хиперекспедиција“ која ги поврзува дамнешните патувања на старите истражувачи со сопствената авантура. Играјќи си со разновидноста на овие различни перспективи и гласови, авторот ни прикажува еден „подвижен хоризонт“ во просторот и времето – хоризонт кој е, сепак, истовремено и постојан и долготраен во чувствата што ги предизвикува. Хоризонт на кој се среќаваат сите места, приказни, денови, години и географски ери истовремено.
Подвижен хоризонт е поема на тие симултани, истовремени светови што се испреплетуваат на страниците на овој несекојдневен роман.",Романи,Даниеле Дел Џудиче,ТРИ,,,280 ден.
ИНТИМНОСТ,"Романот „Интимност“, соголено и непоколебливо истражувајќи ја љубовта, предавството и сложеноста на човечките врски, длабоко понира во умот на мажот кој е на работ од носењето одлука што драматично ќе го промени неговиот живот. Курејши создава провокативна приказна за потрагата по слобода и за емоционалната цена на интимноста за мажот што се соочува со распаѓањето на бракот и ги разголува своите скриени желби. Брилијантно доловувајќи ги турбуленциите на современите врски, „Интимност“ е моќна и трогателна медитација за тоа што значи вистински да се сака – и да се остави.
Незаборавна приказна за страста, тагувањето и самооткривањето.",Романи,Ханиф Курејши,Или-Или,,,290 ден.
ИГРАЧОТ,"Го запознав Броди Истон во машката соблекувална. Требаше да го направам моето прво интервју како спортски новинар.
Познатиот квотербек реши да се разголи. Не, не ми ги раскажа своите тајни, не ми ја разголи душата. Самобендисаниот играч реши да ја тргне крпата врзана околу половината во моментот кога му го поставив првото прашање. А интервјуто одеше во живо!
Но јас не излегувам со играчи – згодни и самозадоволни момци на кои паметот им е само во сексот. Не затоа што сум една од малкуте жени кои работат во светот на професионалниот спорт.
Нема поголем играч од Броди Истон. Секоја жена копнее да го смени. Но нему му беше потребна девојка за која вреди да се промени. Излезе дека јас сум таа девојка.
Просто како грав, нели? Но никогаш не е толку едноставно. Постои цела една приказна меѓу Си беа еднаш и Си живееја среќно до крајот на животот. А оваа е нашата.",Љубовни романи,Вај Киленд,Сакам книги,,,450 ден.
КЛЕТВА,"Реши дека нема да ги даде ни мајка си ни сестрите, што и да се случи. Му даде завет на татко си дека ќе се бори за нив до последниот здив. Во тој момент помисли дека не е сосем сигурна дали тоа беше вистински завет или беше клетва.
Идиличниот живот на семејството Станимировиќ од корен ќе се промени кога нивното мирно банатско село ќе го зафати виорот на Втората светска војна. Таткото Јован ќе мора да го напушти семејството за да се вклучи во борбата против окупаторот, а неговата најстара ќерка Душанка ќе направи се за да ги заштити мајка си и трите помлади сестри. Во тоа ќе и помогне баба и Радојка, надалеку прочуена по своите моќи и своите напивки.
Јелена Бачиќ Алимпиќ, една од најпопуларните српски авторки, ни раскажува една емотивна и силна приказна за неизмерната љубов, храброст и преданост. Романот “Клетва” е омаж на човечката сила и потсетување дека со упорност и истрајност може да се надминат и најголемите ужаси и страдања.",Романи,Јелена Бачиќ Алимпиќ,Матица,,,490 ден.
СРЕЌНИТЕ ЛУЃЕ ЧИТААТ И ПИЈАТ КАФЕ,"Сопруга мајка и сопственичка на кафе-книжарницата Среќните луѓе читаат и пијат кафе во Париз се чини дека Дијан има совршен живот. Но ненадејно ќе ги изгуби саканиот сопруг и ќерката и сè одненадеж застанува. Сè освен нејзиното срце кое и натаму упорно и болно чука. Изгубена во спомените таа повеќе не знае како да живее...
По една година ќе ги шокира семејството и пријателите одлучувајќи да се пресели во едно село на ирскиот брег. Конечно решена повторно да го изгради својот живот – сама. Таму ќе го запознае Едвард, таинствениот фотограф од соседството. Ќе си дозволи ли повторно да сака? Ќе го надвладее ли стравот дека со новата љубов ќе ги изневери саканите кои веќе ги нема?
„Трогателна приказна со многу дијалози која со лесен стил и со многу топлина и разбирање зборува за тоа дека можеме да ги преживееме и најтешките животни моменти.“ Ле паризјен",Романи,Ањес Мартен-Лиган,ТРИ,,,320 ден.
СУВО МАСТИЛО,,Романи,Владимир Илиевски,Македоника Литера,,,400 ден.
ФАТЕНИ ВО ЉУБОВНА МРЕЖА,"Љубовта е секогаш повеќе од доволна
Фокс Тортон, ловецот на кралски ракови, живее во согласност со репутацијата што го следи од основно училиште – забава без обврски. Духовит, привлечен и навидум несериозен, женскиот заводник ги поминува викендите во блискиот град. Но кога во неговиот живот ќе се појави Хана Белинџер, принуден е да ги преиспита своите принципи.
Хана доаѓа на неколку дена во рибарското гратче со филмската екипа и се сместува во слободната спална соба на Фокс. Таа е имуна на неговиот шарм и се чини дека повеќе ужива во неговата личност. Бидејќи премногу му се допаѓа за да ризикува целосно да ја изгуби, тој го прифаќа понуденото пријателство. Но поминувајќи ги деновите со неодоливиот казанова од Вестпорт, Хана сфаќа дека се замаглува границата меѓу нивното другарство и флертот.
Дали ќе продолжат да се преправаат дека се само другари или ќе се осмелат да си ја признаат љубовта? Ќе успее ли Фокс да ги победи своите внатрешни демони и да ги оправда надежите на Хана? И двајцата треба да си одговорат многу прашања додека сè повеќе се заплеткуваат во љубовната мрежа.
„Теса те разоружува со смеа, искриво ја запалува атмосферата, а потоа ти влегува право во срцето. Нежност, ранливост и вжештени ситуации – ете зошто Теса Бејли ми е една од омилените автори на сите времиња.“
Сали Торн",Љубовни романи,Теса Бејли,ТРИ,,,500 ден.
КУЌНАТА ПОМОШНИЧКА,,Трилери,Фрида Мекфаден,Сакам книги,,,520 ден.
ЖЕНИТЕ,"Интимен портрет на растењето во опасно време и епска приказна за една поделена нација.
И жените можат да бидат херои. Овие зборови се откровение за дваесетгодишната Френки, која учи за медицинска сестра. Израсната во сончевиот и идиличен свет на Јужна Калифорнија и секогаш штитена од своите конзервативни родители, таа се гордее со фактот дека секогаш ги правела правилните нешта, она што се барало и очекувало од неа. Но во 1965, светот се менува и таа одеднаш се осмелува да замисли поинаква иднина за себе. Кога нејзиниот брат заминува да служи во Виетнам, Френки се приклучува кон воениот корпус како медицинска сестра и го следи неговиот пример.
Незрела и неискусна исто колку и мажите пратени во Виетнам да се борат, Френки психички ја совладува хаосот и деструкцијата од војната. Секој ден е коцкање со животот и смртта, надежта и предавството, а пријателствата имаат длабоки корења, но воедно можат да се распрснат за миг. Во војната, таа ги запознава – но и станува една од – среќните, храбрите, скршените и изгубените. Но војната е само почеток за Френки и нејзините пријатели ветерани. Вистинската битка почнува со враќањето дома, во променетата и поделената Америка, кај лутите протестанти, во државата која сака да го заборави Виетнам.",Романи,Кристин Хана,Сакам книги,,,590 ден.
БАЛЕРИНИ,"Роман за контроверзите на образованието и практиката на класичната балетска уметност.
Базирана врз лично искуство, приказната се развива околу школувањето на млада девојка на балетски конзерваториум во Прага во 1990-тите години. Осамостојувањето на рана возраст, предизвиците на големиот град, жртвите за посакуваниот идеал, постојаниот физички и ментален напор, строгата и непотполна едукација, секојдневните прегладнувања, дрогите и алкохолот… Се покажува дека возвишената балетска игра има потресна позадина.
Раскрвавени стапала, вкалапување на телото во точно пропишани размери, губење на индивидуалноста, честопати и изневерување на идеалите, куси и недоволно успешни кариери, многу разочарувања, па и самоубиства… Приказната е раскажана непретенциозно, со иронија и горка смеа, со еден воздржан, но продорен револт: дали навистина мора да биде така?
Појавата на оваа книга предизвикала сериозни дебати во балетскиот свет во Чешка и побудила контрадикторни реакции кај читателската публика: некои ја осудуваат за оцрнување на класичниот балет, а други ја доживуваат како поттик за сериозно преосмислување на практикувањето на оваа уметност.",Романи,Мирженка Чехова,Антолог-Боокс ДООЕЛ,,,350 ден.
КРУГ,"Како и секој добар роман и Круг има повеќе влеза и повеќе излеза. Сите водат надвор а враќаат назад. Се отвораат во младоста а се затвораат на старост...
Овој роман-сон на Башевски е во потрага по смисла, по разум, по некој внатрешен ред кој ќе го преведе бунилото во свест, кошмарот и ноќната мора во логична приказна... Овој роман е читлив, интересен, драматичен, богат со содржини, стилски необичен, јазично складен, психолошки изнијансиран... Не фрустрира со некоја извештачена непристапност и нејасност, туку го води читателот и му го покажува патот. И се доживува како празник на романот.
Катица Ќулавкова",Романи,Димитар Башевски,ТРИ,,,250 ден.
АНЖЕЛИК,"По срцев удар, Матијас Тајфер се буди во болничка соба. Непозната девојка стои покрај неговиот кревет. Тоа е Луиз Коланж, студентка што доаѓа доброволно да свири виолончело за пациентите.
Штом дознава дека Матијас е полицаец, бара од него да преземе еден прилично посебен случај. Матијас на почетокот се противи, но конечно се согласува да ѝ помогне втурнувајќи ги двајцата во смртоносна спирала.
Така почнува една извонредна истрага, чијашто тајна лежи во животот што би сакале да го водиме, љубовта што би можеле да ја имаме и местото што сè уште се надеваме дека ќе го најдеме.
Трескавично, неочекувано, возбудливо, лавиринт од емоции каде што тоа што е сигурно на една страница никогаш не е и на следната.",Романи,Гијом Мисо,Топер,,,240 ден.
ЧОВЕКОТ ПО ИМЕ УВЕ,"Запознајте го Уве, 59-годишен вдовец. Тагата по неговата сакана го тера секој ден да ја посакува сопствената смрт. Уве е еден од оние што покажуваат со прст во луѓе што не им се допаѓаат. Секое утро врши инспекција по населбата во која живее. Ги преместува велосипедите и проверува дали ѓубрето е правилно селектирано – иако веќе поминале неколку години откако е разрешен од должноста претседател на здружението на станари. Вечно гневен и незадоволен, лесно избувлив, накратко: сосед од кошмарите. Меѓутоа, зад неговата мрзоволност, педантерија и железна принципиелност се крие една многу тажна судбина…
И така, еден ноемвриски ден, кога соседот што се вселува во соседната куќа случајно го уништува поштенското сандаче на Уве, одеднаш почнува комично топлата приказна. Приказна што суштински ќе промени еден човек и едно соседско здружување. Ова е роман за влијанието на еден човечки живот врз безброј други.
Истоимениот филм во 2017 година беше номиниран за „Оскар“ за најдобар филм од неанглиско говорно подрачје.",Романи,Фредрик Бакман,Антолог-Боокс ДООЕЛ,,,450 ден.
ДОБРА И ЛОША,"Понекогаш, лоши работи им се случуваат на добри луѓе, па добрите луѓе се принудени да прават лоши работи.
Дваесет години откако едно бебе е украдено од количка, една жена е убиена во дом за нега на стари лица. Двете злосторства се некако поврзани, а една добра/лоша девојка веројатно е клучот за откривање на вистината.
Едит можеби ја прелажале за да ја пикнат во домот, но сега, на осумдесет години, го планира своето бегство. Пејшнс работи таму, па така и се зближува со Едит, како со сродна душа. Но Пејшнс ја лаже Едит речиси за сѐ. А и Едит не е безгрешна. Токму затоа, нејзината ќерка Клео, воопшто не зборува со неа.
Со низа причини да не си веруваат меѓусебно, овие жени мора да решат една мистерија во која има тројца осомничени, две убиства и една жртва. И ако ја решат, можеби ќе откријат и што се случило со исчезнатото бебе, мајката која го изгубила и поврзаноста помеѓу нив. Ова е трилер во кој никому не може да му се верува…",Трилери,Алиса Фини,Сакам книги,,,520 ден.
КУЌА НАД БРАНОВИТЕ,"Свет што умира. Куќа над брановите, на осамен остров среде Океанот. Спомени од минатото, тајни стари илјадници години, надеж за нов почеток… и љубов, во сенката на Црното сонце.
„Детето во мене не ми допушта да бидам песимист подолго од пет минути. Затоа и успеав да останам нормална во мигот кога светот го испушти последниот здив. Сега, во пустошот, песимизмот станува бесмислен како и сè друго, впрочем.“",Романи,Билјана Црвенковска,ИД-КОНЦЕПТ КОНСАЛТИНГ И ДИЗАЈН (Чудна Шума),,,350 ден.
КОЕФИЦИЕНТ НА ЉУБОВТА,"„АПСОЛУТНО УЖИВАЊЕ – ШАРМАНТНА И СЕКСИ ПРИКАЗНА ШТО СЕ ВРТИ ОКОЛУ ГЛАВНАТА ХЕРОИЊА ЗА КОЈА ОБОЖАВАТЕ ДА НАВИВАТЕ“
Стела Лејн верува дека математиката е почеток и крај на сѐ, она што го обединува целиот универзум. Но оваа брилијантна статистичарка која знае сѐ за алгоритмите, не знае ништо за романтиката. Toa и не е неочекувано, бидејќи има Аспергеров синдром и секој ден се обидува да ги совлада пречките што тој ѝ ги наметнува. А кога луѓето ќе дознаат за тоа, веднаш го менуваат мислењето за неа.
Но Стела е храбра жена која не се плаши да ризикува за да го добие она што го сака. Tаа одлучува да ангажира професионалец што ќе ја научи сѐ што може да се научи за сексот и врските.",Романи,Хелен Хоанг,ТРИ,,,450 ден.
ПАПАТА ЈОВАНА,"Папата Јована е сеопфатна историска драма насочена кон турбулентните настани што го карактеризираа 19 век, ограбувањето на катедралната црква Св.Петар од страна на Сарацените, пожарот во Борго кој уништи повеќе од три четвртини во Ватикан, битката кај Фонтеној, веројатно се најкрвавите и најужасните средновековни конфликти. Романот е фасцинантен живописен запис за животот во раниот среден век, ремек дело за неизвесноста и страста во чиј центар се наоѓа една  мошне исклучителна и фасцинантна жена во историјата на Западот позната под името Папата Јована. Таа е една од најконтроверзните личности во историјата на човештвото, која преправена во маж, застанува на чело на Христијанската црква и во 9 век станува прва и единствена жена која ќе седне на  пресветиот папски трон во црквата Св.Петар во Ватикан.",Историски романи,Дона Вулфолк Крос,Матица,,,600 ден.
ЧИРАКОТ,"Летото во Бостон е жешко, но како додаток на сето тоа се и низата шокантни злосторства во градот, во кои богатите мажи гледаат како нивните сопруги се киднапирани и малтретирани. Начинот на извршување сугерира на еден човек: серискит убиец Ворен Хојт , кој неодамна е отстранет од улиците на градот. детективката Џејн Рицоли мисли дека постои послушник кој ги имитира  изопачените медицински техники на Ворен Хојт. Изненадена е од ненадејниот интерес на американската влада за случајот, како и од средбата со специјалниот агент Габриел Дин кој знае многу повеќе отколку што сака да каже. Намногу од сѐ, таа не е ни свесна дека и самата ќе стане цел, откако Хојт  ненадејно ќе се ослободи и ќе му се приклучи на неговиот мистериозен брат по крв  во злобната одмазда.",Трилери,Тес Геритсен,Матица,,,490 ден.
ВЕРУВАЈ МИ,"Опасно напнат роман на блескавата ѕвезда на крими-трилерите.
Инспекторот Еверт Гренс во последно време конечно ја гледа и убавата страна на животот. За првпат по триесет години постои жена за која сака да се дотера, а се радува и на едно скапоцено пријателство. Но тој релативно мирен живот одеднаш се претвора во кошмар. Смртоносни инјекции, трговија со луѓе и органи, киднапирања… а сето тоа кулминира со убиството на негов близок пријател.
Андерс Рослунд со овој роман ја зацврсти својата позиција меѓу најдобрите писатели на трилери на денешнината.
Насловот на книгата е „Верувај ми“, но во овој роман не можете да верувате никому.",Трилери,Андерс Рослунд,Антолог-Боокс ДООЕЛ,,,550 ден.
СКБ НА КРАЈОТ ОД ДЕНОТ,"ДОБИТНИК НА БУКЕРОВАТА НАГРАДА
По три децении служба во Дарлингтон хол, батлерот Стивенс тргнува на заслужено патување низ земјата, и наедно во службена посета на својата некогашна колешка, г-ца Кентон. Во текот на патувањето размислува за својата дотогашна кариера, за да си потврди дека преку службата на еден „голем џентлмен“ му служел на човештвото. А спроти средбата со госпоѓица Кентон, го преиспитува нивниот однос во кој се насетувало нешто повеќе од колегијалност... Но во неговите спомени демнат сомнежи за вистинската природа на „големиот“ лорд Дарлингтон кому му служел, и уште поголеми сомнежи во сопствените избори и пропуштени можности.
На крајот од денот е маестрален психолошки портрет на еден совршен англиски батлер од златната доба која бледнее на прагот на повоена Англија. Напишан на префинет стил од перото на Казуо Ишигуро, ова е трогателен и моќен роман за вистинските вредности и за суштината на човековата среќа.",Романи,Казуо Ишигуро,ТРИ,,,380 ден.
ОСТАТОЦИ ОД СВЕТОТ,"Драматична и потресна сага за „векот на логорите“, како што уште се нарекува XX век. Човековата трагична судбина од Шпанската граѓанска војна преку Јасеновац и Блајбург, Кравица и Сребреница, сè до бомбардирањето на Србија од страна на НАТО, се одвива на големите платна на толеранцијата, опстанокот и болката. Главната протагонистка на романот со својот чудесен ерос воспоставува баланс помеѓу темнината и светлината нудејќи надеж во спасувањето на невиното, или барем инаков поглед на она што останало во „остатоците од светот“.
„Несомнено најдобриот роман на Игор Маројевиќ досега.“ – Зоран Богнар
„Еден од најдобрите српски романи во XXI век.“ – д-р Игор Перишиќ",Романи,Игор Маројевиќ,Антолог-Боокс ДООЕЛ,,,500 ден.
БИСЕРНАТА СЕСТРА,,Романи,Лусинда Рајли,Матица,,,550 ден.
ИМОТ,"Со овој роман со кој Тоци влезе во историјата на италијанската литература, а критиката го споредуваше со Кафка и со Достоевски и се смета за значајно дело на италијанската литература од првите децении на 20 век. Во „Имот“ тој го опишува светот на немирот, неспокојот и стравот предизвикани од контактот со реалноста којашто е заканувачка, мрачна, агресивна.Тоа е свет составен од трауми, отворени рани, длабоки повреди на личноста, каде што несовесните личности се подложни на влијанија и се однесуваат нелогично и со несвесни импулси.
Тоци раскажува интригантна и смела приказна. Во романот „Имот“, Федериго Тоци се обидува да се наврати, иако без да ги негира неговите претходни иновации, на потрадиционалните стил и форма. Делото на Федериго Тоци го открива вкусот на најдобрата италијанска фантастика. „Имот“ завршува телеграфски, но страниците што го подготвуваат крајот на делото ѝ припаѓаат на големата литература.",Романи,Федериго Тоци,Македоника Литера,,,200 ден.
МОЈАТА ГЕНИЈАЛНА ДРУГАРКА,"Моќна и длабока приказна за доживотното женско пријателство и ривалство.
Приказната ja раскажува шеесетгодишната Елена која, соочена со мистериозното исчезнување на својата другарка Лила, решава да го овековечи секој детаљ од нивното заедничко минато. Растејќи во сиромашното неаполско маало во 50-тите, на суровите улици и во школските клупи, двете девојчиња учат да се потпираат една на друга пред сите детски стравови и предизвици. Иако патиштата непрестајно им се вкрстуваат и раскрстуваат, овие две дијаметрално спротивни жени сепак остануваат најверни другарки чии судбини се огледуваат една во друга и се прекршуваат.
Со првиот дел од тетралогијата Неаполски романи, Феранте се докажува како еден од најголемите италијански раскажувачи на сите времиња. Оригиналната и бескомпромисно искрена проза совршено ги портретира овие два женски лика обликувани во контекстот на повоена Италија. Мајсторски скроен и трепетно возбудлив наратив што го одзема здивот со секоја нова авантура на двете хероини.
Елена Феранте е италијанска писателка што пишува под псевдоним и чиј вистински идентитет не е познат во јавноста. Живее во Неапол. Се смета за највлијателна на својата генерација. Авторка е на десетина романи, од кои се издвојуваат „Вознемирувачка љубов“ (1992), „Денови на заборав“ (2002), „Загубената ќерка“ (2008), а со светска слава се стекнува токму со првиот од четирите Неаполски романи, „Мојата генијална другарка“ (2011), серијал што ја донесе во најтесна конкуренција за неколку престижни книжевни награди.",Романи,Елена Феранте,ТРИ,,,413 ден. 550 ден.
СЕСТРА НА МЕСЕЧИНАТА,"Тајгета, или нагалено Тиги, е најмистичната а воедно и најдуховна од сестрите Д' Аплиез. По смртта на Тате Солт, Тиги тргнува по трагите на своето потекло и стигнува во далечните и диви планини на Шкотска. Таму се занимава со она што е нејзина професија и нејзина склоност, а тоа е да се грижи за ретки видови животни. Но, во Шкотска го запознава и Чарли Кинард - шармантен кардиохирург, оженет и на прв поглед повеќе од недостижен. На имотот Кинард, Тиги наидува на Чили, стар, мистичен потомок на хитаноси од Гранада, Шпанија. Уште при првата средба, двајцата ќе почувствуваат меѓусебна приврзаност. Бујната шпанска крв врие во Тиги и таа дознава дека нејзиниот темперамент доаѓа од нејзината врска со легендарната циганска заедница во Сакромонте, а најмногу од нејзината нескршлива баба, големата танчарка на фламенко, Ла Кандела. Од шкотските планини и Шпанија до Јужна Америка и Њујорк, Тиги го следи патот што ја доведува до нејзиното сложено, но егзотично минато. Книгава открива и многу од длабоката тајна на Тате Солт, но која е седмата сестра и ккава е улогата на тајното сопче што Тиги го открива во Атлантида - заедничката куќа на сестрите, Лусинда Рајли не открива.",Романи,Лусинда Рајли,Матица,,,550 ден.
АБРАКСАС,"Абраксас е мистичното име на контрадикторниот бог кој ги отклучува вратите на собите со огледала кои ја разобличуваат реалноста во која живее главниот лик на романот, Мики Луческу.
Живеејќи осамено и сиромашно во изнајмена соба на едно поткровје, Мики одеднаш го понесуваат сеќавањата инспирирани од влезот и ходниците на станбената зграда од неговото детството. Во тоа чудно здание чувано од два камени лава живеел заедно со неговата мајка – сликарка и силна жена која била олицетворение на силата на природата. Мики почнува да ги отвора сите единаесет станови од зградата, но секогаш наместо во стан, влегува во некое старо кино, каде што гледа филмови во кои тој истовремено е и гледач и протагонист во филмот на сопствениот неуспех и самоуништување. Епизодите се одвиваат во различни точки на времето и просторот, почнувајќи од темните времиња на крстоносната војна на Фредерик Барбароса до постапокалиптичната визија на поплавенииот Букурешт, минувајќи низ Виена на Јаков Леви Морено, Париз на Илари Воронка и низ Њујорк на Делмор Шварц. Од сите овие парчиња, некои јасни, други заматени, полека, но сигурно ја составува душата и карактерот на главниот лик во романот, Човекот. Затоа што Абраксас е и светлина и темнина, и живот и смрт, а во исто време е и љубов и нејзино уништување. Тој е целиот свет.",Романи,Богдан-Александру Станеску,Антолог-Боокс ДООЕЛ,,,700 ден.
СИТЕ ЦВЕЌИЊА ВО ПАРИЗ - САРА ЏИО,"Две жени се поврзани низ времето во градот Париз, поврзани со мистериозен дневник и шокантни тајни кои се протегаат од Втората светска војна до сегашноста.
Кога Керолајн се буди во една болница во Париз и не се сеќава на своето минато, се разочарува кога дознава дека со години водела тажен, осаменички живот во стан покрај Сена. Кога полека почнуваат да ѝ се враќаат некои бледи спомени од маж и мало детенце, се заколнува дека ќе ја состави сложувалката за својот живот, иако од некоја причина се чувствува како да е во опасност. Полека се спријателува со главниот готвач во едно пријатно ресторанче во близина за да не се опседнува со минатото, како и со една шокантна мистерија од пред неколку декади…
Во Париз, окупиран од нацистите, млада вдовица, Селин, си живее мирен живот со татко ѝ, локален цвеќар, и нејзината ќерка, Кози. Кога еден безмилосен германски офицер дознава дека семејството има еврејско потекло, тој почнува да ја уценува Селин, принудувајќи ја да му стане љубовница само за нејзиниот татко да биде безбеден. Тројцата почнуваат да кројат план за бегство, но нивната мисија скршнува во лош правец и саканиот татко и ќерка на Селин ги снаоѓа лоша судбина. Крајно вознемирена, Селин се плаши од најлошото. Но набрзо дознава дека Кози се искраднала и ја следела до станот каде што таа е заробена. Мотивирана како никогаш претходно, Селин сега мора да се бори да ја крие и заштити личноста што ја сака повеќе од сè.
Паралелната нарација се вкрстува кога Керолајн го наоѓа дневникот на Селин скриен во плакар и дознава дека ѕидовите на нејзиниот стан кријат мрачни тајни.",Романи,,Сакам книги,,,420 ден.
ПРОДАВАЧКАТА,"Јас сум резултат на светот околу мене, а светот околу мене постојано се менува.
„Продавачката“, романот продаден во над 1,5 милиони примероци, е срдечна и топла приказна за 36-годишната Кеико од Токио. Како подобро да се опише таа?
Кеико никогаш не успеала да се вклопи ниту во своето семејство ниту во училиштето. Дури кога на 18 години почнува да работи во еден минимаркет, успева да ја најде својата животна цел. Кеико таму е среќна, се чувствува своја и безбедна. Но нејзиното семејство секојдневно ја притиска да започне соодветна кариера, да најде сопруг и да живее наспроти сите нејзини мечти за среќа. Да живее „нормално“.
Брилијантен роман за невклопувањето и чувството дека не сме разбрани. Книга што ќе ве поттикне да ги тргнете маските, да го најдете клучот за себеприфаќање, да заборавите на сите дефиниции за среќа и во срцето да си го најдете својот минимаркет во кој на залиха вечно ќе го имате своето задоволство. Уживајте во себепотрагата додека Кеико ужива во себеси!
Возбудлив, чуден и забавен јапонски роман. Предизвикувачки и непредвидлив. Целата книга ми е подвлечена!
Сали Руни
„Продавачката“ е скапоцен камен. Необична, потресна, тивка, а длабока – вистински подарок за секој што барем еднаш се почувствувал како да не припаѓа во овој свет – а ако сме сосем искрени, тоа би бил речиси секој од нас.
Рут Озеки",Романи,Сајака Мурата,ТРИ,2025,120,300 ден.
МОСТОТ НА ДРИНА,"Со ова дело во светската литература монументално се воспева мостот во Вишеград како многуслојна врска помеѓу вековите и помеѓу Ориентот и Западот.
Користејќи го овој објект како симбол за вкрстувањето на различните култури и цивилизации, Андриќ ја раскажува приказната за подемите и падовите на империите и за драматичните историски промени и пресврти во босанското општество од крајот на XVI век до почетокот на Првата светска војна, но претставува и редица впечатливи ликови кои се појавуваат и исчезнуваат во лавиринтите на минатото.
Мостот им одолева на виорите на историјата, а со својата величественост и со осамената убавина се воздигнува не само над градот, туку и над времето. Токму тој е главниот лик на овој роман – истовремено и сведок на мноштво засебни човечки трагедии и постојан и неуморен набљудувач на сменувањето на крупни епохи и општествени парадигми. Мостот на некој начин претставува спротивност на човечките судбини кои се минливи во однос на камената градба, која опстојува и покрај сите неприлики.
„Мостот на Дрина“ е еден од најголемите книжевни споменици за животот на луѓето од балканските простори, а во чест на овој роман, со помош на режисерот Емир Кустурица, во 2012 година изграден е Андриќград кој се наоѓа на самото устие на реките Дрина и Рзав во Вишеград.",Романи,Иво Андриќ,Антолог-Боокс ДООЕЛ,,,550 ден.
ЉУБОВ ВО ТЕЛ АВИВ,"Луна е млада и независна девојка, успешен професионален фотограф која си ја обожува својата работа. Позитивна, љубезна, полна со живот и прекрасен пријател. Мислејќи дека го живее животот од соништата и наскоро ќе биде запросена од нејзиното долгогодишно момче, Луна се соочува со големо предавство кое ѝ го крши срцето и ѝ ја уништува довербата во мажите и надежта во љубовта. Сакајќи да се оттргне од реалноста, сосема случајно, со своите пријателки планираат спонтано патување. Луна не е свесна дека сѐ ќе се промени кога нејзиниот поглед ќе се сретне со погледот на црноокиот згоден странец.
Бен не верува во врски, тој е заколнат ерген. Тајната и болката кои се кријат зад црните очи на убавиот странец го прават воздржан и ладен, маж кој многу добро ги контролира своите чувства и зборот љубов одамна не е дел од неговиот речник, сѐ додека не се појави Луна во неговиот живот.
Дали Луна ќе успее да ги размрда неговите чувства, да ги пробие високите ѕидови кои тој ги изградил околу себе и да му се пикне под кожа?
Дали е таа спремна да остави сѐ зад себе, повторно да ризикува нејзиното срце да биде скршено и да започне нов живот на сосема ново место?",Романи,Сандра Малетски,Сакам книги,,,370 ден.
"ПРЕКРАСЕН СВЕТУ, КАДЕ СИ","Емоционална драма што се чита во еден здив
Ретки се длабоките пријателства како она на младата романсиерка Алис и Ејлин, уредничка во книжевно списание во Даблин. Нивните семејни и љубовни врски се полни со подеми и падови, страст и очај, нежност и навреди, целосна близина и недоречености. Нивната преписка покажува длабоко разбирање и на минатите случувања и на современите луѓе – како се чувствуваат, како и за што размислуваат. Тие се растргнати меѓу глобалните и интимните проблеми, градејќи ставови врз основа на сериозни анализи, но честопати и од непроверени информации на Интернет.
Алис и Феликс, Ејлин и Сајмон – две љубовни двојки кои се привлекуваат и одбиваат, се зближуваат и оддалечуваат. Загрижени за своите животи, за времето што ги гази, за случувањата во семејствата и светот... што преживуваат зад затворените врати на своите соби? Наоѓаат ли начин да веруваат дека овој свет – единствениот што го имаме – е навистина прекрасен? Сали Руни со оваа книга создава уметност додека сè друго се распаѓа.
„Филозофска и романтична трагикомедија за начините на кои луѓето се сакаат и се повредуваат меѓусебно.“
Киркус ривју
„Сали Руни создаде свој личен стил. Сончев и остар.“
Вог",Романи,Сали Руни,ТРИ,,,500 ден.
СПОМЕНОТ НА НЕГО - КОЛИН ХУВЕР,"По отслужувањето затворска казна од пет години за трагична грешка од минатото, Кена Роуан се враќа во градот каде што се случила трагедијата, надевајќи се дека ќе добие втора шанса со својата четиригодишна ќерка. Но се покажува дека е невозможно одново да се изградат мостовите кои ги изгорела во минатото. Сите во животот на ќерка ѝ се цврсто решени да не ѝ дозволат на Кена да ѝ се доближи, без разлика колку таа се труди да се докаже.
Единствената личност која не ѝ ја затвора целосно вратата е Леџер Ворд, сопственик на локален бар и една од малкуте преостанати личности кои ја поврзуваат со ќерка ѝ. Но ако некој дознае дека Леџер полека станува важен дел од животот на Кена, двајцата ризикуваат да ја изгубат довербата на сите кои им се битни.
Нивната блискост расте и покрај притисоците околу нив, но истовремено расте и ризикот. Кена мора да најде начин да се искупи за грешките од минатото ако сака да изгради иднина во која ќе има надеж, исцелување и простување.",Љубовни романи,Колин Хувер,Сакам книги,,,490 ден.
ИДИОТ,"Враќајќи се во Санкт Петербург од швајцарски санаториум, нежниот и наивен епилептичен кнез Мишкин – познат како „идиот“ – оди во посета на својот далечен роднина генерал Епанчин и продолжува да го шармира генералот и неговото семејство. Но, животот му се исполнува со превирања кога случајно ќе види фотографија од убавата Настасја Филиповна. Целосно обземен од неа, тој наскоро запаѓа во љубовен триаголник и е вовлечен во мрежа од уцени, предавство и, на крајот, убиство. Во ликот на кнезот Мишкин, Достоевски ја прикажува чистотата на „навистина убава душа“ и ги истражува опасностите со кои се соочува невиноста и добрината во еден расипан свет.",Романи,Фјодор М. Достоевски,Конгресен Сервисен Центар,,,700 ден.
АМЕРИКА,"Првиот и веројатно најведар роман на Кафка ја раскажува приказната за седумнаесетгодишниот Карл Росман, кој по една засрамувачка сексуална авантура со слугинката е „спакуван за Америка“ од страна на родителите. Очекувајќи да се искупи себеси во оваа „магична земја на можности“, младиот Карл е занесен од изобличени настани и вртоглави авантури.
Кафка никогаш ја немал посетено Америка и уште од првите страници на книгата очигледно е дека не му било целта да даде некаква реална претстава за неа. Слики од имагинарни пејзажи, злокобни опасности, безизлезни ситуации, постојани неправди и гротескни тензии меѓу ликовите го карактеризираат овој генијален роман.
„Америка“ е зачудувачки модерна и визионерска пародија за континентот што буди најразлични асоцијации и чувства, но и многу повеќе од тоа.",Романи,Франц Кафка,Антолог-Боокс ДООЕЛ,,,400 ден.
ПРИКАЗНА ЗА ТРИТЕ ГРАДА,"Маџунков, Митко (Струмица, 19 III 1943), раскажувач, романсиер, драмски автор, есеист. Гимназија има завршено во Струмица, а Филолошки факултет (светска книжевност со теорија на книжевноста) во Белград.
Работниот век го поминал главно во Библиотеката на градот Белград. Некои книги му се објавени првобитно нa српски јазик. Добитник е на повеќе книжевни награди и признанија: Исидора Секулиќ, Рациново признание, Војдан Чернодрински, Роман на годината на Детска радост, Книга на годината на Македонската книжевна фондација, Роман на годината на Утрински весник; добитник е на Државната награда 11 Октомври, на Наградата за животно дело „Војдан Чернодрински“, а двапати ја има добиено и годишната награда на град Струмица.
Се занимавал со преведување, а и самиот е преведуван на повеќе јазици. Застапен е во домашни и странски антологии. Во 2006 година се врати од Белград да живее во Македонија. Член е на МАНУ.",Романи,Митко Маџунков,ТРИ,,,250 ден.
100 ПРОЦЕНТИ,"Андерс Рослунд докажува дека е еден од најдобрите автори на крими-трилери на нашево време.
„Значи, ми велиш дека наеднаш сме се нашле во некој… што знам, крими роман со сериски убијци? Знаеш дека не се занимавам со такви работи, никогаш не сум се занимавал – од едноставна причина што во Шведска нема сериски убијци, никогаш немало.“Но, доколку нема сериски убијци во Шведска, тогаш:Зошто некој некому му ја исцедил целата крв од телото?Зошто некој искршил до најмалото ковче друго тело и зошто некој спржил трето тело со разни течности?И, всушност, колку е сигурен како доказ примерокот од ДНК? Конечно, што навистина му се случило на детективот за крвни деликти Еверт Гренс, кој си пукал в глава сакајќи да стави крај на сè?
Немилосрден трилер што е невозможно да се испушти од раце додека не се дочита докрај.",Трилери,Андерс Рослунд,Антолог-Боокс ДООЕЛ,,,500 ден.
ПРОЕКТОТ АВТЕНТИЧНОСТ,"Што би се случило кога сите би ја кажувале вистината?
Приказна за една обична бледозелена тетратка која ги менува животите на неколку ликови откривајќи им вредни животни лекции.
Џулијан Џесоп е осамен ексцентричен уметник кој верува дека луѓето никогаш не се целосно искрени. Прашувајќи се што би се случило кога сите би ја говореле вистината, својата ја запишува во обична бледозелена тетратка што ја остава во еден мал ресторан. Кога ќе ја најде, Моника решава да му помогне на Џулијан да ја преброди осаменоста и организира курс по сликање. А потоа ја раскажува својата животна приказна и ја остава тетратката во блискиот вински бар.
Моника и Џулијан не можат ни да претпостават колку нивната искреност влијае врз сите кои ќе ја пронајдат тетратката и на кој начин таа ќе им го промени животот. Еден по еден, тие ја споделуваат сопствената приказна – чин што носи слободување, им ги открива скриените потенцијали и безбројните можности што ги нуди животот.
„Топла книжевна прегратка, книга која несомнено ќе ве расположи.“
Вашингтон пост
„Топла и нежна приказна за придобивките од храброста да се покаже своето вистинско лице со сите несовршености.“
Пипл",Романи,Клер Пули,ТРИ,,,500 ден.
ИЛУЗИИ,"Во воздушниот простор меѓу полињата со пченка во Илиноис и сината бесконечност, еден маж одлучува да му верува на пропелерот на својот двокрилец. За разочараниот писател и пилот Ричард Бах вербата е вистинска колку и полниот резервоар и искрите кои ги испуштаат цилиндрите... сè додека не го запознае Доналд Шимода – поранешен механичар и таканаречен месија, кој умее да ги натера клучевите да летаат и кој ја распламтува Ричардовата имагинација...
Во Илузии Ричард Бах лета со својот двокрилец обидувајќи се да ги одгатне безвременските вистини што им даваат крилја на нашите души: дека на луѓето не им се потребни авиони за да летаат; дека и зад најцрните облаци блеска светлина штом ќе успееме да се издигнеме над нив; дека луѓето може да ги најдат месиите на најнеочекувани места – на пример, во полињата со сено, во малите гратчиња и, пред сè, во самите себе.
Дали е лесно да се биде месија во современиот свет? Дали во секого од нас не се крие неразбуден духовен учител? Дали веќе го имаме сето знаење што ни е потребно, и на кое треба само да се потсетиме? Ричард Бах поттикнува милиони читатели да се замислат над овие прашања.",Романи,Ричард Бах,ТРИ,,,250 ден.
ЛАЖЛИВИОТ ЖИВОТ НА ВОЗРАСНИТЕ,"Уште една неаполска приказна за преминот од детството во светот на возрасните
Убавото лице на 13-годишната Џована почнува да се менува и да огрдува и таа сè повеќе заличува на тетка ѝ. Барем така мисли нејзиниот татко. Но дали таа ги гледа работите такви какви што навистина се? Дали се претвора во Викторија, жена која одвај ја познава, a која нејзините родители очигледно ја презираат? Во кое огледало би требало да се погледне за да се најде себеси и да успее да се засака и да се спаси?
Џована го бара својот одраз во двете линии на нејзиното семејство, во двете крајности на сопствената личност. Растргната меѓу двата спротивни краја на родниот Неапол, меѓу височината и приземноста, префинетоста и вулгарноста, таа се впушта во една мачна потрага по вистината. Проникнувањето во долгогодишните семејни тајни ќе ѝ го открие нејзиното вистинско лице.
Новиот роман на славната Елена Феранте е уште еден доказ за нејзиното ненадминато мајсторство да ги извлече читателите од реалноста и да ги пресели во својот совршено изграден книжевен свет.
„Феранте толку умешно нè вовлекува во тинејџерскиот ум што сето она што изгледа неразумно – променливи расположенија, љубомора, страв, солзи и бес, ни се чини сосем нормално.“
Тајмс, Велика Британија",Романи,Елена Феранте,ТРИ,,,338 ден. 450 ден.
АМЕРИКАНСКА ПРАШИНА,"Лидија Перез живее во мексиканскиот град Акапулко, со синот Лука и сопругот кој е новинар. Иако знае дека никогаш нема да се продадат, Лидија во книжарницата што ја води чува некои од своите омилени книги. Еден ден, во продавницата влегува маж и меѓу другите купува и две од тие нејзините книги. Хавиер е шармантен, но излегува дека е шеф на најновиот наркокартел во градот. Откако сопругот на Лидија ќе ја објави својата статија за Хавиер, нивните животи повеќе нема да бидат исти.
Американска прашина е книга исполнета со драма и хуманост на секоја страница. Ретка потрага по судбините на луѓето кои се подготвени да жртвуваат сѐ за малку надеж. Важен глас во дискусијата за имиграцијата и изгубените надежи за подостоинствен живот.",Романи,Џенин Каминс,ТРИ,,,500 ден.
СЕДУМТЕ СЕСТРИ: ПРИКАЗНАТА НА МАЈА,,Романи,Лусинда Рајли,Матица,,,550 ден.
1Q84 (КНИГА 2),"Ако во светот нема љубов сè е илузија и имитација
Во вториот том Аомаме и Тенго со невообичаено испреплетените околности ги потврдуваат своите сомневања дека се наоѓаат во друго време - во годината 1Q84 - од кое не можат да се вратат назад во 1984 година и во своето реално време. Нивната љубов иако создадена само со еден стисок на рака во детството е единственото вистинско и реално во романот. Таа е двигател на сите збиднувања и јакне наспроти нивната раздвоеност а тие сè повеќе и повеќе се приближуваат еден кон друг.
Во ова продолжение, Мураками продлабочено се занимава со философски теми, со односот помеѓу доброто и злото, вината и казната и, пред сè, со смислата на животот, стравот од смртта, жртвувањето, но и со семејните врски и, неизбежно, со љубовта.Познат во Јапонија (заради тоа честопати критикуван) како писател што внесува премногу западна традиција во своите романи, Мураками оваа приказна за универзалните теми заеднички за целиот свет, ја бојосува повеќе од кога и да е порано со источната философија и со јапонскиот начин на живеење, особено со кујната, чии состојки нè замелушуваат на секоја страница.Продолжува во третиот дел...",Романи,Харуки Мураками,ТРИ,,,500 ден.
ПОД ТУЃО СОНЦЕ,"Овој роман донесува впечатлива приказна за судирите помеѓу личните и општествените вредности, нагласувајќи ја борбата за автентичност. Приказната почнува една дождлива ноќ, во такси-возилото број 382, кога Коста Рашиќ, пензиониран мајор, решава да тргне на пат за Крф. Откако ја продал куќата во која израснал за да ги врати долговите, за првпат ќе зачекори надвор од границите на својата земја, во потрага по вистината, неговото единствено преостанато прибежиште.
Случајната средба со Марија, таксистка што таа ноќ ќе стане негов придружник, ќе го предодреди сето тоа што потоа ќе се случи „под туѓо сонце“. Коста сака да се соочи со себе и со остатоците од својот живот, а Марија сака да избега од себе и од својот живот. Точката што ги раздвојува ќе стане точка во која ќе се сретнат нивните сеќавања. Во исто време, таа ќе го придвижи невидливиот животен механизам, во кој секогаш се открива дека сè е возможно. Нивната приказна открива како поединецот се справува со предизвиците во светот што често не пружа втора шанса. Со елементи на драма и интроспекција, најновиот роман на Миодраг Мајиќ се издвојува како дело што го плени вниманието и поставува прашања за правдата, љубовта и одговорноста.",Романи,Миодраг Мајиќ,Антолог-Боокс ДООЕЛ,,,450 ден.
ЖЕНСКИ ДЕКАМЕРОН,"„Женски декамерон“ е книга за десет млади советски жени, кои ќе се најдат во исто породилиште во Ленинград, во период кога во таа установа е воведен карантин. Тие ќе мораат да поминат таму уште десет дена, нешто што, секако, воопшто не ги радува. Тогаш на едната од нив ѝ текнува да ја повтори приказната што прв ја раскажал фирентинскиот писател Бокачо; имено, за време на десетте дена да се забавуваат  раскажувајќи си приказни за животот, за мажите, за љубовта, за љубомората, за неверствата, за заведувањето, за фарсичниот секс, за парите, за среќата и за многу други нешта што ја возбудуваат секоја женска душа, вклучително и руската.
Предлогот е едногласно прифатен и во тие десет дена жените раскажуваат сто приказни – по една приказна на ден од секоја од нив – во кои се насетува суровата реалност на едно општество распарчено од самоубиства, разводи и алкохолизам, сиромаштија, закани за ужасни затворски казни. Истовремено, од оваа книга зрачи страсна верба во духовната сила на руската жена, со која сочувствуваат читателите низ цел свет.",Романи,Јулија Вознесенскаја,Антолог-Боокс ДООЕЛ,,,400 ден.
САМО ОВА ЛЕТО,"Џастин го следи проклетство и благодарение на објава на „Редит“ станува вирален на интернет. Секоја девојка со која е во врска, истата секунда откако ќе раскинат, ја наоѓа својата сродна душа. Кога една жена ќе му прати порака, а го има истиот проблем, тие смислуваат план: ќе бидат во врска и ќе раскинат. На тој начин заемно ќе се ослободат од проклетството и секој од нив ќе ја пронајде љубовта на својот живот. Идејата е луда... но можеби ќе успее. Ема не планира дека нејзиното следно задолжение како патувачка медицинска сестра ќе биде во Минесота, но таа и нејзината најдобра пријателка се согласуваат дека запознавањето со Џастин е повеќе од добра прилика, особено што имаат можност да изнајмат преслатка колиба на приватен остров на езерото Минетонка. Се очекува да биде кратко пријателство, само за летото. Но, кога се појавува токсичната мајка на Ема, а Џастин мора да преземе грижа за своите малолетни брат и сестри, одеднаш се справуваат со многу повеќе од очекуваното вклучувајќи ги и вистинските чувства еден за друг. Што ако овој пат судбината навистина ги спојува сродните души?",Љубовни романи,Аби Хименез,Арс ламина,,,450 ден.
ЗАСОЛНИШТЕ ВО ВРЕМЕТО,"„Непрекинато произведуваме минато. Ние сме фабрики за минато. Живи машини за минато, што друго. Јадеме и произведуваме минато. Дури и смртта не е решение. Човекот си отишол, а минатото му останало.Каде оди после сето тоа лично минато? Го купува ли некој, го собира ли, го исфрла ли? Или ќе се тркала како стар весник, потфрлан од ветрот по улицата. Каде одат сите оние започнати и недовршени приказни што уште крвават, сите оставени љубовници, „оставени“ – зборот не е случаен, касапски збор.
Дали минатото се разградува или останува практично непроменливо како најлонските ќеси, труејќи бавно и длабоко сѐ наоколу. Не треба ли да има некаде и фабрики за рециклирање на минатото? Може ли воопшто да се направи нешто друго од минатото, освен минато? Може ли на обратен начин да се рециклира во некаква иднина, макар и вторична употреба? Ете ти прашања“.",Романи,Георги Господинов,Или-Или,,,450 ден.
СВАДБА ВО ДЕКЕМВРИ,"За Роузи не постои ништо поромантично од тоа да се омажи со љубениот на БожиЌ. Но нејзиното семејство не го дели нејзиниот ентузијазам.
Меги е во шок! Нејзината најмлада ќерка одлучила да се омажи за Божиќ. И тоа на само дваесет и две години! Дали на таа возраст човек е подготвен да се врзе за цел живот? И таа самата се омажи за Ник на тие години, па еве ги сега, веќе шест месеци живеат одвоено и се разведуваат. Сепак, за да не ги расипат празниците и венчавката, одлучуваат да се преправаат дека се сè уште вљубени еден во друг. Дали таквата блискост и зимската идила ќе им донесат втора шанса? На постарата сестра Кејти воопшто не ѝ е по ќеф што мора да го прелета Атлантскиот Океан само за да ѝ биде старосватица на сестра ѝ, но нема избор – мора да ѝ ги отвори очите пред да биде предоцна! Смета дека импулсивната, слатка Роузи прави грешка и решена е да ја спречи. Кога само згодниот кум, Џордан, би престанал да ѝ се меша во плановите…
Како што наближува датумот на венчавката, Роузи станува сè повознемирена. Дали е нетрпелива или се предомислува? Гостите полека пристигнуваат и реалноста почнува да ја притиска. Повеќе не може да го занемарува прашањето што подолго време ја мачи – дали прави грешка што ќе се омажи со човек кој го познава одвај неколку недели?
Овој Божиќ ќе биде незаборавен за семејството Вајт.",Романи,Сара Морган,Сакам книги,,,490 ден.
КУМ,,Романи,Саша Богдан,Сакам книги,,,300 ден.
АВИЈАТИЧАРОТ,"Главниот лик на романот, Инокентиј Петрович Платонов, се буди во болнички кревет и сфаќа дека не се сеќава на ништо – ни на своето име, ни како завршил тука. По предлог на својот лекар, ќе започне да го запишува секој детаљ што ќе се врати од неговото сеќавање. Платонов создава калеидоскоп од слики, лица, зборови, мириси, звуци и случувања поврзани со животот на еден млад човек во екот на Руската револуција, болшевизмот, необолшевизмот и анархијата… Иако поголемиот дел од неговото минато се однесува на почетокот на XX век, Платонов насетува дека се разбудил во едно друго време… На апчињата покрај неговиот кревет пишува дека е 1999 година?!
Во Русија нарекуван „Умберто Еко“, во Америка „рускиот Маркес“, Водолазкин со овој роман го оправдува и го потврдува епитетот гениј, создавајќи проза за сеќавањето и простувањето, за вината и невиноста, истовремено обликувајќи ја нежно и тажно, со силна духовна и литерарна димензија, претставувајќи го најмрачниот период на руската историја низ индивидуална судбина, зашто, како што и самиот вели, „политиката е на маргините во однос на она што се случува во душата на човекот“.
Дали Платонов ќе успее да се приспособи на својата нова реалност?",Романи,Евгениј Водолазкин,Антолог-Боокс ДООЕЛ,,,350 ден.
ЗАТОА ШТО ТЕ ЉУБАМ,"Трогателна човечка приказна во која се обединети трите најважни елементи во животот на секој човек: Љубовта на родителите кон децата, што би направиле за некого што го сакаме и неизбежното прашањето за смртта? Волшебна љубовна приказна која ве вовлекува во мистеријата и ве држи во неизвесност се до самиот крај, кој нема така лесно да го заборавите.",Романи,Гијом Мисо,Топер,,,240 ден.
НОЌТА КОГА ДОЈДОА СВАТОВИТЕ,,Романи,Јелена Бачиќ Алимпиќ,Матица,,,390 ден.
КУЌАТА НА ТЕТКА МИ,"Сара сè уште е тинејџерка, но еден летен ден при посета на нејзината тетка добива предлог кој бара голема одговорност. Таа го прифаќа без многу размислување. Додека тетка ѝ престојува кај својот син во странство на неодредено време, таа ќе биде задолжена за одржување и надгледување на куќата. Тетка ѝ ѝ навестува дека куќата еден ден ќе ѝ припадне нејзе ако постапува како што треба.
Уште првиот ден кога Сара доаѓа да ги изврши своите одговорности, забележува чудни работи кои се случуваат внатре. Всушност, доаѓа до сознание дека секогаш е наградена на одреден начин кога постапува како што е потребно. Во моментот кога ја открива скриената соба со книги, мистериите се продлабочуваат, а Сара стои пред големи внатрешни предизвици кои понатаму ја дефинираат како личност, но го одредуваат и резултатот од договорот со тетка ѝ.
„Куќата на тетка ми“ е едноставно четиво кое има за цел да му овозможи на читателот да нурне внатре во себе и да посегне по креирање на личноста според вредности на едни поодминати времиња кои делумно или целосно се избришани од новите трендови.",Романи,,Антолог-Боокс ДООЕЛ,,,250 ден.
НЕВИДЛИВ,"Приказна за едно дете кое, раководејќи се од најлошиот советник – стравот, посакува да има супермоќи како суперхероите од стриповите што ги чита. Го прави тоа за да се спаси од насилството што го трпи од соучениците. Посакува да стане невидливо, како механизам за бегство, за заштита од суровата реалност што го опкружува, без да биде свесно дека всушност страда. Детето не добива помош од никој, бидејќи е невидливо за сите оние што гледаат што се случува но претпочитаат да не видат, за сите што не сакаат да гледаат и ја вртат главата настрана, и за сите што гледаат но се плашат или едноставно мислат дека тоа не е нивен проблем. Како што вели и самиот автор: „Никој не е невидлив ако другите не му помогнат да биде невидлив“.
Невидлив е приказна раскажана низ призмата на насилникот и жртвата, неговата симпатија и пријателите, родителите и наставниците, и поучна за сите што ќе ја прочитаат.
Училишното насилство отсекогаш било присутно меѓу нас, но овој роман е напишан сега и тука, од талентиран автор што го прави ова искуство уште помоќно од она во реалноста.
Романот досега има повеќе од дваесет изданија и е преведен на многу јазици. Невидлив ги добива наградите „Јолео“ и „Аче“ за 2019 година, а бил финалист и за наградата „Менхалибрес“.",Романи,Елој Морено,Антолог-Боокс ДООЕЛ,,,400 ден.
"НА ГОСПОДИН ФИЛИП, СО ЉУБОВ","Сер Филип смета дека знае сè што треба за Елоиз Бриџертон. Од преписката со далечната роднина на неговата покојна сопруга, ja замислува како повлечена стара мома која копнее да стапи во брак. Затоа, решава да ја запроси. Но… таа воопшто не е таква. Жената што стои пред неговиот праг е вистинско изненадување – не само што е убава, туку е и храбра, зборлива и мошне паметна. А секогаш кога ќе престане да зборува, тој посакува само едно – да ја бакне.
Елоиз Бриџертон никогаш не би се омажила за човек што не го познава. Но совладана од љубопитноста, се качува во кочија и тргнува во ноќта за да го запознае мажот кој се надева дека ќе биде нејзиниот совршен сопруг. Но… тој воопшто не е таков. Нејзиниот совршен партнер не би бил толку намуртен и некултурен. И несомнено требало да ѝ спомене дека има две мали и мошне немирни деца, на кои им е потребна мајка, исто колку што нему му е потребна сопруга.",Љубовни романи,Џулија Квин,Сакам книги,2024,,520 ден.
КУЌАТА НА ГЛАСОВИТЕ,,Трилери,Донато Каризи,Матица,,,490 ден.
"ПОСТАРА, НО ПОДОБРА, СЕПАК ПОСТАРА","Со разиграна духовитост, светски совети и умешни забелешки, авторките на бестселерот Како да бидеш парижанка, каде и да си се справуваат со париската уметност на стареењето.
Каролин де Мегре и Софи Мас и овој пат ве забавуваат со тоа што го кажуваат она што не очекувате да го слушнете, но на начин на кој сакате да го чуете. Овој пат откриваат како ги менуваат омилените навики на лоши девојки и палавите размислувања сега кога веќе се госпоѓи, а не госпоѓици.
Овие боемски парижанки даваат совети за љубовта, заведувањето, модата и љубовните состаноци, но и за семејството, работата, живеењето сама и прифаќањето на несовршеностите.
Овој смел водич вешто фрла светлина врз тоа што значи да бидеш целосно созреана жена.",Романи,Каролин Де Мегре Софи Мас,Конгресен Сервисен Центар,,,700 ден.
ВИДИ МЕ,"Колин дава сѐ од себе за максимално да ја искористи добиената втора шанса. На 28 години, фокусиран е строго на чекорење по вистинскиот пат – учи за да стане наставник, посветено вежба во вежбалница секој ден и ги избегнува сите места и луѓе кои биле крајно деструктивни во неговиот живот претходно. Ако нешто не му треба во оваа фаза, тоа е сериозна врска. Но кога случајно ја сретнува Марија Санчез една врнежлива вечер во Северна Каролина, неговите планови ќе се разнишаат до степен што ќе ги протресе дури и темелите на неговиот внимателно структуриран живот. А пак за Марија, вредна адвокатка и ќерка на имигранти од Мексико, Колин е предизвик за сѐ што сметала дека знае за себе и за иднината, некој кој ќе ја натера да се запраша што навистина ја усреќува.
Меѓутоа, пред да добијат шанса да замислат како би можел да им изгледа заедничкиот живот, почнуваат да се појавуваат злокобни потсетници на настани од минатото на Марија. И кога опасноста почнува да ја демне на секој чекор, судбината ги тестира двајцата на страшни начини. Дали демоните од минатото ќе го уништат она меѓу нив или љубовта ќе ги штити дури и во најмрачниот час?
Види ме е приказна за опсесија, нови шанси и љубов која ги покорува сите очекувања, потсетувајќи нѐ дека судбината често лежи токму во нашите раце.",Љубовни романи,Николас Спаркс,Сакам книги,,,590 ден.
КЛАРА И СОНЦЕТО,"Сонцето секогаш наоѓа начин да допре до нас.
Од авторот на „Никогаш не оставај ме“ и „На крајот од денот“ – прва книга на Казуо Ишигуро по добивањето на Нобеловата награда за литература, фасцинантно дело за чудесната и мистериозна природа на човековото срце.
Клара е она што во чудесниот и футуристички свет на Ишигуро се нарекува ВП, вештачки пријател – човеколик робот кој родителите им го купуваат на децата за да им овозможат друштво и поддршка. Хранејќи се со сончевите зраци во излогот на продавницата, набљудувајќи ги луѓето и сѐ повеќе разбирајќи ги нивните чувства, Клара надежно чека некој да ја вдоми.
Во мигот кога четиринаесетгодишната Џози решава токму Клара да биде нејзина пријателка, односот меѓу роботот и човекот добива друга димензија, а книгата станува преиспитување на емоциите. „Клара и сонцето“ е возбудлива книга со специфичен наратор, која ни овозможува од поинаков агол да проникнеме во едно од суштинските прашања на постоењето: што значи да се сака?
„Нежна, но вознемирувачка приказна натопена со тага и надеж.“
Вашингтон пост
„Богатиот внатрешен свет на протагонистите на Ишигуро е носител на една голема порака, исто како и тивките и остроумни преиспитувања за човечката природа приземјени со возвишената сила на Клара... Оваа книга е слоевита синтеза од жанрови што навистина маѓепсува.“
Паблишерс викли",Романи,Казуо Ишигуро,ТРИ,,,500 ден.
ПРИКАЗНА ЗА ИЗГУБЕНОТО ДЕВОЈЧЕ,"Книгите се пишуваат за да се каже она што се мисли, а не за да се прикрива вистината.
Четврта, завршна книга од Неаполскиот серијал. Величествено финале на најголемата книжевна сага на 21 век.
Брилијантната Елена и нескротливата Лила веќе се во зрели години. Низ сите голготи што им ги приреди судбината, нивното пријателство беше центарот на гравитацијата околу кој се движеа нивните животни приказни. И кога се чини дека сите лекции се научени и сите болки се веќе преболени, се соочуваат со најголемата загуба.
Двете жени се бореа да избегаат од маалото во кое пораснаа. Елена се омажи и се пресели, објави неколку книги, но се врати во Неапол за да биде со мажот што го сака. Од друга страна, Лила никогаш не успеа да се ослободи од своето минато. Иако сиот живот се обидуваше да го избегне, сега станува незапирлив водач во тоа окружување и успешен претприемач. Сѐ до кобниот ден...
Наспроти заводливата и опасна заднина на Неапол, приказната за пријателството е раскажана со неповторлива искреност и красноречивост. Сите четири дела од оваа сага создаваат незаменлива приказна која со секое навраќање им носи на читателите нови откритија.
„Неверојатен завршеток на најбараната сага за силната пријателска врска меѓу две жени, од горчливото детство во Неапол до нивните зрели години.“
Паблишер викли
„Беспрекорен, зачудувачки книжевен еп.“
Њујорк тајмс
„Секој треба да ги прочита книгите на чии корици стои името Феранте.“
Бостон глоуб",Романи,Елена Феранте,ТРИ,,,600 ден.
ЗЕМЈА,"Најбогатиот човек на планетата создава ријалити шоу што будно го следи целото човештво на малите екрани и преку социјалните мрежи.
Медиумскиот магнат испраќа осуммина на Марс за да ја создаде првата колонија надвор од Земјата, но без шанси да се вратат. По неговата смрт, неговите деца, син и ќерка, веќе возрасни луѓе, треба да завршат игра почната во детството што тој ја дизајнирал. Наградата за успешно завршената игра е исполнување на најголемата желба на секој од нив… Но ништо не е како што изгледа и вистината станува сложена загатка што треба да се открие, за да сфатиме на крајот дека главниот проблем кога ја бараме вистината настанува кога ќе ја најдеме и не знаеме што да правиме со неа. Роман за моќта на телевизијата и на социјалните мрежи и за негрижата за планетата што ќе го промени твоето гледиште на светот.",Романи,Елој Морено,Антолог-Боокс ДООЕЛ,,,600 ден.
БЕЛИ НОЌИ СЛАБО СРЦЕ КРОТКА,"Три повести кои се сметаат за едни од најдобрите на Достоевски!
„Бели ноќи“ (1848)
Млад маж шета по улиците на Санкт Петербург, размислувајќи за својата осаменост, кога налетува на уплакана млада жена. Придружувајќи ја до дома, започнуваат разговор и стануваат пријатели. Оттогаш се среќаваат ноќе за да си поприкажат. Јазикот и стилот прават читателот да ги почувствува опишаните сцени на своја кожа, продирајќи во најтемниот, недостапен слој на човековата душа.
„Слабо срце“ (1848)
Почетокот на расказот е брз како и целото дејство: полетната желба за брак на Васја Шумков го вивнува во облаци, по што ни неговиот пријател, Аркадиј Иванович, не може да го смири. Таквата избрзана одлука буквално ги крши срцето и умот на Васја, чијашто искрена намера направила да потклекне пред горчината што следува.
„Кротка“ (1876)
Истражувајќи го односот на „тиранин“ и „жртва“ врз примерот на едно обично семеjство, Достоевски ни ја разоткрива и изложува на виделина душата на главниот лик кој се соочува со огромна трагедија – ненадејното самоубиство на неговата млада сопруга. Читателот станува сведок на испрекинaт внатрешен монолог на човек соочен со своите мисли и тага, со длабочината на својот очај.",Романи,Фјодор Михајлович Достоевски,Антолог-Боокс ДООЕЛ,2024,175,350 ден.
ЉУБОВ НА ВТОР ПОГЛЕД,"Како се запознавте? Тоа е едно од основните прашања кои им се поставуваат на сите парови. И одговорот обично е некоја романтична приказна, стрелата на Купидон ги погодила во задникот, се вљубиле на прв поглед. Нашето запознавање беше многу поинакво. Шетав низ едно богато соседство во Беверли Хилс во потрага по маж, само за да ја направам љубоморна мојата смртна непријателка која штотуку ме отпушти од работа. Тој пак нервозно шеташе, мрморејќи за некоја пропадната зделка на работа додека се обидуваше да смисли како да се извлече од настанатиот проблем.
И така налетавме еден на друг. Немаше искри. Апсолутно ништо што укажуваше на тоа дека помеѓу нас би можело да се роди нешто. Но дур се свестам, лапав бесплатен ручек и го слушав како ми се отвора за своите проблеми кои водеа до чуден предлог… тој сакаше да бидам неговата Вивиен, знаете, од филмот Убава жена – само без безобразниот дел. Требаше да живеам во палата, да одам на состаноци во пар и да се преправам дека сме лудо вљубени и… свршени. Каква бесрамност. Но луѓето прават луди нешта кога се очајни. А јас корнев на очај. Па, склучивме договор.
Но направив и една голема… не, ОГРОМНА грешка. Случајно се вљубив во непоправливиот Хаксли Кејн.",Љубовни романи,Меган Квин,Сакам книги,,,590 ден.
ПРЕМЕСТУВАЊЕ НА СОНИШТАТА,"Габриела, Анастазија и Катарина. Три жени и три сопруги. Три животи и три лаги.
Габриела навидум има совршен живот. Таа е учителка, има добар и внимателен сопруг, но го напушта зашто не може да ги поднесе демоните од минатото. Анастазија е домаќинка чиј сопруг починал. Живее сама, без роднини и пријатели, и целиот живот му била слугинка на посесивниот и агресивен партнер. Катарина е работничка во пералница која се обидува да ја најде радоста на животот за себе и за својот син, но не може зашто опстојува во страв и бегајќи од мажот кој ја злоставува.
Сите три жени имале соништа кои не се оствариле, секоја од нив е предадена од оној кој го љубела, оној кој требало да им биде потпора, секоја од нив најмногу страда токму меѓу ѕидовите на домот, а нивните сопрузи се штитени од сите – од роднините, од пријателите, од општеството…
Михаела Гашпар им дава глас на оние кои не зборуваат, на оние кои се срамат од своите модринки и рани, на оние кои стравуваат за својот живот и на оние кои се предадени од најблиските.",Романи,Михаела Гашпар,Антолог-Боокс ДООЕЛ,,,350 ден.
СТЕПСКИОТ ВОЛК,"Навистина, не е мудар оној што не ја познава темнината.
Растргнатоста на духот на човекот, кој во реалноста е степски волк, див и чуден, ги одразува феномените и струите на современото општество што се критички настроени кон културата на 20 век. Со спојот меѓу источниот мистицизам и западното општество, најпознатото дело на Хесе е едно од најпоетските книжевни евокации на патувањето на душата до конечното ослободување.
Оваа фаустовска приказна го следи патот на Хари Халер, кој во состојба на целосно отуѓување од буржоаскиот свет, страда од длабок внатрешен конфликт. Во голем дел автобиографски, Степскиот Волк поседува длабока мудрост што ги воодушевува читателите дури и цел век по објавувањето. Преводот на Емилија Томовска-Бојковска, закитен со наградата „Божидар Настев“, ни го доближува овој фасцинантен роман за болестите и за осаменоста на човечката душа.
И самиот Херман Хесе минал низ многу лични кризи и преобразби, што се одразуваат во неговите дела, за кои ја добил Нобеловата награда за литература. Човекот е обид и премин, тој не е ништо друго освен тесен, опасен мост меѓу природата и духот. Овој интимен приказ на човекот кој се чувствува себеси како получовек-полуволк, го доловува расположението на една цела незадоволна генерација растргната меѓу минатото, сегашноста и иднината.",Библиотека Безвременски,Херман Хесе,ТРИ,2024,292,400 ден.
ЕХО НА СПОДЕЛЕНОТО ЛУДИЛО,"Елза Вилоу е очајна откако ќе дознае за смртта на својот сакан сопруг.
За чудо, телото го нема никаде – само локва крв и извадено човечко срце во неговиот кадилак. Таа паѓа во очај и е подготвена на сè за да дознае кој и зошто го има убиено Морган и дали тој навистина е мртов. Сосема случајно открива поврзаност помеѓу сопругот и Брент Брајсон – поранешен криминалистички психолог чија осумгодишна ќерка исчезнала под мистериозни околности. Младиот пензионер Брент е чуден, енигматичен, несекојдневен и претерано богат. Уверена дека потенцијалното убиство на Морган и исчезнувањето на Џозефин се поврзани, таа го убедува да започнат потрага по вистината за нивните сакани. За време на патувањето ги откриваат своите мрачни тајни од минатото, се приврзуваат еден со друг, чувствата добиваат предност пред нивната кауза, но и покрај тоа не се откажуваат од целта – да ја дознаат вистината за Морган, Џозефин и нивната поврзаност.
Интересни и мрачни случки, многу лаги и измами, тајни кои испливуваат на виделина, многу љубов и малку еротика, неочекувани пресврти и нераскинлив јазол на поврзаност помеѓу сите ликови кои ги запознаваме додека приказната се развива како на филмска лента.
Никогаш не треба да заборавиме дека ние луѓето сме премногу ранливи и кршливи. А кршливоста резултира со неизбежно лудило. Како да се справиме со лудилото? Дали е подобро да се сподели или треба љубоморно да се чува?",Романи,Благоја Стојков,Антолог-Боокс ДООЕЛ,,,400 ден.
БУРМАНСКИ ДЕНОВИ,"Сместен во измислената област Кјауктада во Горна Бурма, во тоа време британска колонија, романот ја раскажува приказната за Флори, 35-годишен англиски трговец со дрво, кој го поминал својот возрасен живот во Бурма. Романот се фокусира на потрагата на осамениот Флори по жена која ќе може да ги следи неговите нетипични ставови во врска со домородното „обоено“ население.
Флори е вовлечен во смртоносно ривалство кога се спријателува со Верасвами, индиски лекар, кој е под лупа на корумпиран судија. Флори и пркоси на конвенцијата на империјалниот фанатизам во Бурма нудејќи му да му помогне на својот нов пријател, но последиците за него и Елизабет, жената што ја сака, ќе бидат експлозивни.",Романи,Џорџ Орвел,Икона,,,699 ден.
КАМЕНАТА ДЕВОЈКА,"Некаде во раскошните убавини на Велмир, меѓу ридовите и долините каде што никакви градови, ниту пак селца не можеа да се забележат во близина, живееше волшебникот кој се трудеше да заборави сѐ, па дури и сопственото име. Скршен и напуштен од најголемата љубов на неговиот живот, Ленора – која исчезнала без трага и глас и никој не знае дали воопшто е жива, волшебникот ги минува своите денови читајќи книги и разговарајќи со многу нетипична соговорничка – една камена статуа.
Сѐ до еден ден кога ќе сфати дека мора да го промени својот живот и ќе реши повторно да се занимава со веќе подзаборавената вештина на правење магии… за да ја оживее камената девојка.",13 +,,Чудна шума Дооел,,,550 ден.
СИТЕ ОПУСТОШЕНИ МЕСТА,"1946 година. Три години по катаклизмичниот настан кој им ги разнишува животите од корен, мајка и ќерка бегаат во Париз со куфери полни срам и страв, не знаејќи колку е всушност тешко да му се побегне на минатото.
Речиси осумдесет години подоцна, Гретел живее живот кој е далеку од нејзиното трауматично детство; мирен и удобен, и покрај нејзиното мрачно и вознемирувачко минато. Таа не зборува за бегството од нацистичка Германија, не зборува за тешките повоени години во Франција, но најважно, не зборува за татко ѝ, командант на еден од најозлогласените логори на Рајхот.
Кога во нејзината зграда во Лондон се вселува нов пар, појавувањето на нивниот деветгодишен син Хенри ѝ враќа спомени кои повеќе би сакала да останат закопани. Но посилно е од неа, па Гретел се спријателува со момчето. Една вечер, таа е сведок на вознемирувачка, насилна расправија помеѓу прекрасната мајка на Хенри и неговиот арогантен татко. Соочена со изборот помеѓу сопствената безбедност и неговата, Гретел се враќа на слични крстопати како многу одамна. За да му помогне на момчето, треба да ги открие тајните кои ги чува целиот свој живот. Но овој пат може да донесе поинаква одлука од претходно – без оглед на цената која ќе треба да ја плати за храброста…",Романи,Џон Бојн,Сакам книги,,,550 ден.
ОЛГА,"„Шлинк беше и остана автор за читатели кои сакаат интелигентно раскажани приказни. Таквите читатели нема да бидат разочарани од Олга“.
Tages-Anzeiger, Zurich
„Во овој возбудлива роман Бернхард Шлинк ги оживува последните траги на една неисполнета љубов, со неговиот препознатлив печат – софистицираната носталгија“.
Le Nouvel Observateur
„Со овој роман авторот на бестселерот „Читачот“ им оддава признание на сите жени кои биле потиснати во своето време и кои можеле да извршат големи дела“.
Vocable, Maubeuge",Романи,Бернхард Шлинк,Или-Или,,,390 ден.
АТЛАС - ПРИКАЗНАТА НА ТАТЕ СОЛТ,,Романи,Лусинда Рајли Хари Витакер,Матица,,,940 ден.
ОСТРОВОТ НА ИСЧЕЗНАТИТЕ ДРВЈА,"Легендите постојат за да ни го раскажат она што историјата го заборавила.
Во 1974 г., на островот Кипар, Гркот Костас и Турчинката Дефне кришум се среќаваат во меаната Среќна смоква среде која се извишува едно дрво – сведок на војната што се разгорува на островот и на неговата поделба, кога младите се принудени да се разделат.
По дваесетина години Костас се враќа во Никозија како успешен ботаничар и ја наоѓа својата изгубена љубов. Заминуваат за Лондон, со едно гранче од старата смоква... По 16 години, соочена со загубата на мајка си, нивната ќерка очајно трага по одговори. А единствената врска што ја има со земјата на своите предци е смоквата во дворот и една неочекувана гостинка за новогодишните празници. Со своите вкусни кипарски рецепти, бучен карактер и топлина, таа го извлекува семејството од зачмаеноста и ги расветлува годините на тајни, разделби и тишини.
Раскошна, магична приказна за припадноста и идентитетот, љубовта и траумата, сеќавањето и заборавот, уништувањето на човештвото и природата, и најпосле, за обновата и зацелувањето.
„Прекрасен и трогателен роман за мрачните тајни на граѓанските војни и злата на екстремизмот: Кипар, љубовници од различни вери, оштетени деца, откоренување – и замислете, еден од ликовите во книгата е смоква!“
Маргарет Атвуд, Твитер",Романи,Елиф Шафак,ТРИ,,,500 ден.
ЧЕРНОБИЛСКА МОЛИТВА,"Гласови на жени сведоци на грозоморното умирање и распаѓање на телата на нивните сопрузи погодени од радијацијата. Жена што добива рак од седењето покрај креветот на кој спиел нејзиниот сопруг. Гласот на таткото што ја закопал својата ќерка, почината од болест што не постои. Гласот на старата жена што не може да сфати зошто мора да ги напушти селото и својата градина кога во неа сè расте и сè цвета. Во овој свет сè изгледа сосема нормално затоа што злото се крие зад маска и никој не може да го препознае, да го види, да го слушне, да го допре или да го помириса. А сè може да убие – водата, почвата, јаболкото, дождот.
Алексиевич нагласува дека ова не е книга за Чернобил, туку за последиците од Чернобил, за луѓето што живеат во нова реалност, која никако не можат да ја сфатат. Оние што го преживеале Чернобил се преживувачи на атомската Втора светска војна.
Уметноста многу пати вежбала апокалипса и нудела различни технички верзии на судниот ден, но сега со сигурност знаеме дека животот е многу пострашен писател. За оваа тема не смее да се молчи, а овие приказни не смеат да бидат заборавени од времето.",Романи,Светлана Алексиевич,Антолог-Боокс ДООЕЛ,,,350 ден.
АРХИПЕЛАГОТ ГУЛАГ ТОМ 2,"Архипелагот Гулаг не е митско место не е измислена земја. Тој е систем од затвори логори кампови и работнички колонии во кои милиони луѓе ги загубија своите животи. Измислен е само терминот зашто беше одраз на еден нов феномен – прогонство и уништување на сите кои со збор или постапка се пројавувале против постојниот модел на владеење. Одраз на едно време во кое кажаниот збор можел да биде платен со сопствениот живот. Протестот на Солженицин против тоа владеење е крик на модерното општество крик против политичкиот но и против моралниот погром на сите оние кои мислат поинаку.
Архипелагот Гулаг е еден од најдраматичните документи за темната страна на XX век, и затоа има суштинско значење за разбирање не само на руската туку и на светската историја. Тој е сведоштво за страдањата на милиони непознати луѓе, запишан со едно јасно предупредување – дека човекот е способен за најужасни злосторства, спрoведувани со прецизна бирократска доследност. Но ова не е само книга на страдањата туку е и книга на катарзата која се состои во јасната порака на авторот – дека и во најтешките ситуации, човек мора да најде сили за да се крене од прегратките на смртта и да ја зачува вредноста на постоењето.",Историски романи,Александар Солженицин,ТРИ,,,600 ден.
ЧОВЕК БЕЗ СВОЈСТВА,"Романот Човек без својства на австрискиот писател Роберт Музил е едно од големите ремек-дела на европската литература од XX век. Во него авторот скицира детален портрет на европскиот дух пред почетокот на Првата светска војна. Дејството на романот се случува во Австрија но Виена на Музил е симулакрум на целокупната општествена политичка културна и духовна состојба во која живее модерниот Европеец. Во Човек без својства Музил вешто создава некои од најмаркантните и незаборавни книжевни ликови. Улрих главниот лик во овој роман е еден од најчесто истражуваните и толкувани ликови во историјата на книжевната критика и често се споредува со Јозеф К. од Процес на Кафка со Леополд Блум од Улис на Џојс или со Марсел од Во потрага по изгубеното време на Пруст.Човек без својства е мајсторски изградена мешавина од роман, есеј, политичка сатира, историска хроника и филозофска расправа и токму поради тоа преставува вистински интелектуален предизвик за секој читател, но исто така и неизбежна лектира за секој сериозен познавач на книжевноста.",Романи,Роберт Музил,ТРИ,,,650 ден.
ТЕ НЕМА НИКАДЕ,,Романи,Јелена Бачиќ-Алимпиќ,Матица,,,450 ден.
СО СЕКОЈ ЗДИВ,"Хоуп Андерсон се наоѓа на крстопат. На триесет и шест години, таа веќе е во врска со своето момче, хирург-ортопед, цели шест години. Бидејќи сѐ уште нема свадба на повидок, а дознаваат дека нејзиниот татко боледува од АЛС, таа решава да помине една недела во семејната викендичка во Сансет Бич, Северна Каролина, за да ја подготви за продажба, но и да размисли за сите тешки одлуки поврзани со иднината.
Тру Волс никогаш претходно не бил во Северна Каролина, но доаѓа во Сансет Бич поради писмо од човек кој тврди дека му е татко. Тру е сафари водич, роден и пораснат во Зимбабве, кој се надева дека ќе успее да открие дел од мистериите околу животот на мајка му и да врати спомени изгубени со нејзината смрт. Кога на двајцата туѓинци им се вкрстуваат патиштата, нивната хемија е електрична и незамислива… но во деновите кои следат, нивните чувства ќе бидат принудени да им отстапат место на семејните должности наместо на личната среќа.
Колку може да биде срцепарателно каењето, колку долго може да преживува надежта? Со секој здив е приказна која ги истражува многуте лица на љубовта и лојалноста, поставувајќи го прашањето: Колку долго може да живее еден сон?",Романи,,Сакам книги,,,450 ден.
ПАЧИНКО,"Можеше да има неколку победници и многу губитници. А сепак продолжувавме да играме затоа што имавме надеж дека ние би можеле да бидеме среќниците.
Ремек-дело за припадноста, интегритетот, лојалноста и амбицијата. „Пачинко“ е роман за дискриминацијата и за егзилот, за надежта да се преживее и да се напредува пред рамнодушната историја.
Приказната почнува во времето на окупацијата на Кореја од Јапонија, во сиромашното семејство на еден рибар. Неговата ќерка, тинејџерката Сунча, се вљубува во еден богат странец на брегот, близу нејзиниот дом. Тој ѝ го ветува светот, но кога таа открива дека е бремена и дека нејзиниот љубен е женет, одбива да биде откупена. Наместо тоа, ја прифаќа брачната понуда од еден љубезен човек кој патува кон Јапонија. Нејзината одлука го означува почетокот на една драматична сага за луѓе кои не можат да се вратат во родниот крај во кој беснее војна, кои се принудени да живеат во место каде што не се прифатени.
Оваа повеќеслојна и трагична приказна нè носи од напуштените улици до ходниците на најпознатите универзитети во Јапонија. Таа е доказ дека една семејна приказна може да ја раскаже историјата на цел народ. „Живописна и извонредна, книгата Пачинко е богатo признание за луѓето чија историја се чини дека се брише.“  Гардијан
„Проблемите со кои се соочуваат имигрантите вознемируваат, но приказната е онаа која плени.“ Пипл
„Моќна приказна за издржливоста и сочувството.“ Барак Обама",Романи,Мин Чин Ли,ТРИ,,,600 ден.
ПРИКАЗНАТА НА РОБИНКАТА,"Приказната на робинката е дистописки роман, сместен во блиска иднина во една тоталитарна христијанска теократија која извршила преврат врз американската влада. Романот е психолошко „реалистично“ и убедливо истражување на еден спротивен свет, кој во себе има значајна надреална врска со реалноста. Жестоко политички и мрачен, а истовремено мудар и хумористичен, Приказната на робинката отвора голем број општествени прашања. Јазичната умешност на Атвуд блеснува низ наративот темен од терор, низ острите перцепции, свети во силните слики и саркастичната мудрост.",Романи,Маргарет Атвуд,Бегемот,,,600 ден.
НЕ СУМ ВИНОВНА,,Романи,,Матица,,,450 ден.
ЅВЕЗДЕНА ПОРТА,"Невообичаена и длабока божиќна приказна која ги навестува празничните чуда!
Приказната е раскажана од перспективата нa десетгодишната Роња, која живее со својата постара сестра Мелиса и со таткото алкохоличар. Иако сакани од таткото, сестрите се соочени со постојана закана од социјалните служби бидејќи тој нема редовна работа. Роња дознава за отворена позиција за продажба на новогодишни елки и наскоро фрижидерот е полн со храна, а таткото се враќа од работа насмеан и прекриен со борови иглички. Пресвртот се случува кога добива празничен аванс, бидејќи тој му се враќа на алкохолот. Мелиса храбро се решава да ја преземе работата, извршувајќи ја по училиште, а Роња одлучува да ѝ прави друштво. Набрзо таа станува заштитното лице на плацот каде што се продаваат елките. Двете сестри се обидуваат да го живеат животот најдобро што умеат, станувајќи си поддршка една на друга, и сонувајќи за поведри денови и судбина што ќе им даде нова шанса.Мала во обем, но со моќно дејство врз читателот, оваа книга е волшебен современ класик.",Романи,Ингвилд Х.Рисхој,Антолог-Боокс ДООЕЛ,,,300 ден.
ВИСОКИТЕ ПЛАНИНИ НА ПОРТУГАЛИЈА,"Во 1904 година во Лисабон еден млад човек по име Томаш открива дневник стар повеќе од два века. Дневникот го навестува постоењето на еден исклучителен артефакт кој може да ја редефинира историјата. Затоа Томаш тргнува да го бара ова чудно богатство со еден од првите автомобили произведени во Европа... По триесет и пет години еден патолог од Португалија опседнат со романите на Агата Кристи се наоѓа во центарот на една мистерија и на чудесен начин се соочува со последиците од потрагата на Томаш... По педесет години еден пензиониран сенатор од Канада тагувајќи поради загубата на својата сопруга оди во селото на своите предци во северна Португалија заедно со својот необичен придружник – едно шимпанзо. И тогаш потрагата која трае еден век и која е преполна со неочекувани пресврти – ќе дојде до својот крај.
Создаден од три приказни кои се преплетуваат, Високите Планини на Португалија е роман за авантури и потрага по богатство, приказна за духовите од минатото и современа бајка кој нуди одговори за тоа како луѓето се соочуваат со големата љубов и со длабоката тага. Полн со нежност, хумор, топлина и бескрајни изненадувања, романот го носи читателот на пат низ Португалија во минатиот век, но исто така и низ најнедостапните места на човековата душа.
„Јан Мартел е современиот мајстор на параболата. Повторно соочувајќи го читателот со необични луѓе и уште понеобични животни, Мартел раскажува приказни кои имаат скриени значења и филозофска длабочина.“ The New Yorker
„Новиот роман на Мартел е посветен на тагата - чувство кое го познава секој човек, а можеби и секое живо суштество на светот. За главните ликови во ова прекрасно дело, тагата станува авантура, основа на нивното животно патување.“ The New York Times",Романи,Јан Мартел,ТРИ,,,400 ден.
КУЌА БЕЗ СПОМЕНИ,,Трилери,Донато Каризи,Матица,,,590 ден.
МОРЕ НА СПОКОЈСТВОТО,"Меланхолична приказна за уништувањето на познатиот свет, патувањето низ времето и осаменоста.
Во 1912 г. 18-годишниот Едвин Сент Џон Ендру поради една непримерна изјава е протеран од своето богато семејство. Шетајќи низ шумата на малото место во кое престојува, одеднаш слуша чудни звуци на виолина. Во 1994 г. 12-годишната Винсент Смит снима мистериозно видео во шумата во близина на својот дом. Во 2020 г., по смртта на Винсент, нејзиниот брат композитор го прикажува ова видео на својот концерт. Во 2203 г. Олива Луелин ги остава сопругот и ќерката во домот на втората Месечева колонија, место со бели камења, шилести кули и артифициелна убавина, и оди на Земјата на турнеја со својот роман за пандемијата. Во него има еден чуден пасус: човек свири на виолина во густа шума кога се случува нешто необјасниво. За да открие како овие луѓе се поврзани и зошто ги слушаат истите звуци на виолина, детективот Гаспери Робертс мора да тргне на патување низ времето. Таму согледува можност да направи нешто извонредно, што ќе ја наруши временската рамка на универзумот. Но што ако нивната реалност е само симулација?
„Обединувајќи научна фантастика и одлична нарација, авторката на овој замислен свет истражува како технологијата може да ни ја контролира судбината ако заборавиме да сочувствуваме.“
Пипл",Романи,Емили Сент Џон Мандел,Паблишер,,,360 ден.
СО ОГАН И СО МЕЧ,"„Со оган и со меч“ е првиот роман од, можеби, најзначајното дело на нобеловецот Хенрик Шенкевич – „Трилогија“, која критиката ја вреднува како opus magnum на овој автор. Романот ги следи случувањата од историјата на Полска за време на козачкото востание на Хмељници (1648–1654) во Украина. Писателот, трудејќи се да поттикне патриотски чувства кај читателот, на романот му придодал карактеристики на витешки епос, вовел волшебни елементи и создал силни ликови што го репрезентираат доброто и злото.
Побунетите Козаци под водство на Хмељницки се претставени како варвари жедни за крв, а Полјаците како праведни и храбри бранители на татковината. Романот ги опишува историските личности и случувањата од полска перспектива, со голема симпатија кон полското благородништво што е индивидуализирано преку бројни епизодни личности, меѓу кои најмногу се истакнуваат ликовите на господата Заглоба и Лонгинус Подбипета, кои се прикажани како витези и бранители на христијанството, додека востаниците се обвинети за колежите, антисемитизмот и сојузот со Татарите, непријателите на татковината и на верата.
Во приказната мајсторски се преплетени голем број историски и фиктивни личности, вистински и измислени настани, како и бурната љубовна приказна на беспрекорниот витез – Јан Скшетуски и на прекрасната благородничка – Хелена Курчевичовна, кои, разделени од непријателите и злата судбина, преживуваат бројни перипетии.",Романи,Хенрик Шенкевич,Бегемот,,,700 ден.
ПЕПЕЛНИК ВО ЕДЕН ХОТЕЛ ВО СКОПЈЕ,"Во „Пепелник во еден хотел во Скопје“ Жижек посегнува по утврдените мислења на современата наука, ги сопоставува со најактуелните настани и примери денес, а како резултат на тоа се кристализира едно специфично, остроумно и контроверзно множество ставови.
Книгава е збирка во која тој подведува пет свои есеи под парадоксот што го доживеал при еден престој во Скопје, а како таква таа истовремено претставува и неизбежна обиколка околу прашањата за љубовта, сексот, психоанализата, идеологијата, филмот, книжевноста, како и политичкото минато, сегашност и иднина.
Како сублимат на неговата мисла, „Пепелник во еден хотел во Скопје“ е неопходно четиво за критичкиот ум, крајпатен знак што води кон „пробивање“ на појавата и стигнување до срцевината на стварното.",Романи,Славој Жижек,Антолог-Боокс ДООЕЛ,,,300 ден.
АХИЛОВАТА ПЕСНА,"Грција во старо време на богови и јунаци.
Поради едно случајно убиство, осамениот принц Патрокле е прогонет на дворот на кралот Пелеј и неговиот син Ахил. Така им се вкрстуваат патиштата и меѓу нив се раѓа нераскинливо пријателство. Додека растат и се воспитуваат во различни вештини, нивното другарство се продлабочува – и покрај противењето на Ахиловата мајка, суровата морска божица Тетида. Но веста за грабнувањето на убавата Елена го прекинува идиличниот живот и го обновува пророштвото дека само Ахил може да ја реши војната за нејзино враќање. Раскинат помеѓу љубовта и стравот, Патрокле тргнува со Ахил кон Троја, не знаејќи дека тие години ќе стават на проба сѐ што им е важно.
Потресна и волшебна верзија на Тројанската војна, болна приказна за љубовта, но и за непомирливата борба меѓу боговите и кралевите, спокојот и честа, бесмртната слава и човечкото срце. „
Фантастично живописна и уверлива верзија на една од најлегендарните љубовни приказни.“ Ема Донахју
„Мадлин Милер со голема имагинација и стручност ги оживува впечатливите случувања во стара Грција. Освојува сосем нова територија прераскажувајќи ја една од најстарите приказни на светот – за мажите во љубовта и војната, но и за извонредните жени.“ -Паблишерс викли
„Роман што се чита поради неговите квалитети, но ако притоа ги инспирира читателите да им се вратат на Хомер и неговите наследници, треба да му се припише и таа заслуга.“ Вашингтон индипендент ривју оф букс",Романи,Мадлин Милер,ТРИ,,,500 ден.
ИСПОВЕДИ НА ЕДЕН ПСИХОТИЧЕН УМ,"Три приказни три главни ликови еден крај.
Исповеди на еден Психотичен Ум е роман-збирка кој во себе содржи различни раскази поврзани преку еден неконвенционален заеднички крај. Приказната вклучува ликови во кои се претставени трите различни лица на еден човек, предмет на анализа на една млада девојка која го листа дневникот на својот дедо обидувајќи се да открие кој навистина бил тој.
Исповеди на еден Психотичен Ум е слика на младите, урбани луѓе кои се во потрага по своето место во новото динамично општество во кое правилата и вредностите се во голема мера разнишани.
„Со емоционално мотивираните вулгаризми, Ристевски можеби по малку наликува на извонредниот Чарлс Буковски или, поточно, по начинот на пишување, Ристевски е некаде на средина помеѓу условно вулгарната непосредност на Буковски и живиот, разговорен јазик на раскажувачот Рејмон Карвер.“ Проф. д-р Драги Михајловски",Романи,Владимир Ристевски,ТРИ,,,199 ден.
КОНТУРИ,"Необичен колаж од портрети епизоди и размисли што ги собира и раскажува една англиска писателка на своето патување во Атина каде што оди да одржи предавање на летна школа за креативно пишување. Завиени во задушливата омарнина, на екскурзиите со брод, во училницата и во развревените градски кафулиња, ги запознаваме нејзините соговорници ‒ зборлестиот сосед од авионот, учениците од секаков профил, колегите писатели и старите пријатели. И колку поизразен е нивниот глас за мистеријата на креативноста и мрачните страни на интимноста, толку повоздржана е нивната слушателка ‒ магливо огледана во нивните исповеди, сопствената животна приказна и најдлабоките чувства таа ги остава само загатнати. Отстапувајќи од традиционалниот роман според формата и техниката, Контури е зрел оглед за идентитетот и неговото обезличување, потребата од другиот и потребата од (не)искажувањето. Ремек-дело за творечкиот порив што заслужено наиде на блескави критики и номинации за повеќе книжевни признанија.„Волшебно... Контури е еден сосем поинаков роман, свет што се претопува со нашиот, но не на начинот на кој би очекувале.“Њуjоркер",Романи,Рејчел Каск,ТРИ,,,300 ден.
МАГЛА И МЕСЕЧЕВИНА,"„Магла и месечевина“ е своевиден увод во подоцнежните дела на Селимовиќ, а дел од критиката го смета и како суптилна увертира за култниот „Дервишот и смртта“.
Ова е приказна за млад селски пар кој во својот дом згрижува ранет партизан во текот на Втората светска војна. Ликовите се неверојатно психолошки прикажани, а трагичната нота демне над текот на дејството. „Магла и месечевина“ е едно од најдобрите дела со тематика од Втората светска војна – лирски, таинствен, суптилен и меланхоличен роман, но истовремено проникнат со еротски набој кој му дава дури и одредена контроверзна димензија. Ова е текст на молкот, кој чудесно се наметнува врз сè што ликовите зборуваат. Војната е вплетена и како општествена позаднина, но и како борба во самиот човек, бидејќи се прикажуваат човечките искушенија во немирни времиња, додека во совеста на ликовите се случува голем внатрешен судир.
Меша Селимовиќ изјавил дека ова е негово артистички најуспешно дело.",Романи,Меша Селимовиќ,Антолог-Боокс ДООЕЛ,,,250 ден.
ДОМОТ НА АЛЕКСАНДАР,"Клучната сцена во романот се одвива додека најголемиот светски филозоф Аристотел и најголемиот освојувач на светот Александар водат дијалог пливајќи по Прасијадското (Дојранското) Езеро. Аристотел го застапува гледиштето дека ропството е нужност за устрем на човекот кон освојување на нови предели на духот. Александар му се спротивставува на Аристотел со својот став дека кога утре ќе ги победи Хелените сите нивни робови ќе ги ослободи. Аристотел му вели на Александар да запамети дека ако ги признае другите ќе се ослабне себеси зашто не е можно од истото количество сила што постои на светот на другите да им дадеш а твојата сопствена да не се смали. Александар е уверен дека со сила можат да се освојат сите земји но со сила не може да се создаде светско царство зашто во светското царство владее светскиот дух и тоа не може да се воспостави без другите народи. Тој сака хеленскиот и македонскиот народ да живеат како браќа. Затоа вели дека кога ќе го освои сиот свет и кога ќе го воспостави светското царство ќе ги избрише сите разлики меѓу луѓето. Тогаш на светот ќе завладее големата хармонија меѓу народите. Македонија според Александар е предодредена да биде мост меѓу стариот и новиот свет но притоа заборавил да додаде (погледнато од перспективата на новата ера) дека кога ќе се согласиш да бидеш мост со самото тоа се согласуваш да те газат.
Георги Старделов
Секој сон, секоја идеја што Митко Маџунков ја развива во овој роман, особено односот меѓу учителот Аристотел и ученикот Александар, кој го надраснува учителот и на неговото учење му дава инаков дух, е од исклучителна важност за сфаќањето на овој писател.
Предраг Палавестра",Романи,Митко Маџунков,ТРИ,,,240 ден.
ТРАВНИЧКА ХРОНИКА,"Оригинален книжевен поглед со богат историографски увид за разликите во светогледите на луѓето од Истокот и од Западот на почетокот од XIX век во Босна.
Романот претставува седумгодишен летопис кој го опфаќа периодот од 1807 до 1814 година, кое е и времето на подемот и падот на Наполеон. Травник тогаш бил везирски град и во него се мешале односите меѓу француските и австриските конзули со месното население и османлиските великодостојници. Во оваа смисла, жителите на Травник се претставниците на Истокот, а францускиот конзул Давил, на Западот. Со неговото пристигнување тој станува проследувач и учесник во еден нов и дотогаш непознат, таканаречен ориентален начин на живот. На суптилен книжевен начин е нагласена непремостливата разлика помеѓу источните и западните култури.
Пишувајќи го романот за време на Втората светска војна, Андриќ користел богата документарна граѓа од сферата на историјата, етнологијата и автентични записи за личностите претставени во делото. „Травничка хроника“ е најкласичниот роман во неговото творештво.",Романи,Иво Андриќ,Антолог-Боокс ДООЕЛ,,,650 ден.
"СКБ КОЛКУ БЕШЕ ДОЦНА, КОЛКУ ДОЦНА","Колку беше доцна колку доцна е фуриозен и бескомпромисен роман во духот на модернистичката традиција и директно инспириран од творештвото на Семјуел Бекет и Џејмс Џојс.
Напишан „во еден здив“, без поделба на поглавја и паузи во нарацијата, Колку беше доцна, колку доцна претставува, всушност, тек на свеста на главниот лик Семи, кој минува низ неколку пеколни денови од својот живот. Семи има навистина ужасна седмица – се опива и додека е онесвестен го ограбуваат, му земаат сè, па дури и чевлите, а потоа го апсат полицајците и го тепаат толку дивјачки што ослепува. И тоа е само почеток на неговите проблеми, зашто слеп и претепан го фрлаат на улица, а неговата девојка одеднаш исчезнува и нема никој да му понуди барем малку помош и утеха...
Истовремено депресивен и преполн со црн хумор, романот се заокружува како потресна и трогателна човечка драма, која како вител го вовлекува читателот во своите скриени длабочини.
„Роман кој на најнеочекуван начин од мрачен реквием се трансформира во химна на животот. Ако на првите неколку страници го мразите и не го разбирате Семи, на последните страници ќе плачете поради него, затоа што веќе сфаќате дека полека почнува да ви недостига.“ Сандеј телеграф",Романи,Џејмс Келман,ТРИ,,,450 ден.
САМО ТАА ОСТАНА,"Сите мислат дека Ленора Хоуп е убиец.
Кога нејзиното семејство било масакрирано, таа била единствената што останала жива во текот на трагичната ноќ.
Повеќе од пет децении подоцна, нема и парализирана, седи врзана за инвалидска количка. Ленора никогаш немала можност да ја каже својата страна на приказната, сѐ додека нејзината нова негувателка, Кит, не ѝ донесе дактилографска машина. Со еден функционален прст, Ленора почнува да пишува: „Сакам да ти кажам сѐ.“
Додека Кит ѝ помага на Ленора со пишувањето, станува јасно дека приказната крие повеќе од тоа што сите мислат. Но, кога на виделина излегуваат нови детали, Кит почнува да се сомнева дали Ленора ја кажува целата вистина. Дали жената за која се грижи можеби е многу поопасна одошто си мисли?",Трилери,Рајли Сејгер,Антолог-Боокс ДООЕЛ,,,500 ден.
ПТИЦИ ВО УСТАТА,"Хипнотизирачките приказни во „Птици во устата“ го пробиваат реалното со застрашувачка жестина. Сурови, несекојдневни, необични: чудното напати се наметнува во нив со банално и премолчено сомневање. Кај други, пак, со насилна и неповратна густина, како во кафкански кошмар.
Наградена со „Каса де лас Америкас“ во 2008 година, оваа книга со 18 раскази ја поминува тенката линија што го дели фантастичното од реалното, натприродното од секојдневното, со еден флуиден и прецизен стил и со конкретна визија на светото, што потврдува дека Аргентинката Саманта Швеблин е еден од најважните и најоригиналните раскажувачи од својата генерација прозаисти на шпански јазик.",Романи,Саманта Швеблин,Македоника Литера,,,200 ден.
БАБА МИ ВЕ ПОЗДРАВУВА И ВИ СЕ ИЗВИНУВА,"Шармантен роман за девојче чија баба умира и остава зад себе серија писма, испраќајќи ја малата внука на патување што го оживува светот на бајките измислен од нив двете.
Елса има седум години и е поинаква од своите врснички. Нејзината баба има седумдесет и седум години и е тотално откачена. На пример, има навика од својот балкон да гаѓа непознати луѓе со пејнтбол-топчиња. Две различни, а блиски перспективи. Бабата е најдобрата другарка на Елса. Всушност, единствената другарка.
Ноќе Елса се засолнува во приказните на баба си, во чудесната Земја на речиси будните и во кралството Мијама, каде што сите се поинакви и никој не мора да биде нормален. Кога бабата умира, остава куп писма со кои им се извинува на луѓето на кои им згрешила во животот. Со писмата започнува најголемата авантура на Елса.
Со комична точност и со исцртување сосема нова реалност, Бакман нуди приказна за животот и смртта и за едно од најважните човекови права: правото да се биде различен!",Романи,Фредрик Бакман,Антолог-Боокс ДООЕЛ,,,500 ден.
ВО ВРЕМЕ НА ЕПИДЕМИЈА,"„Не се плашам да се разболам. Тогаш од што се плашам? Од сѐ што епидемијата може да промени. Да открие дека оклопот на човештвото што го знам е кула од карти. Се плашам од поништување, но и од неговата спротивност: дека стравот ќе помине без да нѐ промени однатре“ – пишува Паоло Џордано во своите есеизирани и луцидни приказни од својата карантинска епизода.
Книжевниот бум во светот, книгата на Паоло Џордано, „ Во време на епидемија"" авторот ја пишува во еден здив, за време на карантин. Таа е исклучително елегантна и суштинска со есеизирано раскажување и со размислувања за сосема новата ситуација и за трансформациите на современото општество и културата. Претставува фантастицен уметнички и психолошки збир на есеизирани и луцидни епизоди од карантинската приказна на авторот. Широкиот опсег, капацитетот и здивот на оваа книга веднаш беа разбрани во целиот свет и духот на оваа книга се чувствува во многу земји, затоа што сите се соочуваат со глобална криза.",Романи,Паоло Џордано,Македоника Литера,,,150 ден.
ЗНАМ ЕДНА ТАЈНА,,Трилери,Тес Геритсен,Матица,2024,,490 ден.
ЧУВАРОТ НА КРОКОДИЛИ,"Кога фикцијата и реалноста се пресретнуваат, границата меѓу нив може да биде крајно смртоносна.
Во центарот на Копенхаген, млада студентка е пронајдена брутално убиена во нејзиниот стан, а нејзиното лице обележано со чудни исеченици. Инспекторот Јепе Корнер и неговата партнерка Анет Вернер, одговорните на случајот, брзо откриваат дека минатото на жртвата е полно со мрачни тајни. Сопственичката на куќата и сосетка, Естер, пишува роман кој до најситен детаљ го раскажува убиството. Дали се работи само за обична случајност или макијавелистички план?
Јепе и Анет мораат да нурнат подлабоко во минатото на двете жени за да го откријат идентитетот на суровиот манипулатор кој остро ги влече конците во овој возбудлив трилер.
Скандинавска приказна која ќе ве остави без сон.",Романи,Катрин Енгберг,Сакам книги,2024,335,450 ден.
ВЕНЧАНИ ДО ИЗГРЕЈСОНЦЕ,"Toj e сè што таа сака да избегне. Кетрин Маркс веќе две години работи како придружничка на сестрите Хатавеј. Ужива во работата, која сепак има една голема мана: постариот брат, Лео Хатавеј, е неподнослив. Тешко ѝ е да поверува дека зад нивните жестоки препирки би можело да се крие привлечност. Но, кога една од нивните расправии завршува со ненадеен бакнеж, Кет е шокирана од својата реакција – а уште повеќе, од неговиот предлог да се впуштат во опасна врска.
Таа воопшто не е таква каква што изгледа. Достоинственото однесување на Кетрин крие тајна што би jа уништила. За Лео, таа е како забрането овошје – неодолива и мистериозна, фатална комбинација за човек кој решил никогаш повеќе да не сака и кој се наоѓа во безизлезна ситуација. За една година тој мора да се ожени и да добие дете, инаку семејството ќе ги изгуби наследството и домот. Опасноста што Кет се обидува да ja избегне се заканува засекогаш да ги раздели. Освен ако непопустливите љубовници не научат начин да ги победат сенките на минатото и да ѝ се препуштат на страста.",Љубовни романи,Лиса Клејпас,Сакам книги,2024,,470 ден.
ТЕШКО ЌЕ НАЈДЕШ ДОБАР ЧОВЕК,"„Тешко ќе најдеш добар човек“ е збирка на раскази од американската писателка Фланери О’Конор, а воедно е и прво дело од писателката кое е преведено на македонски јазик.
„Секоја реченица кај О’Конор е експлозивна и повеќезначна. Нејзиниот јазик живописно го отсликува говорот на американскиот Југ – оттаму и предизвиците при преводот. Тоа е така бидејќи и покрај тоа што нејзините приказни се универзални, нивниот идиом е локален, типичен за Југот на Америка – и токму тоа им ја дава нивната богата неповторлива обоеност“.
Румена Бужаровска",Романи,Фланери Оконор,Темплум,,,500 ден.
ВЕРЗИЈАТА НА БАРНИ,"Верзијата на Барни е роман напишан во вид на мемоари на главниот јунак Барни Пановски кој со многу хумор и човечка топлина раскажува за својот живот исполнет со интриги чудни пријателства предавства луксуз и загуба. Романот го води читателот на незаборавно патување во Париз во педесеттите години на XX век а подоцна и низ улиците на Монтреал Њујорк и Торонто следејќи го возбудливиот живот на Барни. Тој на својот типично шеговит начин раскажува за своето семејство за своите три жени и трите деца за многубројните пријатели и непријатели... Но во средината на целата приказна се наоѓа и мистеријата поврзана со убиството на неговиот најдобар пријател за кое тој е единствениот обвинет...
Верзијата на Барни е најпознатиот бестселер на канадскиот писател Мордекај Ришлер. Според сценарио напишано од самиот автор, во 2010 година е снимен истоимен филм кој, исто како и книгата, се смета за современа класика.",Романи,Мордекај Ришлер,ТРИ,,,500 ден.
СЕСТРАТА СОЗДАДЕНА ОД БУРА,"Втора книга од серијалот за СЕДУМТЕ СЕСТРИ.
Али Д'Аплиез се подготвува за натпревар во една од најопасните трки на јахти во светот. И, тогаш дознава за мистериозната смрт на нејзиниот татко – посвоител. Бидејќи животот ѝ се превртува наопаку, таа решава да ја напушти морската шир и, следејќи ја трагата што ѝ ја оставил татко ѝ да отпатува во ледените предели на Норвешка со цел да ја открие мистеријата на своето потекло.",Романи,Лусинда Рајли,Матица,,,550 ден.
"СИНОВИ, ЌЕРКИ","Романот „Синови, ќерки“ низ три различни перспективи ја раскажува приказната за заклученоста: општествената, семејната, интимната.
Перспективата на ќерката која по сообраќајна несреќа останува неподвижна, без можност да зборува, закована за болнички кревет. Физички ограничена, а свесна за себеси, таа е осудена да живее преку своето сеќавање.
Перспективата на синот, заробен во тело кое не го чувствува за свое, во доделена улога која отсекогаш му била туѓа, присилен да го трпи неразбирањето и малтретирањето од околината за да може да живее автентично и според сопствените желби.
Перспективата на мајката, уништена од насилниот патријархат, порасната со забрани и ограничувања, во свет во кој нема простор за нејзините желби и потреби.
Овие три ликови се вмрежени во приказната во која секој има право на сопствената вистина, на својата болка и на својата желба да преживее. Деца кои копнеат по потврда од родителите, синови и ќерки кои сакаат да бидат прифатени во општеството, родители обликувани од стравот поради кој ги повредуваат своите деца.
Силата на овој роман е во можноста потиснатото во нас да го преобликуваме и да го направиме двигател на личната и на општествената промена.",Романи,Ивана Бодрожиќ,Антолог-Боокс ДООЕЛ,,,400 ден.
СÈ ПОРАДИ ЕДЕН БАКНЕЖ,"Бајронови ги бие глас дека се „луди, лоши и опасни луѓе.“ И згора на тоа дека се многу негостољубиви. На преубавата Мег Амберли, никогаш не ѝ паднало на памет дека би можела да му стане вереница на лорд Кејд Бајрон. Но, еден ден, кога се најде среде снежна виулица на пат кон Шкотска, принудена е да побара засолниште, токму на имотот на Кејд. Набрзо Мег сфаќа дека е опседната со мажественоста на Кејд. Штом патиштата станаа проодни, таа има намера да си оди, но судбината повторно се заплеткува.
Заглавен во сеништата од военото минато, Кејд Бајрон не излегува од своето село. А потоа одеднаш се појавува Мег со своите бујни облини и таа влегува во неговиот живот. За да ја спаси нејзината чест пред случајниот гостин, Кејд ја претставува како своја вереница, а потоа одат во Лондон со намера Мег таму да го најде својот иден маж.
Но, како што нивното преправање се зголемува, така Кејд сфаќа дека не сака да ја изгуби… Еден бакнеж засекогаш ќе промени сè.
за убавицата и ѕверот.“
− Кети Максвел
„Преубава и духовита романса што ќе ги фасцинира читателите. Паметни ликови, сочни дијалози и сензуални сцени.“
− Кет Робин, Романтик Тајмс Бук Ривјус
„Раскошна романса со многу убедливи и сложени ликови напишана со префинет стил, полн со духовити досетки и скокотлива сензуалност.
− Џон Чарлс, Ридер ту ридер",Романи,Трејси Ен Ворен,БАТА ПРЕСС МИЛЕНИУМ Д.О.О. Скопје,,,430 ден.
ПРОСТУВАЊЕ,"Првото нешто што го здогледа низ големите прозорци кога се разбуди беше езерото.Врнеше, а езерото се брануваше силно, како да вриеше.Темно и намуртено изгледаше. Си свари кафе како што понекогаш му правеше мајка му, во најмалото од трите ѓезвиња што ги најде во еден од плакарите.Немаше машина за кафе, како дома, во Берлин.Кафето го беше направил многу ретко, повеќе кафеава  топла вода, ама и тоа беше доволно за денот да започне со неговиот вообичен ритуал. Седна крај големата маса, крај  лаптопот и бележникот.Немаше во себе сеќавање на езерото во дожд.Впрочем, немаше ниту сеќавање на езерото при сончево време, како што беше вчера. За езерото ја имаше само таа слика на мрачна, разбранувана  длабока вода, без дно.Сега, додека го слушаше шумолењето на дождот врз  големите окна, му се чинеше дека тој ги мие невидливите лузни кои ги оставиле во оваа куќа неговите предци. Имаше силно чувство на сочувство не само со тагата на татко му во овие соби, туку и со страдањето на тие предци кои живееле во куќава, а тој пра-правнукот не знае ништо за нив. Тоа не му пречеше да си ги замисли, без имиња и без лица, само како низа во времето кое го паметеа овие  бели ѕидови.",Романи,Кица Б. Колбе,Или-Или,,,450 ден.
ТОНИ,"Реалноста е секогаш пошокантна од тоа што го пишува во книгите.

Тони е средовечен бивш рокер од Скопје, кој живее со мајка му и работи во државна институција. Во текот на пандемијата, ненамерно, но по своја вина, предизвикува неколку настани кои засекогаш го менуваат неговиот, а и животот на луѓето околу него.
Напишан на жив, остар и современ јазик, во препознатливиот горчлив и истовремено духовит стил на Бужаровска, Тони е роман за машкоста, за градот и за традицијата. Брутално комичен, но и длабоко трагичен, се чита во еден здив. Ова е роман што ќе ве удри од земја и ќе ве натера да ги преиспитате општествените, романтичните и семејните односи од нашето секојдневие.",Романи,Румена Бужаровска,ТРИ,2024,260,450 ден.
ИСПОВЕД,"Несудениот свештеник Феликс Ардевол ги користи своите врски во Ватикан за да стигне до вреден нацистички плен, виолината Сториони од 1764 година. Многу години подоцна неговиот син Адрија се сеќава на темниот стан преполн со антиквитети во кој како дете, со фигуричките на шерифот Карсон и индијанскиот поглавица Црн Орел, се криеше зад фотелјата обидувајќи се да ги сфати тајните на таткото. И по педесет години, го мачи вина затоа што ја знаеше комбинацијата за отворање на сефот и виолината му ја позајми на својот пријател Бернат и така предизвика фатална забуна. Меѓутоа скапоцениот инструмент не беше несреќа само за таткото и синот Ардевол – овој инструмент имаше многу возбудлива историја, а луѓето на кои им минал низ рацете, од барокниот композитор Жан Мари Леклер до виолинистката, Еврејката, Берта, на различни начини станале заложници на судбината на виолината.
Романот Исповед е фасцинантно дело на славниот современ каталонски писател Жауме Кабре. Преведено е на повеќе од 20 јазици и има добиено повеќе каталонски и меѓународни награди. Испреплетувајќи разновидни интригантни стории во роман што посакувате да го прочитате во еден здив, Кабре се докажал како брилијантен раскажувач и го зацврсти своето место во врвот на современата европска книжевност.
„Роман над романите“
Мартин Шулц
„Кабре извонредно прикажува различни епохи и ликови, мајсторски преминувајќи од една во друга, дури и среде реченицата.“
Гардијан
„Исповед е раскошен, величествен, амбициозен, залудувачки, брилијантен предизвик во кој мора да бидете стрпливи. Сфаќам дека критичарите не смеат да покажуваат премногу восхит, ама оваа книга е блиску до совршенството“.”
www.texasbooklover.com",Романи,Жауме Кабре,БАТА ПРЕСС МИЛЕНИУМ Д.О.О. Скопје,,,600 ден.
БРОЕНИЦА,"Романот „Броеница“ од Тамта Мелашвили изразува протест против секоја војна, каде и да се води. Тамта Мелашвили во својот роман успева без експлозии и истрели, сурово и како гола вистина да го претстави најсуровиот лик – војната. Таа раскажува за болката со болка, за нежноста со нежност, за стравот со детскиот страв и доловува еден руиниран и расплакан живот полн со болка и страдање, но ги доловува и детската итрина и храброст.
Оваа згусната и преполна со емоции проза на Тамта Мелашвили, која е сведена само на стотина страници, покажува дека за впечатлива приказна не се потребни големи фабули, заплети и многу ликови. Раскажувањето во „Броеница“ е сведено на најпотребното и се одвива преку дијалогот на две тринаесетгодишни девојчиња, Нинцо и Кнапа (чиешто вистинско име е Кетевана) кои се неразделни другарки. Тие живеат во зафрлено грузиско село и нивниот тинејџерски свет и будењето на женственоста се соочени со слепата суровост на војната. Нивните дијалози се карактеризираат со директност и вистина, длабочина, наивност и со детска искреност, а преку нив се разоткриваат тешките депресивни и драматични слики на војната, но и целата нејзина трагичност и бесмисленост.",Романи,Тамта Мелашвили,Македоника Литера,,,150 ден.
ВО ВОЈНАТА И ЉУБОВТА,"Кога самите се ставате во инфериорна положба во однос на другите, не може да очекувате другите да ве стават на пиедестал. Ќе завршите на местото кое самите сте си го одредиле… Сара е девојка која отсекогаш имала проблеми со самодовербата и нејзиното јас е потиснато од егото на нејзиното долгогодишно момче. Но, една ноќ, кога поради силно невреме е принудена порано да се врати дома и го наоѓа со друга девојка во куќата во која заедно живеат, нејзиниот свет се руши и таа е принудена да се промени и да почне да се залага за себе. Сама, невработена и без дом, ќе најде утеха кај нејзиниот брат, кој ќе ѝ даде засолниште додека се снајде и почне да си го средува животот. Иако тешко, ова искуство ѝ ги отвора очите за многу работи, ја зајакнува како личност и ја прави независна. Но, кога во нејзиниот живот влегува Марко, нејзиниот мал стабилен свет повторно се разнишува.
Марко е исклучително амбициозен и успешен маж за кого и покрај целиот успех, најважни остануваат семејните вредности. Тој премногу го цени своето семејство, а уште повеќе сака да оформи свое. Но, кога е оставен од долгогодишната девојка ноќта кога сака да ја запроси, решава дека сите вредности кои нему му се свети, очигледно не се тоа што жените го бараат.
Токму таа ноќ, кога животите им се променети засекогаш, Сара и Марко се среќаваат, но не на добар начин. Напротив, ужасната ноќ за памтење е ноќ која и двајцата сакаат што побрзо да ја заборават, надевајќи се дека никогаш повеќе нема да налетаат еден на друг. Но, судбината има друг план…",Романи,Верица Митева,Сакам книги,,,300 ден.
СОБИРАЧИ НА ПЕПЕЛ,"Силвија силно и долго го загриза задниот дел од дланката и остави трага од забите по кожата. Тоа беше нешто што не сум видел некој да го направи толку многу години.
Се сетив дека како деца го правевме истото, така што нејзиниов гест го сметав за уште еден показател за неслучајноста на прекрстувањето на нашите животи.
Порано се гризнувавме за задниот дел од дланката, а трагите што ќе ни останеа претставуваа замислен часовник. Си мислам дека на тој начин се учевме на измисленото време. Си создававме лажен впечаток на мерливоста. А деновите минуваа, истекуваа и ги снемуваше, како што ни исчезнуваше и раната. Па одново ќе си создадевме мерливо време, ќе се гризневме, ќе се преправавме дека тоа значи нешто за нас.
Сметав дека тоа е мошне посебна детска игра, која ѝ припаѓа на сосема мал кружок. Затоа ме изненади тоа што и Силвија го изведе гестот на шега.
„Види“, ми рече и ми го покажа божемниот часовник, кој бавно го снемуваше, како што полека кожата се враќаше на место. Слично на излекувана рана, си помислив. И заборавив да ѝ погледнам од спротивната страна на дланките, на местото на рачните зглобови. А можев да го направам тоа.
„Ништо не се петнаесет години, глеј колку брзо ги снемува“, рече Силвија и си ја погали бледата трага од угризот.",Романи,Давор Стојановски,Или-Или,,,250 ден.
НЕКОЈ ДРУГ,"„Има три вистини: мојата вистина, твојата вистина и вистината.“
Азурен Брег, пролет 2023 година. На брегот на Кан, во мирните води на заливот е закотвена една јахта. На бродот се наоѓа Оријана ди Пјетро, новинарка и наследничка на богата и влијателна миланска фамилија. Во тој рај под сонцето, сурово е нападната и умира по десет дена поминати во кома.Кој ја убил Оријана?
Еден маж и три жени, секој има своја верзија на приказната.
Сопругот Адријан, привлечен, таинствен и светски познат џез-пијанист, главниот осомничен.
Адел, девојка од сенка, љубовница способна да исчезне и повторно да се појави, како дух.
Жистин, полицајка, која работи на случајот, а и самата поминува низ тежок период.
Оријана, низ чијашто трогателна приказна дознаваме што се случувало во последните денови од нејзиниот живот. Три жени со недофатливи тајни, маж што би можел да биде и жртва и убиец. Никој од нив не лаже. Никој не се согласува што е вистина.Фасцинантна загатка, чиешто решавање е невозможно да се предвиди, возбудлив и напнат трилер, во кој вистината се открива дури во последните редови на приказната.",Романи,,Топер,,,315 ден.
ОСТРОВ ВО МОРЕТО,"Понекогаш едноставното е премногу тешко... но секогаш треба да го направиме најдоброто што можеме.
Сестрите Стефи и Нели, на дванаесет и на седумгодишна возраст, се на пат кон остров крај Гетеборг, Шведска, за да го избегнат прогонот на Евреите во нивната родна Австрија. Во Виена се разделиле од родителите, а Стефи им ветила дека ќе се грижи за помалата сестричка.
На бродот што ќе ги однесе во новиот дом, Стефи ѝ опишува на Нели што ги чека таму: одморалиште со палми крај морското шеталиште, песочни плажи со лежалки и продавачи на сладолед, пијано и куче во новиот дом. Сонуваат за рај, но ги среќава сурова реалност. Им се чини дека живеат на крајот на светот, каде што смрди на риба и никој не го зборува нивниот јазик. Околу нив има само море и карпи, рибарски колипки и чамци, врсници кои ги избегнуваат...
„Мила мамо, дојди и земи нè. Овде не можам да живеам...“, ѝ пишува Стефи на мајка си. Но не го праќа тоа писмо. Не само затоа што не сака да ја загрижува мајка си, туку и сфаќа дека мора да се навикнат на новото место и на новото училиште, мора да го научат јазикот и уште куп нови работи, ако сакаат да преживеат. А додека ја очекуваат новата средба со родителите, која сè повеќе се одолжува, Стефи и Нели постепено се сродуваат со жителите на малиот остров...",Романи,Аника Тор,ТРИ,2024,200,350 ден.
АВАНТУРИТЕ НА АРТУР ГОРДОН ПИМ / ФИЛОЗОФИЈА НА КОМПОЗИЦИЈАТА,"Во ова уникатно издание се обединети две извонредни дела на готскиот мајстор Едгар Алан По.
„Авантурите за Артур Гордон Пим“ е единствениот роман на По – возбудлива авантура преполна со морнарски тајни, опасни експедиции и егзистенцијални ужаси. Оваа мрачна и мистериозна приказна нуди незаборавно патешествие низ океанот, каде што реалноста и фантазијата се испреплетуваат во незаборавна сага за преживување. Додека Пим сè подлабоко навлегува во непознатото, неговата приказна станува симбол на човековата опсесија со откривање на недостижното и границите на разумот.
„Филозофија на композицијата“ е редок увид во творечкиот процес на По. Овој есеј ја открива методологијата зад неговите најпознати дела, вклучително и ремек-делото „Гавранот“. Со прецизна анализа и остроумност, По ги открива тајните на својата уметност, давајќи непроценлив придонес во книжевната теорија.
Ова издание е совршено за љубителите на По, како и за оние што сакаат да се нурнат во длабочините на неговата имагинација и аналитички ум.",Романи,Едгар Алан По,Конгресен Сервисен Центар,2025,230,350 ден.
МАГОТ ОД КРЕМЉ,"Животот е комедија. Треба да се одигра сериозно.
Го нарекуваа „магот од Кремљ“. Пред да стане сива еминенција на Путин, загадочниот Вадим Баранов бил режисер и продуцент на ријалити ТВ-програми. По оставката на местото политички советник, приказните за него се множат, но никој не може да го одвои лажното од вистинитото. Сè додека една ноќ не му ја довери својата приказна на нараторот на оваа книга.
Овој возбудлив роман нè води во јадрото на руската моќ, каде што дворјани и олигарси водат постојана војна. И каде што Вадим, главниот режимски доктор за спинови, ја претвора целата земја во политички театар во кој единствената стварност е исполнување на желбите на „Царот“. Но Вадим не е болно амбициозен: вовлечен во сè помрачните тајни на системот во чие создавање и самиот учествувал, тој поет заталкан меѓу волци ќе стори сè за да се извлече од него.
Откривајќи ја валканата страна на Путиновата ера, романот нуди возбудлива слика за фасцинацијата од злото и од моќта. Од војната во Чеченија, преку Олимписките игри во Сочи, до кризата во Украина, „Магот од Кремљ“ е голем роман за современа Русија.",Романи,Џулијано да Емполи,ТРИ,2025,216,450 ден.
СЕ СЛУЧИ ЕДНО ЛЕТО,"Жешка летна романса што ќе ви ги разбранува сите сетила
Пајпер Белинџер е позната како кралица на забавите во Лос Анџелес чија единствена грижа е добро да изгледа и секојдневно да си го збогатува инстаграм-профилот со провокативни фотографии. Но кога една нејзина дива забава ќе излезе од контрола и таа ќе заврши зад решетки, нејзиниот очув донесува одлука – ја праќа во родното место на нејзините родители. Рибарското гратче Веспорт е нов свет за разгалената Пајпер, која се заинатува да докаже дека не е само празноглава убавица. Заедно со сестра ѝ почнуваат да го реновираат стариот бар оставен во наследство од татко им, откриваат нови работи за него, ја запознаваат баба си, се спријателуваат со мештаните, а особено со еден од нив – капетанот Брендан. Грижлив, искрен, посветен, вљубен – Пајпер никогаш не запознала таков маж. И никогаш со никого не доживела таква емотивна бура. Тие двајцата се како плус и минус, а тоа уште повеќе ја вжештува атмосферата. И кога по една расправија со него ќе реши да му се врати на гламурозниот живот, Брендан и градот полн со спомени веќе ѝ се прираснати за срце...
„Со оваа извонредна приказна Теса Бејли го освојува врвот на романсите.“ „Буклист“",Љубовни романи,Теса Бејли,ТРИ,,,500 ден.
НИКОГАШ НЕ ОСТАВАЈ МЕ,"Студен е мигот кога за првпат ќе се здогледаш низ очите на друга личност зашто сфаќаш дека живееш во заблуда за сопственото постоење – и тогаш бездната на непознатиот свет станува уште подлабока.
„Хејлшам“ е навидум мирно интернатско училиште незасегнато од надворешни влијанија. Неговите добро згрижени ученици оттаму излегуваат обликувани според очекувањата на светот. Но никој не ги учи дека она што ги очекува надвор е многу пострашно одошто им се чини. Кети Х. дури по неколку години ја открива вистината за своето идилично училиште – морничавата тајна дека учениците се клонови создадени да обезбедуваат витални органи за човечката популација. Ќе успеат ли таа и нејзините пријатели Рут и Томи да се приспособат на напредниот, но сè уште суров свет?
„Никогаш не оставај ме“, потресна приказна со дистописки призвук, прераснува во предупредување за човештвото и опасностите што му се закануваат за сметка на напредокот.
„Вознемирувачко четиво, со беспрекорна контрола на дејството... Неодоливата моќ на книгата произлегува од способноста на Ишигуро да ја изложи мрачната суштина со одбрани зборови.“
Ентертејмент викли",Романи,Казуо Ишигуро,ТРИ,,,450 ден.
ПОСЛЕДНИОТ СЛОН ВОИН,"Новелата „ Последниот слон воин"" е една најчитаните и најпреведувани новели на Шен Шиси. Таа е дел од нашата серија пет книги со најдобрите новели од најчитаниот кинески писател за деца и млади - „кралот на приказните за животни“ Шен Шиси.
Во новелите на Шен Шиси се возвишува филозофијата на животот. Животинскиот свет е ист како човечкиот. Љубовта и омразата, тагите и радостите, раздвојувањата и обединувањата во животинскиот свет, преку имагинацијата на писателот, ја отсликуваат човечката природа.",Романи,Шен Шиси,Македоника Литера,,,200 ден.
ВРАЌАЊЕ,"ДУЕТ: RELEASE #2
Избори. Сите ги правиме. Секојдневни, незамисливи, еден избор може да ти го промени целиот живот. Мајка ми избра да нè напушти и да нè остави со нашиот насилен татко. Брат ми избра да оди во затвор затоа што го уби момчето што ја нападна неговата сродна душа. Камден Кол избра да се вљуби во скршена девојка која може да му понуди само болка.
Тоа лето под дрвјата, со Камден, го најдов местото каде што припаѓав. Најдов пријател на кој секогаш можев да се потпрам. Момче што не умееше да го тргне погледот од мене. Беше мој, но кога светот се сруши и тајните се разоткрија, јас избрав да го напуштам.
Избори. Секој ги прави. Но мојот нè уништи сите.",Романи,Али Мартинез,Сакам книги,2024,304,450 ден.
ШЕПОТОТ НА СУДБИНАТА,"Таа не верува дека некогаш повторно ќе љуби, бидејќи смета дека во животот, човек само еднаш може да доживее вистинска, длабока, исконска љубов. Затоа, по драмата која ѝ го менува светот од корен, Стела Еванс бега од секој маж кој сака да ѝ се доближи поблиску од она што за неа е прифатливо. Посветена на својата професија, и во постојан обид да си ја излекува расрквавената душа, ќе успее ли да го наслушне шепотот на судбината и да се соочи со сенките кои истата ќе ѝ ги врати од минатото?
Тој е силен, убиствено згоден, неприкосновен шармер, на којшто ниедна жена не може да му одолее. Но, тој нема доверба во ниту една претставничка на понежниот пол, па затоа отворено им ги кажува своите намери, а тоа подразбира само добар секс и ништо повеќе. Кога најмалку очекува, Брајан Купер ќе се соочи со животен пресврт во кој може да изгуби сé, но и многу да добие. Кога во непредвидени околности ја запознава храбрата, синоока убавица, ќе успее ли комплетно да ѝ верува или ќе продолжи тврдоглаво да се спротивставува на она што за него го има смислено судбината?",Љубовни романи,Ана Антовска,Сакам книги,,,390 ден.
ВОДНИ ТЕЛА,"Реката е насекаде – во водата која тече во домовите, во нивните разбранувани тела, во снегулките што лебдат и ѝ се враќаат во течението.
Што значи да се биде и колку сме изградени од она што било? Какви се водните тела? Дали човекот е растреперен бран и вода која е де во прилив де во одлив? Оваа приказна тече по коритото на животот барајќи го неговиот извор и обидувајќи се да ја спречи сушата.
Безимената протагонистка и писателка во сенка од Сиднеј се враќа во родното Куманово, но наместо во градот од спомените доаѓа во сиво место задушено во смог, ѓубре и закопани соништа. Како носителка на богатата македонска традиција, баба ѝ ѝ открива дека во Куманово некогаш постоела речна плажа. И така главната хероина се впушта кон откривање на личните приказни и легендите, кон сувото речно корито, заедно со другарите од детството – дивиот таксист Гаврил и Јасна, фотографка која ги следи трагите на црниците. Барајќи го изворот на водата, тие несвесно си го бараат својот извор.
И како што „Сè што користиме ни е позајмено, а наше е да го чуваме“, така вистината во оваа книга е позајмена. Ваше е да ја чувате книгава на полиците, а вистината за себе – во себе.",Романи,Ана Аврамовска,Паблишер,,,250 ден.
МОЈАТА ВИНА,"Прв дел од волшебната романтична сага, која веќе маѓепса милиони читатели. Приказна за љубовта, предавството и за тајните. Храбра хероина и арогантен херој, зад чијашто фасада на лошо момче се крие нежно и благородно срце.
Николас Лестер е роден да ми го компликува животот. Висок, со сини очи, коса црна како ноќно небо… Звучи прекрасно, така? Па, и не е толку кога ќе дознаеш дека ќе ти биде полубрат и дека, како капак на сè, го претставува сето тоа од што бегаш откако знаеш за себе. Опасност. Тоа беше првото нешто што ми падна на
памет кога го запознав и открив дека води двоен живот и крие тајни од својот татко мултимилионер.
Како на крај се вљубив во него? Лесно – со тие убави сини очи, Николас може цел свет да го сврти наопаку.",Романи,Мерцедес Рон,Топер,,,599 ден.
"АБАДОН, УНИШТУВАЧОТ","Абадон уништувачот ја затвора трилогијата започната со Тунел а следен од Херои и гробови. Развивајќи ја во својот најширок регистар метафората на Извештајот за слепите овој необичен и длабок роман го вметнува Ернесто Сабато во амбиентот на текстот и го вклучува како лик во една комплексна техничка конструкција чија игра на перспективи нѐ враќа воедно во реалноста на едно време на апокалипса и на душевните јами во кои нурка визионерската моќ на создателскиот чин. На тој начин на врвот на својата грандиозност ова сеопфатно опширно дело кулминира и ги има во себе сета сабатовска уметност и длабочината на неговото егзистенцијално истражување.
Абадон, уништувачот е награден во Париз како најдобра странска книга објавена во Франција во 1976 година. „Величествено дело, вовед во кралството на демоните што се во нас и надвор од нас.“ Ди велт
„Сабато е импресивен писател.“ Ла стампа",Романи,Ернесто Сабато,ТРИ,,,500 ден.
ВЕТРОТ ГО ЗНАЕ МОЕТО ИМЕ,"Трогателна приказна за две деца кои во различни времиња се разделуваат од семејствата поради ситуацијата во своите земји.
Виена, 1938 година. Самуел Адлер е шестгодишно еврејско дете чиј татко исчезнува во текот на Кристалната ноќ по што неговото семејство губи сè. Очајната мајка му наоѓа место во последниот воз натоварен со деца што ќе ги превезе од нацистичка Австрија во Англија. За Самуел почнува нов живот со неговата верна виолина и под бремето на осаменоста и неизвесноста, што ќе го придружуваат до крајот на животот.
Аризона, 2019 година. Седумгодишната Анита Дијаз се качува на воз со мајка си за да избегаат од непосредната опасност во Ел Салвадор и да заминат во САД. Нивното пристигнување се совпаѓа со новата владина политика на нулта толеранција за имигранти што ќе ја оддели од мајка ѝ на границата. Сама и исплашена, далеку од сè што ѝ е познато, сместена во прифатилишта и згрижувачки семејства, Анита бара засолниште во Азабахар, магичниот свет што постои само во нејзината имагинација.
Прекрасен роман што наведува на размислувања за разделбата, тагата, односот на родителите со децата и за длабоките врски што можат да се создадат со помош на емпатијата и грижата.",Романи,Изабел Аљенде,Антолог-Боокс ДООЕЛ,,,400 ден.
ПЛЕЈЛИСТА (КОЛЕКЦИОНЕР НА ОЧИ 3 ДЕЛ),"Музиката е нејзиниот живот, а петнаесетте песни одлучуваат колку ќе биде долг.
Пред еден месец, петнаесетгодишната Фелин Јагов исчезнува без трага одејќи на училиште. Мајка ѝ го најмува приватниот детектив Александер Зорбах, кој открива дека преку онлајн музички сервис Фелин ги слуша омилените песни, иако е во заробеништво. Уште поинтересно е што плејлистата била сменета пред два дена. Дали преку новите песни таа се обидува да прати тајна порака?
Зорбах очајно се обидува да ја одгатне загатката што ќе го одведе до местото каде што се наоѓа Фелин. За жал, не знае дека обидот да ја најде и да ја спаси од киднаперот ќе го вовлече во ужасен кошмар, во безмилосна трка со времето во која шансите да преживеат се речиси еднакви на нула.
Ова е една од најуникатните книги на Фицек бидејќи плејлистата навистина постои. Фицек овој пат се јавува и како креатор на текстови и композиции заедно со низа познати музичари, кои имаат креирано 15 песни специјално за приказната.",Трилери,Себастијан Фицек,Сакам книги,,,590 ден.
РИВАЛИТЕ,"Конфликтот помеѓу мене и Вестон Локвуд започна на олтарот. Само што, никој од нас не присуствуваше на свадбата, заветите беа дадени декади пред ние двајцата да се родиме.
Нашите дедовци биле најдобри пријатели и бизнис партнери, сѐ до свадбата на дедо ми – кога неговата несудена невеста соопштила дека не може да се омажи за него, бидејќи била вљубена и во дедото на Вестон.
Двајцата мажи со години војувале за Грејс, која пак истовремено била нивната трета бизнис партнерка. Но на крајот, ниеден од нив не успеал да ѝ го украде срцето од другиот. Па така секој од нив си фатил на своја страна. Нашите дедовци се ожениле за други жени, а двајцата мажи станале најголемите бизнис ривали во историјата. Нашите татковци ја продолжиле семејната традиција на војување. Потоа ја продолживме и јас и Вестон.
Но со смртта на жената со која започнало сѐ, нашите дедовци неочекувано станаа сопственици на еден од највредните хотели во светот и јас заглавив со човекот кој сум родена да го мразам. И не е проблем да го мразам, па нашите семејства си вадат очи цел живот. Има само еден малечок проблем. Секојпат кога јас и Вестон се караме, некако завршуваме во кревет.",Љубовни романи,Вај Киленд,Сакам книги,,,450 ден.
ФИЗИКА НА ТАГАТА,"Оваа книга е лудост! Таа е неверојатна и нервозна, сентиментална, одразувачка, страшно смешна, потресителна , колку филозофска, толку и поетична, микроскопска и грандиозна. Накратко: чудесна!
Berliner Zeitung
Не велат ли за Габриел Гарсија Маркес дека со „Сто години самотија“ прв ја стави Латинска Америка на картата на светската литература? Исто како него, така и Господинов не само што завршува со реализмот, туку на дневен ред поставува и еден експериментално-игрив, апсурдно-остроумен, постмодернистичко-противречен, саморефлексивно-ироничен стил на раскажување. Со оваа книга Господинов се издигнува над низините на комерцијалноста и конвнционалноста на романот, спасувајќи се не само себеси, туку и литературата, а со неа и целиот свет.
Neue Zürcher Zeitung
""Физика на тагата“ е литературен забрзувач на честички, голем акцелератор во кој се мешаат живописни минијатури и списоци...
Süddeutsche Zeitung",Романи,Георги Господинов,Или-Или,,,450 ден.
КОГА ВЕРУВАВМЕ ВО СИРЕНИ,"Срцето може буквално да боли, не метафорично – од тежината на споменот, копнежот и бесот
Пред многу години, Џоузи е убиена во терористички напад во воз во Франција. Барем така мисли сестра ѝ Кит, докторка во Санта Круз, која со години се обидува да се помири со трагичната судбина на Џоузи. Но сета насобрана тага прераснува во збунетост и гнев во мигот кога ја здогледува на телевизија. Гледајќи вести од некој ноќен клуб во Нов Зеланд во кој се случил пожар, таа згогледува една жена која излегува од чадот и рушевините. Сличноста е неверојатна и непогрешлива.
Тајните што долго време биле закопани испливуваат на брегот, каде што ги чека нова бура. Можно ли е да е жива? Ако е така, зошто не се јавила? Зошто посакала да води друг живот додека сите ја сметаат за мртва?
Во потрага по одговори, Кит заминува за Нов Зеланд. Повторната средба на сестрите значи откривање на долго чуваните тајни и соочување со вистината што ги држела одвоени. „Кога верував во сирени“ е роман кој нè потсетува дека некои врски, особено семејните, колку и да се болни и тешки, сепак се нераскинливи.
„Емотивна приказна за поврзаноста на две сестри и неможноста да се соочат со болната вистина.“
Тудеј",Романи,Барбара Онил,ТРИ,,,500 ден.
СКБ КАРТА И ТЕРИТОРИЈА,"ДОБИТНИК НА ГОНКУРОВАТА НАГРАДА
Градејќи си го името и репутацијата со изложување на фотографии од автомапите на „Мишлен“, необични дела што му носат многу пофалби од уметничкиот свет, Жед Мартeн се враќа повторно на сцената по десетгодишно отсуство. И носи добри вести, што немаат никаква врска со расипаниот котел за греење во неговиот стан, наближувањето на уште една тажна божикна вечера со татко му, ниту со сеќавањата на неговата проколната љубовна врска со прекрасната Олга. Не, се работи за неговата нова изложба во која го вклучува, верувале или не, познатиот француски писател Мишел Уелбек.
Изложбата „Занаети и занимања“, всушност, серија портрети на обични и необични луѓе сликани како работат – му носи на Жед меѓународно признание и слава. Но котелот во неговиот стан е сè уште расипан, неговиот оддалечен татко и понатаму паѓа во заборав и, што е најлошо од сè, му се јавува еден инспектор кој ја бара неговата соработка за решавање на едно грозоморно злосторство.
Уметноста, парите, љубовта, односот со таткото, смртта, работата, Франција претворена во туристички рај – се неколку од темите на овој роман, класично смел и модерно искрен роман, кој на Уелбек му го донесе највисокото француско книжевно признание.",Романи,Мишел Уелбек,ТРИ,,,450 ден.
ПОСЛЕДНИТЕ ЧАСОВИ,,Романи,Јелена Бачиќ-Алимпиќ,Матица,,,420 ден.
КУЛА НА РИДОТ,"Симболично богато со слоеви сложено и загадочно пред нас е дело што во иднина несомнено ќе биде читано и толку- вано на разни начини и што со време ќе добива во смисла и значења. - Влада Урошевиќ
Со овој роман Маџунков суверено ја брани репутацијата што веќе ја стекна во книжевната јавност. Тој владее со јазикот и нарацијата, приврзаник е на префинета стилис- тика, прецизна дескрипција и култивирана, на моменти орнаментално брилијантна синтакса. Тоа е писател од култура во најширокото значење на зборот. - Сава Пенчиќ

Основната вредност на овој роман и е во тоа што конкре- тниот живот на Ридот се укажува и како основен симбол на романот. - Марко Недиќ

Романот претставува амбициозно заснована и успешно реализирана парабола за историската судбина на балкан- ските народи, а пред сè на македонскиот народ. - Чедомор Мирковиќ

A major work of mounting tension beautifully imagined and crafted. Its brilliance of style makes it the best book ever written in Macedonian. It is a masterpiece of world magic realism. - Dragi Mihajlovski",Романи,Митко Маџунков,ТРИ,,,500 ден.
ТАНЦУВАЈ СО МЕНЕ,"По долго време, легендарната Сузан Елизабет Филипс се враќа со емотивен роман за женскоста, дивите срца и исцелувачката моќ на љубовта.
Кога животот ја разочарува по којзнае кој пат, младата вдовица Тес Хартсонг бега во мало гратче високо во планините Тенеси, надевајќи се дека во природата ќе успее да побегне од скршеното срце и да го најде мирот којшто ѝ е потребен за да си дојде на себе. Но наместо спокој и тишина, пронаоѓа енигматичен уметник кој исто така е во потрага по самотија, еден слободен дух со премногу тајни, едно беспомошно новороденче, група љубопитни тинејџери и град сомничав кон секој новодојденец, особено таквите тврдоглави како Тес. А подеднакво тврдоглав е и Иан Норт; комплициран, надарен маж со измачена душа – човек кој ја тера Тес да преиспитува сè.
Бегајќи кон овој нов живот, Тес се прашува: дали целосно ќе се изгуби себеси… или ќе си ја пронајде иднината?",Љубовни романи,Сузан Елизабет Филипс,Сакам книги,,,520 ден.
ВО ЕДЕН МИГ,"Стравот не е изговор.
Некогаш е доволен само еден миг за да се промени целиот живот. Или да заврши. Како што се случува со 16-годишната Фин Милер, додека нејзиното семејство се бори да преживее среде снежната виулица. Книга пишувана од перспектива на тинејџерка која е на границата помеѓу двата света, беспомошно набљудувајќи го страдањето на саканите и нивната борба за живот.
Колку мига се потребни за да се продолжи тогаш кога тоа е невозможно? Фин мора да продолжи по својот пат, но како кога нејзиното семејство е уништено? Тешко е да се биде мртов и да се гледа како светот продолжува без тебе. Уште потешко е да се биде беспомошен кога гледаш дека твоите најблиски не можат да го направат тоа.
Болна приказна за храброста да се донесат правилните одлуки во мигот кога животот ти виси на конец.
„Ликовите и нивното закрепнување се емотивно претставени, како и реалноста на надежниот крај. Читателите на семејни драми ќе бидат воодушевени.“ Буклист",Романи,Сузан Редферн,ТРИ,,,500 ден.
СВЕТОТ ШТО ГО ИЗБРАВ,,Романи,,Или-Или,,,300 ден.
ДУХОВИ,,Романи,Цесар Аира,ТРИ,,,280 ден.
ПАЈАК,,Трилери,Лаш Кеплер,Матица,,,590 ден.
ЛУНА,"„Што сакаш всушност да знаеш?“ гласот ѝ беше сув.
„Јас… ми падна тешко што не сакаше да се види со мене“ признав.
„Со никого не се гледаше ако ти е тоа утеха. Секој човек има право на избор нели?“ го повиши гласот.
„Да да“ промрморив. „А и јас не бев којзнае колку упорна. Му ја почитував одлуката. Можеби и се плашев да го видам таков…“
Луна е роман за незавршените комуникации во нашите животи.
Две жени, Роса и Теодора, се обидуваат преку спомените на другата да проникнат во сопственото минато. Заедничка им е љубовта кон Калин, кој пред смртта остава една папка преполна со романтични вознеси за Луна. Која е Луна? Тоа е загатката што двете жени ќе ги принуди на сојузништво. Трагајќи по Луна, тие постапно се доближуваат една до друга и се ослободуваат од сеништата на минатото.
Луна од авторката на Последниот чај, Полиња со диви нарциси и Понекогаш доаѓа среќа.",Романи,Винка Саздова,ТРИ,,,250 ден.
"ЈУЖНО ОД ГРАНИЦАТА, ЗАПАДНО ОД СОНЦЕТО","Приказна за пријателството и љубовта, за илузиите и сенките од минатото, зачинета со многу надреални елементи на границата помеѓу јавето и сонот, стварноста и привидот. Во средина во која не се целосно прифатени, Хајиме и Шимамото уште како деца заедно му се спротивставуваат на светот. Иако животниот пат ги разделува во младоста, повторно ќе ги спои по многу години, кога веќе имаат сосем различни животи. Ќе успее ли да победи љубовта? Додека на грамофонот се врти плочата Јужно од границата, западно од сонцето, Хајиме во мислите се навраќа на безгрижните детски денови поминати со Шимамото, преплавен од каење поради пропуштените можности.
Типично во стилот на голем книжевен мајстор, Мураками раскажува како со неколку погрешни одлуки човек може да го уништи животот – и сопствениот и на саканото човечко битие. А кога тоа ќе се случи, раната никогаш не зацелува.
Проникливо и длабоко размислување за човечката ранливост, за моќта на опсесијата, за загатките на еротската мистерија.
Њујорк тајмс",Романи,Харуки Мураками,ТРИ,,,380 ден.
ВОЛК,"Првата книга за деца и тинејџери на Саша Станишиќ зборува за стравот и охрабрува. Зборува за малтретирањето кај младите, за пријателството, емпатијата и развојот на карактерот.
Камп за одмор длабоко во шумата. Вечно талкање, печење компири со лушпа, зуење на комарци. Адолесценти, неколку дена препуштени едни на други и на природата, опуштено придружувани од неколкумина повеќе или помалку мотивирани воспитувачи.
Двајца соученици, аутсајдери, се обидуваат да ги издржат непријатните активности и притисокот од врсниците. Еден од нив, Јорг, ова длабоко го погодува – тој е под притисок, понижен и натеран да се чувствува различно. Другите само ги гледаат нападите отстрана, уплашени и самите да не станат жртви. Како што ситуацијата почнува да ескалира, се појавува волк. Дали е само кошмар? Или покана да се соочиме со кошмарот на реалноста и да станеме храбри: за себе и за другите?
„Волк“ е маестралeн роман за деца и тинејџери во кој се истражува колку е тенка линијата помеѓу тоа да бидеш различен и да бидеш маргинализиран.",Романи,Саша Станишиќ,Конгресен Сервисен Центар,,,500 ден.
СКБ ПАТ,"Пат ја раскажува последната ноќ на едно момче Даниел Бувот во неговото село пред да замине во градот на школување. Буден и вознемирен додека се превртува во постелата тој се присетува на разни епизоди од својот живот во селото и на луѓето што живеат во него: другарите со кои споделува возбудливи доживувања соседите што ги познава многу или малку родителите… Преку овие расцепкани спомени но поврзани во една целосна приказна стануваме сведоци на љубовта на луѓето кон нивната земја и на секојдневните случки што ги прават нивните денови толку извонредни колку и вообичаени. Сето тоа во прекрасниот микрокосмос на селото на Бувот.
Мал е бројот на делата што можат да раскажат толку многу со еден толку едноставен јазик како Пат. Мудроста на едно дете нè маѓепсува како што ретко се случува во романите: раскажувачки глас полн со сила, искреност и невиност, со виталност и интелигенција; глас што одекнува со заглушувачка отровност во начинот на едно бездушно гледање на нештата, полн со детални описи на обичаите, глас кој го става во прашање сето она во што се верува поаѓајќи од чистотата и соединетоста со околината. Мигел Делибес создаде еден протагонист кој прави сите да се чувствуваме ситни и неважни наспроти неговиот здрав разум и моќта да го анализира тоа што го опкружува без да ја загуби свежината во своето раскажување.",Романи,Мигел Делибес,ТРИ,,,200 ден.
ВИСТИНСКИОТ,,Романи,Шандор Мараи,ТРИ,,,400 ден.
ОСЛОБОДУВАЊЕ,"ДУЕТ: RELEASE #1
Додека растев, Ремзи Стјуарт ми остави белези во душата што времето не умее да ги излечи. На дванаесет години, ме праша дали сакам да му бидам девојка. На тринаесет ми го подари првиот бакнеж. На шеснаесет се вљубивме и планиравме заедничка иднина.
Љубовта никогаш не пропаѓа. За Ремзи, пропадна. Љубовта го изневери. Јас го изневерив. Сиот свет го изневери.
На седумнаесет години, Ремзи беше осуден за убиство на момчето што ме силуваше.
Заборави ме, ми напиша во првото и последно писмо од затворот. Почни нов живот, настојуваше. Не те сакам повеќе, излажа.
Никогаш не помислив да се откажам од него. Можеби љубовта е нашето проклетство, но тој ми е во срцето – тогаш, сега и засекогаш.
Сега, по дванаесет долги години, го чекам да излезе низ затворските порти мажот којшто не го ни познавам.",Романи,Али Мартинез,Сакам книги,,,450 ден.
ПРЕКРАСНА ГРЕШКА,"Првиот пат кога го запознав Кејн Вест, беше во бар.
Тој забележа дека гледам накај него и погрешно го протолкува
моето муртење, мислејќи дека го меркам.
Кога се обиде да разговара со мене, јас го пресеков – му кажав што мислам за неговиот лажлив, прељубнички, его-манијакален задник.
Видете, прекрасниот кретен си отиде на вечера со мојата најдобра пријателка – намамувајќи ја во неговиот кревет, без ни да помисли да спомне дека е оженет.
Тој си го заслужи секој дел од моето пердашење, дури и малку му беше, во споредба со тоа што тој го направи.
Особено кога таа мрзлива насмевка му го украси неговото совршено лице, како одговор на мојот бесен монолог.
Само што, испадна дека, човекот кој штотуку го направив партал, не е вистинскиот човек.
Упс. Моја грешка.
Засрамена, избегав без извинување.
И онака никогаш повеќе немаше да го видам згодниот странец, нели?
Така си мислев… додека следното утро не влегов на час.
Па, здраво професоре Вест, јас сум вашиот нов асистент.
Ќе работам под Вас… фигуративно кажано.
Иако буквалното толкување можеби и не е толку лоша работа – да работиш „под“ професорот Вест.
Ова има да биде интересно…",Љубовни романи,Вај Киленд,Сакам книги,,,450 ден.
МОМЧЕТО ВО ПИЖАМИ НА РИГИ,"Раскажана од перспектива на Бруно, оваа книга на моменти е смешна, на моменти детски наивна, на моменти искрена како што знае да биде само дете и постојано полна со надеж и пријателство. Патувајќи со Бруно, вие ќе мора да го напуштите неговиот удобен дом во Берлин и да се преселите во новата куќа, каде што неговиот татко, еден од командирите на Хитлер, има многу важна задача. Бруно ќе биде тажен, осамен и ќе нема со кого да си игра, па ќе Ве поведе на пат кон оградата зад која има „фарма“ полна со луѓе и деца во пижами на риги. Она што тој не го знае е дека „фармата“ воопшто не е фарма, туку логор и дека чадот од големите оџаци не е запалено ѓубре, туку…
„Мало чудо од книга“, оцени Гардиан, бидејќи оваа книга е навистина тоа. Поглед во ужасното минато низ детски очи, невина пријателска детска рака подадена преку оградата која го поделила светот… Книга која ќе ја помните долго откако ќе ја прочитате, како што оцени Irish Times.",Историски романи,Џон Бојн,Сакам книги,,,320 ден.
ПРИКАЗНА ЗА ОНИЕ ШТО ЗАМИНУВААТ И ЗА ОНИЕ ШТО ОСТАНУВААТ,"Елена и Лила, двете нераздвојни девојчиња од првиот и од вториот роман од сагата, се разделуваат на возраст на триесетина година, кога едната заминува во Фиренца, а другата останува во Неапол. Иако изборот на двете млади жени е сосем различен, тие остануваат постојано во близок контакт, во еден амбивалентен однос создаден од љубов и омраза. И повторно околностите ќе ги зближуваат и оддалечувааат во текот на бурните 70-ти години од минатиот век.
Приказна за оние што заминуваат и за оние што остануваат има историска и интимна димензија која се одвива во текот на десет години пресудни за Италија, земја во трансформација која чекори кон модерност. Тоа е период на идеолошки превирања во италијанското општество – свет на револуционери, реакционери, студенти, камористи, комунисти, неофашисти, црква, синдикат, гнил владејачки естаблишмент, но и свет кој отвора сосема нови можности и за Елена и Лила.
Ова е секако книга која не може да се заобиколи. Секој што ја цени моќта на пишаниот збор уште веднаш, по првите страници, ќе се увери дека не се испушта од рака додека не се прочита до крај.",Романи,Елена Феранте,ТРИ,,,600 ден.
СКБ МОСТОТ САН ЛУИС РЕЈ,"ДОБИТНИК НА ПУЛИЦЕРОВАТА НАГРАДА
Кога во 1927 г. еден издавач прифатил да ја објави Мостот Сан Луис Реј – затоа што сметал дека толку убаво дело мора да биде отпечатено – немал големи очекувања дека ќе постигне успех кај публиката. Но читателите биле восхитени. Книгата ја добива Пулицеровата награда во 1928 година – и секоја година илјадници нови читатели воодушевено ја прифаќаа приказната на Вајлдер за петтемина што загинуваат на еден трошен мост.
Мостот Сан Луис Реј не содржи каква и да е жестоко дејство. Нема насилство, нема ниту егзотично опкружување. Сепак, обраќањето на книгата е универзално; исто како и Брат Џунипер, сите и насекаде се соочуваат со размислата: „Или живееме случајно и умираме случајно, или живееме според план и умираме според план“. Иако цел на Вајлдер никогаш не било да го открие одговорот ниту, пак, Брат Џунипер ја имал таа среќа, во романот е содржан модел на значењето на страстите, грешките и копнежите на човечките суштества. Значењето е човечко, зашто и покрај тоа што никогаш не можеме да сме целосно сигурни во Божјата интервенција во секое наше движење на земјата, „мостот“ на љубовта што ги поврзува тие две нешта им дава достоинство и цел дури и на наједноставните животи.",Романи,Торнтон Вајлдер,ТРИ,,,200 ден.
КУЌА НА ДУХОВИ,"Сага за четири генерации на семејството Труеба, нивните драматични семејни односи, успеси и падови.
Естебан Труеба е конзервативен човек, многу строг и жртва на избувливиот карактер и политичките амбиции, што ги ублажува само љубовта кон неговата мистична сопруга, Клара, која има дар да ја предвидува иднината и да се поврзе со светот на духовите. Нивната ќерка Бланка е во забранета врска со маж кој Естебан го смета за недостоен. Таа на својот татко му создава многу нервоза, но ќе му ја донесе и најголемата радост: внуката Алба. Убава и паметна девојка која ќе настрада поради политичката определба на човекот што го сака.
Во заднината на романот ги следиме општествените превирања во земјата во период што опфаќа голем дел од XX век без да се споменат директно имињата на историските личности, но во ликот на Кандидатот/Претседателот се препознава Салвадор Аљенде, а на Поетот – Пабло Неруда.
Авторката го комбинира натприродното со лична верзија на магичниот реализам создавајќи заплет во кој се испреплетуваат секојдневното и магичното, љубовта и револуцијата, личните идеали и суровата политичка реалност.
„Куќа на духови“ е нејзиниот прв роман, кој беше прогласен за роман на годината во Чиле и постигна молскавичен успех, станувајќи меѓународен бестселер. Во 1993 година е направена филмска адаптација со Џереми Ајронс, Мерил Стрип, Глен Клоуз, Винона Рајдер, Антонио Бандерас и Ванеса Редгрејв.",Историски романи,Изабел Аљенде,Антолог-Боокс ДООЕЛ,,,600 ден.
БЕЗБОЈНИОТ ЦУКУРУ ТАЗАКИ И НЕГОВИТЕ ГОДИНИ НА АЏИЛАК,"Цукуру Тазаки има четворица најдобри пријатели. Секој од нив во своето име содржи боја. Сите, освен Цукуру. Нивното пријателство е толку интензивно, искрено и силно што изгледа речиси нескршливо. Сè до еден ден. Ден кога се прекинува грубо и одненадеж. Кога тие му соопштуваат дека не сакаат да го видат, или да зборуваат со него, никогаш повеќе... Оваа случка толку го погодува Цукуру што му го менува неповратно животот. Оттогаш минуваат години, безбојни и испразнети, сè додека не ја сретне Сара, која ќе го поттурне во едно необично, од животно значење, патување. Роман за љубовта, пријателството, болката која трае. Исклучителна приказна за младото момче прогонувано од огромна загуба, за соништата, кошмарите и за патувањата назад во минатото. Вистински пример за мајсторство на јазикот и на психолошкото портретирање на ликовите, нивните битки и премрежија, ова е роман кој хипнотизира. Безбојниот Цукуру Тазаки... не е книга за еден ден, ова е книга која го обојува животот на секој читател, засекогаш!",Романи,Харуки Мураками,ТРИ,,,500 ден.
КИРКА,"Магична книга која ткае поинаква приказна за волшебничката Кирка.
Неугледна, повлечена и без никакви моќи, иако ќерка на богот на сонцето Хелиј и заводливата нимфа Персеида, малата Кирка е осудена на осаменост и потсмев. Но наскоро таа во светот на смртните луѓе ќе ја открие својата волшебна моќ.
Сомничавиот Зевс ја прогонува на еден пуст остров, кој станува нејзино царство. Тука таа ги припитомува дивите животни, ги усовршува своите вражби и се среќава со многу митски јунаци – Дедал и неговиот несреќен син Икар, Минотаур, Медеја и лукавиот Одисеј во когошто се вљубува.
Жената што сака да биде независна е демнета од најразлични опасности. Кирка несвесно си го навлекува гневот и на луѓето и на боговите, а на крај се соочува и со одмаздољубивата божица Атина. За да го заштити најмилото, мора конечно да реши дали местото ѝ е покрај боговите, од кои потекнува, или покрај смртниците, коишто ги засакува.
„Волшебна приказна! Мадлин Милер создала смела феминистичка верзија на класичната приказна; во митскиот свет полн со богови, чудовишта и нимфи, длабоко во себе, главната хероина е иста како секој од нас.“
О магазин
„Иако знаеме како сè ќе заврши, оваа сочна приказна, раскажана во нова светлина, е напната и полна со неочекувани елементи.“
Вашингтон пост",Романи,Мадлин Милер,ТРИ,,,375 ден. 500 ден.
ИГРАТА НА ШЕПНУВАЧОТ,,Трилери,Донато Каризи,Матица,,,450 ден.
ПРИРОДЕН РОМАН,"„Природен роман“ излегува во 1999 година, по освојувањето на наградата на националниот конкурс за најдобар ракопис на модерен бугарски роман. Во меѓувреме тој стана еден од најпопуларните бугарски романи, високо ценети од литературната критика и преведен на дваесетина светски јазици, а во 2014 година влезе на листата на 20 најдобри источноевропски романи во 20 век на Library thing.",Романи,Георги Господинов,Или-Или,,,330 ден.
ЦРТЕЖИ ОД ТЕМНИНАТА,"Жестоко и имагинативно исплетен натприроден трилер, за девојка која работи како дадилка на детенце со чудни и вознемирувачки тајни.
Мелори Квин тукушто излегува од рехабилитација и наоѓа ангажман кај брачната двојка Тед и Керолајн Максвел: ќе го чува нивниот петгодишен син Теди. Мелори веднаш ја засакува работата. Има свој простор каде што живее, навечер излегува да трча, ја добива стабилноста по која одамна копнее. Искрено и топло се поврзува со Теди, мило и срамежливо детенце вечно со блок и со молив в раце.
Неговите цртежи се обични: тој црта дрвја, зајаци, балони. Но, еден ден, ќе нацрта нешто сосема поинакво: маж кој во некоја шума влече по земја безживотно тело на жена.
По ова, сите следни цртежи стануваат сè позлокобни, несмасно нацртаните човечиња од неговите први обиди брзо се менуваат и стануваат живописни скици кои далеку ги надминуваат цртачките способности на петгодишно дете. Мелори почнува да се прашува дали тие можеби се одеци од едно дамнешно нерасчистено убиство, а можеби и се поврзани со некоја натприродна сила.
Мелори знае колку звучи лудо сето тоа, но се нафаќа да ги дешифрира овие цртежи и да го спаси Теди пред да стане предоцна.",Трилери,,Антолог-Боокс ДООЕЛ,,,600 ден.
СУФИСКИ ПРИКАЗНИ,,Романи,,Темплум,,,300 ден.
РОНЛИВА,,Романи,Милена Сиљаноска,Милена Сиљаноска,,,250 ден.
ТРАМОНТАНА,"Животот се полни целосно токму во празнината.
Има убавина и во неприпаѓањето. Во тоа да бидеш етер. Да бидеш трамонтана – каталонскиот ветер кој носи сè пред себе. Има убавина и во зборувањето за неприпаѓањето. На начинот на кој Наташа Сарџоска, пишувајќи за празнината, нѐ носи отаде празнината.
Алма е истовремено некој и нешто, никој и ништо. Нејзината добро платена дипломатска работа ја измачува со лицемерноста што се крие зад големите хуманитарни проекти. Темнина скриена зад име кое значи светлина. Не припаѓајќи никому, слободна и невидлива е во Париз, градот што никогаш никого не прима. Наспроти неа, Алба им припаѓа на сите, но не и себеси. Живее скриена зад името кое значи бели мугри, а одвај чека да се засолни во темнината на ноќта. Нивната средба во Охрид, градот кој умее да прими несебично и топло, ќе им ги промени судбините.
Сите ние понекогаш ја чувствуваме празнината – сеопфатна и застрашувачка. Потребна е храброст да се соочиме со неа. Ако, пак, ја прифатиме, ни ги открива одговорите на најважните животни прашања. А потоа низ неа јурнува трамонтаната, која нѐ прочистува и му дава нова смисла на животот.",Романи,Наташа Сарџоска,ТРИ,,,300 ден.
ЕМОТИВЕН ТАЛОГ,"Книгата „Емотивен талог“ произлегува од себезапрашаноста пред предизвиците на современото живеење и откривањето на сопствените стратегии за борба против сѐ што нѐ одвојува од нашата суштина. Ова дело е повик и поттик да се впуштиме во авантура на себеиспитување и себенадградување преку аналитички поглед во сопствениот емотивен талог.
Гоце Смилевски
Прозните цртички за „најдлабокото човечко“ на Ана Јовковска се албум на една лична интима, но воедно и освестувачки аларм за колективната свест и совест. Испровоцирани од радикалната промена на светот при соочувањето со монструозниот вирус, нејзините прозни записи се длабока интроспекција и потрага по примарните хуманистички вредности: среќата, љубовта, слободата, здравјето (физичко и ментално), моралот, солидарноста, природата, културата... Хибридните прози кои комбинираат расказ со есеј, колумна со критика, филозофија со психологија се необични книжевни медалјони, свежи и сочни. И, секако, не смее да се заборави – имаат розова боја, „крчкани“ се во женска кујна!
Соња Стојменска-Елзесер
Приказните од кујната на Јовковска се „крчкани натенане“, сериозно промислени и продлабени низ слоевите на колективните матрици, но едновремено длабоко прочувствувани и процедени низ решетките на сопственото искуствено доживување. Во нив таа навидум се занимава со себе и женските револуции што ги води, но нејзиното интимно соголување, всушност, крие гандиевска филозофија, длабоко верувајќи дека со личниот пример може да го трасира патот кон поправеден, послободен и попродуховен свет.
Ана Мартиноска
Извонредно слоевита и напишана со огромна вештина, книгата „Емотивен талог“ има силна интроспективна визура. Интелектуалната љубопитноста на Ана Јовковска е безгранична и повикува на креативен и продуктивен дијалог со читателите. Ракописот е густ како талог од кафе, натопен во разигран јазик на метафори, симболи и асоцијации, а сепак е едноставен, непретенциозен и лесно читлив.
Владимир Мартиновски",Романи,Ана Јовковска,ТРИ,,,350 ден.
ЖИВОТ БЕЗ КРАЈ,"Новото дело на славниот Фредерик Бегбеде романот Живот без крај е негова најавтобиографска приказна. Самиот автор ја нарекува темата на романот соодветна на неговата возраст – доколку претходните книги му беа за љубовта сексот бракот експериментирањето со дрогите итн. во овој роман педесетгодишниот Бегбеде ги истражува темите на семејството на смртта и вечниот живот.
Нараторот на Живот без крај е опседнат со идејата да најде „лек“ за смртта и во таа навидум невозможна потрага ќе биде вклучено целото негово семејство. Трагањето по бесмртноста се претвора во луда авантура, за на крајот, останувајќи во доменот на предвидливото и исполнувајќи ги очекувањата на читателот, нараторот да открие дека бесмртноста постојано била пред него, отелотворена во неговите две ќерки.
Бегбеде без патетика и со многу хумор ја допира оваа мрачна тематика и гради возбудлива приказна која завлегува во доменот на научната фантастика.",Романи,Фредерик Бегбеде,ТРИ,,,400 ден.
СКБ ПОСЕТА НА БАНДАТА,"Фасцинантните испреплетени приказни на Џенифер Иган гравитираат околу животите на Бени Салазар музички продуцент во години кој на времето бил панк-рокер и Саша лудата девојка што работи за него. Бени и Саша никогаш не го дознаваат минатото на другиот но читателот се запознава и со неговото и со нејзиното минато и тоа до најинтимните детали а со тоа и со тајните животи на шаренилото од други ликови чии патишта се вкрстуваат со нивните во текот на многу години и на многу места од Њујорк преку Сан Франциско и Неапол до Африка.
Посета на бандата е книга за воздејството на времето и музиката, книга за опстанокот, за превирањата и преобразбите поттикнати и од најблагите пресеци на нашите судбини. Користејќи зачудувачки венец од стилови и тонови, што се протегаат од трагедија до сатира, па дури и до „Пауер поинт“, Иган успева да ги долови спротивното длабоко струење на самоуништувањето, кое сите ние мораме или да го совладаме или да му се предадеме; вродениот глад на човек за искупување; како и сеопштиот нагон да се посегне по двете – и да се избега од безмилосниот тек на времето, во безвремените царства на уметноста и музиката.
Зајадливо, возбудливо романескно дело напишано од еден од најсмелите автори на денешницата.",Романи,Џенифер Иган,ТРИ,,,380 ден.
ЧОВЕКОТ КОЈ ШЕТА КНИГИ,"Многу често во хартијата се крие лекот. Понекогаш дури и за нешта за кои човек не ни знае дека му треба лек. Книжарот Карл Колхоф секоја вечер тргнува по живописните улички на градот за да ги однесе нарачаните книги во домовите на своите најверни читачи. Нивното пријателство е посебно – за него тие се како омилените литературни херои, а за нив тој е незаменлива врска со светот.
Но кога стариот сопственик на книжарницата умира, неговата наследничка го укинува таквиот „старомоден“ начин на работа и Книгошетачот ја губи најголемата радост во животот. Единствено смелоста на едно деветгодишно девојче може да ги охрабри Карл и неговите клиенти одново да го откријат патот еден кон друг и кон моќта на зборот.
Трогателна приказна за она што нè сплотува, проникната со љубов и верба во луѓето. Роман за моќта на пишаниот збор и за она што го прави незаменлив чудесниот свет на книгите.
„Топла приказна што ќе ве освои и ќе ви вдахне доверба. Токму она што е потребно секому кој знае колку важна може да биде една добра книга.“ „Бригите“",Романи,Карстен Хен,ТРИ,,,320 ден.
ТЕОРИЈА НА ЧУДНОСТА,"Романот „Teорија на чудноста"" претставува брилијантно прикажана потрага по длабокото значење на животот. Во него опишани се неколку месеци од животот на Ада Сабова, нестереотипна, млада, урбана интелектуалка, која се обидува да ги балансира приватниот живот и кариерата. Разочарана од врските, од предвидливиот модел на својот живот, а најмногу од својата работа во Институтот за интердисциплинарни студии за човекот, таа наоѓа забава во забележувањето на ситни, очигледно случајни и невообичаени детали околу неа, пред да сфати дека тие навистина следат одредени обрасци, што резултира со нешто што таа приватно го нарекува „теорија за чудноста“. Зголемената опсесија на Ада со потрагата по исчезнатиот син на колешката ја турка на нов пат: и нејзиниот уреден, предвидлив живот одеднаш ќе добие сосема неочекуван пресврт.",Романи,Павла Хоракова,Македоника Литера,,,400 ден.
ГОЛ ЧОВЕК,"Поради огромниот интерес на читателите, Издавачки центар ТРИ ја реиздаде книгата „Гол човек“ на Игор Џамбазов. „Гол човек“ е можеби најконтроверзната книга на Џамбазов, во која тој искрено и без лажен срам, до гола кожа го соголува својот приватен живот и ни се прикажува во својата вистинска, човечка светлина. Напишана со отворено срце и остар јазик, „Гол човек“ е книга во која ќе се препознаеме сите ние, неговите современици.",Романи,Игор Џамбазов,ТРИ,,,320 ден.
ПРИНЦОТ НА ОГНОТ,,Романи,Филип Давид,Паблишер,,,320 ден.
ВОЈНИЦИ СО ГУМЕНИ ЧИЗМИ,"Војници со гумени чизми е драматична и страсна приказна за копнежот и љубовта за растењето и пронаоѓањето на својот животен пат.
Современ роман-потсетник на едно бурно време во кое заедно со големата држава се распаѓаа и многу семејства и надежи, кога се бришеа границите меѓу чувствата и разумот, меѓу реалноста и човечките сништа.
Браќата Васил и Столе се само едни од многуте кои не успеваат да се приспособат кон новите околности. Приказната за нивните соништа и разочарувања лесно го внесуваат читателот во еден магичен свет во кој патувањето низ времето е начин да се долови нивниот живот од една поинаква перспектива. Едниот страстен и немирен, другиот спокоен и разумен, секој на свој начин се соочува со своите демони. И токму кога се чини дека си ги средуваат работите и наоѓаат прибежиште во љубовта, над нив се надвиснуваат нови закани...",Романи,Ивица Челиковиќ,ТРИ,,,250 ден.
ДЕВОЈКИТЕ,"Северна Калифорнија крај на турбулентните шеесетти години. На почетокот на летото осамената тинејџерка Еви Бојд здогледува три девојки во паркот чија разузданост и опасна аура веднаш ѝ го привлекуваат  вниманието. Таа е маѓепсана од волшебната Сузан и е вовлечена во озлогласен култ чиј водач е мошне харизматичен човек...
Скриен во брдата, нивниот голем ранч е сенишен и полураспаднат, но за Еви е егзотично, возбудливо, наелектризирано место и очајнички сака да биде прифатена во нивната комуна. Сè повеќе време поминува одделена од мајка си и далеку од ритамот на дотогашниот вообичаен живот. Додека нејзината опседнатост со повозрасната Сузан расте, Еви не забележува дека се навестува незамисливо насилство...
Брилијантен роман кој понира во неверојатни психолошки длабочини, чудесно и одлично напишан. Со зрелост поголема за своите години, Ема Клајн напишала мудар и ни малку претенциозен роман – одмерено а возбудливо сведоштво за похотата и ужасот.
„Извонредна, опојна и интригантна приказна за созревањето, раскажана со толку убаво изработени реченици што можат да се носат како накит...“ Њујорк тајмс",Романи,Ема Клајн,ТРИ,,,420 ден.
ЧЕСТ,"Две сестри близначки се раѓаат во едно традиционално курдско село во кое најголемиот чеиз на жената се нејзината чистота и покорност. Животот ги носи по различни патишта – Џамила останува бабица во родниот крај а Пембе „по грешка“ се мажи за да го види светот. Нејзините деца го бараат своето место под лондонското сонце: седумгодишниот Јунус се здружува со панкерите сквотери бунтовната Есма се бори против родовата нееднаквост а најстариот Искендер станува глава на семејството откако татко им ги напушта. Заробено во стегите на минатото и традицијата целото семејство е неповратно урнисано поради едно морничаво злосторство – убиство од чест.
Возбудлива драма исткаена од бремето на минатото и безвремените морални дилеми. Низ богатата палета од ликови Шафак ги истражува судирот меѓу традицијата и современоста другоста во западното општество како и човековото право на слобода и љубов.
„Мајсторски исткаен роман... со шекспировски заплети и пресврти, кобни знаци и енигми, пророштва и судбини“. Индипендент
„Шафак е храбра писателка... Ова е моќен роман... што провокативно ги разоткрива најмрачните аспекти на верата и љубовта“. Телеграф
Елиф Шафак- Најмоќниот женски глас на светската книжевна сцена
Нема доволно зборови и место за да се каже сè што може за оваа современа турска авторка. За нејзината големина и важност најдобро зборуваат нејзините дела. Преведени на повеќе од 40 светски јазици, македонската публика ја има честа да ја држи в рака третата нејзина книга на македонски. Силни женски ликови, црн хумор, космополитизам и мултикултурализам, преплетување на Истокот и Западот, се само некои од карактеристиките на нејзиното писмо.",Романи,Елиф Шафак,ТРИ,,,450 ден.
СОВРШЕНИОТ СИН,,Трилери,Фрида Мекфаден,Сакам книги,,,500 ден.
НА НЕБОТО ИМА РЕКИ,"Водата се стврднува при неповолни услови, исто како и човечкото срце.
Во древноста, крај животодавната река Тигар, една мала дождовна капка паѓа врз главата на суровиот владетел Асурбанипал, опседнат со глинените плочи на кои е запишан познатиот еп за Гилгамеш. Следејќи го цикличниот пат на капката низ вековите, патуваме низ земјите и културите, а нејзините промени нè носат до нови херои: момче со генијална меморија родено на брегот на валканата Темза во викторијански Лондон, наглуво девојче кое во 2014 г. со баба ѝ заминува во долината Лалиш, свето место на нејзиниот народ соочен со уништување. Во наши дни, ним им се придружува една научничка која го напушта сопругот и се сместува во својот нов дом: брод на реката Темза.
Овој волшебен роман на Елиф Шафак ги следи чудесните текови на водата, историјата и судбините, испишувајќи приказна проткаена со длабока емпатија за несреќните и отфрлените. Водата владее над сите нив – таа е и предвесник на животот и гласник на смртта. Иако телото е смртно, душата е вечен патник – исто како капката вода. Водата памети. Луѓето забораваат.
„Одисеја, еп, приказна за искупување. ‘На небото има реки’ е повик да им се оддаде почест на елементарните сили кои ни ги обликуваат сеќавањата, историите, нашиот свет. Накратко – ремек-дело.“
Рут Озеки",Романи,Елиф Шафак,ТРИ,2025,484,650 ден.
МАЈСТОРОТ И МАРГАРИТА,"Одбиван, премолчуван, забрануван и напаѓан. Тоа е историјата на овој роман.
Никогаш не разговарајте со непознати. Зашто така, ете така започнува хаосот. Хаосот кој го создава Воланд, Мефистофел, Ѓаволот лично. Но каков е овој ѓавол, чуден и гротескен? Од каде во сета приказна се појавуваат Понтиј Пилат и младиот Јешуа? А Мајсторот писател и неговата љубена Маргарита?
Низ меланжот од приказни проткаени со многу хумор и иронија, пародија и страв, подбив и (само)критика, на крајот се издигнува една нова приказна. Можеби не сосем вистинита, но приказна која е ново промислување на Вистината.
Користејќи го хуморот како најсилно оружје против системите кои се обидуваат да нè задушат, Булгаков ја исмева таа нехумана лакрдија, по цена на својот живот, а во име на слободата и правото на избор на сопствената (уметничка) вистина. Не постои историја, туку само истории. Различни приказни, погледи на минатото и историјата, нивно калкулирање и искористување. Еве одлична можност да се погледнат нештата од поинаков агол.",Романи,Михаил Булгаков,ТРИ,,,375 ден. 500 ден.
ВИОЛЕТА,"Епски роман за Виолета дел Ваље, чиј живот, долг еден век, го опфаќа времето на најголемите историски настани на XX век, во светот и во нејзината земја од Латинска Америка – Големата депресија, Втората светска војна, диктатури, природни катастрофи, две светски пандемии, и тоа на „шпанскиот грип“ при нејзиното раѓање во 1920 година и на коронавирусот при нејзината смрт во 2020 година.
Преку долго писмо упатено на саканиот внук Камило ги опишува најважните моменти што го обележале нејзиниот живот: страсните романси и љубовни разочарувања, моментите на болка и на страв, времињата на сиромаштија и на богатство, на тешки лични трагедии и на голема среќа. Но врз нејзиниот живот не влијаат само личните и историските настани. Него го обликуваат и поддршката на женските организации за борбата за женските права и борбата против семејното насилство.
Изабел Аљенде повторно ни нуди возбудлив роман, исполнет со топлина и длабоки емоции.",Романи,Изабел Аљенде,Антолог-Боокс ДООЕЛ,,,500 ден.
ТИШИНА,"Колку зборови се сместени во молкот, а колку чувства содржи тишината?
Животот со својата непредвидливост во еден ден им ги менува животите на Севда и Бојан. Спокојството на нивниот заеднички живот прекуноќ станува тегоба, ѕидовите на топлиот дом стануваат сè постудени, а љубовта тоне во неподнослива тишина обремената со траума и тага која постепено води до отуѓување.
Наскоро секојдневјето им се претвора во празно изминување на деновите. Како да се продолжи понатаму кога сè изгледа безнадежно? Тој излезот го наоѓа во работата. Таа заминува за Париз – патување кое претставува едно интимно преиспитување на сопствените одлуки и обид да ги најде одговорите на прашањата што деноноќно ја демнат.
Приказна за препреките што ни ги поставува животот тестирајќи ја издржливоста на срцето, за мајчинството и татковството, за комплексните меѓучовечки односи. Роман кој трага по одговор на прашањето за љубовта – може ли таа да биде феникс и да се издигне уште посилна од пепелосаните соништа за заедничка среќа?",Романи,Јелена Никодиноска Чаповска,Паблишер,,,250 ден.
МАЏУН,,Романи,Влада Урошевиќ,Или-Или,,,480 ден.
ШТО СЕ СЛУЧИ СО ИСИДОРА?,"По смртта на екстравагантната авторка Ноемија Нера, нејзините отуѓени ќерки се враќаат во готската опатија каде што пораснале, заради отварање на тестаментот. Шокирани од содржината на документот, на Долорес и на Исидора не им преостанува ништо друго освен да се погрижат за наследството, но престојот во морничавата опатија, опкружена со шума и гробишта, за Исидора се претвора во кошмар.",Романи,,Арс ламина,,,390 ден.
ПАПОКОТ НА СВЕТЛИНАТА,"Силната светлина заслепува неподготвено око, а блесокот на молњата може и да убие.
Јан Лудвиг, протагонистот кој пред повеќе од 20 години трагаше по папокот на светот (љубов кон жената), сега е во потрага по папокот на Светлината. Заедно со другите ликови, тој се обидува да открие каде се раѓа онаа Светлина која ја просветлува душата и како се случува некој цел живот да ја бара неа, а некој да се задоволи да му биде облека на ѓаволот.
„Папокот на светлината“ е во знакот на Светото Тројство: тројца навидум различни раскажувачи раскажуваат три навидум неповрзани приказни, сите љубовни на свој начин, три наративи кои на крајот се сврзуваат во еден, можен роман. На тој начин овој роман станува и нов клуч за читање на „Папокот на светот“; тројството на светлината го надминува дуализмот на светот. Дуализам кој и ќе го уништи стариот поредок, со сите негови морални вредности, и ќе го претвори во опожарена цивилизација врз чии јагленосани остатоци треба да се крене новиот свет.
„Папокот на светлината“ е значаен прилог кон тој нов, продуховен свет.",Бестселери,Венко Андоновски,ТРИ,,,450 ден.
ЅВЕЗДИ ПОД КЛЕПКИТЕ,"Кога сакаш уште од животот, подготвен ли си да се откажеш од она што го имаш?
„Ѕвезди под клепките“ е можен одговор на некои од најголемите загатки на животот: каде, кога и како ја среќаваме љубовта. И како ја препознаваме? Дали во тоа ни помагаат ѕвездите што ни треперат под клепките?
Раскошен роман за најзначајните и најтешките животни прашања и дилеми. Повеќеслојна сага со три испреплетени приказни во кои палимпсестно се испишани најмалку уште толку, колку лични толку и универзални. Во нив треперат копнежи и разделби среде историски битки, премолчани зборови, неискористени можности и неодговорени прашањата: еден ли е светот или има мноштво светови во кои паралелно течат нашите животи? Постои ли во некој од нив нашата сродна душа и дали со неа ни се случува љубов на прв поглед? И дали таа љубов е способна да ја премости големата разлика во годините и да ги надмине сите пречки што ѝ стојат на патот?...
Во стилот на големите мајстори, Терзијски не води на возбудлива прошетка низ времето и судбината, поткревајќи ја пред нашите очи завесата на животот. За него, некаде под очните капаци на секој од нас има нешто многу поголемо, до кое малкумина успеваат да допрат. И со кое гледаат многу повеќе отколку што нуди реалноста.",Романи,Николај Терзијски,ТРИ,2024,294,400 ден.
ЈУ2-КАМЕНОТ ОД ТВОЈОТ ДЕН,"Четворица пријатели одат на Хималаи. Само една од нив е жена и само таа нема никакво претходно планинарско искуство. Не поседува „доказни материјали” дека може заедно со нив искусните да искачи пет илјади метри височина совладувајќи ги сите нешта што Хималаите ги испречуваат на патот на „освојувачите”. Единственото нешто што Таа го поседува е страсната желба да си го оствари својот животен сон. Сонот се вика: да одам на Хималаи. На прашањата зошто сака да оди и како тоа ќе го оствари Таа нема одговори. До нив стасува дури откако долго престојува сред Хималајскиот Универзум. Што открива жената? Што осознава? Со кого се сретнува? Што научува? Зошто? Дали Таа што тргнува е истата Таа што се враќа или тоа се две различни жени со два живота претхималајски и постхималајски? Во Каменот од твојот ден сите тие прашања се спојуваат во едно - прашањето за Будноста. Книгава не е ниту патопис (иако за основа го има личното хималајско искуство на авторката) ниту роман ниту фикција ниту стварност. Истото е што е и животот. Истото е што се и Хималаите: јаве на сон и сонување со отворени очи. Или: заедничката точка во која обете се сретнуваат - најсуштинското Јас. Мајсторот во себе. Безвремената и бесконечна Празнина!
Kаменот од твојот ден е добитник на Рациновото признание за 2005 година.",Романи,Јагода Михајловска-Георгиева,ТРИ,,,299 ден.
ДОСАДНИКОВ,"Специјална награда за издавачите на меѓународниот литературен натпревар „Крунисување на зборот“ (2012) и номинација за наградата Книга на годината во Украина.
Антон Досадников, кој дипломирал на Институтот за новинарство, се обидува да ја пронајде својата струка во животот. Откако извесно време работи како дописник за политички вести, потоа – како крупие во казино и на крајот – како шеф на одделот Преиспитување во списанието „Криминален свет“, се соочува со болестите на неговото време. Го прогонуваат опсесивни соништа и грешни мисли за сенишната калуѓерка. Антон отишол во црква во потрага по ментална рамнотежа, наместо тоа добил понуда да стане главен уредник на црковен весник. Неговата нова работа го инспирира за нови гревови и злосторства, тајно ги снима сите исповеди на мирјаните. Отпуштен е од таа работа, а потоа му се остварува својот долгоочекуван сон – да отвори свој ресторан, каде посетителите ќе имаат можност да се исповедаат еден на друг и да добијат прошка за сите гревови. Благодарение на еден поранешен криминалец, сонот на Антон набрзо се остварува, но се претвора и во негов кошмар.",Романи,Ана Баграјана,Македоника Литера,,,200 ден.
ЗЕМЈАТА НА ЗАБОРАВЕНИТЕ СКАЗНИ,"„Земјата на заборавените сказни“ е хибрид помеѓу драмски текст и (графички) роман, помеѓу бајка и модерна фантастична приказна. Помалку потсетува на „Хрониките на Нарнија“, „Алиса во Земјата а чудата“ или, пак, „Волшебникот од ОЗ“, со една голема разлика – што се случува тука, во Македонија, во селото од каде што потекнуваат многу волшебни приказни – Бабино.
Што се случува откако Илина, Мартина и Мирон ќе отидат кај баба Јагода во Бабино, каде што нема интернет ниту пак мобилни телефони? Како тие ќе отпатуваат во Земјата на заборавените сказни и каква врска со сето тоа има Баба Јага? И како во оваа приказна се најдоа и самовилата Мирнанеседи и змејот Русе и Супер Марко и… Ех… нема потреба од повеќе прашања! Сето тоа ќе го откриете во оваа книга.
„Нит е јаве, нит е сон, меѓу нив има патишта разни, во Земјата на заборавените сказни!“",8 – 10,Билјана С. Црвенковска,ИД-КОНЦЕПТ КОНСАЛТИНГ И ДИЗАЈН (Чудна Шума),,,600 ден.
ЛОВЕЦ НА ДУШИ,,Трилери,Донато Каризи,Матица,,,450 ден.
ВЕШТИЦА,"Една девојка од Македонија во седумнаесеттиот век заминува по игра на судбината во Хрватска. Во Хрватска е во ек голем прогон на вештици – жени кои склучиле сексуален пакт со ѓаволот. Во исто време од Италија падре Бенџамин личен пријател на Џордано Бруно доаѓа во Хрватска да учествува во инквизицискиот прогон и судењето на вештиците. И девојката од Македонија е обвинета за пакт со ѓаволот само затоа што не го сака својот сопруг со кој е во договорен брак. И наместо нејзин џелат учениот теолог Падре Бенџамин станува нејзин спасител. Меѓу нив пламнува огнена љубов... Како оган на клада на која горат еретиците... Ќе изгорат ли? Или ќе се родат повторно во дваесеттиот век како писателот кој ја пишува Вештица и една верна читателка која се поистоветува со женскиот лик од неговиот роман?
„Но во ова сјајно полифонично дело, во кое разновидноста на наративните техники го изненадува и го радува читателот, потсетувањето на вештици и магии постојано е проследено и збогатено со приказни кои се сместени во современиот живот, така што Вештица станува голем роман за Европа. За минатото и сегашноста на Европа. Но, доволно е. Не сакам да го раскажувам овој роман што не може да се раскаже. Ве молам да го прочитате. Со љубовта која ја заслужува.“ Милан Кундера
„Венко Андоновски во романот Вештица ги урива сите стереотипи. Неговиот јазик и по својата синтакса и по својата сензибилност има една благородна мелодика и промислена сигурност. Тој е супериорен мајстор да ги вработи сите зборови и на сите да им даде еднакви, речиси рамносилни задачи и значења. (...) По завршувањето на некои мои книги, многупати сум останувал рамнодушен, мислејќи дека некој друг ги напишал. За романот Вештица, пак, многу повеќе се радував отколку јас да сум го напишал...“  Петре М. Андреевски",Домашни автори,Венко Андоновски,ТРИ,,,380 ден.
БЕАТРИЧЕ И ВЕРГИЛИЈ,"Како и во својот прв роман Животот на Пи кој стана светски бестселер канадскиот писател Јан Мартел во својот нов роман Беатриче и Вергилиј ја употребува алегоријата како книжевна техника и им го „позајмува“ гласот на животните кои стануваат главни ликови во неговите приказни. 
Во Беатриче и Вергилиј Мартел зборува за една од наjголемите трауми во дваесеттиот век преку една метафорична интимна и едноставно раскажана приказна. Романот започнува кога еден млад писател чија биографија неверојатно потсетува на биографијата на самиот Мартел почнува да добива мистериозни писма кои содржат раскази и драми напишани од непознат писател а кои раскажуваат приказна за две животни: мајмунот Вергилиј и магарето Беатриче. Како што тече романот читателот полека насетува што се крие зад алегориите и метафорите за да стигне на крајот до шокантните последни страници...
„Беатриче и Вергилиј ја поседува онаа едноставна книжевна убавина и мистериозност како и Животот на Пи. И повторно зборува за тешки теми и важни прашања на еден непретенциозен, но суштински начин.“ Њујорк тајмс",Романи,Јан Мартел,ТРИ,,,350 ден.
ПРВАТА ВЕЧЕРНА ЅВЕЗДА,"Пајпер Дав е жена со сон – да стане најдобриот детектив во Чикаго. Прва задача? Да го следи бившиот бек на Чикаго Старс, Купер Грахам. Проблем? Грахам ја открива и не е среќен.
Па затоа добрите детективи мора да знаат да работат под притисок и брзо да размислуваат. „Јас те демнам. Не сум опасна. Човече, никако. Повеќе нешто како малку опседната со тебе…“
Пајпер наскоро почнува да работи за Грахам, но не како телохранител затоа што тој одбива да признае дека очајно му е потребен. Тој ја ангажира да ги надгледува вработените во неговиот ексклузивен ноќен клуб. Но одеднаш, неговиот живот е во опасност и Пајпер е решена да го заштити, без разлика дали тој сака или не. (А тој дефинитивно не сака!) Проблемот е што таа истовремено се справува и со куп други тешки клиенти. Во секој случај, најтежок од нив е самиот Купер Грахам – легендарен спортски херој кој секогаш го добива тоа што го сака. Па макар тоа била тврдоглава детективка смртно решена да му докаже дека е подеднакво силна како него.
Во стилот на Сузан Елизабет Филипс, романтична комедија што освојува уште од првата глава.",Љубовни романи,Сузан Елизабет Филипс,Сакам книги,,,440 ден.
РУДНИКОТ,"ОД АВТОРОТ НА БЕСТСЕЛЕРИТЕ „ДЕЦА НА ЗЛОТО“ И „ОСТРОВОТ НА ПЕЛИКАНИТЕ“
Ти не знаеш што има таму. Никој не знае што има таму.
Третиот роман на Миодраг Мајиќ е пишуван со намера што е очигледна уште од првата реченица. Исповедта на Богдан Бањац можеби е вистинита, а можеби е плод на трауматизираната фантазија, но во секој случај е веродостојна на неговите сеќавања. Тој е поранешен адвокат што се наоѓа во санаториум и поради тоа неговите навраќања кон минатото можат да бидат земени со резерва од јавноста. Сепак, читателот лесно станува негов сојузник, дури и кога нема да поверува во сè што кажува. Според приказната на Бањац, тој се наоѓа во средиштето на комплексна мрежа од интереси на крупниот капитал, политиката и на институциите… А рудникот богат со кобалт во селото на неговата баба наликува на премин кон некој друг, страшен свет, кој е пандан на ужасите што се случуваат во овој, нашиот свет. Потреба за раскажување е последниот обид на Богдан да го реконструира минатото за да ја состави целосната слика за сегашноста и така да дојде до – вистината.",Романи,Миодраг Мајиќ,Антолог-Боокс ДООЕЛ,,,450 ден.
ДВОРЕЦ ВО РОМАЊА,"„Дворец во Ромања“ е првиот роман на Игор Штикс.
Тројца млади вљубеници во литературата и архитектурата доаѓаат во посета на дворецот Марди, каде што поетот Енцо Стречи живеел во периодот на ренесансата. Додека девојките го разгледуваат дворецот, момчето се фасцинира од приказните на калуѓерот за животот на Стречи. Тој својата љубов ја сретнал токму таму, по што ѝ посветил многу љубовни песни, но во дворецот ги проживеал и најтешките денови од својот живот. Инспириран од потеклото на момчето, калуѓерот раскажува и за себе. Дошол во Италија од Раб, по прогонот од тамошните власти заради Резолуцијата за Информбирото. Неговиот егзил е резултат на политичката ситуација и на несогласувањето со тогашната комунистичка власт, како и на забранетата љубов.
Штикс поврзува две љубовни приказни со историски и политички ситуации. Првата се случила во време на конфликт меѓу Ломбардија и Хабсбурзите, а другата се случила во поствоена СФРЈ.",Романи,Игор Штикс,Антолог-Боокс ДООЕЛ,2024,121,250 ден.
УБИСТВОТО НА КОМАНДАНТОТ,"НЕВЕРОЈАТНА КНИГА ЗА ЉУБОВТА И ОСАМЕНОСТА, ВОЈНАТА И УМЕТНОСТА – УШТЕ ЕДНО РЕМЕК-ДЕЛО НА ЕДЕН ОД НАЈГОЛЕМИТЕ СОВРЕМЕНИ ПИСАТЕЛИ
По разделбата со сопругата, триесет и нештогодишниот сликар одлучува да оди да живее на планина во куќата на еден познат уметник, татко на негов пријател. Деновите му поминуваат во сликање, готвење, слушање музика на грамофонот и пиење чаша виски навечер. Но еден ден случајно открива чудна слика скриена на таванот и не сакајќи го отвора кругот од мистериозни случувања во кој се вплеткани неговиот мистериозен сосед, едно таинствено ѕвонче, тринаесетгодишно девојче, обидот за атентат на нацистички функционер и страшното подземје. За да го затвори кругот, уметникот мора да тргне на опасно патување за себеоткривање во волшебното подземје какво што само Харуки Мураками може да создаде.",Романи,Харуки Мураками,ТРИ,,,650 ден.
РИНГИШПИЛ,"Нејзините покрети беа понежни и посуптилни од секоја нота. Нејзиното тело е синоним за страст и уметност истовремено. Елеганција, лирско изразување, емоции и грациозност во  себе носат едно име : Ана Балинт. Знаеше дека го сака, единствен , со страсна , длабока, чиста, немерлива љубов. Ј.Б.Алимпиќ испишува интимна исповед на балерина со кревко тело и џиновски дух, градејќи приказна за малите-големи луѓе, балетските сцени, салашите и уметниците, поетите и нивните музи, утрата кои мирисаат на слатко од дуња и незаборавните руски зими.",Романи,Јелена Бачиќ-Алимпиќ,Матица,,,450 ден.
СВЕТЛИНАТА НА АНТИКИТЕРА,"Ангелики Апостолакис е туристички водич кој живее и работи на островот Лезбос во Грција. Таа е порасната во патријархално и конзервативно семејство каде зборот на таткото е закон. Токму поради тоа, нема избор, освен да работи во семејната туристичка агенција, иако не ѝ се допаѓа ниту работата, ниту работната атмосфера. Но, на една семејна вечера, нејзината братучетка, Зои, која живее на островот Наксос, успева да издејствува Ангелики да замине со неа, под изговор дека ѝ треба помош во работата.
На прошетка до локалните знаменитости, Ангелики случајно открива стара кутија полна со чудни предмети. Па двете братучетки, заинтригирани од откритието, се обидуваат да дознаат што е тоа што го пронашле и колкава вредност има. Потрагата ги води низ авантури на повеќе грчки острови. Како што се сретнуваат со различни луѓе и дознаваат сѐ повеќе информации за грчката митологија и легендите, така стануваат сѐ посвесни дека имаат пронајдено нешто исклучително. Толку исклучително што може да ги одведе и до исклучителна опасност. Затоа што, некој почнува да ги следи. Некој постојано им е зад петици. Кој знае за нивното откритие? И зошто е тоа толку важно за некого?
„Светлината на Антикитера“ е мистерија која ќе ве поведе на раскошно патување по грчките острови. Приказна која шета помеѓу минатото и сегашноста, задржувајќи го вниманието со тензија, неизвесност и интересни факти од грчката митологија сѐ до последната страница.",Романи,Лепа Гештаковска Христовска,Сакам книги,,,370 ден.
НЕГОВИТЕ БЕЛИ РАКАВИЦИ,,Романи,Јелена Бачиќ Алимпиќ,Матица,,,390 ден.
СРЕЌА Е ДА ПИЈАМ ЧАЈ СО ТЕБЕ,"Атикус Крафтсмен, млад британски џентлмен кој работи во семејната издавачка куќа и голем љубител на чајот ерл греј, е задолжен да отпатува во Мадрид за да го згасне тамошното непрофитабилно списание. Неговата редакција ја сочинуваат пет многу сложни жени, кои се подготвени на сѐ само за да не останат без работните места. Кога Атикус необјасниво ќе исчезне во темната внатрешност на Шпанија, сомнението паѓа токму врз нив.
Инспекторот Манчего ќе биде задолжен да ги расплете нишките на настаните во кои романтичната комедија се меша со најтрогателна драма, а трилерскиот заплет завршува со врвно книжевно откритие на сите времиња. Тешкото станува лесно, судбините на хероите се испреплетуваат на најнеобични начини, а неволите потонуваат во море од солзи... но солзи од смеа и восхит. И сето тоа за да сфатиме дека љубовта објаснува сѐ. Предупредување: овој роман може да изврши длабоко влијание врз вашиот песимистички поглед на реалноста!
„Духовито, романтично и апсолутно шармантно.“
Џурни оф а букселер (Journey of a Bookseller)
„Израдувајте се со овој забавен, романтичен роман кој ќе ви ја врати насмевката на лицето.“
planetadelibros.com
„Книга што ќе ве потсети дека љубовта сѐ уште постои.“
somoslibros.net",Романи,Мамен Санчес,ТРИ,,,450 ден.
ЦАРИГРАДСКИ ЕМИГРАНТ,"„Емиграцијата се открива во сите свои протибречности и  величественост – како мака и како спац, како сакана и како возбуда, како стигма и како привилегија, за да се кристализира коечно во неспоредливо чувство на метафизичкиот копнеж (...)
Токму во таа и таквата  метафизика на емиграцијата,  емигрантскиот копнеж трепери, проблеснува и добива конкретни контури во романот Цариградски емигрант. Со тоа Луан Старова се промовира како еден од најдобрите познавачи и толкувачи на феноменот на емиграцијата како универзална состојба на човечкиот дух.“
Ферид Мухиќ
Со својот најнов наслов, осумнаесетти по ред, Луан Старова на посебен начин ја збогатува својата Балканска сага, чии дела се преведени на дваесетина јазици и од француската книжевна критика се вбројуваат во големите европски романи. И во Цариградски емигрант авторот продолжува да ја следи и толкува емигранската сага на своето семејство, која трае до крајот на XIX век практично до денешни дни...
За богатото дело на Старова пишувале Едгар Море, Морис Дрион, Ален Боске, Василис Василикос, Предраг Матвејевиќ и други. За својата Балканска сага Луан Старова е добитник на повеќе домашни и странски книжевни признанија.",Романи,Луан Старова,ТРИ,,,250 ден.
КАРМИЛА,"„Кармила“ е култно дело на вампирската фикција, книгата што го инспирирала Брем Стокер да го напише „Дракула“.
„Кармила“ е готска новела од 1872 година од ирскиот автор Џозеф Шеридан Ле Фанју. Првобитно објавена како серијал во „Темносино“ (1871-72), приказната ја раскажува млада жена којашто ја демне женски вампир по име Кармила, изразувајќи романтични желби кон протагонистката. Приказната е честопати антологизирана и многупати е адаптирана за филм и други медиуми.",Романи,Џозеф Шеридан Ле Фанју,ИД-КОНЦЕПТ КОНСАЛТИНГ И ДИЗАЈН (Чудна Шума),,,275 ден.
ПОСЛЕДНА ЖЕЛБА,"1996 е годината која менува сѐ за Меги. Кога на шеснаесет години ја праќаат да живее со тетка која едвај ја познава, во далечно гратче на брегот на Северна Каролина, не може да мисли на ништо друго, освен на пријателите и семејството кои ги остава зад себе… но тоа почнува да се менува кога го запознава Брајс Трикет, еден од малкуте тинејџери на островот. Прекрасен, искрен и полн со живот, Брајс ја запознава со многуте убавини на градот опкружен со плажи, но и со фотографирањето, страст која ќе го дефинира остатокот од нејзиниот живот.
До 2019 година, Меги веќе е познат фотограф. Таа има успешна галерија во Њујорк, но истовремено и многу патува на далечни места низ целиот свет. Но оваа година неочекувано останува дома за Божиќ, избезумена од страшна дијагноза. Бидејќи станува сѐ позависна од својот асистент, таа се зближува со него. Додека заедно ги одбројуваат последните денови од празниците, таа почнува да му раскажува приказна за еден друг Божиќ, од пред многу декади – и љубовта која ја насочила кон животот кој никогаш не можела ни да си го замисли.",Романи,Николас Спаркс,Сакам книги,,,550 ден.
ЈАНИЧАРИ,"И во својот најнов роман Јаничари од Балканската сага, која француската книжевна критика ја вбројува во редот на големите европски романи, Луан Старова третира една трајно актуелна проблематика потпирајќи се врз силната ерудиција и романескната драматургија што ја носат двајцата главни ликови. Тие се понесени од идејата вистински толкувајќи го јаничарството во сите појавни облици и во различни времиња, да придонесат за спасување на своите потомци, кои остануваат чувари на идентитетот на својот народ, чувари на човештвото...
Романот Јаничари е дваесеттата книга од големиот проект на Луан Старова наречен Балканска сага. Сите овие томови се, всушност, една приказна за балканската стварност, видена и раскажана преку едно бегалско семејство... Авторот, по широко проучување на јаничарскиот феномен, испишува една обемна, импресивна книга, сугерирајќи дека јаничарство може да се смета за клуч за разбирање на балканската судбина.
Димитар Башевски
Двата главни лика, Таткото и Климент Камилски, во нивната декултуризација/рекултуризација, ја пренесуваат својата визија и на Сталин, Грузиецот, првин внесен во монашкиот ред, кој станува „главниот јаничар“ на Советската Империја.
Едгар Морен",Романи,Луан Старова,ТРИ,,,450 ден.
СКРШИ ГО МРАЗОТ,"Анастасија Ален цел живот дава сѐ од себе за да добие шанса да влезе во Американскиот олимписки тим. Се натпреварува во лизгање уште од петгодишна возраст, има комплетна студентска стипендија благодарение на нејзината позиција во лизгачкиот тим и секојдневен распоред на активности од кои би липала и најамбициозната личност на светот. Стаси не си игра, Стаси секогаш цели на победа. Без исклучоци.
Нејтан Хокинс никогаш немал проблем што не може да го реши. Како капитен на Тајтанс, добро знае што значи одговорноста да го носиш целиот тим на рамена на мразот. Но благодарение на едно недоразбирање, двата тима мораат да го делат лизгалиштето, а партнерот на Анастасија се повредува. Тогаш Нејт е принуден да го замени хокеарскиот стап за хеланки и стариот страшен тренер за уште пострашен.
Тие се заглавени заедно на повеќе од еден начин, но во ред е, бидејќи Анастасија мрази хокеари… нели?",Љубовни романи,Хана Грејс,Сакам книги,,,590 ден.
ПОКОРУВАЈЌИ ГО ВОЈВОДАТА,"Таа ја ризикува својата иднина за него, а тој го губи своето место во историјата заради неа.
Англија, 1879 година. Анабел Арчер, брилијантната но сиромашна ќерка на селскиот викар, се изборува за место во првата група студентки на Оксфорд. За да возврати за добиената стипендија, мора да го поддржува движењето за глас на жените. Нејзина должност: да ги придобие мажите да се залагаат за женските права. Нејзина цел: Себастијан Деверо, студениот и тврдокорен војвода од Монтгомери кој ја води британската политика под контрола на кралицата. Нејзин предизвик: да не попушти пред моќната привлечност на војводата, која е невоможно да се игнорира.
Но ниту тој не може да остане рамнодушен, колку и да се убедува дека му е потребна сопруга со ист социјален статус и со наследство. Умешниот стратег потклекнува пред зелонооката Анабел...
Растргната меѓу љубовта и волјата за слобода, Анабел ќе открие што е потребно за да се покори еден војвода.
„Данмор го доловува духот на ерата со блескава живост, разбивајќи ги стереотипите за викторијанска Англија, запознавајќи нè со група извонредни жени кои одбиваат да живеат како случајни минувачи во своите животи.“
Ентертејмент викли
„Шармантно, заводливо и апсолутно возбудливо – токму како што треба да изгледа една историска романса!“
Паблишерс викли",Љубовни романи,Иви Данмор,ТРИ,,,500 ден.
ЛОВЕЦ НА ОЧИ (КОЛЕКЦИОНЕР НА ОЧИ 2),"Тој е најдобриот очен хирург во светот. Легенда во операционата сала. И им ги вади очните капаци на жените пред да почне да се изживува над нив…
Доктор Зукер е психопат кој води двоен живот. Преку ден ги врши најкомплицираните операции на човечкото око. Но ноќе се фокусира на неговите „специјални пациенти“: жените на кои им ги отвора очите во најбуквалната смисла на зборот. Им ги отстранува очните капаци, ги силува – и им дозволува да побегнат. Досега, сите негови жртви имаат извршено самоубиство. Бидејќи немаат ниту сведоци, ни физички докази, полицијата бара помош од Алина Грегориев. Слепата физиотерапевтка, која се смета за јасновитка од случајот со „Колекционерот на очи“, треба да се обиде да даде некоја насока за следниот „пациент“ на Зукер. Алина неволно се согласува – и со тоа пропаѓа во вртлог на лудило и насилство. Нејзиниот пријател, Александер Зорбах, е единствената личност која би можела да ја ослободи, но тој е западнат во комплетна апатија уште откако „Колекционерот на очи“ го киднапира неговиот син. Ни едниот, ни другиот од нив сѐ уште нема сфатено дека постои фатална конекција помеѓу „Колекционерот на очи“ и „Ловецот на очи“, Зукер…",Трилери,Себастијан Фицек,Сакам книги,,,590 ден.
ЗАМОК - ФРАНЦ КАФКА,"„Замок“ е класика без која не може да се замисли книжевноста на XX век!
Приказната е навидум едноставна – К. на секаков начин се обидува до дојде до одговорните во замокот што управува со селото во кое е дојден да работи како геометар. Но никако не може да стигне дотаму – наместо тоа, наидува на луѓето од селото и ги доживува опскурноста и налудничавоста на нивниот туѓ свет. Сета содржина на ова книжевно ремек-дело може накратко да биде означена како залудни обиди на К. да го најде патот до замокот. Но едноставноста е само привидна. Уметничкиот космос на Кафка, кој се надоврзува на делата на Хофман, Гогољ, Достоевски, Е. А. По, е полн со параболи, сомнибулни ситуации и симболичка многузначност. Тој го маѓепсува читателот и го води во познати, но непрепознатливи предели, скриени во длабочините на нашето скриено „јас“. Со секое ново читање се исцртува нов пат низ лавиринтите на овој космос.
„Замок“ е роман за отуѓувањето, бирократијата и за бесцелните обиди на човекот да се бори против системот и уште едно од брилијантите дела на Кафка.
Оваа книга е прв интегрален превод на македонски јазик што ги содржи оригиналните поговори на Макс Брод и сите отфрлени фрагменти.",Романи,Франц Кафка,Антолог-Боокс ДООЕЛ,,,500 ден.
ОСТРОВ - МЕША СЕЛИМОВИЌ,"Куќата е на крајот од ’ртот, во ретката борова шума, на островот. Сосем близу до гробиштата, далеку од малата рибарска населба. Тука, недалеку од морето, блескаво лете, смрачено и сиво зиме, живеат тие двајца, со години, отповеќе многу години, можеа и да заборават сè што било, оти било одамна, ама немаат заборавено, осудени се на сеќавање.
Негови се: мрежата, чамецот, рибите, говорите, тагата и бесот, талкањето по островот.
Нејзини се: готвењето, чистењето, цвеќињата, кокошките, клавирот за кој сонува, трпението и тивкото сеќавање.
Тој ги мрази своите риби, и вели: Утре ќе јадеме кокошка за ручек. Таа е поразумна, вели: Поарно риба.
Ова е прв превод на романот „Остров“ на македонски јазик.",Романи,,Антолог-Боокс ДООЕЛ,,,300 ден.
ТАЈНАТА НА АЛЕКСОВИ,"Алекса Алексов потекнува од богато и познато семејство. Тој е единец на мајка и татко кои многу се обидувале, но не можеле да имаат други деца, па можеби токму тоа е причината што е по малку разгален, што сè му е допуштено, што има малку тежок табиет и никој едноставно не може да го одбие за ништо. Така, уште првиот ден кога ја здогледува помладата и преубава Дафина, решава дека таа мора да му стане жена.
Но, како што велат злобните соседи, семето на Алексови тешко фаќа, не вирее. По пет неплодни и страдални години, најпосле им се раѓа првата ќерка. Потоа, им се раѓа и втората. И третата… Алекса е изгорен за син и не го крие тоа, па Дафина е несреќна што не може да му го даде наследникот по кој тој толку копнее. Ова незадоволство дополнително го потпалува лошиот табиет на Алекса, па трите сестри почнуваат да живеат во страв од нивниот избувлив татко, обвинувајќи се себеси што не се тоа што тој најмногу го посакува. И баш кога помислуваат дека среќата конечно ќе им се насмевне, зад аголот чека ново страдање…
Семејна сага на три генерации жени; клопче од тајни, страдања и солзи.",Романи,Наде Стојилковиќ,Сакам книги,,,350 ден.
ТВОЈАТА ВИНА,"Уште поголема романса, но и предавство, разочарување, мистерија: сето тоа ве чека во продолжението на романтичната сага за лошото момче со добро срце и за добрата девојка со голема храброст.
Кога Ноа се вљуби во Ник знаеше дека нивната врска нема да биде едноставна: тие се целосна спротивност, оган и струја, а кога се заедно светкаат молњи… во секоја смисла. Досега нивната страст беше посилна од гордоста, но разликата меѓу нив и сеништата што ги демнат обајцата, сето тоа постојано ги доведува во искушение, како темпирана бомба што се заканува дека ќе ги разнесе.
Во љубовта не е сè и секогаш мед и млеко, а Ник и Ноа мораат да научат како заедно да се соочат со пречките и да не дозволат некој да ги раздвои.
Дали Ноа, навистина, е подготвена да се соочи со своите стравови и повторно да му верува некому? Дали Николас ќе успее да го остави своето минато зад себе и да ѝ го отвори срцето на една личност?",Романи,Мерцедес Рон,Топер,,,599 ден.
МАЧКИНО ОКО,"Вознемирувачки, смешен и сочувствителен роман, во кој една жена се обидува да ги одмрси замотаните јазли на својот живот.
Илејн Рисли е контроверзна сликарка што се враќа во Торонто, градот каде што ја поминала младоста, за да изврши ретроспектива на сопствената уметност. Но одеднаш ја обземаат живописните слики од минатото. Најсилното сеќавање ѝ е поврзано со Корделија, девојчето предводник на три девојчиња што кон неа се однесувале истовремено и многу сурово, но и многу полезно. Тие ја втурнале во тајните предели на детството, свет во кој таа ги осознала пријателството, копнежот и предавството. Илејн се наоѓа во фаза од животот во која мора да се соочи со сопствениот идентитет како ќерка, љубовница, уметник и жена, но пред сѐ, таа мора да побара ослободување од сопствените спомени што ја прогонуваат.",Романи,Маргарет Атвуд,Антолог-Боокс ДООЕЛ,,,600 ден.
КНИГА НА СПОМЕНИТЕ,,Романи,Јелена Бачиќ Алимпиќ,Матица,,,390 ден.
ЦРНА И СРЕБРЕНА,"Третиот роман на Паоло Џордано Црна и сребрена раскажува за интимниот живот на едно модерно младо италијанско семејство кое доживува криза по смртта на старата помошничка и дадилка на детенцето на семејството. Госпоѓа А. е повеќе од домашна помошничка таа е стожер на семејството единствениот сведок на врската што ги спојува.
Црна и сребрена е меланхолична љубовна приказна, раскажана со префинет и интимен јазик и – за првпат во творештвото на авторот – во прво лице. Џордано се сосредоточува на надворешните подробности, меѓутоа ги користи за да ги долови со нив внатрешните светови на своите ликови, нивните заемни односи или стравови. Кога семејството ќе ја загуби госпоѓа А., ненадејно чувствува празнина што не може да се пополни. Но младата двојка допрва треба да согледа дека нејзината сила веќе е дел од нив.",Романи,Паоло Џордано,Паблишер,,,250 ден.
ПРАВТА НА БИБЛИОТЕКИТЕ,"Кој не умрел во книжевното дело, нема да умре никогаш.
Големото „петокнижје“ на Митко Маџунков почнува со Времето на ирвасите, по што следуваат Птиците од ланските гнезда, Непостојната книга (необјавено), Правта на библиотеките и Времето пред приказната. Со двојното појавување на поимот „време“ во самите наслови на делата, на почетокот и на крајот од циклусот, се подвлекува и една од централните теми на оваа, во нашата книжевност единствена романескна целина. Станува збор за грандиозно дело кое ќе се коментира во времињата што се пред нас, и од кое ќе се бараат решенија и насоки. Во Правта на библиотеките, наспроти „лажниот“ Дон Кихот како редукција на донкихотските вредности во
нашиот свет, се појавува „вистинскиот“ Дон Кихот кој низ каталошкиот книжен виор слегува во подземјето, каде што, со другите ликови на делото, води битка за „спас на светот“ преку книгата и сè она што таа го олицетворува.
Акад. Георги Старделов
Кога беспоговорно би го следеле Хорациј, би рекле дека Митко Маџунков напишал совршено дело за меморијата и антимеморијата! И тоа би било доволно. Но Правта на библиотеките е нешто повеќе од тоа. Овој роман на Маџунков е антологија на суштествувањето составена во најголем дел од самите ликови во романот. Како секоја базична книга, романот го поставува и прашањето каде оди
овој обездушен и обескнижен свет базиран врз рециклирање, и каде во тој свет се малите народи и нивниот идентитет?... Во тој вител на чудесни и чудни глетки и привиденија, се чини дека наративната оска постојано е вкопана во македонската почва.
Блаже Миневски",Романи,Митко Маџунков,ТРИ,,,500 ден.
ОВА МОЕ СРЦЕ,"Моли Сомервил има репутација на бељаџика. Има нешто што внатрешно ја јаде и одвреме-навреме ѝ создава нагони за правење проблеми и бељи, а предзнак за тоа обично е менувањето на фризурата. Но добро, никој не е совршен. Инаку, може да се каже дека има скоро идеален живот. Ја обожава својата работа, својот тешко заработен стан, својата француска пудлица, па дури и сестра си во чија сенка живее цел живот, бидејќи не е толку убава, успешна и гламурозна како неа.
Единствениот проблем ѝ е тоа што е безнадежно вљубена во страшно згодниот и популарен рагбист, Кевин Такер, со кој едноставно нема никаква шанса. Тој не ѝ го знае дури ни името!
Една вечер, нејзината склоност кон правење глупости ја вплеткува во комплицирана ситуација со Кевин, па нејзиниот свет одеднаш се превртува наопаку. Една грешка, една непромислена глупост, целосно им ги менува животите на двајцата и прави човекот што го сака да ја замрази.",Љубовни романи,Сузан Елизабет Филипс,Сакам книги,,,390 ден.
ЛУЃЕ БЕЗ МИНАТО,"Луѓе без минато е роман за универзалната апсурдност на историските епизоди во кои е вклештен малиот, обичен човек. Зад лажната слика на редот се крие поинаква суштина. Таа отвора низа прашања за трагичната судбина на беспомошните единки затечени во настаните што водат во ќор-сокак.
Во безизлезот на пеколот, Роберт Новак и неговата генерација се втурнати во бесмислена војна од чиј хаос во сеќавањето им остануваат болни слики и судбински средби. Во мракот на немоќта и верноста кон идеолошките вредности, кога се распаѓа нивната држава, слепи се за границите на вистината со која немаат храброст да се соочат. Но сепак, на крајот од тунелот проблеснува светла точка која ја буди надежта за подобро утре.
Луѓе без минато е роман за човечките врски, за фаталните јазли на идеологијата во кои е заробен личниот живот, за ужасните лаги и предавства што го пресоздаваат злото. А единствениот противотров за него е едноставната и чиста човечка суштина.",Романи,Ивица Челиковиќ,Паблишер,,,250 ден.
ЛАНЗАРОТЕ,"Краткиот роман Ланзароте на водечкиот современ француски писател Мишел Уелбек е исклучително моќно дело напишано во познатиот остар и шокантен стил на авторот. Познавачите на неговото дело ќе забележат дека оваа новела е основата за популарниот роман Можноста на еден остров но таа секако може да се чита како автономно дело и како успешен литерарен експеримент на контроверзниот Уелбек.
Ланзароте е колоритен, динамичен и шокантен краток роман кој прави пародија на жанрот авантуристички роман и се обидува да ја долови бесмислата на нашето апокалиптично време. Дејството се случува на шпанскиот остров Ланзароте, позната туристичка локација каде што главните ликови се впуштаат во низа авантури, за да се соочат конечно со една чудна религиска секта која верува во крајот на светот. Без оглед на тоа дали ќе го наречеме сатира или своевиден опозит на „новата морална авангарда“, Ланзароте е одличен пример за невообичаените ставови на Уелбек во врска со проблемите кои ја опседнуваат епохата во која живееме.
Освен краткиот роман Ланзароте, оваа книга е збогатена и со неколку брилијантни раскази на Уелбек, во кои тој се занимава со темите што постојано го окупираат неговото дело, како што се книжевноста, сексот, смислата на животот, смртта и длабочината на отуѓувањето на современиот човек од неговата околина.",Романи,Мишел Уелбек,ТРИ,,,280 ден.
"ЈАС, ТИТО И МИКИ МАУС","Сатиричниот роман Јас Тито и Мики Маус е без конкуренција во овој жанр во македонската современа литература.
Приказната се случува во едно мало селце на Балканот каде што повремено доаѓа некакво заталкано патувачко кино кое, најчесто, прикажува само цртани филмови. Соживувајќи се со филмовите, луѓето, особено старците и неколкуте деца што живеат во местото, постепено почнуваат да се идентификуваат со јунаците на цртаните филмови, а фикцијата полека се меша со реалноста, па веќе не се знае што е фикција, а што реалност. Притоа разградувањето на стварноста од нејзините банални стандарди и стереотипи, било историски, било граѓански, било семејни, е изведено исклучително успешно со еден инвентивен хумор и разорна иронија, коишто, во крајниот ефект, всушност се катарзични, здрави и исцелителни.
Приказната блика од хумор и сатира која брилијантно, на крајно инвентивен литерарен начин, ја демистифицира балканската митоманија, потврдувајќи го уште еднаш раскажувачкото мајсторство на Блаже Миневски како врвен македонски прозаист.
Романот Јас, Тито и Мики Маус е мајсторска проза за чудесното опредметување на недофатливата реалност.",Романи,Блаже Миневски,ТРИ,,,250 ден.
И ЅИРКА И ПРОЅИРКА,"Секој има своја приказна. Ѝ се навраќа низ спомените, низ она што од мноштвото настани и чувства ќе исплива на површината на сегашноста. Во неа – врвулица луѓе, живи и починати, значајни и случајни. Ако ја одмолчи, може да си ја стокмнува по свое, секогаш различна, барем во нешто. Да се изземе себеси, да си се придодаде, да се разубави или нагрди. Ако ја стави на хартија, ја споделува за други да ја достокмуваат, по мерка на својата. Во мојава, дадена низ сликички, некој ќе се препознае, нешто ќе го мисли за свое, нешто ќе му се растајни, нешто ќе му се заплетка. Ликовите се и измислени и вистинити. Сличноста е и случајна и намерна. Читателот треба да домисли.",Романи,Огнена Никуљски,Антолог-Боокс ДООЕЛ,,,300 ден.
СРЦЕ ОД МАСТИЛО,"Дванаесетгодишната Меги неочекувано дознава за необичната дарба на својот татко Мо – кога чита наглас, тој ги оживува ликовите од книгите. Една дамнешна вечер тој толку вдахновено ѝ читал од Срце од мастило што неколку негативци од книгата влегле во нивниот живот. А потоа Мо открива нешто уште пострашно – во мигот кога ги „исчитал“ злобниот Каприкорн и неговиот помошник, во книгата ја „вчитал“ Мегината мајка!
Опкружени со своите книги, Меги и татко ѝ не ни сонуваат дека наскоро од корен ќе се променат нивните животи. Каприкорн со години трага по книговезецот Мо сакајќи да ја искористи неговата дарба за остварување на своите мрачни цели. А кога ќе успее да го киднапира, Меги и нејзините реални и измислени пријатели тргнуваат во авантура за каква што дотогаш само читала во своите книги – за да го спаси саканиот татко и да ја затвори последната страница од магичната книга.
Безвременска приказна за книгите, имагинацијата, животот. Би се осмелиле ли да ја прочитате наглас? Гуд ридс
Неверојатна приказна попрскана со малку волшебна прашина. Њујорк тајмс",Романи,Корнелија Функе,ТРИ,,,500 ден.
ИЗВОРИТЕ НА ВЛТАВА,"„Изворите на В’лтава“ базично му припаѓа на детективскиот жанр, но се надоградува како историско-политички трилер.
Зад приказната за пронаоѓањето на мртвата девојка Тереза Велкова една студена ноќ во Шумава и истрагата за нејзината смрт, се откриваат долго премолчуваните вистини за воените злосторства во чешко-германскиот граничен регион. Убиената девојка е пронајдена во затвореничка облека на риги со еврејски амблем. Изнурнуваат приказните за подземни тунели, за тајна нацистичка фабрика за авионски делови и за логор кој не бил никаде евидентиран и за чии жртви не постои никаква трага. Старите приказни влијаат врз животите на новите генерации што живеат во таа област. Духот на наследените нетрпеливости ја интензивира поделеноста на заедницата и овозможува понирање во длабоките слоеви на психолошките профили на главните ликови на приказната.
Романот се има закитено со почесното признание „Јиржи Марко“, награда која се доделува за најдобриот детективски роман во Чешка.",Романи,Петра Клабоухова,Антолог-Боокс ДООЕЛ,,,400 ден.
КОШМАР,,Трилери,Лаш Кеплер,Матица,,,450 ден.
ДОЛГА РЕСА КРАЈ МОРЕТО,"Приказна за љубовта, пријателството, надежта и егзилот, која е актуелна и денес, и покрај тоа што се одвива во минатото.
Кон крајот на граѓанската војна во Шпанија, илјадници луѓе ја напуштаат земјата и преку Пиринеите бегаат во Франција. Меѓу нив се наоѓаат Росер, млада бремена жена, и Виктор Далмау, воен лекар и брат на загинатиот татко на детето на Росер. Со цел да преживеат, принудени се да склучат договорен брак. Потоа, заедно со уште две илјади шпански бегалци, успеваат да се качат на легендарниот брод „Винипег“, со кој познатиот поет Пабло Неруда, еден од ликовите во романот и чилеански конзул во Париз во тоа време, ја организира нивната евакуација во Чиле, држава што самиот Неруда ја опишува како: „Долга реса крај морето“.
На новиот континент тие мора да се соочат со многу предизвици и во текот на неколку децении успеваат да живеат интегрирани во новата татковина, сè до државниот удар што ќе го собори претседателот Салвадор Аљенде, пријател на Виктор во играњето шах. Виктор и Росер повторно мора да го напуштат домот, но потоа, како што вели авторката: „Ако човек живее доволно долго, круговите се затвораат“.",Романи,Изабел Аљенде,Антолог-Боокс ДООЕЛ,,,450 ден.
СЕ УШТЕ МОЖАМ НЕШТО ДА СТОРАМ,"…јас никако не успевав да се ослободам од чувството дека исчезнувам. Кога почнував да зборувам, моите зборови наместо до ушите на присутните, се протнуваа низ еден, за нив недостапен тунел, излегувајќи токму на лисјата од дрвата пред нас, патуваа носени од ветрот преку грмушките што го обрабуваа тревникот во нашиот видик, сѐ до излезот на паркот, право во контејнерите на уличката.
Исто беше и со мојот лик, моето тело што се замрзнуваше и стануваше само рамка од неподвижна слика, толку несмасно потпрена на штиците од клупата, што сите околу мене се наведнуваа и ги искривуваа вратовите само за да ја избегнат додека се обидуваат меѓу себе да се гледаат. Тие избегнуваа да гледаат во мене, ме заобиколуваа како да бев јас некаква препрека.
А јас, без мојот глас и присуство и без само мојот образ, немоќно тонев во лулката која висеше на дебел синџир и осцилираше помеѓу ѕидот на конфузноста во кој сите тие денови си ја удирав главата и оној на бесот поради моето исчезнување што сега толку моќно ја обземаше секоја во мене присутна клетка.",Романи,Фросина Пармаковска,Или-Или,,,399 ден.
ПЧЕЛАРОТ ОД АЛЕПО,"Бегството не е само пронаоѓање засолниште, туку и на себеси.
Неверојатно длабока животна приказна за една мајка ослепена од трагедиите што ќе ги види, и татко кој се бори за нивно преживување среде сириската патека за бегалци во Европа. Нури е пчелар, а неговата жена Афра е уметник. Живеат мирен живот полн со љубов во прекрасниот сириски град во Алепо, додека не се случи незамисливото – започнува војна. Принудени да го напуштат животот кој го познаваат, тргнуваат на опасно патување кон неизвесната иднина во Велика Британија.
На тоа патување низ светот што се распаѓа тие не се соочуваат само со болката од огромната загуба, туку и со опасности што би ги исплашиле и најхрабрите. Избегнувајќи ги замките и заканите на бегалските патишта, тие истовремено патуваат и еден кон друг, тешејќи се и наоѓајќи сили да ги прифатат новите делови од себе.
Потресна и моќна, прекрасно напишана книга која е сведоштво за триумфот за човековиот дух.
„Создавајќи ликови со толку богати, комплексни внатрешни животи, Лефтери ни посочува дека е доволно да покажеш сочувство за еден човек, за тоа да се прошири на милиони.“
Тајм",Романи,Кристи Лефтери,ТРИ,,,450 ден.
ЧОВЕК ВО ЛАВИРИНТОТ,,Трилери,Донато Каризи,Матица,,,490 ден.
