Наслов,Опис,Категорија,Автор,Издавач,Година,Страници,Цена,Извор
Забава со еднорози / Дино забава (со бебешка глодалка),"Книгичка од текстил, со бебешка глодалка за малите запчиња што почнуваат да растат. Совршена за бебенца кои штотуку се запознаваат со книгите.",Сликовници,,Топер,2024.0,6.0,130 Денари,literatura
Дијамантски девојки,"„Семејството е како скапоцен дијамант, можеби има недостатоци, но неговата вредност е неизмерна"" „Љубовта може да ги поправи најдлабоките рани, исто како што притисокот го претвора јагленот во дијаманти“ „Во најтемните моменти, семејството најсилно сјае"". „Дијамантски девојки“ навлегува во релевантни теми кои предизвикуваат размислување како што се семејството, издржливоста и моќта на врските помеѓу браќата и сестрите. Читателите ќе бидат емотивно трогнати од патувањата на ликовите, сведоци на нивниот раст и пораките за надеж и љубов кои одекнуваат низ приказната. Овој роман нуди вредни животни лекции за храбро соочување со неволјите и важноста да се поддржуваме еден со друг. Читателите ќе научат за силата на семејните врски и значењето на емпатијата, што го прави долготраен извор на инспирација. Читателите ќе се поврзат со разновиден сет на релативни ликови. Секој лик е прикажан со длабочина и раст, што овозможува силна емпатија и идентификација кај читателот. Инклузивните претстави во приказната промовираат чувство на припадност кај широк опсег на читатели. „Дијамантски девојки“ е роман за млади за возрасни на британската авторка Џеклин Вилсон. Приказната се фокусира на една тинејџерка по име Дикси Дајмонд и нејзините три помали сестри додека се движат низ предизвиците на животот во бурното и непредвидливо семејство. Дикси е најстарата од сестрите Дајмонд и често ја презема мајчинската улога, грижејќи се за своите браќа и сестри кога нивната неодговорна мајка, Ширли, не е во можност. Семејството живее во мал и тесен стан во Лондон, а нивните животи се обележани со финансиска нестабилност и чести преселби. Како што се развива романот, сестрите Дијамант се соочуваат со серија искушенија и неволји. Дикси се бори со тинејџерските проблеми како што се училиштето, вклопувањето со своите врсници, сето тоа додека се обидува да ги заштити своите помлади сестри од нивните тешки околности. Девојките откриваат и тајни за минатото на нивната мајка кои додаваат сложеност на нивната семејна динамика. „Дијамантски девојки“ ги истражува темите на семејството, издржливоста и моќта на сестринските врски. Навлегува во предизвиците со кои може да се соочат децата од проблематичните домови, вклучувајќи ги запоставувањето и сиромаштијата. И покрај тешкотиите со кои се соочуваат, сестрите Дијамант покажуваат извонредна сила и издржливост додека се поддржуваат една со друга и работат на подобрување на нивните животи. Романот на Џеклин Вилсон нуди срдечна и релативна слика за семејната динамика и силата на односите меѓу браќата и сестрите наспроти неволјите. Ова е приказна која одекнува кај младите читатели и нуди порака за надеж и истрајност среде предизвикувачки околности.",Романи и раскази за млади,Џеклин Вилсон,Икона,2012.0,258.0,549 Денари,literatura
Little Women,"Grown - up Meg, tomboysh Jo, timid Beth, and precocious Amy. The four March sisters could not be more different. But with their father away at war, and their mother working to support the family, they have to rely on one another. Whether they are putting on a play, forming a secret society, or celebrating Christmas, there is one thing they cannot help wondering. Will father return home safely?",Детски класици,Louisa May Alcott,Арс Ламина,2021.0,432.0,499 Денари,literatura
Мојата прва библиотека - ЌЕБЕ,"Книга 24 „ЌЕВЕ“ е дваесет и четврта книга во комплетот, а четиринаесетта од „Жолто ниво”. Изучени букви: А Н Е М И С Т О В Д П Л К Р У Г Б Ј З Ш Ж Ч Ц Ќ",Сликовници,"Деспина Мукоска, Калиопи Трпчева (илустрации)",Арс Ламина,2023.0,24.0,68 Денари,literatura
Хари Потер и Реликвиите на Смртта,"Хари Потер го напушта домот на Дарслиеви на истиот начин како што и пристигна на Привет драјв бр. 4 – на џиновскиот мотор на Хагрид. Овој пат, сè е поразлично: тој веќе нема да се врати кај своите роднини, магијата што со години го заштитуваше е прекината, а зад неговите петици се смртојадите и лордот Волдеморт. Но, пред конечното соочување со Мрачниот господар, Хари и неговите пријатели мораат да ги пронајдат и да ги уништат преостанатите хоркрукси – зашто само така Волдеморт може да биде поразен и доброто да го надвладее злото. „Хари Потер и Реликвиите на смртта“ е седмиот и последен дел од серијалот за младиот волшебник Хари Потер и неговите авантури во светот на волшебниците и магијата.",Научна фантастика и Фантазија за млади,Џ. К. Роулинг,Арс Ламина,2021.0,592.0,750 Денари,literatura
Мојата прва библиотека - ЗАБИ,"Книга 19 „ЗАБИ“ е деветнаесетта книга во комплетот, а деветта од „Жолто ниво”. Изучени букви: А Н Е М И С Т О В Д П Л К Р У Г Б Ј З",Сликовници,"Деспина Мукоска, Калиопи Трпчева (илустрации)",Арс Ламина,2023.0,24.0,68 Денари,literatura
Кој каде живее? : Домашни животни,"Едукативни налепници: ­Кој каде живее? ДОМАШНИ ЖИВОТНИ Исечи, залепи научи! Низ историјата човекот припитомил голем број животни и ги користел за најразлични потреби – за месо, јајца, пердуви, носење и влечење товар или, пак, за друштво. Нивниот живот станал толку неразделив, што денес тешко може да се замисли животот без нив. Оживувајте ги сцените со животни - налепница по налепница! Налепниците се лесни за сечење и за одлепување и се совршени за малите вредни детски прстиња! Со овие едукативни налепници децата ќе останат долго ангажирани, додека се забавуваат и истовремено учат за живеалиштата на животните.",Книги со стикери,Бранка Бугариска,Арс Ламина,2022.0,5.0,98 Денари,literatura
Бој + лепи: Нашминкај ме,"Детска сликовница со активности за боење и лепење налепници. Во себе содржи над 160 налепници, така што на децата им се овозможува повеќечасовна забава и уживање во убавите илустрации. Оваа сликовница е одличен избор за подарок, а помага и за развој на креативните вештини и моќта за фантазија. За деца (девојчиња) од рана возраст (5+ год.)",Книги со стикери,,Арс Ламина,2024.0,52.0,250 Денари,literatura
Пурпурното море - љубовни бајки од целиот свет,Љубов е кога потребите на другите ги ставаш пред своите. - Frozen Љубовта не треба да биде перфектна туку вистинска. - Beauty and the beast Денешните специјални моменти се сеќавање - Aladdin Никогаш не посакувај да бидеш разкичен од тоа што си - Thumbelina,Романи и раскази за млади,Група автори,Икона,2020.0,78.0,199 Денари,literatura
Големата фабрика за зборови,"Постои земја во која луѓето речиси и не зборуваат. Во таа чудна земја, зборовите мора да се купат и да се проголтаат, за да може да се изговорат. На Филеас итно му се потребни зборови за да може, на убавата Сибел да ѝ го честита роденденот. Но, за сето она што би сакал да ѝ го каже, потребно е цело богатство, а тој нема пари. Не се прашуваат само возрасните како да ги изразат своите мисли и чувства. Малиот Филеас е сигурен во својата љубов, но дали неговиот труд ќе му овозможи тоа и да го искаже? Со само неколку збора, бидејќи зборовите се скапи во земјата на „Големата фабрика за зборови“… Ова е книга што говори за љубовта, за желбата, за потрошувачкото општество во кое сѐсе мери низ призмата на парите, за насилството, за нежноста и, што можеби е најважно – во животот едноставно треба да собереме храброст и да се обидеме да го постигнеме она што многу ни значи.",Сликовници,"Ањес Де Лестрад, Валерија Докампо",Антолог,2022.0,48.0,500 Денари,literatura
Тајните на Дедомразија,"Сигурно не знаете дека патот на вашите желби од Дедомразија до вас, со сета своја магија, Дедо Мраз не може сам да го оствари. Тука се џуџињата Тео со дружината, дедомразовците: Лутко, Мудрецот, Сречко, Мрзливко, Веселко, Вентуро... Тука се и помошниците дедомразовци од Земјата, ирвасите Рудолф, Снешка и Брзи... Ќе се уверите дека патувањето на дедомразовците до вашиот дом може да биде многу возбудливо и интересно, но често пати опасно, кога ќе наидат на неволји кои им ги причинуваат Виуличка и Северко. Така Веселко по грешка ќе отпатува на планетата „Одметнички Свет“ и ќе се запознае со Одметничаните; Лутко по казна ќе се најде во пустината Сахара... Тука се и и нашите познати другарчиња Марио, Максим, Јована, Дино, Софи и Сара кои во исчекување на новогодишните пакетчиња ќе бидат непријатно изненадени. Некогаш ќе се случи збрка и вистинските подароци ќе се најдат на погрешна адреса и многу други перипетии, што овој единствен роман за Дедо Мраз го прават возбудлив и интересен будејќи ја детската фантазија.",Сликовници,"Марио Ачкоски, Софија Стрезова",Едука Мак,2023.0,55.0,250 Денари,literatura
Луди и Лундиса истражуваат,"Луди и Лундиса Два малечки пуфини Летаат над долините и планините. Сонцето сјае. Но, одеднаш гледаат голем тунел. Автомобили влегуваат и излегуваат од тунелот. Дали Луди и Лундиса ќе влезат во тунелот?",Сликовници,Вар Бергмар Јаконсен,Прозарт Медиа,2024.0,32.0,400 Денари,literatura
Ловци на лажни вести од зградата бр. 39,"Приказната во „ Ловци на лажни вести од зградата бр.39“ се врти околу една зграда во едно маало, каде што тројца тинејџери (Дени, Вале и Сашо) демаскираат лажни вести. Се судираат со маалските креирачи на лажни вести од разни генерации и низ сопствената проверка се обидуваат ( и најчесто успеваат) да откријат што е вистина во сето тоа, а што е само плод на маалските озборувања.",Романи и раскази за млади,Огнен Неделковски,КСЦ Полица,2023.0,154.0,250 Денари,literatura
Шерлок Холмс за деца: Дамата со превез,"""Пред седум години во селcето Абас Парва се слуcхил страшен инcидент. Господинот Рондер, сопственикот на ЦИРКУСОТ СО ДИВИ ЈживотНИ, го загубил јживотот откако бил НАПАДНАТ од избеган лав. Холмс се сооcхува со стара мистерија откако добива покана да ја посети дамата која одбива да си го прикаје ликот. Грозоморното злосторство од пред седум години остава ујасни последиcи, а Холмс е единствениот кој моје да ја спаси дамата со превезот од сопствжената совест..""",Романи за деца,Артур Конан Дојл,Арс Ламина,2022.0,104.0,129 Денари,literatura
Моите први 100 зборчиња,"Весела картонска сликовница наменета за најмалите дечиња преку која ќе се запознаат и ќе ги научат првите поими од опкружувањето. 24 страници, димензија 19.5x19.5 см.",Сликовници со тврди страници,Ивана Јовановска,Светот на Биби,2022.0,24.0,360 Денари,literatura
Fingerprint Art: Easter,"This collection includes 8 amazing ready-made images to paint on, so you and your kid can create art with your own fingertips! You can also cut them out and use them as a decoration on your wall.",Боенки и цртанки,Бранка Бугариска,Арс Ламина,2022.0,20.0,118 Денари,literatura
Хари Потер и Редот на фениксот,"Хари Потер е исфрлен од Хогвортс! Бранејќи го својот братуcхед Дадли од дементорите, тој е принуден да употреби магија за време на летниот распуст, постапка што доведува до негово сослушување од министерот за магија лиcхно.",Научна фантастика и Фантазија за млади,Џ. К. Роулинг,Арс Ламина,0.0,736.0,850 Денари,literatura
Фестивал на поезија за деца Стихувалки 2022 : збирка поетски творби,Збирка поетски творби.,Поезија за деца,,Едука Мак,2022.0,104.0,180 Денари,literatura
Шерлок Холмс за деца: Тројцата студенти,"Едно опуштено патување со cел истражување се претвора во трка со времето кога професорот Соумс им се обраќа на Холмс и Вотсон со cхудна мистерија. Тројcа студенти се осомниcхени за мамење пред испит, па ќе успее ли Холмс да го реши слуcхајот навреме за да може да се одржи испитот?",Романи за деца,Артур Конан Дојл,Арс Ламина,2021.0,117.0,129 Денари,literatura
"Овде, во близина, живее едно девојче","Овде, во близина, живее едно девојче кое никој не го познава. Никој не ја кани на гости. Нема пријатели. Дури ни своја соба нема. Исто како и ти, и таа сака близина. Во исто училиште одите. Седи до тебе. Во соседната клупа. Сакаш да ја запознаеш? Во себе чува чудесно богатство… Својата ѕуница. Текстот на Ида Млакар Чрнич е краток, но има разорна моќ. Допира длабоко и ги урива ѕидовите на предрасудите и омразата.",Сликовници,"Ида Млакар Чрнич, Петер Шкерл",Чудна Шума,2023.0,32.0,500 Денари,literatura
Сликовница за суперхерои со штосни налепници - тетоважи,Пау! Зап! Кабум! Вистинска возбуда со овие 24 забавни активности со налепници! Оваа книга содржи: 4 страници со налепници 24 страници со суперхеројски акции 1 страница со трансфер тетоважи (со детални инструкции за нанесување и состојки),Книги со активности,,Арс Ламина,2024.0,,299 Денари,literatura
Сказни од норвешките гори,"Во вториот дел од ""Норвешки приказни и бајки"", насловен ""Сказни од норвешките гори"", ве оcхекуваат бајките за троловите во шумата Хедејл, фантастиcхните приказни за алcхната маcхка, доброто момcхе Кафенко, златната палата што виси во воздухот, за кралот Валемон и за белиот меcхок, за тоа како да се освои принc и уште многу други...",Романи за деца,П. К. Асбјорнсен,Икона,2012.0,336.0,599 Денари,literatura
Имаш пчела на носот,"СТЕЛА: Обвинета сум за хакирање на cелата документаcија во гимназијата. Сите оcенки се избришани. Нема шанси да докаам дека не бев јас. Вљубена сум во еден, а тој во онаа што ја избриша документаcијата, и нема шанси да ме засака. Како да излезам од ова? САНИ: Ме претепаа пред зградата на Наде, само затоа што ја сакам. Ми ја скршија и гитарата, а не е моја. Ме обвинија дека yиркам на физичко во енската соблекувална. А јас само сакав да ја сретнам Наде. Како се најдов во сето ова? Исти души, исти гајлиња. Ова е роман во кој самите треба да го допишете крајот. Прв роман за младинcи од авторот на романите Вештиcа, ""ерката на математичарот и Папокот на светот.",Романи за деца,Венко Андоновски,Издавачки центар ТРИ,2021.0,198.0,300 Денари,literatura
Цртаме чекор по чекор: ликовите од „Светот на Биби“,,Книги со активности,,Светот на Биби,2024.0,16.0,100 Денари,literatura
Авантурите на Дина и Додо: Чорапот на Дедо Мраз,,Сликовници,Оливера Ќорвезироска,Арс Ламина,2021.0,24.0,118 Денари,literatura
Лефти и Рајти си најдоа дом,"Лефти и Рајти живееја во продавница за детска облека и чекаа некое дете да ги купи и да ги носи. Лефти е белата блузичка, а панталоните се Рајти. Мими има 5 години и е многу љубопитна. Сака да се облекува комотно, трча брзо и пее гласно. Што ќе се случи откако Мими ќе ги однесе дома Лефти и Рајти?",Сликовници,Наташа Дукоска,Чудна Шума,2023.0,24.0,300 Денари,literatura
Мистериозните случаи на Енола Холмс: Левораката дама,"Сега и филм на „Нетфликс“ со Мили Боби Браун, Хенри Кавеил и Хелен Бонам Картер! Енола Холмс е во бегство! Зад петиците ù е, ни помалку ни повеќе, туку нејзиниот постар брат, Шерлок Холмс. Сепак, додека се обидува да му измолкне на легендарниот детектив – во најголемиот, најмрачниот и највалканиот град на светот – таа ги открива неочекуваните цртежи на Леди Сесили, што ù оставаат силен впечаток. Но, Леди Сесили е исчезната без трага. Храбро трагајќи по левораката дама низ темните улици на Лондон, Енола ризикува повеќе од што треба. Ги ризикува сопствениот идентитет и сопствениот живот, во случај многу покомплексен од обично исчезнување на една леворака дама. „Левораката дама“ е втората книга од серијалот „Мистериозните случаи на Енола Холмс“ од веќе признаената авторка Ненси Спрингер – совршена приказна за вљубениците во Шерлок Холмс, детективската фикција и мистеријата.",Романи за деца,Ненси Спрингер,Арс Ламина,2021.0,176.0,280 Денари,literatura
Азбуката на Моркел,"Кој ли запишува зборови на хартија и ги постила на полето? Сите имаат сопствена азбука, си помислува Ана. Треба време за да се разберат буквите.",Сликовници,Стијан Холе,Артконект,2021.0,46.0,350 Денари,literatura
Десет минути до спиење: Малата сирена,"Во кралството на сирените, малите сиренчиња пливаа наоколу често! Но, имаше уште десет минути до спиење… А едно од нив не беше на своето место. Од најпродаваната едиција на сликовници што на совршен начин им помагаат на децата да се подготват и да стекнат навика навреме да легнуваат во кревет и полесно да заспијат. Сликовниците се во мек повез и шиени.",Сликовници,"Ријанон Филдинг, Крис Четертон",Бата Прес,2024.0,32.0,350 Денари,literatura
Сонот на моливот со жолто срце,Детската поезија на Владимир Шопов во оваа пеотска книга е испреплеттена со песни кои извираат од сеќавањата за неговото детсто во Буњаковец и Дебар Маало во педесеттите години од изминатиот вен како и од неговото искуство како татко во осумдесеттите и деведесеттите години,Поезија за деца,Владимир Шопов,Темплум,0.0,127.0,530 Денари,literatura
И чудовиштата имаат чувства!,,Романи за деца,Озлем Федаи Корчак,КСЦ Полица,2023.0,32.0,300 Денари,literatura
Стела и Сани: Мистериозниот остров,"Од еден до cелата лјубопитност на светот,колку сакаш да знаеш што има на мистериозниот остров? Ако одговорот е:многу,тогаш и ти си истражуваcх како Стела и Сани.Ним не им бега ниту една трага. Собирање докази или пловење по море? Овде ти избираш како ќе ја cхиташ приказната.",Сликовници,"Бистра Георгиева, Наталија Лукомска",Издавачки центар ТРИ,2021.0,36.0,250 Денари,literatura
Мистериозните случаи на Енола Холмс: Шифрираната кринолина,"Г-ѓа Флоренс Најтингел ѝ доверува тајна порака за „Птицата“ на г-ѓа Тапер, глувата газдарица на Енола, којашто ја сошива во својата старинска кринолина, без да доразбере за што точно станува збор. Исчезнувањето на г-ѓа Тапер ја оживува и шифрираната порака. Енола успева да ги поврзе нишките и да ја одгатне пораката низ вистинска „текстилна“ авантура, навезена, сплетена и исткаена со букви... __________________________________________________________________________ „Шифрираната кринолина“е петтата книга од серијалот „Мистериозните случаи на Енола Холмс“ од веќе признаената авторка Ненси Спрингер – совршена приказна за вљубениците во Шерлок Холмс, детективската фикција и мистеријата.",Романи за деца,Ненси Спрингер,Арс Ламина,2023.0,126.0,280 Денари,literatura
Луѓето и змејовите,,Сликовници,Владо Јаневски,Арс Ламина,2023.0,23.0,168 Денари,literatura
Медо Чедо гаси пожар,"Денес Медо Чедо е пожарникар! Прекрасна сликовница со лизгачи што се влечат и туркаат. Интерактивни сликовници од серијалот „За вешти прстиња“ од Бенџи Дејвис, со механизми за развој на моториката кај децата. Прозорчиња што излегуваат со помош на тркалца и други елементи што се извлекуваат и вовлекуваат и се вистинска забава за целото семејство. Книгата има и едноставен римуван текст со впечатливи, прекрасни цртежи. Исклучително популарни книги во светот и еден од најпродаваните серијали, во кои најмногу ќе се пронајдат малечките од 1 до 3 години, но се разбира ги охрабруваме и помалите дечиња да почнат да си играат со оваа одлична сликовница и да ја развијат моториката. Изработени се од високо квалитетен цврст картон со повеќе слоеви и дебелина на страниците од 4 милиметри. Има 10 вакви страници со вградени подвижни механизми и страниците се со големина 18 х 18 сантиметри. Во секоја сликовница од серијалот, Медо Чедо има некаква задача. Во оваа сликовница тој е пожарникар и ние заедно со него ќе добиеме итен повик, а низ пожарникарската шипка, ќе го спуштиме на приземјето, ќе облече пожарникарско одело и заедно со екипата ќе го збрмчат моторот на пожарникарското возило и ќе тргнат од пожарната. Ќе се возиме низ целиот град и на крајот Медо Чедо ќе биде херој на денот.",Сликовници со тврди страници,Бенџи Дејвис,Бата Прес,2024.0,10.0,499 Денари,literatura
Волшебниот автомобил,"Берке доби автомобил со педали како подарок од неговиот другар, автомеханиcхарот cхиcхко Аднан.Подарокот изгледаше како обиcхен автомобил со педали и навистина беше обиcхен автомобил. Сè додека Берке не ја изговори својата јелба под огромното дабово дрво во паркот...",Романи за деца,Фатих Ердоган,Прозарт Медиа,2021.0,20.0,300 Денари,literatura
Во светот на децата,,Сликовници,Марија Богатиновска,Едука Мак,2023.0,,250 Денари,literatura
Uta e maleve,"Ky është tregimi i një vajze të guximshme me ëndrra të mëdha për tu ngjitur në majat më të larta të botës. Është tregimi i Fluturës, e cila me sytë e saj mahnitës si dy yje e ndriçonte botën rreth saj. Sa herë ndryshonin stinët, ajo vishte një fustan lara—lara dhe me buzën gjithmonë në gaz i nderonte bukuritë e pafund të natyrës. Gjyshi i saj i dashur e thërriste Uta, dhe kështu i mbeti ky emër me të cilin ajo do të njihej nga e gjithë bota.",Сликовници,"Tefta Kelmendi, Vigan Hoxha, Uta Ibrahimi, Katerina Nikolovska",Чудна Шума,2021.0,44.0,400 Денари,literatura
Бајка за едно тажно глувче,"Бајка за едно тажно глувcхе е нова илустрирана книга за деcа, бајка во стихови. Сонот на тажното глувcхе е претставен на поcхетокот со голем страв на глувcхето од лошата маcхка. Но за среќа, маcхките и глувcите се согласуваат да бидат сложни и да завладее вистински сожживот. Прекрасна бајка која говори за стереотипите, за вообиcхаените секојдневни спротовставености, за веcхната борба за опстанок, но како во слуcхајов и за сожживот.",Сликовници,Моника Рујаноска,Едука Мак,2021.0,15.0,200 Денари,literatura
Најубавите басни на светот 1 и 2,"Европската култура и моралните точки кои сѐ уште се знаци покрај патот без кои не можете да бидете дел од таа поширока духовна татковина се вткаени во Басните на Лафонтен. Издавачот ги откупи правата за оригиналните цртежи со костими направени според облеката и симболите на престижод средниот век. Покрај прекрасните илустрации, професорката по француски јазик Калиопа Петрушевска со исклучителен талент ги препеа басните на македонски јазик, на радост на многу деца, и даде придонес за македонската култура која има потреба преку вакви дела да ги освојува вредностите со кои растат и другите деца во светот.",Сликовници,Ла Фонтен,Љубовта е петтиот елемент,,,200 Денари,literatura
Мишка,"„Не е дом тој што нема домашно милениче“ – така мисли Роја, деветгодишно девојче од Авганистан чие семејство морало да ја напушти родната земја кога таа била премала за да се сеќава. И вечерва – прва во нивниот нов холандски дом, прва по шест години молби и бегства – сите се согласуваат со неа! Веќе наредниот ден во семејната куќа се вселува и Мишка, единствениот џуџест зајак на светот кој не јаде моркови. Сите го сакаат Мишка и тој ги сака сите. Особено Роја. Кога не може да спие или кога ја посетуваат тешки мисли, таа му зборува на Мишка за себе. И за нејзините родители и тројцата постари браќа. И за бегството на кое сака да се потсети. Но, еден ден Мишка одеднаш исчезнува. А со него исчезнува и радоста на Роја. Топла и трогателна приказна за грижата и љубовта, „Мишка“ се темели на вистински настани од животот на Ануш Елман и неговото семејство. Книгата е добитник на најпрестижната холандска награда „Златно перо“ во 2023 година, а нејзините преводи се номинирани за уште неколку видни награди во Италија и во Германија.",Романи за деца,Едвард ван де Вендел,Чудна Шума,2024.0,179.0,700 Денари,literatura
Очилата на бувот Илин,"Другарчиња, се изгубија очилата на бувот Илин! Како сега ќе ги чита приказните за добра ноќ? Расте немирот во Волшебната шума: животните се уморни и ненаспани. Биби и Боби се обидуваат да помогнат, но... можеби планот на мрзливецот е решението?",Сликовници,Билјана С. Црвенковска,Светот на Биби,2022.0,28.0,200 Денари,literatura
Поезија и карате,Што ќе се случи кога ќе се спојат две древни јапонски вештини? Борачката вештина - карате и вештината на пишување јапонска хаику поезија - со која треба да владее секој добар каратист.,Сликовници,Билјана С. Црвенковска,Светот на Биби,2023.0,30.0,200 Денари,literatura
Снежни приказни,"Прекрасна зимска сликовница со единаесет топли приказни и извонредни илустрации. Оваа книга е одличен предлог за новогодишен подарок со кој децата ќе уживаат во секоја приказна за пријателите од шумата. „Откријте дали мечето ќе ја заврши својата зимска дремка и дали зајачето ќе се снајде низ една снежна бура. Дали снежните сладоледи на пингвинката ќе бидат подобри од она што го нуди фоката, дали ракунот ќе победи во натпреварот во плетење – и уште многу повеќе. Оваа особено живописна сликовница со убави приказни и илустрации ќе ги згрее срцата на дечињата пред заспивање во студените зимски ноќи и во текот на целата година!“",Сликовници,Стефани Мос,Арс Ламина,,98.0,650 Денари,literatura
Боенка со налепници - Морски свет,"• За развој на моторичките вештини кај децата • За јакнење на концентрацијата • За поттикнување на детската љубопитност, фантазија и креативност",Боенки и цртанки,,Арс Ламина,2022.0,10.0,48 Денари,literatura
Мојата прва книгичка форми и фигури,"Сензорните црно-бели книги се специјално изработени за новороденчиња и бебиња. Содржат едноставни црно-бели илустрации со остри линии и контури, кои имаат способност да го зграпчат вниманието на бебето. Остриот контраст им олеснува на бебињата да се фокусираат и да ги следат сликите. Првите неколку месеци од животот на бебињата се од суштинско значење за развојот на нивниот вид. Новороденчињата се раѓаат со неразвиен вид, но нивната способност за перцепција на светот околу нив и за процесирање на визуелните информации брзо се подобрува во текот на следните неколку месеци. Докажано е дека сликите со висок контраст, особено црно-белите слики, се навистина ефикасни за привлекување на вниманието на бебето и развој на визуелниот систем. – го стимулираат визуелниот кортекс, помагајќи им на бебињата да остварат нервни врски неопходни за визуелна перцепција и внимание. – раната визуелна стимулација е од клучно значење за нивниот когнитивен развој. – визуелна стимулација на фокус кој помага за развивање на вештините за концентрирање и набљудување. – одлична можност на родителите да развијат рана и значајна врска со своето дете. Заедничките моменти поттикнуваат воспоставување на подлабока емоционална врска и го поддржуваат развојот и растот на детето во општеството. – можност за рана едукација со откривање на едноставни форми, шеми, животни, предмети, која ќе биде основа за иден развој на способноста за говор и учење. Бројни студии од областа на детската психологија и невронауката ја поддржуваат ефикасноста на црно-белите визуелни стимули кај бебињата. Истражувањата укажуваат дека овие облици и фигури најсилно се врежуваат во ретината на бебето, која праќа посилни сигнали до мозокот. Овие сигнали значат побрз раст на мозокот и побрз развој на видот. Сите докази укажуваат дека овие книги имаат позитивно влијание врз визуелниот и когнитивниот развој во првите неколку месеци.",Сликовници со тврди страници,,Сакам Книги,2024.0,7.0,290 Денари,literatura
"Ши, ѕифри, копчи","Кога китовите би летале, кога желките би плетеле, кога мачките би црцореле, кога мразулците би гореле, кога јаболката би танцувале, кога солзите би се радувале, кога овците би се чешлале, кога рибите би веслале, кога сонцето ноќе би било будно, веќе ништо не би било чудно.",Сликовници,Владимир Лукаш,Арс Ламина,2021.0,58.0,300 Денари,literatura
Луди и Лундиса,Луди и Лундиса Два малечки пуфини Ги учат боите низ забава Се среќаваат со други мили животни И создаваат пријателства верни Прекрасна сликовница со тврд повез наменета за деца до 4 години.,Сликовници,Вар бергмар Јакобсен,Прозарт Медиа,2023.0,32.0,400 Денари,literatura
Учиме со Софија: Мојот свет,Дружи се со малечката Софија и откриј го светот што те опкружува. Низ страниците на оваа книга ќе научиш за: • животните и нивните живеалишта • овошјето и зеленчукот • семејството и празниците • сообраќајот • годишните времиња • светот околу тебе,Книги со активности,Марија Богоеска,Арс Ламина,2022.0,24.0,168 Денари,literatura
Дина и Додо - Книга со активности 4: Велигденска потрага,"Решавај и забавувај се со Дина и Додо! Низ вежбанките ќе најдеш многу забавни активности и загатки за решавање – од лавиринти и пронаоѓање разлнични или исти предмети, цртање од точка до точка, боење, до откривање скриени предмети и зборови, активности со броење и собирање и судоку загатки! • За развој на логичките капацитети и способности кај децата • За јакнење на концентрацијата • За поттикнување на детската љубопитност, фантазија и креативност Решавај и забавувај се со Дина и Додо! Низ вежбанките ќе најдеш многу забавни активности и загатки за решавање – од лавиринти и пронаоѓање разлнични или исти предмети, цртање од точка до точка, боење, до откривање скриени предмети и зборови, активности со броење и собирање и судоку загатки! • За развој на логичките капацитети и способности кај децата • За јакнење на концентрацијата • За поттикнување на детската љубопитност, фантазија и креативност.",Книги со активности,Бранка Бугариска,Арс Ламина,2022.0,10.0,118 Денари,literatura
Големиот банкет,"Во големата кујна на војводата Лудберт работи малиот Амунд. Негова задача е да ги рани свињите со остатоците од храната што се собираат од војводовата маса. А се собираат многу остатоци. Најмладата ќерка на војводата, Отилиа, се гнаси од расипништвото и прејадувањата во замокот. Таа сонува за авантури и слобода. Еден ден војводата Лудберт решава да направи голема прослава – банкет што ќе трае три дена, со стотици јадења и со отмени и фини гости од разни страни. Вистински голем банкет! Но, неговиот љубоморен и завидлив брат близнак крои планови за да ја уништи прославата… Наскоро Амунд и Отилиа ќе бидат вовлечени во опасна и страшна авантура со вообразените војводи, итри мопсови, застрашувачи ѕверови и гнасни чудовишта. Една богато илустрирана приказна на Сара Бергмарк Елфгрен и Емил Максен.",Романи за деца,"Сара Бергмарк Елфгрен, Емил Максен",Бата Прес,2023.0,140.0,600 Денари,literatura
Мистериозните случаи на Енола Холмс: Бизарните букети,"Тинејџерка - детектив и помлада сестра на Шерлок Холмс. Д-р. Џејмс Вотсон е исчезнат: Лондон е во шок, а дури и неговиот најдобар пријател и соработник, познатиот Шерлок Холмс, нема ни најмала трага. Случајот, навидум, изгледа беспомошно заглавен. Сепак, еден детаљ го привлекува вниманието на Енола, најмладиот член на семејството Холмс - бизарен букет испратен во домот на д-р Вотсон, што само таа забележува, означува смрт. Енола мора колку што е можно побргу да го пронајде и да го спаси д-р Вотсон, а во исто време и да остане скриена од своите постари браќа, кои постојано ја бараат.",Романи за деца,Ненси Спрингер,Арс Ламина,2022.0,125.0,280 Денари,literatura
Пилето ми пее,"Музичка фолк сликовница за деца, новина во детското издаваштво, со уникатност по својот концепт. Спој на македонското народно музичко творештво и македонската ликовна уметност. Инспирација од познатата и популарна, македонска народна песна, „ПИЛЕТО МИ ПЕЕ“, која на страниците на сликовницата е мелографирана и обработена од долгогодишен музички педагог Славејко Гиразов, исполнувајќи ги целите, да биде прифатлива и со текст и тема за децата. Целта е да се даде придонес кон зачувување на македонското музичко културно наследство и фолклорното творештво и тоа да им се понуди на децата во една форма, која ќе биде прифатлива за нив, за да го засакаат и продолжат да го негуваат, како наше национално богатство. Но, децата да спознаваат и нови естетски содржини, преку ликовните дела, со што ќе се воспитуваат и ќе градат култура на вредности. Сликовницата на своите страници го содржи текстот на песната и нотни записи за истата, распоредени според строфите на страниците.",Сликовници,Душко Георгиевски,Фолконика,2023.0,20.0,300 Денари,literatura
Мачката со гладно меше,"Опис Дополнителни информации Коментари Во една пуста земја мало девојче сретнува огромна мачка што постојано е гладна. Таа досега изела цела армија луѓе, неколку села, сите животни од една шума, рибите во морето и што уште не. Но дали лакомоста има крај? Бидејќи сега се заканува дека ќе го проголта и девојчето. Но тоа ѝ дава поинаква понуда. Да патуваат заедно низ земјата, сѐ додека не најдат нешто што би ја заситило. Шетајќи наидуваат само на суша, непогоди и луѓе што немаат што да јадат освен своите соништа. Што е тоа што се наоѓа во мешето на мачката, што ја направило толку гладна? И дали храброто девојче ќе излезе накрај со алчноста пред која е исправен светот? „Мачката со гладно меше“ е класична бајка со современа тема. Деталните илустрации на Теему Јухани додаваат нов слој на приказната. Книгата ја добила Финската награда за промоција во странство и била номинирана за Наградата на нордискиот совет за книги за деца и млади.",Сликовници,Магдалена Хаи,Антолог,2021.0,20.0,250 Денари,literatura
Свадбите на ежињата,"По враќањето од морето фамилијата Ешковци се зафати да го исполни ветувањето дадено на морските ежови и да создаде шумско езерце. Но радоста не им траеше долго. Едно утро почна да се чувствува непријатен мирис, проследен со татнежи и со задушлив чад. Пожар ги претвори во бегалци, не само ежињата, туку и сите останати жители на шумата Иглолисна. И секој фати свој пат… Штом родителите со пораки им јавија дека состојбата се смирила и насекаде почнал да пркнува нов живот, тие веднаш се вратија и се вклучија во нова акција. Се подготвуваа за нешто големо! Може ли да погодите што сè ќе се случи во последниот дел од приказните за фамилијата Ешковци?",Сликовници,Александар Кујунџиски,Антолог,2022.0,16.0,180 Денари,literatura
Даро - картонска сликовница,Запознај го Даро! Едиција од картонски книги наменети за нашите најмали обожаватели.,Сликовници со тврди страници,Билјана Црвенковска,Светот на Биби,2023.0,8.0,250 Денари,literatura
"Волшебната елка, книга со активности",РЕШАВАЈ НОВОГОДИШНИ ЗАГАТКИ И ЗАБАВУВАЈ СЕ!,Книги со активности,,Арс Ламина,2023.0,10.0,129 Денари,literatura
"Bibi, Bobi dhe kuçedra",,Сликовници,Билјана С. Црвенковска,Светот на Биби,2021.0,36.0,180 Денари,literatura
Највисокиот врв,"Да се живее сонот на јаве, онака како што сме си замислиле некогаш, значи вистински да се живее и да се ужива во животот. Прегрнати со верба, проникнати со истрајност и предводени од копнежот, ги освојуваме врвовите кон кои не води срцето. Желбите стануваат реалност, копнежот - бакнеж, ликот - сјаен, а животот - прегратка.",Сликовници,"Илина Арсова, Иванка Ниба (илустрации)",Светулка Нова,2023.0,28.0,450 Денари,literatura
Мојата прва библиотека - ПОРАКА,"Книга 27 „ПОРАКА“ е дваесет и седма книга во комплетот, а втора од „Зелено ниво”. Изучени букви: А Н Е М И С Т О В Д П Л К Р У Г Б Ј З Ш Ж Ч Ц Ќ Ѓ Њ Љ",Сликовници,"Деспина Мукоска, Калиопи Трпчева (илустрации)",Арс Ламина,2023.0,24.0,68 Денари,literatura
Здраво бебе! Првите години од твојот живот (Беж боја),"Ви го претставуваме нашиот ексклузивен споменар „Здраво, бебе (Првите години од твојот живот)“ – совршен чувар на сите ваши скапоцени спомени, почнувајќи од бременоста па сѐ до петтата година од животот на вашето дете. Зачувајте го најубавото патување во вашиот живот на прекрасните колоритни страници, полни со емоции и љубов; првите фотографии од вашето бебе безбедно вгнездени помеѓу елегантно дизајнираните тврди корици со премиум лен платно, кое дава безвременска убавина каква што ѝ прилега на најбезвременската и најбескрајната љубов која постои: љубовта кон вашето дете. Достапна со корици со три различни дизајни за сечиј вкус, Радосницата Здраво, бебе! е најубавиот подарок што можете да си го подарите себеси или пак на саканите кои очекуваат бебе – подарок кој останува за цел живот и за идни генерации. Подарок во кој секоја страница раскажува една прекрасна животна приказна и со години ќе ве навраќа на едно од најубавите времиња во вашиот живот!",Радосници,,Сакам Книги,2024.0,65.0,1.400 Денари,literatura
Капут од мов,"„Капут од мов“ е поетски роман на Стефан Тиќми за созревањето, за осаменоста, за уметноста, за љубовта и за природата како лек против најразличните проблеми на современиот човек заглавен во односите со другите, но и со самиот себе. Во него има и магичен реализам и епска фантастика и бајковитост, но најмногу од сè го има разгранетиот талент на Тиќми. Авторот на популарниот и сакан роман „Акико“, добитник на наградата на „Политикин забавник“ за најдобра книга за деца напишана на српски јазик во 2018 година, во „Капут од мов“ ја извишува крошната на својот талент, така што и небото и шумата на книжевноста му прават сè поголемо место. Приказната за Најден кому на грбот му расте дрво е приказна за сите наши тежини и товари, но и лирско трасирање на патот по кој треба да заминеме или да се вратиме кон суштината. Топла, креативна, мајсторски засадена приказна никната како чудесен роман. И за деца и за возрасни.",Романи за деца,Стефан Тиќми,Арс Ламина,2022.0,135.0,300 Денари,literatura
Десет минути до спиење: Малото змејче,"Уште десет минути до спиење, а малите змејчиња Оги и Искра сè уште не се подготвени да заспијат! Придружете им се додека летаат низ небото во потрага по авантура и истовремено ги бројат минутите до времето за заспивање. Од најпродаваната едиција на сликовници што на совршен начин им помагаат на децата да се подготват и да стекнат навика навреме да легнуваат во кревет и полесно да заспијат. Сликовници во мек повез и шиени.",Сликовници,Ријанон Филдинг и Крис Четертон,Бата Прес,2024.0,32.0,350 Денари,literatura
Шерлок Холмс за деца: Синиот гранат,"""Вчера од кутијата со накит на грофицата Моркар бил УКРАДЕН скапоцен дијамант, познат како Син Гранат. Грофицата нуди награда од ИЛЈАДА фунти за оној што ќе ѝ помогне да го врати скапоцениот камен... Додека полицијата се обидува да го најде украдениот дијамант, Холмс се труди да го најде сопственикот на една божиќна вечера. Но, откако детективот случајно ќе наиде на дијамантот, Холмс и Вотсон влегуваат во трка со времето за да спасат невин живот.""",Романи за деца,Артур Конан Дојл,Арс Ламина,2022.0,112.0,129 Денари,literatura
Боенка - Велигденски зајачиња,"За развој на моторичките вештини кај децата За јакнење на концентрацијата За поттикнување на детската љубопитност, фантазија и креативност.",Боенки и цртанки,,Арс Ламина,2023.0,16.0,68 Денари,literatura
Дождец и Капка,Ова е приказна за две капкички. За пријателството. За една случајна разделба. За низа доживувања. И за една сосема неслучајна средба…,Сликовници,"Деница Илчева, Асја Колева",Артконект,2021.0,21.0,230 Денари,literatura
Мојата прва библиотека - ТИМ,Книга 9 „ТИМ“ е деветтата книга во “Црвеното ниво”. Изучени букви: А Н Е М И С Т О,Сликовници,"Деспина Мукоска, Калиопи Трпчева (илустрации)",Арс Ламина,2023.0,24.0,68 Денари,literatura
"Здраво, јас сум Досада","Досада. Дали е тоа непријатност од која треба да се ослободиме поскоро или, пак, почеток на некоја плодна активност? Може ли досадата да има една таква страна, што не сме ја знаеле? Дали можеме одново да ја запознаеме, да се измириме, па дури да станеме и другари?",Романи за деца,"Гаје Г. Оздамар, Шејда Унал",Арс Ламина,2024.0,36.0,250 Денари,literatura
Среда со Дедо Мраз,,Сликовници,Ели Маказлиева,Едука Мак,,20.0,100 Денари,literatura
Страшна ноќ,"Не знам како се викаЃше тоа гратче, иако ги помнам неговите тесни сокачиња, стиснати од двете страни со троЃшни куЃЌарки, Ѓшарени и со cрвени петленcа на стреите. Го помнам и старото мовче Ѓшто го тресе трилетна треска кога ЃЌе надојде реката покриена со пена. Удираат матните бранови по градите на мовчето а тоа стенка, се ниЃша, крcка, чиниЃш ЃЌе се урне во пжената и ЃЌе отпатува кон морето. Но мовчето се држи, та може да се мине преку него и да се стигне до едно весело дуЃЌанче со секакви играчки: топки, кукли, палјачовcи, труби.... За балони и да не Ѓшепотиме. ќе дојдат деcа, ЃЌе ти ги залепат дамкавите носиња на стаклото и ЃЌе гледаат во Ѓшарениот свет. И којзнае до кога ноЃЌите и дните ЃЌе беа исти во тоа дуЃЌанче, ако еднаЃш... ЃЧекај, сето тоа беЃше вака...",Сликовници,"Славко Јаневски, Наташа Андонова",Темплум,2021.0,32.0,315 Денари,literatura
Здраво бебе! Првите години од твојот живот (Rainbow),"Ви го претставуваме нашиот ексклузивен споменар „Здраво, бебе (Првите години од твојот живот)“ – совршен чувар на сите ваши скапоцени спомени, почнувајќи од бременоста па сѐ до петтата година од животот на вашето дете. Зачувајте го најубавото патување во вашиот живот на прекрасните колоритни страници, полни со емоции и љубов; првите фотографии од вашето бебе безбедно вгнездени помеѓу елегантно дизајнираните тврди корици со премиум лен платно, кое дава безвременска убавина каква што ѝ прилега на најбезвременската и најбескрајната љубов која постои: љубовта кон вашето дете. Достапна со корици со три различни дизајни за сечиј вкус, Радосницата Здраво, бебе! е најубавиот подарок што можете да си го подарите себеси или пак на саканите кои очекуваат бебе – подарок кој останува за цел живот и за идни генерации. Подарок во кој секоја страница раскажува една прекрасна животна приказна и со години ќе ве навраќа на едно од најубавите времиња во вашиот живот!",Радосници,,Сакам Книги,2024.0,65.0,1.300 Денари,literatura
Learning the English Alphabet with Nina and Bibi,Пишуванка на 32 страници + стикери,Книги со активности,Билјана С. Црвенковска,Светот на Биби,2021.0,32.0,200 Денари,literatura
Planeti rozë,Unë jam kozmonaut anija ime fluturon nëpër kozmos planetin rozë po e kërkon.,Сликовници,"Mirko Popov, Nita Muça",Чудна Шума,2021.0,28.0,330 Денари,literatura
Интерактивен таблет,"Овој сет содржи 25 пиши-бриши карти со забавни, едукативни активности и ЛЦД таблет, кои ќе му помогнат на вашето дете да се подготви за училишните денови. Во сетот е вклучено и пенкалце за пишување и цртање на таблетот и фломастер за бела табла.",Книги со активности,,Топер,2023.0,,550 Денари,literatura
Моњо и вселенскиот брод,"Катерина и Давид отсекогаш сонувале да ја истражат вселжената, посакувале да ги допрат џвездите што се високо на небото. Една веcхер тие слуcхајно откриваат портал што може да ги пренесе до други таинствени планети. Заедно со Моњо, деcата се каcхуваат во вселенскиот брод што ги води на незаборавно патување низ вселжената и во мисија да ја спасат планетата Лура од темнината.",Романи за деца,Марија Ралповска,Едука Мак,2022.0,32.0,200 Денари,literatura
Волшебниот календар,"Волшебниот календар е совршена алатка која ќе му помогне на вашето дете да ги научи деновите во неделата, месеците, датумите и бројките, годишните времиња... Преку овој интерактивен календар со магнети ќе го запознаете детето со концептот за времето, ќе го научите како се користи календар, кога му е роденден или кога има некој празник.",Книги со активности,,Светот на Биби,,,650 Денари,literatura
Вредниот мрзливец,"Во волшебната шума се доселуваат нови, необични жители. Какви? Па... мошне мрзлив(ц)и! Сите освен еден, кој е поинаков од нив. Не бидете мрзливи и прочитајте веднаш како Боби и малиот мрзливец Мики си ги заменија местата и што се случуваше потоа...",Сликовници,Билјана С. Црвенковска,Светот на Биби,2021.0,36.0,200 Денари,literatura
Приказни од облаци,"Сликовниcа за деcа со илустраcии , превод од Унгарски јазик . Едноставно, ќе уживате во „Приказни од облаците“, затоа што Кристина е вистински мајстор за приказни, надополнети со илустрациите на Бибор Тимко.",Сликовници,Кристина Тод,Или-Или,2021.0,55.0,390 Денари,literatura
"Абра-кабра-каче, каде е црното маче?","О не! Каде е црното маче? Заталка бркајќи една пеперутка и... никој не знае што случи со него. Филимена е загрижена, но Биби и Боби се секогаш тука да ѝ помогнат.",Сликовници,Билјана С. Црвенковска,Светот на Биби,2021.0,38.0,200 Денари,literatura
Писмо до внуката,"Да го поткрепиме овој дом во срцето на секој македонски читател и со најинтимното чувство, преку писмото што Горан Стефановски ѝ го напиша на својата внука Калина. „Писмо до внуката“, со инспиративните зборови откинати од душата на дедото, за децата ќе бидат патоказ кон новиот свет.",Сликовници,Горан Стефановски,Издавачки центар ТРИ,2024.0,46.0,250 Денари,literatura
Што виде бубамарата?,"Еден ден малата бубамара решава да направи нешто убаво за себе и тргнува на пат низ целиот свет. Шетајќи низ шаренолики предели, сведочи случки на различни чудни ѕверки. Ајкули, питони, лами и морски ѕвезди – откријте и сами каков е тој чудесен свет што го запознава бубамарата!",Сликовници,"Румена Бужаровска, Јана Јакимовска",Чудна Шума,2021.0,40.0,330 Денари,literatura
Танцот на природата,Slikovnica za deca so ilustracii i crtezi .,Сликовници,Ана Батева,Светулка Нова,2021.0,20.0,350 Денари,literatura
Забавна вселена - боенка,"За развој на моторичките вештини кај децата За јакнење на концентрацијата За поттикнување на детската љубопитност, фантазија и креативност",Боенки и цртанки,,Арс Ламина,2022.0,,68 Денари,literatura
Музеј на детството,"„Сакам да направам нешто многу важно со кое ќе го спасам cховештвото од заборав на емоcиите од детството. Тоа би бил првиот Музеј на детството. Оттаму од каде што доаѓам многу се cенат вистинските cхувства, возбудувањата, искрените зборови... Музејот ќе биде вистината за едно дете, кое, каде и да се наоѓа, cхувствува и се сооcхува со слиcхни или исти настани.“ Новата книга на Алма Растодер „Музеј на детството“ е прозна сложувалка, колаж, паcхворк од повеќе приказни за детството во разлиcхно време и од разлиcхни простори, врзани меѓу себе, допрени во една определена тоcхка или сосем самостојни. Она што ги обединува во cелина и што овозможува да ги cхитаме и како фрагментарен роман за млади е можноста лиcхните приказни да се сфатат како книжевни експонати во замислениот музеј на детството, што е и носеcхката идеја при раскажувањето.",Романи и раскази за млади,Алма Растодер,Арс Ламина,2021.0,87.0,230 Денари,literatura
Застани на небото,"Цел живот ја слушаше изреката дека орелот го избира ловецот со орли. Тоа го сакаше. Сакаше нејзиниот орел да дојде кај неа. Да ја избере неа. Против сите традиции е Ајсулу да дресира орел, бидејќи кај казашките номади само мажите смеат да ги летаат. Но, сѐ се менува кога Ајсулу открива дека брат ѝ, Серик, криел оти криви со ногата, нешто што му ја става во опасност не само иднината на главата на семејството туку и животот. Кога нејзините родители заминуваат да бараат лек за Серик во далечна болница, Ајсулу е присилена да живее со нејзиниот страшен чичко и нејзината чудна стрина, а притоа потајно се грижи за орле. За да го спаси брата си и да не дозволи нејзиното семејство засекогаш да го напушти номадскиот живот, Ајсулу мора да ја стекне довербата на својот орел и да се избори за своето право да го лета. Попатно, открива дека семејство се луѓе кои се одбираат, дом е место што се гради, а надеж е нешто со пердуви. Добитник на Наградата на генералниот гувернер на Канада за литература за млади (Governor General’s Literary Award) за 2019 година.",Романи за деца,Ерин Боу,Чудна Шума,2022.0,288.0,400 Денари,literatura
Малите еднорози: волшебна сликовница за капење,Детска сликовница што може да се користи при капење на бебето. . Се работи за „волшебна“ сликовница каде илустрациите се обојуваат при допир со водата.,Сликовници,,Арс Ламина,2024.0,6.0,180 Денари,literatura
Чудесниот свет на буквите (тврд повез),"Вирхилио не сакаше да чита. Не, не – Вирхилио мразеше да чита. Арно ама, еден ден немаше друг избор. Се разбира, го принудија. Се разбира, учителката го принуди. Немаше каде. И, згора на тоа, мораше да се сретне со писателот. Но, не знаеше дека овој ден ќе биде почеток на неговиот нов живот. Некои книги се портал што води во фантастичниот свет. Само треба да ги најдете.",Романи за деца,"Жорди Сиера и Фабра, Иван Кастро (илустрации)",Сказнувалка,2023.0,233.0,550 Денари,literatura
Учиме математика со Софија: Местоположба и движење,"Во оваа книга детето ќе се запознае со поимите за местоположба и движење: • местоположба: внатре или надвор • местоположба: над, под или на • местоположба: зад или пред • местоположба: лево, десно, горе или долу • насоки на движење: налево, надесно, нагоре или надолу.",Книги со активности,Билјана Стојоска - Златков,Арс Ламина,2022.0,35.0,168 Денари,literatura
Слаткозборки,"„Слаткозборки“ е збирка песни посветени на традиционално познати и омилени локални десерти. Секоја песна илустрира еден десерт (персонифициран). Со оглед на традиционалната привлечност на готвењето, книгата е наменета и за повозрасната публика. Песните се наративно и симболички богати и комплексни, реферирајќи на одредени аспекти и проблеми на секојдневието (здрави навики, култура на тело, толеранција, различност, булинг). Со етички поттекст во себе, тие се обидуваат да поттикнат позитивни чувства и да негуваат високи хумани вредности, да градат отвореност и прифаќање на различностите.",Сликовници,Александра Симова,Чудна Шума,2021.0,44.0,400 Денари,literatura
Среќата е - една лисица,"Еднаш, многу одамна, во еден голем град, си беше едно дете по име Јаков. Тоа имаше татко, мајка и сите заедно живееја во дрво. Еден ден, во жживотот на Јаков се појави една лисиcа. А, кога во жживотот ќе ви се појави лисиcа, тоа знаcхи дека може да се оcхекува се. Емотивната приказна зборува за пријателството, за дарежливоста, за тагата поради загубата и за радоста од новите откритија. За она што им е важно на сите луѓе - големи и мали. Ова е приказна за среќата.",Сликовници,Евелина Дациуте Аушра Киудулаите,Антолог,2022.0,48.0,450 Денари,literatura
Сетко Досетко,"Сетко Досетко ќе го задржи вниманието на младите читатели, ќе ја разбуди нивната љубопитност и ќе ги мотивира да размислуваат на начин како што размислува Сетко, односно секогаш да наоѓаат решение со смислување резервен план. Во неговиот лик, преку интересни случки и ситуации, читателот ќе препознае едно среќно дете од кое извираат ведрина, љубопитност, досетливост, хуманост, другарство, љубов, почит кон возрасните. Ова е книга за секое дете. Оваа книга за деца содржи и работен дел со прашања креирани за секој расказ поединечно, што ќе му помогнат на младиот читател значително да го подобри читањето со разбирање.",Сликовници,Марија Богатиновска,Едука Мак,2023.0,59.0,370 Денари,literatura
Ешка Грешка,"Можеби Ешка Грешка ќе се викаше поинаку доколку уште на почетокот не направи нешто различно од другите ежиња: наместо да продолжи да цица од шишенцето – таа побара цуцла. И во следните денови и години Ешка Грешка се случуваше многу нешта да ги направи на свој начин. И, иако името ѝ остана какво што ѝ беше, тоа не значеше дека правеше вистински грешки. На пример, во една пригода ја сретна една од нивните најголеми непријателки–лисицата Лисица Рисица… Дознајте ја и вие приказната што долго ќе се раскажува меѓу сите жители на шумата Иглолисна!",Сликовници,Александар Кујунџиски,Антолог,0.0,16.0,180 Денари,literatura
Мистериозните случаи на Енола Холмс: Исчезнатиот маркиз,"Сега и филм на „Нетфликс“ со Мили Боби Браун, Хенри Кавеил и Хелен Бонам Картер! Запознајте ја Енола Холмс, тинејџерка-детектив и помлада сестра на Шерлок Холмс! Кога Енола ќе открие дека мајка ù е исчезната, таа бргу тргнува во Лондон да ја бара. Но, дали е спремна за сè што ја очекува во големиот град? Таа бргу се замешува во киднапирањето на еден млад маркиз, истовремено е во бегство од опасни криминалци и сопствените браќа – кои сакаат од неа да направат дама – а покрај тоа, се обидува да ги протолкува трагите што ќе ù го објаснат чудното исчезнување на мајка ù. Дали Енола ќе се справи со сите овие предизвици? „Исчезнатиот маркиз“ е првата книга од серијалот „Мистериозните случаи на Енола Холмс“ од веќе признаената авторка Ненси Спрингер – совршена приказна за вљубениците во Шерлок Холмс, детективската фикција и мистеријата",Романи за деца,Ненси Спрингер,Арс Ламина,0.0,168.0,280 Денари,literatura
Десет минути до спиење: Малото чудовиште,"Уште десет минути до спиење, а малото чудовиште Кики ќе направи се, само за да не заспие! Придружете им се на чудовиштата додека се забавуваат во последните мигови пред да си легнат во кревет. Од најпродаваната едиција на сликовници што на совршен начин им помагаат на децата да се подготват и да стекнат навика навреме да легнуваат во кревет и полесно да заспијат.",Сликовници,Ријанон Филдинг и Крис Четертон,Бата Прес,2024.0,32.0,350 Денари,literatura
Кој каде живее? : Морски животни,Сликовница со активности за предшколска возраст,Книги со стикери,Бранка Бугариска,Арс Ламина,2022.0,5.0,98 Денари,literatura
"Боенка ""Обој ја Македонија""",,Боенки и цртанки,,Светот на Биби,2024.0,,99 Денари,literatura
Сказните на Биби 1,Прво екслузивно издание составено од 5 сказни од едицијата на Светот на Биби. Прекрасни илустарции на 136 страници.,Сликовници,Билјана С.Црвенковска,Светот на Биби,2023.0,133.0,990 Денари,literatura
Животните од Северна Америка - Пиши-бриши,"Помогни им на дабарите да направат брана, на лосовите да си одберат најубави рогови и на гризли-мечките да се скријат од снежната бура. Со овие едноставни и забавни активности, подредени по тежина, вежбанката ќе им помогне на децата од предучилишна возраст да ја вежбаат раката, да се навикнат на приборот за пишување и да стекнат самодоверба во првите чекори во цртањето и пишувањето, преку: • Почетно пишување разни видови линии (прави, коси, заоблени, брановидни и цикцак); • Слободно пишување линии; • Развивање на фините моторни вештини на мускулите на рацете и прстите (графомоторни вештини); • Можност вежбата да се повтори повеќепати и детето да се коригира самостојно. Оваа вежбанка е реупотреблива. На нејзините страници може да се пишува со овој или со друг маркер за бела табла (пиши-бриши), а се брише со марамче, обична ткаенина или сунѓер. На тој начин децата можат да се навраќаат на активностите повторно и повторно, што им овозможува градење на самодове",Пиши-Бриши книги,Оливера Ќорвезироска,Арс Ламина,2023.0,23.0,299 Денари,literatura
Ешко Црешко,"Петти дел од сликовниците за фамилијата Ешковци! Четвртото новороденче на мајката Ежа, родено само четири секунди по третото, уште штом ги направи своите први два-три чекори надвор, се произнесе дека од сè на светов најмногу сака цреши. Но не, не само да ги гледа, туку – да ги јаде. Како можеше постојано и непрестајно да се остварува таа негова желба?",Сликовници,Александар Кујунџиски,Антолог,2021.0,20.0,180 Денари,literatura
Дружби и тужби,"Опис Дополнителни информации Коментари Не само што во сета досегашна завидна книжевна продукција на Александар Кујунџиски „на големо“ е застапен басновидниот исказ, тој е доминантен и пркосен и во оваа збирка. Но за разлика од сите порано објавени книги со басни во проза и стихови, кои беа наменети пред сè за децата од училишна возраст, оваа „Дружби и тужби“ им овозможува дружби со неа (ако треба – и право на тужби!) и на оние кои на своето животно конто нанижале и многу повеќе години; та дури „смеат“ да ги читаат вљубениците во овој литературен вид и од многу поголемата возраст од онаа (од 9-99+) – како што е наведено на корицата. Значи, без ограничување и дискриминирање на оние што ја фатиле и стотата, а храбро и гордо чекорат и потаму...",Романи за деца,Александар Кујунџиски,Антолог,2023.0,72.0,250 Денари,literatura
Мистеријата на рубинот од ориентот,"Џеронимо Стилтон живее во Глувчево, на Островот на Глувците, еден необичен остров во облик на парче сирење, сместен во Јужниот Стаорски Океан. Овде природата е заштитена, а глодачите живеат среќно. Во слободното време, Џеронимо собира стари корки пармезан од осумнаесеттиот век, но, најмногу од сè, обожава да пишува книги во кои што ги раскажува неговите извонредни глувчешки авантури! Дипломирал на Глувчологија на глодарската книжевност и Компаративна археоглувчешка филозофија. Раководи со Глувчеви Вести, најпознатиот весник на Островот на Глувците. Има добиено многу признанија, меѓу кои и наградата Глувцингер за делото „Тајната на исчезнатото богатство“.",Романи за деца,Џеронимо Стилтон,Култура,2012.0,128.0,250 Денари,literatura
Можам да читам! Во градината на Биби и Боби,"„Можам да читам!“ е серијал на книги за деца кои почнуваат да читаат. Има 4 различни нивоа на читање и без разлика на кое ниво е вашето дете, во овој серијал ќе пронајде совршена книга за себе.",Сликовници,Билјана С. Црвенковска,Светот на Биби,2023.0,19.0,49 Денари,literatura
Боби - картонска сликовница,Запознај го Боби! Едиција од картонски книги наменети за нашите најмали обожаватели.,Сликовници со тврди страници,Билјана Црвенковска,Светот на Биби,2023.0,8.0,290 Денари,literatura
Малите диносауруси: Волшебна сликовница за капење,Детска сликовница што може да се користи при капење на бебето. Се работи за „волшебна“ сликовница каде илустрациите се обојуваат при допир со водата.,Сликовници,,Арс Ламина,2024.0,6.0,180 Денари,literatura
Пред да падне ноќ,"Моќна и чувствителна приказна за храброто момче што има оштетен вид и слух, раскажана од неговата сакана сестра во форма на стихови и проза, вклучувајќи ја и азбуката со знаковен јазик. Карло е тинејџер што има оштетен слух и може да гледа само со едното око. Но, окото што гледа почнува да ja губи својaта сила и Карло мора да оди на операција за да го спаси видот. Неговата борбена и весела сестра, Ема, е најголемата поддршка за Карло. Таа постојано го бодри Карло да го победи стравот, додека неговото верно куче Лулу е постојано покрај него. Но, дури и со поддршката и влијанието на неговото семејство, на Карло му е тешко да се соочи со таква неизвесност? И што ќе се случи доколку тој нема да може веќе да комуницира со нив? „Пред да падне ноќ“ е книга за довербата, имагинацијата, емпатијата и јазикот. И покрај страшните предизвици со кои Карло и Ема треба да се соочат, ова е нивната приказна за храброста и чудата.",Романи за деца,Силвија Векини,Бата Прес,2023.0,103.0,300 Денари,literatura
Стела и Сани - боенка Животни,"Чудното кралство на животните Светот е онаков каков што го гледаш ти! Бубамарата не мора да е црвено-црна за да ти донесе среќа. Треба само безбојно да ти слета на страницата – токму како во оваа боенка. За среќа и забава, заедно со Стела и Сани, обој го слонот кој вози велосипед, или панделката на жирафата. Уживај боејќи го необичното кралство на навидум обични животни!",Боенки и цртанки,Ана Андроска,Издавачки центар ТРИ,0.0,,200 Денари,literatura
Кога Мамбо Џамбо стана голем како џин,"Најдобриот пријател на Мимбо Џимбо, Мамбо Џамбо, треба да оди во шумата и да собере печурки за сос. Наскоро го наоѓа тоа што го бара. Му изгледаат дека се вистинските. Но, упс! Овие печурки се многу чудни. Мамбо Џамбо се враќа кај пријателите, кои сега му изгледаат многу мали. Или можеби тој пораснал? И тоа толку голем што мајка му веќе не може да го прегрне. Неговите пријатели решаваат да одат во Сибир за да ја најдат единствената вештерка што може да го направи повторно мал!",Сликовници,Јакоб Мартин Стрид,Антолог,2021.0,136.0,600 Денари,literatura
Чудесен дар во годишен календар,"Pesnicki za deca , za predskolska vozrast . So ritam i rima , MAkedonski avtor",Поезија за деца,Ели Маказлиева,Едука Мак,0.0,103.0,250 Денари,literatura
Хороскоп забавен водич низ знаците план,"Астрологијата е наука за предвидување на настани што можат да се појават во животот на луѓето, иако има и такви кои веруваат дека хороскопот може да се примени на животни, растенија, предмети, па дури и такви астролози кои ја предвидуваат судбината на една земја заснована врз хороскоп. За астролозите, „алатката“ е всушност проучување и анализа на положбата на планетите, пред се во моментот на раѓање. На овој начин, оние што можат да разберат како планетите и sвездите влијаат врз животот на поединецот, исто така имаат можност да ја предвидат иднината. Се разбира, се зависи од вас дали верувате во судбината или таквото толкување и предвидување. Што точно е хороскоп? Едноставно кажано, тоа е графичко претставување на положбата на планетите во моментот на раѓање на секој од нас. За да може астрологот да ја предвиди иднината, неопходно е да има одредено знаење за астролошките закони и правила. Секоја планета или sвезда има свој индивидуален карактер, кој постојано се менува во зависност од врската со другите планети и sвезди, во времето на хороскопската анализа…",Хоби и слободно време,Роса Ваугхан,Икона,2022.0,200.0,449 Денари,literatura
Мистериозните случаи на Енола Холмс: Циганското збогување,"Енола го измислува д-р Рагостин и себеси се наименува првин за негова секретарка, а потоа и асистентка. Токму од нивната измислена канцеларија започнува возбудливата авантура за пронаоѓање и спасување на исчезнатата војвотка Бланшфлур. Барајќи ја војвотката, Енола ја пронаоѓа и вистината за својата мајка – Јудорија Вернет Холмс. Мошне трогателно збогувајќи се со мајка си, Енола успева да ја врати лејди Бланшфлур дома, но и да се зближи со своите браќа – Шерлок и Мајкрофт. ________________________________________________________________________ „Циганското збогување“ е шестата книга од серијалот „Мистериозните случаи на Енола Холмс“ од веќе признаената авторка Ненси Спрингер – совршена приказна за вљубениците во Шерлок Холмс, детективската фикција и мистеријата.",Романи за деца,Ненси Спрингер,Арс Ламина,2023.0,126.0,280 Денари,literatura
Волшебна уметност со сјајни налепници,"Со помош на оваа сликовница децата можат да ја развиваат сопствената креативност и да создадат низа уметнички мозаик-дела. Сликовницата содржи стотици налепници, вклучително и еден дел особено сјајни, како и низа различни активности.",Книги со стикери,,Арс Ламина,2024.0,45.0,299 Денари,literatura
Приказни од ѕунливото море,"Ален е тивко, повлечено момче. Сака да чита книги, да мечтае за далечни земји и голем сон му е да стане славен морепловец. Но, кога треба да се соочи со реалноста – која најмногу се состои од одење на училиште, Ален има голем проблем. И не, проблемот не е учењето, затоа што Ален е одличен ученик. Најголемиот проблем се Давид и неговата „екипа“, кои не го оставаат на мир. Секојдневните дофрлања, потсмевања и малтретирања прават одењето на училиште да му биде пекол. Но, тогаш, сосема ненадејно, Ален ќе се најде во Sунливото Море. И оттаму почнува една луда авантура која сосема му го менува животот на Ален… а и самиот Ален.",Романи за деца,Билјана С.Црвенковска,Чудна Шума,2024.0,99.0,500 Денари,literatura
Мораме да одиме на работа,"Денеска работиме како лекари. И потоа одиме на екскурзија. Ама, тогаш дојде Вештерката! Одењето на работа е смела авантура. Игра која се движи со тркачка брзина од собата преку болницата, супермаркетот и возот до Лортвикен. И наеднаш, во шумата каде што живее Вештерката! Леле!",Сликовници,Пија Линденбаум,Арс Ламина,2022.0,36.0,180 Денари,literatura
Кој сакаш да бидеш?,Што сакаш да бидеш? Во каков свет живееш? Што ти раскажуваат? Ева има дванаесет години и многу е љубопитна и има безброј прашања на кои не може да најде одговор. Но…што ако одговорите не се тоа што е навистина важно?,Сликовници,Карло Фрабети,Сказнувалка,2022.0,108.0,450 Денари,literatura
Светот на Биби: Вампирчето Бу,"Биби, Боби и малата вештерка Фи неколку ноќи по ред гледаа едно светленце во шумата, но од каде доаѓаше? И дали знаете дека во Волшебната шума има еден стар, напуштен замок во кој никој не се осмелува да влезе? А кој живее таму? Прочитајте ја оваа возбудлива приказна за да дознаете!",Сликовници,Бонита Колевска,Светот на Биби,2023.0,,200 Денари,literatura
Магла (тврд повез),"Лондон, 1880 г. Тринаесетгодишниот Клеј е блатар: едно од многуте момчиња што копаат во калливите брегови на Темза во потрага по предмети што ќе може да ги продадат за да преживеат. Еден ден Клеј тргнува да ѝ продаде тарот-карти на претскажувачката од Чудесниот циркус Смит и Спероу и го преминува прагот на циркусот. А, таму, во еден од кафезите, затворен е „последниот жив волк во Обединетото Кралство“. Застанат пред тоа суштество со сребрено крзно и килибарен поглед, не може да им поверува на своите очи. За него, навикнат да ги минува деновите на отворено, без какви било ограничувања, ваквата глетка на тоа величествено животно во малиот кафез, жртва на ѕверските насилија на дресерот Парсон, е неподнослива. Оттогаш Клеј нема да се смири додека Магла не биде повторно на слобода. Корица на Ване Костуранов. Марта Палацези е писателка на книги за деца и млади, преведувачка, советник за издаваштво и за кинематографска продукција. Дел е од Образовниот центар Суперхерои, непрофитно здружение што организира работилници за креативно пишување во основните и во средните училишта во Милано и околината. Авантурите на Магла се раѓаат од спојувањето на двете нејзини големи страсти: животните и историјата.",Романи и раскази за млади,Марта Палазеци,Сказнувалка,,,550 Денари,literatura
Жолти чорапи,"„Жолти чорапи“ е топла, лирска приказна за препознавање на чувствата кај децата раскажана на лесен, забавен и симболичен начин преку вселувањето на добродушниот Бувко во една нова шума. Сакајќи да се запознае и да се спријатели со соседите, Бувко секому му подарува соодветен подарок и на крајот сите животни стануваат посреќни. „Жолти чорапи“ поттикнува на запознавање и го негува пријателството. Децата, освен што можат да уживаат во оваа приказна, можат и да учествуваат во неа преку работниот додаток на крајот од сликовницата.",Сликовници,Билјана Лотеска,Арс Ламина,2022.0,27.0,220 Денари,literatura
Сирената со очила,"Атланта живее во светилник на мал остров на крајот на светот. Кога не разговара со Камила, селската учителка, или не ги слуша џез-плочите на татко си, нејзиниот поглед е упатен кон бескрајниот хоризонт на морето. Меѓутоа, еден ден, на Ветровит Камен пристигнува чуден гостин, кој ќе ја поведе во авантура на која можат да ѝ позавидат дури и славните морнари, предци на девојчето… Јунаци во романот на Маќаш Дунајчик се мистериозни птици, духови светски патници и вљубени китоловци.",Романи за деца,Маќаш Дунајчик,Антолог,2022.0,103.0,350 Денари,literatura
Островот на чуварот на бурата,"Фион Бојл потекнува од фамилија на храбри морепловци, луѓе што го носат океанот во своите очи. Но, Фион никако не може да го надмине стравот од отвореното море. Неговата мајка со години му раскажувала приказни за островот Аранмор, необичното место полно со магија, мистериозни случувања и со необични луѓе. Едно лето Фион пристигнува таму за да го помине летниот одмор. Веднаш штом ќе стапне на островот, почнува да забележува некои необјасниви нешта. Чувствува дека островот го набљудува и го следи во авантурите што ги презема. Еднаш во секоја генерација, Аранмор избира нов чувар на бурата за да му ја довери својата моќ и да ја зачува магијата од непријателите. Време е да се избере нов чувар на бурата. За оваа позиција е заинтересиран младиот и амбициозен Бартли Бизли, кој е подготвен да направи речиси сè. Сепак, кого Аранмор ќе избере за оваа моќна но одговорна позиција?",Романи и раскази за млади,Кетрин Дојл,Антолог,2022.0,233.0,350 Денари,literatura
Учиме музика со Софија: Моите први ноти - вежбанка по солфеж 2,,Книги со активности,Даниела Станоевска,Арс Ламина,2021.0,24.0,198 Денари,literatura
Дина и Додо 8: на кампување,"Решавај и забавувај се со Дина и Додо! Низ вежбанките ќе најдеш многу забавни активности и загатки за решавање – од лавиринти и пронаоѓање разлнични или исти предмети, цртање од точка до точка, боење, до откривање скриени предмети и зборови, активности со броење и собирање и судоку загатки! • За развој на логичките капацитети и способности кај децата • За јакнење на концентрацијата • За поттикнување на детската љубопитност, фантазија и креативност""",Книги со активности,,Арс Ламина,2023.0,24.0,138 Денари,literatura
Мојата прва библиотека - ИМА,Книга 2 „ИМА“ е втората книга во “Црвеното ниво”. Изучени букви: А Н Е М И,Сликовници,"Деспина Мукоска, Калиопи Трпчева (илустрации)",Арс Ламина,2023.0,24.0,68 Денари,literatura
Велинка,"Velinka e obichna devojka so neobichna zhivotna prikazna. Nejzinata sudbina na surov nachin kje ja odvede po patot na predcite, za da spoznae koja e, od kade poteknuva i kako da chekori vo zhivotot. Strashnata sluchka shto kje ja dozhivee edno popladne vo tivkata shuma Shushumna kje bide patokaz za nejzinoto natamoshno pateshestvie. Dali kje ja stignat kletvite od minatoto? Dali dobroto kje go pobedi zloto? Dali dobrinata mozhe da gi spasi zagubenite dushi, a ljubovta mozhe da gi izlekuva ranite? Patuvanjeto niz ovaa fantastichna prikazna otvora mnogu interesni prashanja na koi odgovorot kje go dadete vie – chitatelite.",Романи за деца,Маја Митровска,Антолог,2023.0,111.0,300 Денари,literatura
Ешковци-морепловци,"После неколку месеци договори и подготовки ежињата и нивните родители отпатуваа на море. И тоа кај нивните блиски роднини од далечните краишта – морските ежови. Уште со целосно нераспакуван багаж, ежињата побрзаа да се фрлат во морското синило. Пливаа како целиот свој живот да го минале во вода. Толку вешто и успешно, што ги восхитија не само своите родители туку и домаќините. Подоцна пак секој од нив се соочи со различни желби и предизвици. А најголемиот проблем беше што прекрасните денови крај морето најбрзо минуваат. Како ќе успеат ежињата и нивните роднини – морските ежови – да го продолжат своето дружење?",Сликовници,Александар Кујунџиски,Антолог,2022.0,16.0,180 Денари,literatura
Продавница за чудни миленичиња,"Во нашиот древен Охрид живеат близнаците Марко и Марика. Тие многу ги сакаат животните и со сите сили се трудат да им помогнат, поради што дури стануваат асистенти на локалниот ветеринар. Но и покрај сето тоа дома не им дозволуваат да чуваат животни. Еднаш во градот се отвора продавница за миленичиња чиј сопственик ја носи со себе малечката внука Теа. Родителите на девојчето се разведуваат и таа многу тешко го доживува тоа. Наскоро децата откриваат дека во продавницата не живеат само обични животни, туку и сосема чудни суштества чија задача е да им помагаат на луѓето. А тоа значи дека можат да и помогнат и на самата Теа. И од тој момент започнуваат авантурите на тројцата другари и нивните помошници од животинскиот свет. Децата се наоѓаат во разни ситуации, им помагаат на луѓе кои им се сосема непознати, патуваат по градот и околината, правејќи откритија со надеж дека нивната најголема желба наскоро ќе се исполни. Неочекувано на чудните животни им се заканува сериозна опасност и само д",Романи за деца,Елена Обухова,Прозарт Медиа,2023.0,268.0,400 Денари,literatura
Низ трепетот на времето,"Оваа збирка поезија зборува за најстарата тема , болка и радост на човештвото - љубовта . Конструктивната моќ на љубовта е клучна за човековото постоење и опстојување . Ако љубовта е самиот живот , таа во нашите срца внесува оптимизам , надеж ,трепет .. Оваа стихозбирка дише во духот на женскиот лирски поетски порив на еден многу длабок и прониклив начин . Влегуваме во внатрешниот емотивен порив , чија основа е инспиративна со коегзистентен простор на личната и интимната лирска струја .",Боенки и цртанки,Соња Дракуловска - Богдановска,КСЦ Полица,0.0,123.0,200 Денари,literatura
Алиса во земјата на огледалото,,Детски класици,Луис Карол,КСЦ Полица,,,200 Денари,literatura
Мојата прва библиотека - ЧАЈ,"Книга 22 „ЧАЈ“ е дваесет и втора книга во комплетот, а дванаесетта од „Жолто ниво”. Изучени букви: А Н Е М И С Т О В Д П Л К Р У Г Б Ј З Ш Ж Ч",Сликовници,"Деспина Мукоска, Калиопи Трпчева (илустрации)",Арс Ламина,2023.0,24.0,68 Денари,literatura
Шерлок Холмс за деца: Сојузот на црвенокосите,"""СОЈУЗОТ НА ЦРВЕНОКОСИТЕ има потреба од нов cхлен кој би помагал со извесни мали обврски. Платата за оваа позиcија ќе биде чЕТИРИ фунти неделно. Сите cрвенокоси маји со добро здравје и со навршени дваесет и една година ќе бидат земени предвид. Откако добро платжената работна позиcија на Џабез Вилсон во Сојузот неоcхекувано се затвора, тој го замолува Холмс да дознае зошто. Она што поcхнува како секојдневна истрага се претвора во веcхерна заседа во која Холмс се обидува да спреcхи неверојатна крајба.""",Романи за деца,Артур Конан Дојл,Арс Ламина,2022.0,120.0,129 Денари,literatura
Дневникот на едно шмокле 3: Редно беше!,"шМОКЛЕ – РЕДНО БЕшЕ! Постои традиcија за Нова година човек да си заcрта неколку cели Ѓшто ЃЌе му помогнат да стане подобра личност. Но за Грег Хефли тоа претставува проблем! Тој никако не може да смисли начини како да се подобри, заЃшто смета дека веЃЌе е еден од најдобрите луЃѓе Ѓшто ги познава. МеЃѓутоа татко му не го дели неговото мислење и крои други планови за него. Сака да го заcврсти, а најдобриот начин за тоа е ужасната воена академија! Грег смислува најневозможни начини како да ја избегне омразжената академија, а ви открива и вам дека е време или да биде во форма или... да се подготви за униформа! „Урнебесно!“ Сандеј телеграф „ Голем хит за безволни читатели и за сите кои се во потрага по смеЃшна книга!“ Скул лајбрери xурнал",Романи за деца,Џеф Кини,Издавачки центар ТРИ,2021.0,225.0,360 Денари,literatura
Сонливата месечина,"Сонот е лулка што нè крева во височините. Сонот е остварување на желбите на јавето. Сонот е копнеж да се биде, да се осознае, да се дофати. Додека пловиме во земјата на соништата, нè чуваат ѕвездите. Додека сонуваме, храбро и љубопитно чекориме кон невидливото и посакуваното... кон светот на чудесното!",Сликовници,Новица Наков,Светулка Нова,2024.0,28.0,400 Денари,literatura
Слонот Кире,"Кога се загрижени за нешто, децата не можат да заспијат без нечие присуство. Најчесто тука се родителите, но и братчето или сестричката се од голема помош. Посебно ако се малку повозрасни и ако и самите научиле како да се справат со проблемот. Важно е присуството и чувството на заштитеност.Исплашеното дете да знае дека секогаш има некој покрај себе што ќе му помогне да се соочи со стравот или со грижата и да заспие како бајче.",Сликовници,Маја Мишевска,Арс Ламина,2023.0,20.0,220 Денари,literatura
Магијата на малата сирена,Мали срцевидни книги за најмалите девојчиња!,Сликовници со тврди страници,,Топер,2014.0,8.0,130 Денари,literatura
Продавницата за желби на Алберта,"Во малиот град кај морето се зборува дека Алберта Броканте има посебна продавница. Затоа се повеќе луѓе се туркаат во нејзината продавница и секој има некаква желба. Алберта за секого наоѓа пригоден предмет: една шапка што дава смелост, еден тмурен облак, една голема мелница за бибер или тегови што се надувуваат/ Се до денот кога ќе намине Пепе и ќе постави прашање што ќе смени се.",Сликовници,Мартина Валтер,Илика,2023.0,48.0,550 Денари,literatura
"Светот на Ели: Минатото, сегашноста и бучната, бучната девојка","„Себеприфаќањето е клучот што ја отклучува вратата на нашето вистинско јас"". „Растењето значи прифаќање на уникатните бои на нашите личности и сликање на нашиот сопствен пат во животот“. „Минатото, сегашноста и бучната, бучна девојка“ од Каре н МекКомби е дел од серијата „Светот на сојузниците“ и навлегува во темите на пријателството, самооткривањето и хумористичните предизвици на растењето. Има емоционално влијание додека ги истражува тинејџерските искуства на Али, допирајќи ги комплексноста на пријателството, личниот раст и универзалната потрага по забавата. Приказната резонира преку нејзиното прикажување на искушенијата и неволјите на адолесценцијата, нудејќи пораки на смеа, разбирање и убавината на вистинските врски. Привлечните патувања го одразуваат растот и трајната сила на односите. Овој роман нуди трајна вредност со тоа што дава увид во сложеноста на тинејџерските емоции, пријателствата и важноста на хуморот и леснотијата. Читателите ќе научат за моќта на автентичните пријателства, за хуморот во секојдневниот живот и за убавината на прифаќањето на тинејџерското патување со насмевка. „Минатото, сегашноста и бучната, бучна девојка“ е збогатувачко четиво кое ги поттикнува младите возрасни да се соочат со предизвиците на адолесценцијата со хумор и емпатија. Ликовите на Карен МекКомби во „Минатото, сегашноста и бучната, бучна девојка“ се автентични и способни за раскажување, претставувајќи ги искуствата на тинејџерите. Длабочината и растот на ликовите, заедно со истражувањето на пријателството, личниот развој и хуморот на секојдневниот живот, поттикнуваат емпатија и идентификација кај читателот. Овој роман нуди автентичен приказ за предизвиците и радостите на адолесценцијата и важноста на прифаќањето на забавата и пријателството. „Минатото, сегашноста и бучната, бучна девојка“ од Карен МекКомби е дел од серијата „Светот на сојузниците“ и го следи животот на Али, тинејџерка, додека таа се соочува со различни предизвици и авантури во секојдневниот живот. Али продолжува да се движи низ сложеноста на нејзините пријателства, справувајќи се и со радостите и со предизвиците што доаѓаат со одржувањето блиски односи со нејзините пријатели. Како и со другите книги од серијата, семејството на Али останува важен дел од нејзиниот живот, а читателите можат да очекуваат да видат како семејството влијае на нејзините одлуки и постапки. Личниот раст и развој на Али додека созрева игра централна улога во приказната, дозволувајќи им на младите читатели да се поврзат со нејзините искуства и раст. Книгата истражува различни тинејџерски искуства, вклучувајќи го училиштето, состаноци и други предизвици со кои младите често се соочуваат. Карен МекКомби го украсува своето пишување со хумор и раскажливи ситуации, правејќи ја приказната привлечна и пријатна за младите читатели. Ова е приказна која се фокусира на подемите и падовите на тинејџерскиот живот, со релаксирачки и лесен пристап, што го прави соодветно четиво за деца и тинејџери.",Романи и раскази за млади,Карен Мекомби,Икона,2009.0,220.0,499 Денари,literatura
Готвачките авантури на Белиот Мечок,"Белиот мечок со шест шепи живее во Беарвил, веднаш до Северниот Пол. Неговиот татко е мечокот филозоф, а мајка му е принцезата на палачинките. Малиот мечок уште не знае кој е неговиот повик. А како ќе дознае? На едно авантуристичко патување кое ќе му покаже за што се е способен, и што сака најмногу да прави. Во оваа сликовница ќе најдете и многу рецепти за храна кои дечињата можат да ги подготвуваат заедно со своите родители! Сите авантури на белиот мечок имаат врска со храната - кога белиот мечок конечно ќе се врати дома тој веќе го научил својот вистински повик - да биде готвач! Отвора ресторан во Беарвил, задоволен бидејќи шесте шепи се многу корисни за да ги подготви сите јадења точно на време!",Сликовници,"Мара Вишка, Улдис Даугавиќ",Прозарт Медиа,2022.0,50.0,500 Денари,literatura
Моите патувања - откритија: Атлас на светот,"Истражи го нашиот чудесен свет на сите континенти и мориња низ едно несекојдневно патување! Посети ги големите континенти и малите земји. Патувај кон длабочините на океанот и искачи се на највисоките врвови. Научи многу нешта за знамињата, за некои прочуени личности и многу, многу повеќе. Отвори ги прозорчињата и преклопените страници за да дознаеш многу забавни факти. А, згора на сето тоа, откриј ја и огромната скокачка страница на нашата неверојатна планета!",Сликовници,Ања де Ломберт,Арс Ламина,2024.0,,850 Денари,literatura
Боенка со налепници - Слатки десерти,"Боенки со налепници • За развој на моторичките вештини кај децата • За јакнење на концентрацијата • За поттикнување на детската љубопитност, фантазија и креативност",Боенки и цртанки,,Арс Ламина,2022.0,10.0,48 Денари,literatura
Полжавот и китот,"Во „Полжавот и китот“ едно морско полжавче копнее да патува и да го запознае светот, но не знае како? За среќа, се сретнува со големиот кит, па користејќи го неговиот опаш како едро, запловува низ мориња и океани, низ предели тропски и ледени....На крајот, со својата храброст, упорност и самодоверба успева да му помогне на големиот кит, кој ќе се најде во невоља. Уште едно римувано ремек дело на писателката Џулија Доналдсон, најпродаваниот детски автор во Велика Британија.",Сликовници,"Џулија Донакдсон, Аксел Шефлер (илустрации)",Елоквента,2021.0,32.0,300 Денари,literatura
Розевата планета,"Розевата планета“ е сликовница (па дури би можела да се нарече и стрип-сликовница) која раскажува стихувана приказна за малиот космонаут во потрага по Розевата планета, на која сѐ е розево, слатко и мирисно. Сликовница за мали и големи, оние со соништа за далечни планети и подобри светови. Дополнително, изданието е придружувано со музичка компилација, која можете да ја симнете за слушање бесплатно на следниот линк: https://pmgrecordingsk.bandcamp.com/album/rozevata-planeta-va-pmgr192?fbclid=IwAR0HYvBFBOSLdqHRBjBS3gUgqaE0k_CtX0VdntRkQgsyQPaDjQNA9SmyYFs Розевата планета“ е сликовница (па дури би можела да се нарече и стрип-сликовница) која раскажува стихувана приказна за малиот космонаут во потрага по Розевата планета, на која сѐ е розево, слатко и мирисно. Сликовница за мали и големи, оние со соништа за далечни планети и подобри светови.",Сликовници,Мирко Попов,Чудна Шума,2021.0,40.0,330 Денари,literatura
Letters & Numbers Abc 123 writing and coloring,Книга со активности за деца на предучилишна возраст. Преку боење и цртање децата ќе ги учат буквите од англиската азбука и броевите од 1 до 9.,Книги со активности,,Арс Ламина,2024.0,36.0,98 Денари,literatura
"Градежни машини - играј, научи, обој","Читај, бој и играј си за да научиш низ забава и низ игра со твоите градежни машини! Во пакувањето ќе најдеш: -книга за читање и боење -извонредни градежни машини!",Сликовници,,Топер,,16.0,420 Денари,literatura
Без зборови,"Се присилив да отидам до сцената и се свртив. Ова ќе биде најстрашното нешто што сум го сторил во животот. Погледнав надолу кон морето од светкави очи и се натерав да се фокусирам на следниот чекор. Требаше само да ги издржам следните пет минути, збор по збор. Тогаш ќе беше готово. Желе Мајлс порадо би играл видеоигри со најдобриот другар П. Б. отколку да се подготвува за натпревар во говорење. Всушност, порадо би правел сѐ друго. Затоа е изненаден како и сите други што сериозно го сфаќа годинашниот натпревар. Отпрвин, тоа го прави поради одличната награда. Но кога натпреварувањето ќе тргне наопаку, Желе сфаќа дека ова му е шанса конечно да ја победи сезнајката од неговиот клас. Со неговата репутација, самопочит и другарството што го става на прво место, може ли Желе да ја најде храброста да стане пред целото училиште и да покаже кој е всушност? Урнебесно смешна, „Без зборови“ се занимава со тоа како да им се спротивставите на насилниците, да дознаете кои ви се пријатели и да го најдете вашиот уникатен глас. Награди и признанија: Surrey Schools Book of the Year, 2017 CBC Best Books of the Year, 2015",Романи за деца,Џенифер Мук - Сенг,Чудна Шума,2022.0,184.0,350 Денари,literatura
Добре дојдовте првачиња!,"„Добре дојдовте првачиња“ е посебно издание кое го одбележува важниот момент на започнување на училишното патување. Со оваа книга, вашите првачиња ќе се запознаат со училиштето, наставниците и учењето преку забавни и едукативни содржини, водени од омилените ликови на Биби и Боби. Совршено за првиот школски ден!",Книги со активности,"Златица Апостолов, Иванчо Николов (илустрации)",Светот на Биби,2024.0,16.0,99 Денари,literatura
Стела и Сани: Дали е обичен ден или роденден,"Со Стела и Сани секој ден е весел како да е роденден! Но Стела го слави својот само еднаш во годината.Таа направи најубави покани,но со датумот настана збрка-а драг гостин никогаш не се брка.И така на роденденската забава подранија меcхката,стоногалките,жабата,пингвините... Како настана оваа грешка и како Стела со тоа се справи - видете во новата сликовниcа,таму забава се прави!",Сликовници,"Бистра Георгиева, Наталија Лукомска",Издавачки центар ТРИ,2021.0,44.0,250 Денари,literatura
Шерлок Холмс за деца: Марамата со точки,"""Со голема тага известуваме за СМРТТА на г-ѓиcата Џулија Стоунер од Стоук Моран. Приcхината останува НЕПОЗНАТА. Повторно се слушаат необиcхните звуcи што за последен пат се огласиле околу мигот на смртта на Џулија. Сестра ѝ Хелен знае дека е само прашање на време кога и самата ќе ја дојивее истата судбина. Се подготвува мраcхен заговор, а единствениот наcхин да се фати злосторникот е да се заcхекори среде смртоносна стапиcа...""",Романи за деца,Артур Конан Дојл,Арс Ламина,2022.0,128.0,129 Денари,literatura
Мојата прва азбука на боите и вкусовите,"Венко Андоновски повторно ни приреди Азбука за најмалите. Овој пат една соооосем поинаква азбука што има боја и вкус. Жолтото е кисело, црвеното е слатко. А оваа сликовница е сите вкусови измешани во еден. Ајде на нова Стела и Сани авантура. Многу поразлична од минатите, но не и помалку забавна!",Сликовници,Венко Андоновски,Издавачки центар ТРИ,2024.0,64.0,500 Денари,literatura
За Младоста,"Младоста е возбудлива, убава и забавна, но понекогаш знае да биде тешка и променлива. Таа е период во животот кога се случуваат сериозни промени. Се наоѓате на преминот меѓу детството и зрелата доба. Заедно со другите, а сепак сами. Родителите стојат на страна и не сфаќаат ништо, колку и да се трудат да разберат. Познатата норвешка писателка Лин Скобер разговарала и се дружела со младите луѓе и ги запишувала нивните размислувања за животот, созревањето, чувствата, копнежите. Собраните материјали ги преточила во мали текстови за големи теми – од перспектива на младите. Нивните приказни се читливи и забавни, но истовремено изненадуваат бидејќи младите раскажувачи зрело и храбро се соочуваат со семејните и врсничките проблеми, обидувајќи се да преживеат во модерното општество во кое недостигаат топлината и сигурноста.",Романи за деца,Лин Скобер,Чудна Шума,2024.0,256.0,800 Денари,literatura
Прекрасна уметност со сјајни налепници,"Со помош на оваа сликовница децата можат да ја развиваат сопствената креативност и да создадат низа уметнички мозаик-дела. Сликовницата содржи стотици налепници, вклучително и еден дел особено сјајни, како и низа различни активности.",Книги со стикери,,Арс Ламина,2024.0,45.0,299 Денари,literatura
Фи ја губи моќта,"Малата вештерка Фи ја губи моќта, но дали е сѐ изгубено? Дали силата на пријателството може да ѝ помогне на Фи да си ги врати своите способности? Во новата авантура на Биби и Боби читајте за една загубена моќ, за едни вистински пријатели и низ што поминуваат кога се заедно.",Сликовници,Божидар Божиновски,Светот на Биби,2024.0,30.0,200 Денари,literatura
Операција чист воздух 1,"Џеронимо Стилтон живее во Глувчево, на Островот на Глувците, еден необичен остров во облик на парче сирење, сместен во Јужниот Стаорски Океан. Овде природата е заштитена, а глодачите живеат среќно. Во слободното време, Џеронимо собира стари корки пармезан од осумнаесеттиот век, но, најмногу од сè, обожава да пишува книги во кои што ги раскажува неговите извонредни глувчешки авантури! Дипломирал на Глувчологија на глодарската книжевност и Компаративна археоглувчешка филозофија. Раководи со Глувчеви Вести, најпознатиот весник на Островот на Глувците. Има добиено многу признанија, меѓу кои и наградата Глувцингер за делото „Тајната на исчезнатото богатство“.",Романи за деца,Џеронимо Стилтон,Култура,2022.0,100.0,290 Денари,literatura
ЛИОБАНИ. Јас објаснувам - учествуваш ли и ти?,"""Книга за млади од 12-18 година на животот. Лиобани им помага на младите да ја пронајдат слободата во Бога и да го земат својот живот во свои раце: Како да го пронајдам мојот сопствен тип, како да дојдам до моите способности? Која е вистинската професија за мене?… И уште многу друго. """,Самопомош и совети,Габриеле,Габриеле Издателство Реч,2014.0,269.0,340 Денари,literatura
Еден ден со Стела и Сани,"Колку исти и колку различни нешта има во еден ден? Во сите има убавина. Помини еден цел ден со Стела и Сани и види колку забавно може да биде дури и четкањето на забите. Со нив е неверојатно сè што се прави. Освен тоа, ќе видиш колку е прекрасно на сите да им даруваш добрина. Така, кога ќе го обоиш светот на Стела и Сани, ќе им го направиш денот посебен, а тие тебе ќе ти го наполнат срцето со шарени убавини.",Боенки и цртанки,,Издавачки центар ТРИ,0.0,,199 Денари,literatura
Леле во што се пртетворив,"Мила се буди со првите сончеви зраци. Треба да ги набере лимоните од градината. Но лимоновото дрво е огромно, а Мила малечка. Не ѝ е лесно! Таа почнува да мечтае: дали би била посреќна ако сум слободна како птица што пее или како облак што лебди на ветерот?",Сликовници,Елиф Јеменџи,Антолог,2022.0,24.0,300 Денари,literatura
Ешко Жешко,"Трет дел од сликовниcите за фамилијата Ешковcи! Ешка Смешка не е сама. Таа има уште многу братчиња и сестричиња. А меѓу нив се истакнува - Ешко Жешко. И додека сите ежиња се чувствуваат поинаку, на овој Ешко секогаш му е - жешко! Ако тоа беше сосема разбирливо лете, беше многу чудно- во студените месеcи! Никој не можеше да сфати зошто Ешко Жешко секогаш повторуваше: - Их, колку е жешко! Жешко! Жешко! Жешко! Дали Ќе се најде некој што Ќе може да ја разоткрие неговата тајна?",Сликовници,Александар Кујунџиски,Антолог,2021.0,16.0,180 Денари,literatura
Љубовни лекции,"Пру и сестра и Грејс, cелиот жживот го поминале дома, уcхејќи со нивниот исклуcхително строг татко. Кога, во еден момент, нивниот татко ќе заврши во болниcа, Пру конеcхно ќе открие како е да се биде слободна. Кога ќе стапне во уcхилиште за првпат во жживотот, Пру не се снаоѓа баш најдобро.",Романи и раскази за млади,Џеклин Вилсон,Икона,2013.0,206.0,499 Денари,literatura
Приказни за мали авантуристи: Волшебните патувања на Софија,"„Приказни за мали авантуристи: Волшебните патувања на Софија“ е збирка од меѓусебно поврзани раскази за деца од раноучилишна возраст (па дури и за предучилишна, доколку се читаат пред спиење). Во секој од расказите малата Софија заминува на едно волшебно патување со нејзиниот розов авион – еден, два, три – во нова чудесна авантура. Но, оваа книга е многу повеќе отколку книга за деца. Во неа авторката Екатерина Ширгоска Лена мошне умешно вметнува совети за родителите како да ги воспитуваат своите деца и како да разговараат со нив за одредени тешки прашања и теми. Од тој аспект, книгата може да послужи дури и како своевиден прирачник за родителите.",Романи за деца,"Екатерина Ширгоска Лена, Алексеј Костовски (илустрации)",Чудна Шума,2023.0,40.0,350 Денари,literatura
Градот Вабу и потрагата на Нави,"Додека Нави го набљудуваше балонот, балонот ја набљудуваше собата на Нави: мал кревет со две перници, полица со три фиоки, што ли се крие внатре? Мала полица со книги и уште една со фотографии во рамка, закачалка, глобус и многу играчки! – Хм, за џабе си го губам времето, ти си само еден обичен балон – си рече Нави и отиде да си игра.",Романи за деца,Симона Јованоска,Чудна Шума,2022.0,52.0,375 Денари,literatura
Учиме да пишуваме и читаме со Биби и Боби,"„Учиме да пишуваме и читаме со Биби и Боби“ е уникатно издание кое ги воведува децата во светот на буквите и зборовите. Со помош на Биби и Боби, најмалите ќе ги совладаат основите на читање и пишување преку забавни активности и вежби. Идеално за првите чекори во писменоста!",Книги со активности,Иванчо Николов (илустрации),Светот на Биби,2024.0,16.0,99 Денари,literatura
"Bibi, Bobi dhe shtëpiza prej çokollate",,Сликовници,Билјана С. Црвенковска,Светот на Биби,2021.0,36.0,180 Денари,literatura
Мојата прва библиотека - СВЕТУЛКА,"Книга 14 „СВЕТУЛКА“ е четиринаесетта книга во комплетот, а четврта од „Жолто ниво”. Изучени букви: А Н Е М И С Т О В Д П Л К У",Сликовници,"Деспина Мукоска, Калиопи Трпчева (илустрации)",Арс Ламина,2023.0,24.0,68 Денари,literatura
Format dhe masat : mesojmë matematike me Sofinë : mosha 5+,"Mësoji format dhe masat themelore me Sofi në Me këtë libër do të mësosh më shumë: • për drejtkëndëshin, katrorin, trekëndëshin dhe rrethin • çka është më e rëndë e çka është më e lehtë • çka është më e gjatë e çka është me e shkurtër • çka është më e vogël e çka është më e madhe • për orën • për monedhat",Книги со активности,Biljana Stojoska Zlatkov,Арс Ламина,,24.0,148 Денари,literatura
Лола е вистински другар,Мали срцевидни книги за најмалите девојчиња!,Сликовници со тврди страници,,Топер,2014.0,8.0,130 Денари,literatura
Ешка Смешка,"Втор дел од сликовниците за фамилијата Ешковци! Веќе добро ги знаете сите сплетки околу свадбата на Ежо и Ежа. Но што се случи потоа? Е, потоа им се родија дечиња. И, иако владееше општо мислење дека новороденчињата се раѓаат со плачење, првороденото еже на Ежа и Ежо Ешковcи се роди со прв смев. И сосема заслужено и оправдано го нарекоа Смешка. Ешка Смешка. Затоа, дознајте повеќе каков плакат стави Ешка над своето креветче. И што стори таа со својата заразна смеа. И дали само 1 Април треба да биде Ден на шегата? Насмејте се со Ешка Смешка!",Сликовници,Александар Кујунџиски,Антолог,0.0,16.0,180 Денари,literatura
Составувај приказни со Дина и Додо,"Во овој сет картички со Дина и Додо многу приказни чекаат да бидат раскажани. Уживајте, забавувајте се, раскажувајте и смејте се на глас! • За поттикнување на детската имагинација, фантазијата и креативното размислување • За унапредување на јазичните вештини и убавото говорење • За стекнување самодоверба и развој на социјалните вештини • За развој на логичките капацитети и способности кај децата",Едукативни игри и квизови,Бранка Бугариска,Арс Ламина,2021.0,,248 Денари,literatura
Пријателството на Ема и Теа,Преку игра следете го пријателството на Ема и Теа и помогнете им да ја завршат тешката задача.а,Сликовници со тврди страници,Група Автори,Топер,,5.0,150 Денари,literatura
Мистеријата на планетата Плутон,,Романи за деца,"Марио Ачкоски, Софија Стрезова",Едука Мак,2024.0,35.0,200 Денари,literatura
Мојата прва библиотека - КРОФНА ИЛИ КИФЛА?,"Книга 28 „КРОФНА ИЛИ КИФЛА“ е дваесет и осма книга во комплетот, а трета од „Зелено ниво”. Изучени букви: А Н Е М И С Т О В Д П Л К Р У Г Б Ј З Ш Ж Ч Ц Ќ Ѓ Њ Љ Ф",Сликовници,"Деспина Мукоска, Калиопи Трпчева (илустрации)",Арс Ламина,2023.0,24.0,68 Денари,literatura
Përgatitje për të shkruar : mësojmë me Sofinë : mosha 6+,"Përgatitu për të shkruar bashkë me vogëlushen Sofi. Ushtro shkrimin e vijave të drejta, të pjerrëta dhe të lakuara, ngjyros dhe vizato dhe mëso t’i shkruash format. Ky libër do t’u ndihmojë fëmijëve gjatë: • Shkrimit fillestar vijash dhe formash të ndryshme • Vizatimit të formave më të lehta dhe më komplekse • Zhvillimit të shkathtësive motorike • Formimit të vetëbesimit",Книги со активности,Biljana Crvenkovska,Арс Ламина,,20.0,148 Денари,literatura
Дина и Додо - Книга со активности 2: На Фарма,"Решавај и забавувај се со Дина и Додо! Низ вежбанките ќе најдеш многу забавни активности и загатки за решавање – од лавиринти и пронаоѓање разлнични или исти предмети, цртање од точка до точка, боење, до откривање скриени предмети и зборови, активности со броење и собирање и судоку загатки! • За развој на логичките капацитети и способности кај децата • За јакнење на концентрацијата • За поттикнување на детската љубопитност, фантазија и креати",Книги со активности,Бранка Бугариска,Арс Ламина,2022.0,21.0,118 Денари,literatura
Другарко,"– Другарска приказна од животот на едно аутистично дете, приказна што авторот, а и тоа дете, силно ја посакува да се случи. Приказна кажувана топло, но и вистинито, без прикривање, за неговата осаменост наспроти неговата желба за дружење, што еден ден ќе се оствари кај Школка, во градскиот парк, при средбата со девојчето со креда. Раскажувачот го познава и го сочувствува светот на детето Другарко, оттаму и зборот и цртежот во оваа ретка и потребна книшка-сликовница и самите стануваат негови големи другари! Проф. д-р Александар Прокопиев",Сликовници,Денис Јанкуловски - Космонаутко,Прозарт Медиа,2024.0,32.0,500 Денари,literatura
Прирачник за солиден живот,"Помеѓу новата адреса на тато и старата адреса на мама стоеја три автобуски станици, два семафора, еден киоск, една трафостаница, пошта, црква и книжарница. Ако спиеше кај тато, нотите за гитара остануваа кај мама, а кога мама го водеше на тренинг, опремата му беше кај тато. Никако да си биде се на своето место. Ако тие тројцата мораа да се навикнат, топката, дуксерот со качулка, клучевите, чистите чорапи, го одбиваа тоа. Не им можеш ништо, и точка! „Прирачник за солиден живот“ е добитник на наградата на „Политикин Забавник“ - најдобра книга за деца и млади напишана на српски јазик, за 2022 година. Книжевниот првенец на Оливера Зуловиќ е приказна за нежното пријателство помеѓу Љубица и Љубо и за нивната авантура со заеднички сили да ги преживеат, но и да ги поправат неубавите нешта во животот. Оваа топла книга пишувана низ призма на дете е наменета и за возрасните и за оние што се уште не станале тоа.",Романи за деца,Оливера Зуловиќ,Арс Ламина,2024.0,158.0,300 Денари,literatura
Колку е часот? Научи како да го читаш времето,"Колку е часот? Со помош на Чаки часовникот, твоето ново другарче, научи како да го читаш времето. Времето е секогаш исто, различни се само часовниците што го покажуваат.",Сликовници,Тодор Трајковски,Арс Ламина,2024.0,24.0,220 Денари,literatura
Љубов голема колку Скопје,"Една кутија закопана два метри под земја. Едно старо писмо, медалјон и клуч. Звучи интересно, зар не? Откријте ја мистеријата обвиткана околу најљубовната скопска приказна што некогаш сте ја прочитале. „Љубов голема колку Скопје“ е втора книга за деца и млади од Александра Тодоровиќ. Таа го прифати предизвикот да влезе во временската капсула и оттаму да им купи билети на сите кои сакаат да бидат дел од едно неверојатно патување. А Скопје е љубов и во себе крие многу љубови. Скопје е љубов заради луѓето во него. И секогаш сè е заради љубовта. Таа врзува, ослободува и крева. Затоа Александра Тодоровиќ, која добро го познава Скопје напиша едукативна и интерактивна книга која ќе го разбуди љубопитството на децата, но и суптилно ќе им подметне не само знаење и интерес за она што било, туку и љубов која ќе ги научи како да се грижат за околината и за луѓето во неа.",Романи за деца,Александра Тодоровиќ,Издавачки центар ТРИ,235.0,48.0,340 Денари,literatura
Тигар на улица,"Инспирирана од познатата песна на Данил Хармс, „Тигар на улица“, оваа сликовница раскажува своја сопствена приказна низ слики: приказна за храброста, за силата да се спротивставиме, да се избориме и да го пронајдеме и разбудиме тигарот што спие длабоко во секој од нас.",Сликовници,"Билјана С. Црвенковска, Катерина Николовска",Чудна Шума,2021.0,40.0,400 Денари,literatura
Мирабела ги крши правилата,"Мирабела е посебна бидејќи е поинаква. Мајка ѝ е вештерка, татко ѝ е виленик, а таа е по малку од двете! Кога Мирабела оди во своето училиште за вештерки, ветува дека нема да прави никакви бели... Но, часот по правење волшебни напивки тргнува малку наопаку, а часот по летање се претвора во катастрофа. Набрзо, Мирабела запаѓа во голема неволја. Сепак, со помош на другарка ѝ Карлота, можеби ќе успее да ги поправи работите пред да си заминат дома.",Романи за деца,Хариет Мункастер,Арс Ламина,2023.0,105.0,350 Денари,literatura
Бумбарот Боби,"Повеќето деца се срамежливи. Понекогаш, на дечињата помеѓу четири- и шестгодишна возраст потешко им оди да склучат пријателства. Во повеќето случаи, проблем им е училиштето како нова средина, а понекогаш на децата едноставно не им се оди на училиште. Но, сето тоа го забораваат набрзо откако ќе се сретнат со своите врсници и кога играта ќе им стане „збирно место“. А тоа што ги олеснува нештата е љубезноста и обостраната желба за другарување.",Сликовници,Маја Мишевска,Арс Ламина,2022.0,24.0,220 Денари,literatura
Расказите на Денис,"Она што за нас беа расказите со Зоки Поки, за децата од Русија беа „Расказите на Денис“. Една од најпопуларните и најомилените книги за деца во историјата на Русија, сигурно ќе им се допадне и на современите деца! Смешни и трогателни приказни сместени во светол и сончев свет на детски радости и грижи.",Романи за деца,Виктор Драгунски,Прозарт Медиа,2021.0,360.0,360 Денари,literatura
Очите на Михалина,"Научнофантастичен роман за читатели на возраст од 9 до 15 години. Михалина живее во Градот на четири ветрови – огромен, воедно неверојатно стар и супермодерен. Град во кој живеат милиони луѓе, во кој се одржуваат големи панаѓури, фестивали и концерти. Град на стаклени облакодери, ултрабрзи возови, подвижни патеки и големи, шарени екрани. Но, тоа е град и на разурнати, растурени урнатини што масовно ги посетуваат загрижени археолози... Нештата што понекогаш ги гледа Михалина честопати се опасни, забавни, интересни, чудни, прекрасни, грди, некојпат страшни, но никогаш, баш никогаш не се обични. Се разбира, тука станува збор за нешта што другите, освен таа, не ги забележуваат, зашто Михалина секој ден гледа милиони ситни нешта од кои се состои светот што ја опкружува. Најпосле, има очи, нели? Овде се работи за Специјални нешта, како што Михалина ги нарекува за сопствена употреба, иако, всушност, воопшто не се нешта и ни најмалку не се материјални. Најверојатно.",Романи за деца,Марќин Шчигелски,Сказнувалка,2024.0,402.0,600 Денари,literatura
Светот на Биби: Биби и Боби во пустината Тоби,"Биби и Боби ја истражуваат големата пустина Тоби јавајќи камили. Но, кога ќе стигнат до пирамидите, палавкото Боби ќе почне да прави бељи и... ЦАП - одеднаш ќе го зграпчи една џиновска шепа! Чија - ќе дознаете во оваа книга.",Сликовници,Билјана С. Црвенковска,Светот на Биби,2023.0,,200 Денари,literatura
Застанете! Чудовишта!,"Две сестрички одат да го предадат отпадот. Приколката од нивниот велосипед е полна со старо железо. Арно ама, по пат ги запираат големи, ужасни чудовишта… Што ли сакаат овие грозни суштества? Ќе успеат ли девојчињата да побегнат од нивните канџи? Дознај во оваа забавна и страшна сликовница, во која има само еден збор: Застанете!",Сликовници со тврди страници,Марк Јансен,Сказнувалка,2022.0,31.0,550 Денари,literatura
Леле каков гостин,"Едно палаво гостинче ќе ѝ дојде на Биби во посета. Таа е возбудена и сака заедно со Боби да му покаже што се прави додека е дома. Но, гостинот е немирко и не знае да се однесува убаво. Да не ве потсетува ова однесување на некого? Па, да, тоа е диносаурусчето Даро! Јееј!",Сликовници,Билјана С. Црвенковска,Светот на Биби,2022.0,32.0,200 Денари,literatura
Лефти и Рајти го спасуваат џемперчето Воли,,Сликовници,Наташа Дукоска,Чудна Шума,,10.0,300 Денари,literatura
Мојата прва библиотека - САМИ,Книга 5 „САМИ“ е петтата книга во “Црвеното ниво”. Изучени букви: А Н Е М И С,Сликовници,"Деспина Мукоска, Калиопи Трпчева (илустрации)",Арс Ламина,2023.0,24.0,68 Денари,literatura
Мојот прв водич низ нашиот соларен систем,32 карти кои ќе му помогнат на вашето дете преку игра да ги совлада основните поими кои го сочинуваат нашиот СОЛАРЕН СИСТЕМ.,Едукативни игри и квизови,Ирена Станојевич,Топер,2024.0,,230 Денари,literatura
Животните од Јужна Америка - Пиши-бриши,"Помогни и на ламата да ги подучи своите деца,на јагуарот да биде сликар, на папагалот ара да си ги среди пердувите-облеки... Со овие едноставни и забавни активности, подредени по тежина, вежбанката ќе им помогне на децата од предучилишна возраст да ја вежбаат раката, да се навикнат на приборот за пишување и да стекнат самодоверба во првите чекори во цртањето и пишувањето, преку: • Почетно пишување разни видови линии (прави, коси, заоблени, брановидни и цикцак); • Слободно пишување линии; • Развивање на фините моторни вештини на мускулите на рацете и прстите (графомоторни вештини); • Можност вежбата да се повтори повеќепати и детето да се коригира самостојно. Оваа вежбанка е реупотреблива. На нејзините страници може да се пишува со овој или со друг маркер за бела табла (пиши-бриши), а се брише со марамче, обична ткаенина или сунѓер. На тој начин децата можат да се навраќаат на активностите повторно и повторно, што им овозможува градење на самодовербата, но и долготрајна забава.",Пиши-Бриши книги,Оливера Ќорвезироска,Арс Ламина,2022.0,24.0,299 Денари,literatura
Танцот на шарените шамичиња,"Еден ден, едно свилено шамивче и се налути на мајка си и тргна низ светот да бара дете на кое му тече носот.",Сликовници,"Александар Прокопиев, Сања Симоска",Арс Ламина,2022.0,23.0,120 Денари,literatura
Букварот на Биби,"""Букварот на Биби е задолжително четиво за секое дете што влегува во светот на буквите, читањето, пишувањето. Со него на лесен и забавен начин девцата ќе научат да ги препознаваат и да ги пишуваат печатните и ракосписните букви, а ќе се подготват за пишување со графомоторички вежби. Со него тие ќе читаат, ќе рецитираат, ќе пеат заедно со Биби и Боби и ќе се смеат. Во овој буквар се пополнува, се црта, се бои и се пишува. А тој е неизбежен за секоја детска библиотека.",Книги со активности,Билјана С. Црвенковска,Светот на Биби,2021.0,140.0,490 Денари,literatura
Боенка со налепници - Миленичиња,"Боенки со налепници • За развој на моторичките вештини кај децата • За јакнење на концентрацијата • За поттикнување на детската љубопитност, фантазија и креативност",Боенки и цртанки,,Арс Ламина,2022.0,10.0,48 Денари,literatura
Моми тиквешанки,"Музичка фолк сликовница за деца, новина во детското издаваштво, со уникатност по својот концепт. Спој на македонското народно музичко творештво и македонската ликовна уметност. Инспирација од познатата и популарна, македонска народна песна, „МОМИ ТИКВЕШАНКИ“, која на страниците на сликовницата е мелографирана и обработена од долгогодишен музички педагог Славејко Гиразов, исполнувајќи ги целите, да биде прифатлива и со текст и тема за децата. Целта е да се даде придонес кон зачувување на македонското музичко културно наследство и фолклорното творештво и тоа да им се понуди на децата во една форма, која ќе биде прифатлива за нив, за да го засакаат и продолжат да го негуваат, како наше национално богатство. Но, децата да спознаваат и нови естетски содржини, преку ликовните дела, со што ќе се воспитуваат и ќе градат култура на вредности. Сликовницата на своите страници го содржи текстот на песната и нотни записи за истата, распоредени според строфите на страниците. Авторот, Душко Георгиевски, преку оваа сликовница, ја исполнува својата мисија, народната македонска песна, да стигне до што поголем број на деца, да ја учат и да стане дел од нивниот културен идентитет.Сликовницата е уникатна по својот колорит од илустрации, со уметничките авторски дела на академскиот сликар Горан Боев, за убавите моми од Тиквешкиот крај, кои го пресликуваат текстот на истоимената народна песна, со цел да овозможат таа да се доживее подобро кај децата.На страниците на сликовницата има и едукативен дел, боенка за учење на народните инструменти и дел за учење да се свири песната. Со тоа, оваа сликовница добива уште поголема вредност, од едукативен,образовен и естетско-уметнички карактер.",Сликовници,"Душко Георгиевски, Горан Боев, Славејко Гиразов",Фолконика,2025.0,16.0,300 Денари,literatura
Letters and Numbers ABC activity book,"Книга со активности за деца на предучилишна возраст. Преку боење, цртање и други интересни активности децата ќе ги учат буквите од англиската азбука.",Книги со активности,Ars Lamina,Арс Ламина,2024.0,27.0,118 Денари,literatura
Лето на езерото Чиле,"Возбудлива, психолошка, романтична, еколошки бунтовна и трагична сторија… сведоштво за нашето време! Романот за деца и млади „Лето на езерото Чиче“ од Јасминка Тихи-Степаниќ има повеќе изданија што најубедливо зборува за неговиот квалитет и популарност меѓу најмладата читателска публика. Романот започнува со настанот во кој исплашената Луција, среде бурата придружена од големи грмотевици, го бара братот што исчезнал од куќата. Го наоѓа на работ на патот, воден и измрзнат. Тргнал да ја пронајде мајка му, затоа што многу му недостасува. Стравот што се вовлекува во срцето на Луција, се шири по нејзиното тело како бодликаво иње и ќе остане запаметен ‒ засекогаш. Додека мајката работи како собарка во Пореч, на Јадранот, работа што ја прифатила откако останала без вработување во пропадната издавачка куќа, таткото работи во позната автомобилска фабрика во далечната баварска престолнина Минхен и се обидува да го поправи домашниот буџет. За Луција и нејзиниот единаесетгодишен брат Јанко се грижи бабата Вишња. Сите заедно се полни со соништа за светлата иднина поради која се исплатува да се издржат малкуте тешки и осамени денови. За сите би била среќа семејството да биде заедно. Луција ја мачат и љубовни проблеми, како што доликува на млада тинејџерка. Односот на жена и маж е нешто за што знае малку, ама со другарката Петра често разговара за тоа и се раѓа сомнение за љубовните, односно прељубничките и компликувани врски на возрасните. Така и Луција со страв ќе помисли дека нејзиниот татко можеби затоа не ја вика во Баварија, иако таа со недели подготвено чека да ја викне. Нејзиното искуство со момчињата што ги запознава на езерото, особено со еден Јаков, во неа ќе пробуди чувства на очекување и заљубеност.",Романи и раскази за млади,Јасминка Тихи-Степаниќ,Бата Прес,2023.0,153.0,300 Денари,literatura
Убоди,"Сес сака да владее со уметноста на тетовирањето, да создава преубави слики на кожата. Меѓутоа, уште е премлада за тоа, а има и поважни грижи во животот. Секако најголема грижа е како да се дочека полнолетството, а да не се распадне поради страшната тајна што не може да ја сподели со никој. Тајната што го разурна нејзиното семејство, толку страшна тајна што и нејзините најблиски се преправаат дека ништо не се случило. Романот Убоди е трогателно сурова исповед на тинејџерка, која, откако го преживеала злоставувањето во семејството, се обидува да води нормален живот. Што и да значи тоа.",Романи и раскази за млади,Диадре Саливен,Бата Прес,2023.0,168.0,350 Денари,literatura
Басни и бајки,"Светот на овие хрватски бајки е необичен и прекрасен, а магичните фантазии на Мажураниќ се незаборавни. Тие го воодушевуваат читателот и се наменети за деца (и возрасни) кои сакаат да се нурнат во безвременски приказни и да ја откријат својата љубов кон надреалното, животните ситуации и љубовта кон читањето. На децата да им го олеснат разбирањето на светот на возрасните, а на возрасните да не заборават да бидат деца и што е највредното во животот. Чуда и изненадувања има многу, а приказните се исклучително разновидни и шарени. Покрај тоа, тие нудат проучување на културата, традициите и разбирањето на другите луѓе и моделираат позитивни квалитети. Книга за сите кои сакаат да го гледаат светот со свои очи, да го замислуваат со својот ум, за сите кои веруваат во чудесното и сакаат да влезат во нови фантастични светови.",Романи за деца,Ивана Брлиќ-Мажураниќ,Ѓурѓа,2022.0,122.0,300 Денари,literatura
Магијата на малата самовила,Мали срцевидни книги за најмалите девојчиња!,Сликовници со тврди страници,,Топер,2014.0,8.0,130 Денари,literatura
Расплакани девојки,"Величествената ромаса на Ели со Расел, стои на стаклени нозе. Магда го изгуби своето милениче и е страшно вознемирена… Ели Маг и Нејин се повторно тука, ама не се баш среќни Величенствената романса на Ели со Расел, стои на стаклени нозе. Магда го изгуби своето милениче и е страшно вознемирена (иако никој друг не знаел дека има хрчак). А на Нејдин и е преку глава од тоа тие двете да и расправаат за опасностите од средба со некого што го запознала преку интернет. Таа смета дека нејзиниот виртуелен дечко е чудесен. Исплакано е море од солзи и потрошени се стотици марамчиња. Може ли пријателството меѓу девојките да го издржи ова време на искушенија. Инзворедна четврта епизода од серијата девојки… Совршен роман за тинејџери од перото на авторката на бестселери, Џеклин Вилсон",Романи и раскази за млади,Џеклин Вилсон,Икона,2009.0,180.0,499 Денари,literatura
Неуредните: опасниот мајмун,"Почитуван читателу, ако сакаш, можеш да ги промениш сите имиња во книгата… или да ја читаш без да ги промениш. Ти одлучи! Градот на неуредните може да е многу далеку, но и многу блиску до местото каде што живееш… Еден чуден човек со мајмун дојде во Градот на неуредните. Едно љубопитно девојче почна да го следи мистериозниот човек. Во меѓувреме, како што таа го следеше, почнаа да се случуваат чудни работи во градот. Кој е тој мистериозен човек? Мависел Јенер почнала да пишува уште во раните тинејџерски денови. Денес таа е една од најпознатите авторки за деца и има напишано преку сто книги за деца и тинејџери. Во 2018 година беше во потесен избор за реномираната литературна награда „Ханс Кристијан Андерсен“.",Романи за деца,"Мависел Јенер, Зулал Озтурк",Бата Прес,2021.0,176.0,450 Денари,literatura
Ешко Снешко,"Четврти дел од сликовниците за фамилијата Ешковци! На Ешко Снешко му е студено и во лето и се прашува дали има уште некој сличен на него во белиот свет? Сурфајќи по интернет и гледајќи телевизија ќе дознае нешто интересно. Дека додека Ешко Снешко е во своето зимско скривалиште под земјата, горе меѓу луѓето се раѓаат многу СНЕШКОВЦИ. И тој решава да најде начин како да се спријатели барем со еден „вистински“ снешко, Снешко Белчо.",Сликовници,Александар Кујунџиски,Антолог,2021.0,16.0,180 Денари,literatura
Гатанки за сè и сешто и за уште нешто,"„Гатанки за сѐ и сешто и за уште нешто“ е игрива, тематска збирка која ги оживува и осовременува гатанките како специфичен жанр, омилен и популарен за децата од ниските одделенија. Со досетлив, лирски избор на заглавните зборови – решенија на гатанките, и со опуштен, врзан стих со рима, Магде Ангова создала интересен поетски свет за видливите и невидливите нешта што децата треба само да ги препознаат или допрва да ги научат. Забавата и знаењето во оваа збирка се фатени рака за рака.",Книги со активности,Магде Ангова,Арс Ламина,2022.0,100.0,200 Денари,literatura
Слушам кај шумат шумите,"Прва музичка фолк сликовница за деца во детското издаваштво кај нас. Сликовницата е уникатна со својот концепт, зошто за прв пат се прави ваква илустрација на македонска народна песна, каква што е „СЛУШАМ КАЈ ШУМАТ ШУМИТЕ“, направен според анализа на реномиран музички педагог Бајса Арифовска, исполнувајќи ги целите, да биде прифатлива и со текст и тема за децата. Целта е да се даде придонес кон зачувување на македонското музичко фолклорно творештво и тоа да им се понуди на децата во една форма, која ќе биде прифатлива за нив, за да го засакаат и продолжат да го негуваат, како наше национално богатство. Сликовницата на своите страници го содржи текстот на песната и нотни записи за истата, распоредени според строфите на страниците. За поголемо естетско доживување на песната и содржината, направени се уникатни илустрации- уметнички дела, од младата академска сликарка Маја Димитрова, автентични на текстот од строфите.",Сликовници,Душко Георгиевски,Фолконика,2021.0,16.0,300 Денари,literatura
Твојата сопствена приказна - Диносаурус,"Во оваа приказна главни се диносаурусите. Децата ќе сретнат различни видови на диносауруси и ќе имаат авантура со птеросауруси, велоцираптори и бебиња диносауруси. Но, иновативно и интересно е што самиот читател е вклучен во приказната. Децата сами може да одлучат што ќе се случи. Секогаш кога приказната ќе заврши лошо, тие можат одново да ја читаат. Има многу различни краеви. Книгите на Аевар Тор Бенедиктсон каде што читателот е самиот одговорен за приказната, се многу популарни и наградувани во Исланд. Овој серијал е препознатлив по кусите поглавја, патувањето низ времето и едноставниот текст препорачлив за почетници во читањето. Книгата е отпечатена со фонт што им го олеснува читањето на дислексичарите.",Книги со активности,Аевар Тор Бенедиктсон,Бата Прес,2023.0,64.0,250 Денари,literatura
"Леле, леле, снема струја!","Џеронимо Стилтон живее во Глувчево, на Островот на Глувците, еден необичен остров во облик на парче сирење, сместен во Јужниот Стаорски Океан. Овде природата е заштитена, а глодачите живеат среќно. Во слободното време, Џеронимо собира стари корки пармезан од осумнаесеттиот век, но, најмногу од сè, обожава да пишува книги во кои што ги раскажува неговите извонредни глувчешки авантури! Дипломирал на Глувчологија на глодарската книжевност и Компаративна археоглувчешка филозофија. Раководи со Глувчеви Вести, најпознатиот весник на Островот на Глувците. Има добиено многу признанија, меѓу кои и наградата Глувцингер за делото „Тајната на исчезнатото богатство“.",Романи за деца,Џеронимо Стилтон,Култура,2023.0,111.0,290 Денари,literatura
Биби и Боби на Европско првенство во фудбал,"Сликовница за историјата на фудбалот во светот и во Македонија, за најголемите наши фудбалски успеси, сказна за најмалите, алманах со нашите херои и постер од македонската фудбалска репрезентација",Сликовници,Билјана С. Црвенковска,Светот на Биби,2021.0,30.0,300 Денари,literatura
Матеј и Луна на зимски распуст,"Близначињата Матеј и Луна зимскиот распуст ќе го поминат на село, кај баба Вера. Токму на денот на нивното заминување почнува да паѓа снег. Како и зимата да се радува на распустот. Ја наметнува природата со бела, снежна покривка: бели се дрвјата, бело е небото, бели се крилцата на врапчињата, бела е детската радост. Прочитај ја приказната и уживај во многуте активности заедно со Матеј и Луна, баба Цвета, баба Вера и децата од селото. Цртај, бој, пишувај, решавај загатки, забавувај се и можеби и ти ќе го слушнеш аплаузот на снешковците или ќе го видиш бувот кој ноќе ги чува соновите на децата.",Сликовници,/,Арс Ламина,2021.0,30.0,148 Денари,literatura
Каде што спие ветрот,"Паметниот, но срамежлив Блаж, кој се обучува за спасувач во пештери, и смелата Ирена, која е ин-девојка во училиштето, заглавуваат во пештера во обид да ја поттикнат самодовербата на Блаж. „Како може Блаж да се докаже дека е мудар, храбар и самоуверен во неволја и што ќе биде со нивниот тинејџерски флерт во вакви опасни околности?“ е главното прашање околу кое се гради фабулата во оваа наградувана книга за млади на писателот и искусен спелеолог, Дамијан Шинигој. Приказната има два тека во поглавја што се менуваат наизменично. Од една страна е обидот на спасувачките служби да го пронајдат исчезнатиот шумар, а од друга страна е авантурата на двајца тинејџери што добива непредвидлив тек. Во романот што во преден план осветлува една тинејџерска романса, на вешт начин се преплетуваат и јасни еколошки и педагошки пораки: дека пештерите и шумите се непредвидливи и опасни средини за љубопитни деца, но и дека се важни природни системи што треба да се чуваат од загадување и уништување. Заради своите книжевни и етички вредности, „Каде што спие ветрот“ ги добива наградите: „Десетница“ за најдобро книжевно дело за млади во 2021 година во Словенија и „Златна хрушка“ (2021), а е дел и од каталогот „Вајт рејвенс“ за најдобра интернационална книжевност за деца и млади за 2021 година.",Романи и раскази за млади,Дамијан Шинигој,Арс Ламина,2022.0,158.0,350 Денари,literatura
Царството на среќната детелинка,"Таму некаде далеку постои Кралството на среќната детелинка, во кое кралицата Лили и малите виолетови човечиња ја исполнуваат желбата на добрите деца. Ако сте дете, прочитајте ја оваа приказна и замислете желба. Таа сигурно ќе ви се оствари. Тоа не можат да го спречат ниту лошиот волшебник Бла Бла Ду, ниту пакосните мајмуни Озо и Бозо, ниту алергичниот змеј. Имајте ја оваа приказна секогаш под јастукот, и бидете среќни, како среќните мали виолетови луѓе.",Сликовници,Билјана Ромевски,Ад Вербум,2023.0,43.0,250 Денари,literatura
Другарче,"Награда Gouden Griffel за најдобра книга за деца во Холандија за 2021 година. Тичен е главниот протагонист во оваа оригинална книга и тој мисли дека е сосем нормално да има невидливо пријателче кое ќе биде постојано со него. А неговото име е – Другарче. „Другарче“е приказна која уште од самиот почеток маѓепсува со фантастичните авантури на Тичен и неговото пријателче. Одат во лов на тролови, се обидуваат да победат чудовишта, да изгаснат пожари… и секогаш се наоѓаат во неволја поради тоа. Особено Тичен, откако ќе му посочат дека Другарче постои само во неговата фантазија. Бидејќи Другарче не може ниту да го види ниту да го слушне никој освен Тичен, неговите родители, а особено неговата мајка, се загрижени. И иако таткото претставува еден вид хумористичен фактор во приказната, тие заедно носат драстична одлука: Другарче мора да исчезне од животот на нивниот син. Во својот млад херој, Колвајк вградува неизмерна самодоверба благодарејќи на виртуелното пријателче.",Романи за деца,Питер Колвајк,Антолог,2023.0,252.0,450 Денари,literatura
Мојата голема книга со најубавите бајки,"Оваа џиновска книга претставува прекрасна збирка од класични приказни за децата што ги имаат совладано основите на читањето. Секоја бајка содржи по неколку зборови кои ќе го збогатат речникот на Вашето дете, а во Збирката се наоѓаат следниве наслови: Пепелашка, Грдото патче, Јовче и волшебниот грав, Малечката сирена, Снежана и седумте џуџиња, Заспаната убавица и Црвенкапа.",Сликовници,,Топер,,16.0,263 Денари,literatura
Животните спијат,"Сите мора да спијат. И жирафата, и папагалот, и моржот. Но, малечкиот Бу не сака да спие. Најмногу од сѐ сака да слуша приказни. Затоа мајка му му раскажува како спијат животните. Морските видри спијат на отворено море, држејќи се за раце за да не се изгубат. Меркатите спијат стуткани едни покрај други за да им биде топло. Животните спијат е топла, приспивна и прекрасно илустрирана приказна за добра ноќ.",Сликовници,"Шершти Анесдатер Скумсвол, Мари Канстад Јонсен",Илика,2024.0,72.0,600 Денари,literatura
"Споменар за baby shower, Bambino - Baby Shower Guest Book",,Радосници,,,,,1.399 Денари,literatura
Вселена: мојата џиновска книга со основни факти за нашиот универзум,"Што сѐ содржи вселената? Универзумот е многу повеќе од ѕвезди,планети и сателити. Некој од тие нешта имаат многу важно влијание врз вселената и на животот на нашата планета! Други, пак, се фасцинантни сами по себе. Доколку сакаш да си го збогатиш знаењето за вселената и да дознаеш некои факти што не се толку познати,а се клучни, тогаш оваа книга е за тебе!",Детски енциклопедии и атласи,Марко Видиновски,Арс Ламина,2023.0,44.0,1.090 Денари,literatura
Шарени ириси,"„Шарени ириси“ е сликовница со која се проширува едицијата на сликовниците наменети за деца, со еден необичен, несекојдневен книжевно-ликовен производ првенствено за возрасни. Текстот на Јована Матевска Атанасова и акварелните илустрации на Симонида Филипова Китановска длабоко и лирски продираат во една деликатна семејна состојба во која таткото е слеп и метафорично кажано: живее во очите на својата ќерка. Со многу чувства и со специфичен ликовен сензибилитет, во „Шарени ириси“ истовремено се испишува и се исцртува љубовта помеѓу таткото и ќерката, при што темнината и светлината се во цврста прегратка. Иако сликовницата е за возрасни, со неа „владее“ едно дете, па оттаму можат да ја читаат или да им се чита и на деца.",Сликовници,Јована Матевска Атанасова,Арс Ламина,2024.0,27.0,150 Денари,literatura
Животот на една слика,Детска сликовница Илустрации во боја,Сликовници,"Ема Понграшиќ, Ване Костуранов",Сказнувалка,2022.0,23.0,450 Денари,literatura
Пикухенки,"Многу одамна, во една далечна земја, живееше вештерка по име Пикухенки, која беше толку малечка што живееше под зрно песок, покрај прашинка, зад ливче трева. Пикуенки посака да дознае дали е вистинска вештерка. За да го направи тоа, прво слета во главата на едно куче, кое беше деноноќно врзано на дебел синџир. „Скини го синџирот!“ му рече таа и – ѝ успеа. Потоа летна во главата на мечката што требаше да танцува на селскиот плоштад. Таа и неа ја натера да се побуни против својот суров господар – беше речиси сигурна дека е вистинска вештерка. Тогаш дојде на ред нејзиниот последен и најтежок тест за вештерки. Слета во главата на мало момче. Ќе успее ли да го направи доволно храбро за да го фрли на колена царот од кого сите се плашеа?",Сликовници,Тон Телехен и Марит Торнквист,Сказнувалка,2023.0,48.0,580 Денари,literatura
Куќата на тетка ми,"Сара сè уште е тинејџерка, но еден летен ден при посета на нејзината тетка добива предлог кој бара голема одговорност. Таа го прифаќа без многу размислување. Додека тетка ѝ престојува кај својот син во странство на неодредено време, таа ќе биде задолжена за одржување и надгледување на куќата. Тетка ѝ ѝ навестува дека куќата еден ден ќе ѝ припадне нејзе ако постапува како што треба. Уште првиот ден кога Сара доаѓа да ги изврши своите одговорности, забележува чудни работи кои се случуваат внатре. Всушност, доаѓа до сознание дека секогаш е наградена на одреден начин кога постапува како што е потребно. Во моментот кога ја открива скриената соба со книги, мистериите се продлабочуваат, а Сара стои пред големи внатрешни предизвици кои понатаму ја дефинираат како личност, но го одредуваат и резултатот од договорот со тетка ѝ. „Куќата на тетка ми“ е едноставно четиво кое има за цел да му овозможи на читателот да нурне внатре во себе и да посегне по креирање на личноста според вредности на едни поодминати времиња кои делумно или целосно се избришани од новите трендови.",Романи за деца,Марта Димитров,Антолог,2024.0,79.0,250 Денари,literatura
М како море,Има ли некој на брегот отспротива? Има ли некој таму кај што завршуваат брановите? Некој како мене? И како му е таму? Дали и нему му велат дека е малечок?,Сликовници,Јоана Консехо,Артконект,2024.0,,520 Денари,literatura
Што е река?,"Реките пренесуваат седименти и чувства, ги оживуваат земјата и духот, и поврзуваат места и времиња. Тие се извор на животот и на живата историја што ја опфаќа целата земја. Нивното течение постојано не потсетува дека сите сме соседи, без разлика дали се наоѓаме на едниот или на другиот крај на реката. ""Што е река?"" е поетична сликовница што не носи на едно посебно патување до многу места во светот и не запознава со многу видови живи суштества.",Сликовници,Моника Вајценавичене,Илика,2024.0,48.0,600 Денари,literatura
Време е за активности - сирени,Се дружиме со сирените преку многубројните активности. Разнобојни илустрации проследени со интересни активности. Наменета за дечиња над 4 години,Книги со активности,,Топер,2023.0,96.0,150 Денари,literatura
Одврзи-заврзи,"ЕДНО ДЕТЕ НЕ НАУЧИЛО ДА СИ ГИ ВРЗУВА ВРВКИТЕ. ЕДНОСТАВНО, СИ НОСИ ОБУВКИ СО ЛЕПЕНКИ! А ЗОШТО ДЕТЕНЦЕТО НЕ НАУЧИЛО? И КАКО ЌЕ НАУЧИ? За возраст 5 +",Сликовници,"Еви Герокоста, Костис Макропулос",Прозарт Медиа,,36.0,400 Денари,literatura
Кога Сончка е среќна,"Дали знаете што е потребно за среќа? Ако се двоумите за одговорот, срничката Сончка – хероината на оваа книга – со задоволство ќе ви каже. А преку нејзините приказни и игри ќе ви покаже и како се постигнува тоа чувство. Наострете моливчиња и напред во освојување на среќата! Дали знаете што е потребно за среќа? Ако се двоумите за одговорот, срничката Сончка – хероината на оваа книга – со задоволство ќе ви каже. А преку нејзините приказни и игри ќе ви покаже и како се постигнува тоа чувство. Наострете моливчиња и напред во освојување на среќата!",Сликовници,Христина Стефановска,Арс Ламина,2021.0,44.0,360 Денари,literatura
Моите први букви / броеви,,Пиши-Бриши книги,,Топер,2024.0,6.0,130 Денари,literatura
Букви и бројки 123 книга со активности,"Книга со активности за деца на предучилишна возраст. Преку боење, цртање и други интересни активности децата ќе ги учат броевите од 1 до 10.",Книги со активности,,Арс Ламина,2024.0,23.0,118 Денари,literatura
Диносауруси не постојат,"Едно попладне Томи и Јон шетаа низ шумата, мислејќи дека диносауруси не постојат… Приклучете се на ловот на диносауруси во оваа возбудлива книга што се превиткува и одвиткува во детските раце.",Сликовници,Марк Јансен,Антолог,2022.0,36.0,600 Денари,literatura
Глушец во Африка,"Џеронимо Стилтон живее во Глувчево, на Островот на Глувците, еден необичен остров во облик на парче сирење, сместен во Јужниот Стаорски Океан. Овде природата е заштитена, а глодачите живеат среќно. Во слободното време, Џеронимо собира стари корки пармезан од осумнаесеттиот век, но, најмногу од сè, обожава да пишува книги во кои што ги раскажува неговите извонредни глувчешки авантури! Дипломирал на Глувчологија на глодарската книжевност и Компаративна археоглувчешка филозофија. Раководи со Глувчеви Вести, најпознатиот весник на Островот на Глувците. Има добиено многу признанија, меѓу кои и наградата Глувцингер за делото „Тајната на исчезнатото богатство“.",Романи за деца,Џеронимо Стилтон,Култура,2012.0,128.0,250 Денари,literatura
Мачорот Тане,"Тане е еден најмил бељаџија, бушав мачор, кој освен што фаќа глувчиња, се јази по туѓи тераси, се здружува со локалните мачки бандити и обожава да спие на топло!",Сликовници,"Лина Димоска, Калиопи Трпчева (илустрации)",Светулка Нова,2024.0,47.0,500 Денари,literatura
Волшебниот чадор,"Нилеј беше нетрпелива да оди на училиште и да го види Омер, нејзиниот нов соученик, бидејќи многу ѝ се допаѓаше. Но, училиштата беа затворени поради обилните снежни врнежи. Камо да имаше моќ да го контролира времето… Таа ја изусти оваа желба додека одеше под големиот даб во паркот. И се случи… На главата ѝ падна волшебен желад. Следното утро на вратата најде шарен чадор. Кога го отвори, чадорот ПОТПУКНА и снегот престана да паѓа и сонце повторно светеше. Повторно потпукна, овој пат врнеше! Таа повторно го направи тоа и денот се претвори во топол летен ден! Таа и нејзиниот татко ја искористија оваа можност за прошетка во шумата каде што забележаа луѓе како со булдожери сечат дрвја за да изградат вила, дивоградба во шумата. Нилеј повторно, бесно потпукна со чадорот за да врне. Така изградбата запре некое време. И така се случи...",Романи за деца,Фатих Ердоган,Прозарт Медиа,2022.0,124.0,350 Денари,literatura
Си беше еднаш,"Си беше еднаш една книга со 52 бајки од Ханс Кристијан Андерсен, Браќата Грим и Шарл Перо, по една за секоја недела во годината. Книгата-ковчеже има и Златно клуче за отклучување и влез во најубавите бајки на сите времиња. Секое дете има право на своја прва средба со бајките со кои пораснале генерации и генерации претходно, заедно со нивните родители, нивните баби и дедовци. Да им читаме на децата покрај нас и во нас, да читаме заедно со нив, за заспивање и за будење, за воспитување и за уживање, за развивање на мечтите и на чувството за праведност. Бајките се најсигурниот патоказ кон нивната иднина. СИ БЕШЕ ЕДНАШ (Најубавите бајки на сите времиња) е голема книга за малите читатели со нова, воедначена раскажувачка адаптација на Оливера Ќорвезироска (соодветна и примерена на новото време и на новите генерации читатели) и раскошни илустрации од Наталија Лукомска, во која можат да се најдат и неколку бајки кои првпат се преведени и адаптирани на македонски јазик.",Сликовници,Оливера Ќорвезироска,Арс Ламина,2023.0,263.0,1.290 Денари,literatura
Мојата прва библиотека - ЈАНА,"Книга 18 „ЈАНА“ е осумнаесетта книга во комплетот, а осма од „Жолто ниво”. Изучени букви: А Н Е М И С Т О В Д П Л К Р У Г Б Ј",Сликовници,"Деспина Мукоска, Калиопи Трпчева (илустрации)",Арс Ламина,2023.0,24.0,68 Денари,literatura
Мојата бабичка не знае која сум,"Баба ми Зринка секојпат за сѐ велеше: „Може!“ Кампувавме и планинаревме, трчавме и возевме велосипед, пливавме во најдлабокото море. Градевме тајни скривалишта и правевме куќарки за бубачки од кутии за чевли. Таа плетеше волнени џемпери според замисли од мојата глава, правевме играчки од чашки за јогурт, подготвувавме куклени претстави во нејзината градина. Патувавме со воз, со авион, со брод. Цртавме стрипови, читавме весници, пишувавме прикаски. Ништо не беше невозможно. Мојата бабичка знаеше и можеше сѐ. Сѐ до денот кога веќе не… Разговорот за болеста и смртта секогаш е тежок и мачен. Кусата приказна „Мојата бабичка не знае која сум“, низ описот на нежниот однос меѓу девојчето Ема и баба ѝ Зринка, која наеднаш почнува да ги заборава случките и луѓето, им ја приближува на децата темата за стареењето и за смртноста, како и идејата за сеќавањето и за вечната љубов.",Сликовници,"Ива Безиновиќ-Хејдон, Хана Тинтор (илустрации)",Чудна Шума,2023.0,44.0,600 Денари,literatura
Таинствени патеки,"Јунаците во „Таинствените патеки“ влегуваат во неверојатни авантури од кои среќно се избавуваат, побогати за едно животно искуство повеќе. ...Ако Марио не ги почитуваше советите на возрасните, ако беше непромислен, ако се лутеше и не наоѓаше решение за секој проблем, тогаш не ќе можеше да соработува и да се дружи со своите пријатели кои му помагаат во неволја, зашто старите добро рекле – „доброто со добро се враќа”.",Романи за деца,"Марио Ачкоски, Софија Стрезова",Едука Мак,2023.0,30.0,200 Денари,literatura
Авантурите на младиот Лупен: Во лов на господин Мустак,"Итар, храбар и со длабоко чувство за правда и за чест. Лупен има четиринаесет години, но веќе е славен меѓу криминалците во Париз. Живее во најозлогласената зграда во градот, а соседите му се фалсификатори, ограбувачи на банки и провалници. Но, за разлика од нив, тој никогаш не би крадел без добра причина. И секогаш, ама баш секогаш, го дели пленот со сирачињата од соседството! Еден ден Сирано, немтурестиот скротувач на слонови, и Кларис, вештата акробатка од циркусот „Д’Ивер“, тропаат на неговата врата и за Лупен започнува неочекувана авантура. Пресврти и бегства, маскирања и досетки... Марта Палацези нè води во возбудливото минато на Лупен, за да откриеме како момчето Лупен станало најпознатиот и најсакан крадец на светот. И најпознатиот крадец на светот некогаш бил дете",Романи за деца,Марта Палацези,Сказнувалка,2023.0,160.0,450 Денари,literatura
Како да познавате некого вистински,"Дејвид Брукс, еден од водечките американски писатели и коментатори, во оваа книга истражува како трфеба да им посветуваме внимание на другите, како активно да слушаме, да водиме исполнети разговори и да развиваме емпатија за да ги зајакнеме односите и да го направиме разбирањето на другите наш начин на живот. Внимателно осмислена, книгата се потпира на лекции од психологијата, невронауката, историјата уметноста и филозофијата за да ни помогне да растеме како личности и да градиме црвсти врски со другите, засновани на меѓусебно разбирање и прифаќање. Во време обележано со чувство на фрагментираност и несигурност, оваа книга може да биде лек за општеството што се распаѓа и поттик да ги пронајдеме мудроста и чувството за морална цел преку сочуствителен пристап кон другите.",Самопомош и совети,Дејвид Брукс,Арс Ламина,2025.0,263.0,420 Денари,literatura
Бувче,,Сликовници,Жулиет Лагранж,Сказнувалка,2022.0,32.0,600 Денари,literatura
Островце,"Татко, ќерка и нивното куче доживуваат бродолом и завршуваат на еден мал остров, поточно – Островце. Но не знаат дека не е така како што изгледа. Тоа ги штити од студот, ветрот, брановите и од другите опасности што демнат. А на него ги доживуваат и убавините на морскиот свет. Како што се менуваат годишните времиња, откриваат неверојатни звуци и мириси, како и дотогаш невидени бои. Уживаат, сè дури не дојде време да се вратат меѓу луѓето. Тогаш девојчето го открива вистинското лице на Островцето.",Сликовници,Марк Јансен,Антолог,2021.0,28.0,600 Денари,literatura
Кити и звездената песна,"Магиcхна авантура на месеcхева светлина! Кити се подготвува за настап на уcхилишниот конcерт. Како некој што вежба да стане суперхерој со маcхји супермоќ, Кити успева да прави многу cхудесни нешта. Но, како обиcхно девојcхе, таа има огромна трема да запее пред cелото уcхилиште. Згора на тоа, Фигаро успева да се повреди за време на една бркотниcа, па плановие за неговата роденденска забава се уништени.",Романи за деца,Пола Харисон,Арс Ламина,2021.0,122.0,290 Денари,literatura
За градината,П остојат светови што само детските очи можат да ги забележат. Има тајни чие волшепство не може да допре до срцето на возрасниот. Книгава раскажува за една од нив.,Сликовници,Павел Чех,Бегемот,2021.0,94.0,1.500 Денари,literatura
Разнесувачката на леб,,Сликовници,"Петер Светина, Јокин Мичелена",Сказнувалка,2022.0,34.0,600 Денари,literatura
Еко на секој чекор,,Сликовници,Роза Костеска,Едука Мак,2024.0,31.0,280 Денари,literatura
Ноќта пред Божиќ во Земјата на Чудата,"Принцезата Срце, уште како дете му напишала писмо на Дедо Мраз што стигнало до него со огромно задоцнување, кога таа веќе станала зла Кралица на Земјата на чудата која мрази Божиќ. Но, Дедо Мраз, веќе тргнат на пат во санката со впрегнати ирваси, решава да ја исполни и оваа заборавена желба. Така започнува волшебната небесна авантура во стихови што завршува со прекрасен пресврт – Кралицата Срце се зарекува дека ќе биде љубезна и добра. „Ноќта пред Божиќ во Земјата на чудата“ е празнична сликовница за добрината и радоста.",Сликовници,"Кејт Хиндли, Карис Бексингтон",Арс Ламина,2022.0,40.0,290 Денари,literatura
Џиновска инвазија,"Алфеј вознемирано лета - ита накај Биби и Боби. Што се случува во Скриената долина? Замислете, оваа прекрасна, мирна долина на еднорозите е нападната од џиновите од Џин-земја! Кој може да ја спречи оваа страшна џиновска инвазија?",Сликовници,Билјана С. Црвенковска,Светот на Биби,2023.0,30.0,200 Денари,literatura
Белите глувчиња – Страшната наезда на зелените вошки – Црните овци,"Доаѓа крај на светот! Пепел и прав! Апокалипса, и Страшен суд се спрема! Заглушуваат крици на очај и страв: белите глувчиња се изгубија, ги нема! Што ќе се случи со белите глувчиња? Каква е таа страшна наезда на зелени вошки? „СО ЗЕЛЕНИ ВОШКИ?!“ – премревме ние в час: „Леле, тешко нас! Леле, тешко нас!“ И каква врска со сето тоа имаат црните овци? Сѐ ќе ви се разјасни во најновата сликовница за мали и големи на Живко Грозданоски – со феноменални илустрации на Воскресија Андреевска. Вошките идат! Вошките идат! Тие што ќе ги видат, без сон ќе бидат!",Сликовници,Живко Гроздановски,Чудна Шума,2023.0,32.0,350 Денари,literatura
Животните од Африка - Пиши-бриши,"Лавот си ја бара својата круна, крокодилот го бара патот до брегот, а нежниот носорог си ги бара цвеќињата за да си направи букет... Помогни им да ги пронајдат! Со овие едноставни и забавни активности, подредени по тежина, вежбанката ќе им помогне на децата од предучилишна возраст да ја вежбаат раката, да се навикнат на приборот за пишување и да стекнат самодоверба во првите чекори во цртањето и пишувањето, преку: • Почетно пишување разни видови линии (прави, коси, заоблени, брановидни и cикcак); • Слободно пишување линии; • Развивање на фините моторни вештини на мускулите на рацете и прстите (графомоторни вештини); • Можност вежбата да се повтори повеќепати и детето да се коригира самостојно. Оваа вежбанка е реупотреблива. На нејзините страници може да се пишува со овој или со друг маркер за бела табла (пиши-бриши), а се брише со марамче, обична ткаенина или сунѓер.",Пиши-Бриши книги,Оливера Ќорвезироска,Арс Ламина,2021.0,24.0,299 Денари,literatura
Исидора Мун и ѕвездата паѓалка,"Исидора Мун е посебна бидејќи е поинаква. Мајка ù е самовила, татко ù е вампир, а таа е по малку од двете. Исидора учи за вселената на училиште. Една ноќ здогледува ѕвезда паѓалка што паѓа од небото и запознава нова светлечка другарка. Таа се вика Нова и не требалo да падне на Земјата. Што е уште полошо, го загубила своето месечево мачорче Плутон! Може ли Исидора да ù помогне на Нова да го најде загубеното мачорче пред да се врати дома?",Романи за деца,Хариет Мункастер,Арс Ламина,2022.0,128.0,250 Денари,literatura
Момчето од ложата,"Дросос е младо момче, дете кое има тешка судбина. Тој е бегалец и живее нов живот во Атина. Дросос е во една многу трауматична состојба и тој мора да се снаоѓа во својот нов живот и новата средина и постојано да живее со надежта дека еден ден повторно ќе ги сретне мајка му и татко му, коишто се исчезнати. Мора да биде силен и да ја заштити и својата сестра Арети. Поради оваа состојба тој мора да најде начин да ја совлада траумата и покрај тоа што постојано ја занемарува реалноста во која се наоѓа и вистината со која мора да се соочи. Оваа книга е инспирирана од вистински настани, од животот на група бегалци кои живеат во Народниот театар на Атина, во 1922 година, кога многу Грци од Мала Азија се доселени во Грција. Иако оваа книга опфаќа тешки теми како што се загубата, болката и миграцијата, сепак е наменета за деца и млади, бидејќи таа е совршена почетна точка на младите и децата да се соочат со овие теми. Но, оваа книга може да биде и поучна бидејќи опфаќа и теми како што се сочув",Романи за деца,Ангелики Дарсли,Бата Прес,2023.0,136.0,300 Денари,literatura
Бела и Зборко,"„БЕЛА и ЗБОРКО“ е нова илустрирана книга, раскази за деcа. Ова е приказна за маcхката и папагалот која говори за стереотипите, за вообиcхаените секојдневни спротивставености, за веcхната борба за опстанок, но како во слуcхајов и за сожживот. За среќа, маcхките и папагалите се согласуваат да бидат сложни и да завладее вистински сожживот. Прекрасна приказна полна со пораки и поуки за најмалите.",Сликовници,Душко Трифуновски,Едука Мак,2021.0,23.0,200 Денари,literatura
Дрвото што слуша,"Среде градот, во паркот, има дрво што со леснотија се извишува над сите други. Она што не го знаат луѓето, но го знаат животните, е дека на стеблото на ова дрво, некаде на половина, има уво. Уво што навистина слуша.",Сликовници,"Анет Шап, Филип Хопман",Чудна Шума,2022.0,32.0,650 Денари,literatura
Новогодишната мистерија на џуџињата,"„На крајот од долгиот работен ден во редакцијата на ‘Глувчеви вести’ заспав на мојата работна маса и… Oдеднаш, се најдов во фабрика за играчки на Северниот Пол! Жими илјада сиренца, ме чекаше неверојатно изненадување!“",Романи за деца,Џеронимо Стилтон,Култура,2023.0,128.0,290 Денари,literatura
Те молам гушни ме,Дали знаете кој е најдобриот начин да имате убав ден? Можеби со гушкање? Децата над 3 години ќе уживаат во оваа топла и хумористична приказна за тоа како едно гушкање може да промени многу во нашите животи.,Сликовници,"Емилија Џубак, Пшемислав Вехтеровиќ",Прозарт Медиа,2022.0,36.0,400 Денари,literatura
Начин на љубење,"Приказни наменети за секоја возраст во кои се вткаени пораки на длабока надеж. Авторот се движи на работ меѓу заcхуденоста и откритието, за да создаде едно ремек-дело што го слави жживотот и ни дава можност повторно да го погледнеме светот низ детски оcхи.",Романи и раскази за млади,Валтер Уго Мае,Артконект,2021.0,103.0,230 Денари,literatura
Коњчето Искра,"Децата живеат во фантазија, каде што оживуваат сите играчки, каде што секој може да биде што ќе посака. Таму најчесто е шарено, шеќерно и безгрижно. Тоа е цел свет исполнет со среќа. Дете кое фантазира е вистински благодат. Затоа, задача на возрасните е да го поттикнуваат овој свет кај нивните деца и да ги отстрануваат сите препреки на патот до фантазијата.",Сликовници,Маја Мишевска,Арс Ламина,2023.0,20.0,220 Денари,literatura
Мојата прва библиотека - ЗООЛОШКА ГРАДИНА,"Книга 26 „ЗООЛОШКА ГРАДИНА“ е дваесет и шеста книга во комплетот, а прва од „Зелено ниво”. Изучени букви: А Н Е М И С Т О В Д П Л К Р У Г Б Ј З Ш Ж Ч Ц Ќ Ѓ Њ",Сликовници,"Деспина Мукоска, Калиопи Трпчева (илустрации)",Арс Ламина,2023.0,24.0,68 Денари,literatura
Бибиверзум 4,Книга со активности наменета за деца од четврто одделение.,Книги со активности,Владанка Д. Урошева,Светот на Биби,2021.0,38.0,220 Денари,literatura
Детето на Графало,"„Детето на Графало“ е продолжение на светскиот бестселер „Графало“, од авторката Џулија Доналдсон и илустраторот Аксел Шефлер. Графало ги предупредува своите деца да не стапнат во густата, темна шума затоа што таму се крие Силниот Страшен Глушец. Но, Детето на Графало место нема да го држи и ќе тргне низ снегот во потрага по „ѕверот“. По патот сретнува различни животни, но ниту едно не му наликува на Силниот Страшен Глушец. А малото глувче и овојпат ќе биде многу итро и вешто и ќе успее да го надмудри Детото на Графало, па спокојно да си шета по густата, тема гора.",Сликовници,Џулија Доналдсон,Елоквента,2024.0,20.0,310 Денари,literatura
Љубов и бакнежи,"„Дали мислиш дека сме досадни?” Рече Кејти. Тоа беше еден од моите тајни стравови. Но не бев подготвена да признаам. Ние бевме добрите девојки, јас и Кејти. Не бегавме од училиште, редовно си ги пишувавме домашните задачи или пак имавме дечковци. Сè додека не го сретнав Алекс и тогаш БУМ! Така беше кога се случи. Јас лебдев во облаци… Заносна приказна за првата љубов и учењето да се направи вистинскиот избор “Смешно, енергично и фантастично четиво!”",Романи и раскази за млади,Џин Ур,Икона,2011.0,176.0,459 Денари,literatura
Учиме математика со Софија: Броеви до 10,"Броевите и операcиите со нив се дел од твоите секојдневни активности. Па, така, и оваа вежбанка е полна со лавиринти, боенки и решаванки со кои деcата ќе уcхат и ќе се забавуваат. ќе науcхат: • да бројат до 10 • да пишуват броеви до 10 • да собираат и да оџемаат до 10 • да одредуваат повеќе или помалку • да бојат, да поврзуваат и да решаваат загатки.",Книги со активности,Билјана Стојоска - Златков,Арс Ламина,2021.0,32.0,148 Денари,literatura
Радосница - Сина панделка/Розова панделка,"Посебни мигови, Први единствени и неповторливи искуства…. Сината панделка е посветена на вашето момченце: многу страници што треба да се напишат, ден по ден… За да се сочуваат најубавите и најважни моменти на првите фантастични дванаесет месеци на вашето најмило! Цената се однесува на една радосница. Во забелешка во нарачката можете да ни посочите дали сакате да нарачате сина или розова радосница.",Радосници,,Топер,,30.0,350 Денари,literatura
Зборувам како река,"Џордан Скот во оваа трогателна и охрабрувачка книга пишува врз основа на сопственото искуство, а илустраторот Сидни Смит сјајно ја илустрира. Ова е книга за секое дете кое се чувствувало изгубено, осамено и невклопено.",Романи за деца,"Џордан Скот, Сидни Смит",Темплум,2022.0,40.0,370 Денари,literatura
Метеорологија,"Дознај: Кои се предзнаците за убаво време, а кои за лошо време; Како се вршат метеоролошки мерења и набљудувања; Што се случува при движењето на големите воздушни маси; Какви временски прогнози постојат; Како луѓето влијаат врз климата. Пробај: Да го одредиш дневниот тек на температурата; Да ги одредиш насоката и брзината на ветерот; Да го препознаеш родот на облаците; Да ја пресметаш оддалеченоста на грмежите од местото на кое се наоѓаш; Да користиш метеоролошки карти.",Детски енциклопедии и атласи,Недељко Тодоровиќ,КСЦ Полица,2022.0,32.0,250 Денари,literatura
Албум со сликички 'Сказните на Биби',"Започнете го вашето патување со Биби и Боби. Овој албум не е само за собирање сликички, туку за доживување вистинска авантура! Ќе треба да ги истражувате сите авантури на Биби и Боби и да ги соберете специјалните сликички што ќе ве водат низ светот на фантазијата! Сите што ќе го пополнат албумот ќе добијаат незаборавен подарок - ПЕРСОНАЛИЗИРАНА СЛИКОВНИЦА.",Сликовници,,Светот на Биби,2025.0,68.0,200 Денари,literatura
Кражба во музејот,"Убав сончев ден. Биби, Боби, Зази, Зина и Р1 шетаат низ градот. Поминуваат покрај природонаучниот музеј и... одеднаш се слуша силен аларм, а од музејот истрчуваат – три зазулчиња (и еден мал камен – метеор – во раце кај едното од нив)! По нив трча чуварот на музејот. Биби и Боби се шокирани. Што ли зеле тие зазулчиња",Сликовници,Билјана С. Црвенковска,Светот на Биби,2021.0,36.0,200 Денари,literatura
"Рико, Оскар и скршеното срце","""За некој што е скромно талентиран, дневникот е пронајдок на векот. Па, Рико не престанува да пишува. И, се разбира, неговиот другар Оскар повторно се појавува. Всушност, тој е речиси дел од семејството Дорети, на улицата Дифе 93. Но, мама е во голема неволја - а Рико и Оскар не знаат во што се впуштаат при обидот да и помогнат. Човеку, човеку, човеку! Рчковци со убиствени заби, штала за камења еден куп и еден куп скршени срца - овој пат Рико и Оскар ќе мораат да се соочат со нешто многу повеќе од обичен криминален случај. Но, таков е Животот. Или, како што знае да каже Рико: Селави!""",Романи за деца,Андреас Штајнхефел,Арс Ламина,2023.0,219.0,350 Денари,literatura
Стела и Сани: Едно непознато суштество,"Ветувањето е ветување. Тоа не смее никогаЃш да се прекрЃши. Сѐ започна вака: една ноЃЌ, пред да си легне, Сани слуЃшна... невообичаен звук зад фрижидерот. ЗнаеЃше дека таму живее некое суЃштество. Но не сакаЃше да открие Ѓшто е тоа без Стела, а ни без тебе. А ти сакаЃш ли да откриеЃш? Ако сакаЃш, влегувај во наЃшата приказна! Те чекаме!",Сликовници,Бистра Георгиева,Издавачки центар ТРИ,2021.0,32.0,250 Денари,literatura
Животните од Европа - Пиши-бриши,"Помогни му на штркот да се спакува за уште едно патување, на бувот да ги најде очилата за ден, на лисицата да ги дошие нарачките...Потоа поуживај во читањето на волкот, заедно со другите животни. Со овие едноставни и забавни активности, подредени по тежина, вежбанката ќе им помогне на децата од предучилишна возраст да ја вежбаат раката, да се навикнат на приборот за пишување и да стекнат самодоверба во првите чекори во цртањето и пишувањето, преку: • Почетно пишување разни видови линии (прави, коси, заоблени, брановидни и цикцак); • Слободно пишување линии; • Развивање на фините моторни вештини на мускулите на рацете и прстите (графомоторни вештини); • Можност вежбата да се повтори повеќепати и детето да се коригира самостојно. Оваа вежбанка е реупотреблива. На нејзините страници може да се пишува со овој или со друг маркер за бела табла (пиши-бриши), а се брише со марамче, обична ткаенина или сунѓер. На тој начин децата можат да се навраќаат на активностите повторно и повторно, што им овозможува градење на самодовербата, но и долготрајна забава.",Пиши-Бриши книги,Оливера Ќорвезировска,Арс Ламина,2022.0,24.0,299 Денари,literatura
Letters and Numbers 123 activity book,"Книга со активности за деца на предучилишна возраст. Преку боење, цртање и други интересни активности децата ќе ги учат броевите од 1 до 10",Книги со активности,,Арс Ламина,2024.0,23.0,118 Денари,literatura
Седумте Некоиси и седумте македонски композитори,"Едноставно, тие не беа од оваа планета, ниту беа дел од оваа книга. Никој не знаеше од каде и кога се појавија. Ја отворија корицата, влегоа набрзина и без никакви расправии секој си влезе во различно поглавје од книгата. Во книгата имаше седум поглавја, а тие беа седум. Седумте Некоиси. Книга наменета за децата од училишна, но и предучилишна возраст. Преку необична и весела приказна за седумте Некоиси, децата ќе се запознаат со седум македонски композитори и со основните музички поими. На крајот од книгата е сместена и „Мала музичка енциклопедија“.",Сликовници,"Бистра Георгиева, Александар Трајковски",Чудна Шума,2022.0,64.0,490 Денари,literatura
Розови слонови,"Зад станичните складови проаЃѓа автобус. Низ сувата улиcа ЃЌе помине труба прав, ЃЌе го допре плочникот, ЃЌе ја снема. ќе се укаже потоа малку подалеку, деcата трчаат и ускокнуваат во таа мала вртелеЃшка на ветрот, таа ЃЌе им избега, ЃЌе исчезне, ЃЌе отскита понатаму. Деcата трчаат по неа и викаат. Жжената Ѓшто поминува мрмори, не обрнувајЃЌи се никому: „Луди деcа. А тоа е најопасно. Најопасно.“ Не објаснувајЃЌи понатаму, како да кажала премногу од забранетото, таа заминува. ЃЧудната ветрена вртуЃшка се јавува пак на крајот од улиcата, како мамка.",Сликовници,"Влада Урошевиќ, Ѓорѓе Јовановиќ",Темплум,2021.0,32.0,340 Денари,literatura
Мојата прва книгичка - Животни,"Сензорните црно-бели книги се специјално изработени за новороденчиња и бебиња. Содржат едноставни црно-бели илустрации со остри линии и контури, кои имаат способност да го зграпчат вниманието на бебето. Остриот контраст им олеснува на бебињата да се фокусираат и да ги следат сликите. Првите неколку месеци од животот на бебињата се од суштинско значење за развојот на нивниот вид. Новороденчињата се раѓаат со неразвиен вид, но нивната способност за перцепција на светот околу нив и за процесирање на визуелните информации брзо се подобрува во текот на следните неколку месеци. Докажано е дека сликите со висок контраст, особено црно-белите слики, се навистина ефикасни за привлекување на вниманието на бебето и развој на визуелниот систем. – го стимулираат визуелниот кортекс, помагајќи им на бебињата да остварат нервни врски неопходни за визуелна перцепција и внимание. – раната визуелна стимулација е од клучно значење за нивниот когнитивен развој. – визуелна стимулација на фокус кој помага за развивање на вештините за концентрирање и набљудување. – одлична можност на родителите да развијат рана и значајна врска со своето дете. Заедничките моменти поттикнуваат воспоставување на подлабока емоционална врска и го поддржуваат развојот и растот на детето во општеството. – можност за рана едукација со откривање на едноставни форми, шеми, животни, предмети, која ќе биде основа за иден развој на способноста за говор и учење. Бројни студии од областа на детската психологија и невронауката ја поддржуваат ефикасноста на црно-белите визуелни стимули кај бебињата. Истражувањата укажуваат дека овие облици и фигури најсилно се врежуваат во ретината на бебето, која праќа посилни сигнали до мозокот. Овие сигнали значат побрз раст на мозокот и побрз развој на видот. Сите докази укажуваат дека овие книги имаат позитивно влијание врз визуелниот и когнитивниот развој во првите неколку месеци.",Сликовници со тврди страници,,Сакам Книги,,7.0,290 Денари,literatura
Мојата прва библиотека - комплет,,Сликовници,Деспина Мукоска,Арс Ламина,2023.0,,2.018 Денари,literatura
Мојата прва библиотека - ШУМ,"Книга 20 „ШУМ“ е дваесетта книга во комплетот, а десетта од „Жолто ниво”. Изучени букви: А Н Е М И С Т О В Д П Л К Р У Г Б Ј З Ш",Сликовници,"Деспина Мукоска, Калиопи Трпчева (илустрации)",Арс Ламина,2023.0,24.0,68 Денари,literatura
Лола и Јас,"Посебно пријателство изградено од мали нешта: прошетки во паркот, голем див костен, најубавите ќофтиња на светот од Марио, излети на море. И сликарот Микеланџело, мразулци во ноздрите, пица на каучот, шпионски и авантуристички филмови. Кога постојат вакви пријателства, човек може повторно да ја пронајде радоста.",Сликовници,"Кјара Валентина Сегре, Паоло Доменикони",Сказнувалка,2023.0,36.0,500 Денари,literatura
Запчињата раскажуваат и порачуваат,"Оваа прекрасна сликовница за вас ја напиша Д-р. Милкица Моцан, а убавите илустрации ги направи Филип Коруновски. Повелете, азбуката на Д-р. Милкица Моцан: АЗБУКАТА НА ОРАЛНОТО ЗДРАВЈЕ",Сликовници,Милкица Моцан,КСЦ Полица,2023.0,24.0,300 Денари,literatura
Лисичја Месечина,Полна месечина. Мама оди на ноќно дежурство и Зоја поминува уште една осамена вечер во куќичката на работ на шумата. Од мислите ја буди силно мјаукање. Зоја излегува низ прозорецот на покривот и по мачорот се пентари низ гранките на високиот даб. Одеднаш здогледува две блескави очи. Губи рамнотежа и паѓа длабоко…,Романи и раскази за млади,Маша Огризек,Чудна Шума,2024.0,83.0,800 Денари,literatura
Го откриваме Животот на фарма / Светот на дино - сложуваме сложувалки!,Книгичка со сложувалки. На секоја страница има сложувалка од по 4 дела.,Книги со активности,,Топер,2024.0,5.0,120 Денари,literatura
Денот кога ти ни дојде,"Те очекувавме со нетрпение долго време. Не знаевме кога ќе дојдеш. Но, еден ден, конечно пристигна.",Сликовници,"Долорес Браун, Реза Далванд",Арс Ламина,2021.0,36.0,450 Денари,literatura
Љубов во топка,"„Љубов во топка“ е интерактивна илустрирана книга за деца на авторката Ана Јовковска, која го обработува проблемот на врсничкото насилство (булинг) како еден од најгорчливите проблеми на денешното општество. Приказна за пријателството и емпатијата, што го анализира широкиот спектар на емоции кај децата. Книга за кревкото детско срце, за гласот што треба да го пронајдеме, за храброста да кажеме како се чувствуваме и можноста секое дете да биде херој или хероина. Чувствата што доминираат во нарацијата и илустрацијата се тага, осаменост, нарушена самодоверба, но и верба, храброст, љубов и надеж. Покрај главната наративна нишка во книгата е опфатена и темата за различноста односно маргинализирањето на поинаквите деца. Иако приказната не бега од тагата како емоција, таа дава решение како да се канализираат емоциите и да се пронајде сопствениот глас. Завршува оптимистички, со надеж дека љубовта и добрината го носат новиот детски свет.",Сликовници,"Ана Јовковска, Иванка НиБа (илустрации)",Светулка Нова,2024.0,28.0,400 Денари,literatura
Зина,Запознај ја Зина! Едиција од картонски книги наменети за нашите најмали обожаватели.,Сликовници со тврди страници,,Светот на Биби,,,250 Денари,literatura
Мојата прва библиотека - ЛЕВО ИЛИ ДЕСНО?,"Книга 12 „ЛЕВО ИЛИ ДЕСНО“ е дванаесетта книга во комплетот, а втора од „Жолто ниво”. Изучени букви: А Н Е М И С Т О В Д П Л",Сликовници,"Деспина Мукоска, Калиопи Трпчева (илустрации)",Арс Ламина,2023.0,24.0,68 Денари,literatura
Каде е мојот дом?,"„Земјата некогаш била најубавата планета во Вселената, со широко, чисто, сино небо над неа, со бескрајно зеленило распослано по нејзината површина. Но, со време сè се сменило. Синилото на небото и зеленилото на нејзината површина веќе не биле како некогаш.“ Пред нас е приказната за светот кој се менува под влијание на луѓето кои немаат свест за околината и за добродушната верверичка која ќе остане без својот дом. Еден од најубавите начини како да им помогнеме на дечињата од претшколска возраст да ја стекнат свесноста за околината, токму кога почнуваат да го откриваат светот, е да прочитаат убава книга. „Каде е мојот дом?“ од турската писателка и илустраторка Сезен Аксу Ташјурек, во превод на Васко Марковски, е книга што ќе се чита токму од таа причина. „На најубавата планета во светот и на сите живи суштества што живеат на неа…“",Сликовници,Сезен Акцу Ташјурек,Чудна Шума,2023.0,52.0,550 Денари,literatura
Картонска сликовница - Зази,Запознај ГО Зази! Едиција од картонски книги наменети за нашите најмали обожаватели.,Сликовници со тврди страници,,Светот на Биби,,,250 Денари,literatura
Лука вели,,Романи за деца,Срѓан В.Тешин,Прозарт Медиа,2023.0,96.0,350 Денари,literatura
Сликички 'Сказните на Биби',Сликички за албумот Сказните на Биби. Една кесичка содржи 5 сликички.,Книги со стикери,,Светот на Биби,,,35 Денари,literatura
Професорот,"Приказна за животот на млад професор Вилијам К.За неговото детство , семејна трагедија неговата професија како професор во ушлиште за девојки во Брисел и за неговите љубовнуи авантури .",Детски класици,Шарлот Бронте,Мартина,2022.0,238.0,360 Денари,literatura
Дневник на прочитани лектири,"При читањето на лектири, дел од учениците се соочуваат со проблем при обработка на прочитаното дело. Затоа најдобро е додека ја читаш лектирата да запишуваш и да водиш дневник на читање. На тој начин ќе запишеш и запомниш најголем дел од делото, а обработката подоцна ќе ти оди многу полесно. Во оваа мала вежбанка се обидовме да ти помогнеме со тоа што подготвивме обрасци за обработка на 10 дела, од различен род и вид: романи, драми, збирки раскази и збирки песни.",Книги со активности,,Арс Ламина,2021.0,31.0,100 Денари,literatura
Боенка Чудесни еднорози,"""За развој на моторичките вештини кај децата За јакнење на концентрацијата За поттикнување на детската љубопитност, фантазија и креативност""",Боенки и цртанки,,Арс Ламина,2023.0,,68 Денари,literatura
Урнебесна биологија,"Ако одлучи да ја прочиташ оваа книга мислејќи дека ќе дознаеш зошто диносаурусите не оделе на училиште, кои гранки постојат во биологијата, иако таа не е дрво, дали знаењето за ихтиологија ти е неопходно кога ќе отидеш на рибина чорба, дали во гените ти е запишано да немаш петка по математика или дали знаењето за мастите ти е важно за купувањето вкусни џимиринки... впрочем... грешиш, но...",Романи за деца,Андреја Лесковац Драгана Петровиќ,КСЦ Полица,2023.0,143.0,300 Денари,literatura
Мојата неверојатна книга за возилата,"Картонски книги со многу изненадувања. Прозорчиња, 3д елементи, допри и почувствувај…",Сликовници со тврди страници,,Топер,,5.0,199 Денари,literatura
Патувам и истражувам,"Патувам и истражувам е едукативно - забавна слиовниcа - книга за деcа, тематски поврзана со патување низ македонските познаcхајни туристиcхки места, преку препознатливиот лик на деcата - Супер Смешка. Содржината делува интерактивно кај најмалите со cел запознавање со убавините и знаменитостите на родниот крај, негувајќи ја љубовта кон својата татковина на сликовит и забавен наcхин. Книгата има повеќе функcии: информаcиски-воспитна, естетска, говорно-јазиcхна и забавна функcија.",Книги со активности,Ели Маказлиева,Едука Мак,2021.0,16.0,200 Денари,literatura
Хари Потер и Полукрвниот Принц,"Дамблдор доаѓа да го земе Хари уште за време на летниот распуст; една од неговите дланки е поцрнета и сува, но Хари не дознава зошто. Сепак, во тој момент почнува нивната заедничка мисија: да се влезе во темното минато на Лордот Волдеморт и да се открие неговата најдлабока тајна. Во меѓувреме, пак, волшебничкиот и маголскиот свет се во хаос. Секојдневно исчезнуваат волшебници и обични луѓе, присуството на дементорите се чувствува насекаде, а министерствата на двата света се на работ на пропаст – знаци дека полека но сигурно Мрачниот господар ја наметнува својата власт. Дури и Хогвортс – најбезбедното место на светот – веќе не може да ја гарантира сигурноста на своите ученици. Силите на доброто и злото веќе длабоко се навлезени во отворена војна. „Хари Потер и Полукрвниот принц“ е шестиот дел од серијалот за младиот волшебник Хари Потер и неговите авантури во светот на волшебниците и магијата.",Научна фантастика и Фантазија за млади,Џ. К. Роулинг,Арс Ламина,0.0,504.0,650 Денари,literatura
Да можев да ти го подарам Божиќ,"Прекрасна божиќна приказна која ги потсетува читателите на најубавите аспекти на Божиќ и Новата година – споделување радост, споделување подароци, убави песни, посебни приказни, забавни игри, зимска идила и незаборавни спомени со оние кои ни се најсакани. Лизгање на замрзнато езеро, правење празнични колачиња, препрочитување на омилените приказни… сите овие активности и уште низа други се оживеани преку разни слатки животинчиња. Вкусовите, мирисите, глетките, звуците и боите на најубавите празници се евоцирани во универзални сцени кои прикажуваат специјални моменти, споделени помеѓу деца и родители, семејства и пријатели. Читањето на оваа сликовница може да стане една потполно нова празнична семејна традиција!",Сликовници,"Лин Плорд, Џенифер Л. Мајер (илустрации)",Сакам Книги,2023.0,32.0,320 Денари,literatura
Малото Диносаурусче,"Уште десет минути до спиење, ама малото диносаурусче Рики не се дава. придружете му се на Рики во неговиот последен трк низ џунглата додека мама му одбројува до времето за заспивање. Од најпродаваната едиција на сликовници што на совршен начин им помагаат на децата да се подготват и да стекнат навика на време да легнуваат во кревет и полесно да заспијат.",Сликовници,"Рајмон Филдинг, Крис Четертон",Бата Прес,2023.0,36.0,350 Денари,literatura
Бројот 25,"Двајца браќа, Бадр и Рида, сонуваат за важен ден. Ден кој што нестрпливо го очекуваат. Но, во меѓувреме, многу интересни настани се случуваат. Некои можеби ќе им создадат проблеми, a некои можеби ќе создадат нови можности… Но најголемиот предизвик со кој што ќе се соочат е број. Дали го гледате бројот во насловот на оваа книга? Дали можете да претпоставите како ќе ги смени животите на двајцата браќа?",Романи за деца,"Феда Штиjа, Рут Бароус",Прозарт Медиа,2022.0,112.0,350 Денари,literatura
Кој е денес главен,"Ника е најмалото девојче во семејството и таа едвај чека да биде главна. И кога ќе се случи тоа? На крајот на книгава! Но, пред да биде главна треба да поминат неколку годишни времиња и треба да направи неколку урнебесни работи, да патува, да си игра, да научи нешто ново и малку да порасне… Духовита и интересна приказна со преубави илустрации. Писателката и поетеса Наташа Конц Лоренцути, од година во година станува сѐ попрепознатлива и попопуларна авторка за млади во словенечкиот литературен простор. Таа во минатото веќе покажа дека е блиска до семејните приказни и анегдоти со сликовницата Какво дрво расте од мачор. Приказните од книгата Кој е денес главен се пријателски и духовити, а настаните се оригинални и мотивирачки. Книгата е совршена и за семејно читање. Ликовниот изглед ѝ беше доверен на младата, но сѐ поактивна и препознатлива уметничка Тања Комадина. Овој пат, нејзините илустрации се живописни и разиграни, во склад со детската живост, а со имагинативните детали не само што го придружуваат, туку и самостојно го надополнуваат текстот на Наташа Конц Лоренцути.",Романи за деца,Наташа Конц Лоренцути,Бата Прес,2023.0,77.0,350 Денари,literatura
Пе прашува за раѓањето...,"ПЕ ПРАШУВА ЗА РАЃАЊЕТО е трета од низата сликовници во кои момчето Пе (Петар) го прашува светот околу него. Прво Пе не добил одговори од сликовницата на неговите прашања за небото и боите, ниту за тоа што е добро, а што зло. Затоа сега Пе од тетка Сликовница сака да открие како дошол на свет. Тетка Сликовница одолговлекува со својот одговор и на крајот успева повторно сѐ да заобиколи. Но, важно е дека Пе продолжува да собира информации и од нив си создава свој свет, а сето тоа заедно со тетка Сликовница, неговите родители и малечката Ана.",Сликовници,Силвија Шесто,Прозарт Медиа,2024.0,29.0,400 Денари,literatura
Решавај со Дина и Додо 5: Пронајди ги разликите,"За развој на логичките капацитети и способности. За јакнење на концентрацијата. За поттикнување на детската љубопитност, фантазија и креативност. Учење низ забава.",Едукативни игри и квизови,,Арс Ламина,2023.0,24.0,78 Денари,literatura
Камената девојка,"Некаде во раскошните убавини на Велмир, меѓу ридовите и долините каде што никакви градови, ниту пак селца не можеа да се забележат во близина, живееше волшебникот кој се трудеше да заборави сѐ, па дури и сопственото име. Скршен и напуштен од најголемата љубов на неговиот живот, Ленора – која исчезнала без трага и глас и никој не знае дали воопшто е жива, волшебникот ги минува своите денови читајќи книги и разговарајќи со многу нетипична соговорничка – една камена статуа. Сѐ до еден ден кога ќе сфати дека мора да го промени својот живот и ќе реши повторно да се занимава со веќе подзаборавената вештина на правење магии… за да ја оживее камената девојка.",Романи и раскази за млади,Елена Стојкова,Чудна Шума,2023.0,112.0,550 Денари,literatura
Хрониките на госпоѓицата Задутре - Времето на вештерката Никогаш,"Госпоѓицата Задутре ја запознав многу одамна, уште во времето кога беше малечка и за прв пат си заигра со Времето. Работите тогаш не завршија добро за неа, затоа што нејзиниот вујко Темпус Први, ја изгони во далечните предели на царството, на еден остров сред временскиот вител, далеку од семејството и пријателите, а единствено друштво и беше музиката. Така, госпоѓицата Задутре порасна и стана тинејџерка. Ја сретнав многу подоцна… Скоро и дека не ја препознав со нејзината виолетова коса, асиметричната облека и бунтовниот дух. Ми рече дека има големи планови и мечти. Ми вети вртоглави патувања низ минатото и иднината, ако ќе ја придружувам на нејзиното ново патување. Не можев да ја одбијам и се најдов сред авантура преполна со пирати и сенки, со вештерки и музичари, мрачни предели и возбудливи љубовни приказни. Адина Росети Книгата е наменета за деца од 10 + години.",Романи за деца,Адина Росети,Прозарт Медиа,2024.0,340.0,500 Денари,literatura
Сакам лав,Сликовница за деца од предшколска возраст. Текст и илустрации . Превод од Холандски автори .,Сликовници,"Анемари ван дер Еем, Марк Јансен",Сказнувалка,2021.0,36.0,680 Денари,literatura
Мојата бебешка книгичка - први зборови,Симпатично картонско издание за вашите најмали. Големи илустрации и едноставен принцип за првата средба со основните зборови i едноставен принцип за првата средба со бројките.,Сликовници со тврди страници,Група автори,Топер,,10.0,120 Денари,literatura
Чудниот пијалак на грофот,"Џеронимо Стилтон живее во Глувчево, на Островот на Глувците, еден необичен остров во облик на парче сирење, сместен во Јужниот Стаорски Океан. Овде природата е заштитена, а глодачите живеат среќно. Во слободното време, Џеронимо собира стари корки пармезан од осумнаесеттиот век, но, најмногу од сè, обожава да пишува книги во кои што ги раскажува неговите извонредни глувчешки авантури! Дипломирал на Глувчологија на глодарската книжевност и Компаративна археоглувчешка филозофија. Раководи со Глувчеви Вести, најпознатиот весник на Островот на Глувците. Има добиено многу признанија, меѓу кои и наградата Глувцингер за делото „Тајната на исчезнатото богатство“.",Романи за деца,Џеронимо Стилтон,Култура,2024.0,128.0,290 Денари,literatura
Ова е твое,"Од сè на светот, најмногу сакам да цртам. Но листот хартија е претесен за мене. Кога почнува да врне толку силно што ги брише детските цртежи на асфалтот, се појавува еден човек. Се вика Анселмо и е сликар. Тој му предлага на младиот уметник да се засолнат во неговата куќа. Анселмо потекнува од Островот на папагалите и црта слики за восхит. Помеѓу него и младиот уметник се раѓа исклучително пријателство… сè до моментот кога Анселмо треба да се врати на својот остров. Изгледа дека сонот на детенцето ќе се распрсне на стотици делчиња. Но Анселмо ќе стори нешто посебно за иднината на младиот уметник! Сликовницата е посветена на луѓето што ги ценат децата и нивната креативност.",Сликовници,Сане те Лоу,Антолог,2023.0,10.0,600 Денари,literatura
Лисиче,"Лисичето сонува. Сонува за времето кога беше мало како јаболче. За првиот пат кога излезе надвор од дувлото, со своите сестри и браќа. Тоа ги сонува големиот елен и момчето. И на крајот, сонува за она што се случи кога ги бркаше виолетовите пеперутки…",Сликовници,Едвард ван де Вендел,Чудна Шума,2021.0,88.0,700 Денари,literatura
Лола и Јас (тврд повез),"Посебно пријателство изградено од мали нешта: прошетки во паркот, голем див костен, најубавите ќофтиња на светот од Марио, излети на море. И сликарот Микеланџело, мразулци во ноздрите, пица на каучот, шпионски и авантуристички филмови. Кога постојат вакви пријателства, човек може повторно да ја пронајде радоста.",Сликовници,"Кјара Валентина Сегре, Паоло Доменикони",Сказнувалка,2023.0,36.0,600 Денари,literatura
Мојата бебешка книгичка - Бројки/Први зборови,"Симпатично картонско издание за вашите најмали. Големи илустрации и едноставен принцип за првата средба со основните зборови i едноставен принцип за првата средба со бројките. Димензии: 160 x 160 mm, 10 стр. ЦЕНАТА СЕ ОДНЕСУВА НА ЕДНА СЛИКОВНИЦА! Во забелешка во нарачката можете да ни посочите дали сакате да ја нарачате Бројки или Први зборови.",Сликовници со тврди страници,Група автори,Топер,,10.0,120 Денари,literatura
Сите бои на Искра,"Кога малечката Искра посакува да нацрта цртеж како подарок за роденденот на баба, сфаќа дека ѝ недостига најважната боја – онаа на темјанушките. Како ќе нацрта најубав цртеж без оваа боја? И кој ќе ѝ помогне да го направи тоа? Преку страниците на оваа волшебна приказна, децата ќе нурнат во светот на боите и фантазијата, ќе се запознаат со секоја боја одделно, ќе научат кои се примарни, а кои секундарни бои, а ќе дознаат и како можат да се измешаат боите за да се добие – бојата на темјанушките!",Сликовници,"Кристина Невитиќ, Оливер Коларевски",Чудна Шума,2024.0,52.0,600 Денари,literatura
Шерлок Холмс за деца: Велепоседниците од Рајгејт,"""Вилијам Кирван, коcхијашот на семејството Канингем, вcхеравеcхер бил УБИЕН додека го штител имотот на господарот. Ова е втора ПРОВАЛА во областа за помалку од една недела. Со надеј дека ќе му помогне на Холмс побрзо да закрепне по еден особено напорен слуcхај, Вотсон договара посета на пријателот на село. Но, по крајбата што ја остава збунета локалната полиcија, Холмс е вовлеcхен во мреја од лаги, уcени и убиство. Самиот мора да ги најде натрапниcите – ако успее да го прејивее слуcхајот...""",Романи за деца,Артур Конан Дојл,Арс Ламина,2022.0,112.0,129 Денари,literatura
Ќебето на татко ми,"„Ќебето на татко ми“ е нова сликовница од авторката на хит книгите „Три мачки, една желба“ и „Три мачки, едно чудовиште“! Многу ли ви е здодевно дома? Никако ли не поминува времето? Сестричката и братчето се забавуваат толку многу со ќебето на татко им што времето весело минува. Ова ќебе не е како другите ќебиња, ова ќебе води во разно-разни авантури. Ќебето, оживеано од неверојатната фантазија на таткото, се спојува со шарените детски сништа. Кога татковците го минуваат вака времето со децата, на авантурите им нема крај. Сликовницата од една од најомилените турски писателки за деца, Сара Шахинканат, е наменета за деца од 3 до 8 години. Илустрирана од познатата Ајше Инан, авторка на илустрациите на „Три мачки, една желба“ и „Три мачки, едно чудовиште“! Преводот од турски јазик е на Анета Матовска.",Сликовници,Сара Шахинканат,Прозарт Медиа,2023.0,40.0,500 Денари,literatura
Големи зборови за мали уши: ИДЕНТИТЕТ,"Понекогаш малите уши на децата не ги собираат големите зборови на возрасните. Всушност, тие не ги разбираат. Учиме големи зборови со мали приказни од секојдневието! Ги подготвуваме децата за светот што ги чека!",Сликовници,Калина Малеска,Арс Ламина,2025.0,23.0,220 Денари,literatura
Биби - картонска сликовница,Запознај ја Биби! Картонска едиција со ликовите од „Светот на Биби“ за најмалите наши обожаватели.,Сликовници со тврди страници,Билјана Црвенковска,Светот на Биби,2023.0,8.0,290 Денари,literatura
Решавај со Дина и Додо 7: Џебна решаванка,"За развој на логичките капацитети и способности. За јакнење на концентрацијата. За поттикнување на детската љубопитност, фантазија и креативност. Учење низ забава.",Едукативни игри и квизови,,Арс Ламина,2023.0,24.0,78 Денари,literatura
Детето на месечината,,Сликовници,Јана Глигороска,Арс Ламина,2023.0,23.0,168 Денари,literatura
Креативен дневник - Ни ден без творба,"Креативниот дневник е наменет првенствено за младите креативци, но и за креативните луѓе од сите возрасти. Наменет е за оние што сакаат да ја поттикнат својата имагинација, што сакаат да се изразат преку пишан збор или цртеж, да запишат мисла, инспирација, расположение, како и за оние што имаат желба да водат еден малку поинаков дневник.",Книги со активности,"Билјана С. Црвенковска, Доротеј Нешовски",Чудна Шума,2022.0,200.0,450 Денари,literatura
"Ѕвездена џунгла: Не прашувај што е, кај е дојди со нас, па ќе знаеш","Сакате ли луди авантури? Ве привлекуваат ли таинствени откритија? Заинтересирани ли сте за неверојатни друби? Би се впуштиле ли во фантастични, забавни, волшебни, но... хммм, понекогаш и опасни случки? Ако одговоривте потврдно, подготвени сте за патување низ чудната и чудесна Ѕвездена xунгла! Придруете им се на браќата Едан и Асја. Ве очекуваат незамисливи доивувања во бескрајно далечни светови сосема различни од нашиот. Добар ви пат, љубопитни девојчиња и момчиња! Ѕвездена xунгла, нов роман од авторката на книгите за деcа Момчето Молња и Игбал, мојата тајна. Добитничка е на трите најпрестини награди кај нас за романите за возрасни Каменот од твојот ден, Индиго Бомбај и Манастир Фуентерабија",Романи за деца,Јагода Михајловска-Георгиева,Издавачки центар ТРИ,2021.0,178.0,300 Денари,literatura
Боите на виножитото,,Сликовници,Елена Граматикова,Чудна Шума,,10.0,500 Денари,literatura
Претшколски активности со Биби и Боби,"Претшколски активности со Биби и Боби“ е забавно и едукативно издание наменето за најмалите. Со оваа книга, децата ќе научат основни претшколски вештини преку интересни задачи и игри, водени од омилените ликови Биби и Боби. Совршена за подготвување на вашето дете за училиште!",Книги со активности,"Златица Апостолов, Иванчо Николов (илустрации)",Светот на Биби,2024.0,16.0,99 Денари,literatura
"Среќен роденден, Хопи Лопи!","Првата сликовница со сензори на пазарот. Уживајте во приказната за Хопи Лопи и следете ги упатствата за да ја оживеете книгата! Интерактивна книга со многу звуци, светла и изненадувања. А главното изненадување е дека ти си поканет на роденденот на Хопи Лопи и си еден од главните ликови во приказната. Димензии: 190 x 245 мм, 10 стр.",Книги со активности,,Топер,2023.0,10.0,640 Денари,literatura
Хобит,"Откако го напушта својот удобен живот во хобитската дупка и заминува со волшебникот Гандалф и група џуџиња, Билбо ќе биде вплеткан во заговор да се ограби скриенот богатство на величенствениот Шмауг, огромен и многу опасен змеј.",Научна фантастика и Фантазија за млади,Џ.Р.Р. Толкин,Икона,,363.0,699 Денари,literatura
Олгица и дедото вреден милиони,"Романот за деца и тинејџери „Олгица и дедото вреден милиони“, првпат објавен во 2014 година, беше едно од врвните изданија на реномираната романска издавачка куќа Editura Arthur. Олгица е дванаесетгодишно девојче, како и секое друго. Во ред, не како сите други: таа е палава, дрска, секогаш е во неволја, нема многу пријатели, а нејзиното семејство е толку поделено што таа не ја препознава тетка ѝ кога ќе се појави на вратата. Не е ни чудо што на Олгица воопшто не ѝ се допаѓа кога треба да помине викенд со својата тетка која штотуку ја запознала. Згора на тоа, Константин, нејзиниот богат, строг и угледен дедо, многу сака да ја види. И тој нема да прифати никакво одбивање. Авторот Алек Молдован е роден 1977 година во Клуж, каде и сега живее. Вљубеник е во литературата за деца, џезот и е доброволец во друштвото за заштита на животните. Завршил филозофија, превел над триесет книги и работел како книжар. После долги години повторно ја почувствувал потребата да пишува и основал свој блог. Го",Романи за деца,Алек Молдован,Бата Прес,2022.0,300.0,430 Денари,literatura
Боенка Смешни диносауруси,"""За развој на моторичките вештини кај децата За јакнење на концентрацијата За поттикнување на детската љубопитност, фантазија и креативност""",Боенки и цртанки,,Арс Ламина,2023.0,,68 Денари,literatura
Неуредните: Базенот со крокодили,"Почитуван читателу, ако сакаш, можеш да ги промениш сите имиња во книгата… или да ја читаш без да ги промениш. Ти одлучи! Градот на неуредните може да е многу далеку, но и многу блиску до местото каде што живееш… Оние што живеат во Градот на неуредните се во неволја. Темните сили повторно дејствуваат, трудејќи се да закопаат сè во минатото. Што се случува со општествата кои ја забораваат својата историја? Има некои чудни, фантастични и смешни работи во оваа книга! Мависел Јенер почнала да пишува уште во раните тинејџерски денови. Денес таа е една од најпознатите авторки за деца и има напишано преку сто книги за деца и тинејџери. Во 2018 година беше во потесен избор за реномираната литературна награда „Ханс Кристијан Андерсен“.",Романи за деца,Мависел Јенер,Бата Прес,2022.0,184.0,450 Денари,literatura
Волшебната обетка,"Елиф не може добро да спие, бидејќи нејзините сиромашни родители не можат да си дозволат поголема куќа. Сите живеат во куќа со една соба и спијат во еден кревет. Таа еднаш замисли желба: „Посакувам да сум толку малечка за да може да ме собере секаде…“ Па, никој не го знаеше фактот дека дабот под кој одеше не беше обичен даб. Тој имаше некои посебни моќи. Ветрот почна да дува… Неговите лисја шумолеа и еден желад ѝ падна на главата. Подоцна, таа се најде себеси малечка како прст, но место да и биде подобро, животот ѝ стана сѐ потежок и потежок. Прочитајте ја „Волшебната обетка“ и видете зошто е интересна и поучна авантура!",Романи за деца,Фатих Ердоган,Прозарт Медиа,2022.0,184.0,350 Денари,literatura
Споменик од песни,"Првата книга од новата едиција сликовници „Старо купувам“ која ги спојува старите и новите домашни автор(к)и. Песни од Видое Подгорец, илустрирани од Ване Костуранов",Сликовници,"Видое Подгорец , Ване Костуранов",Темплум,2021.0,30.0,370 Денари,literatura
Бои и форми: книга со активности,Книга за деца со активности во боја Оваа книга содржи забавни и едукативни активности за запознавање со боите и основните 2Д- и 3Д-форми: • графомоторички активности • лавиринти и загатки • боење и други активности,Книги со активности,,Арс Ламина,2024.0,20.0,118 Денари,literatura
Мојата прва библиотека - КРУГ,"Книга 16 „КРУГ“ е шестнаесетта книга во комплетот, а шеста од „Жолто ниво”. Изучени букви: А Н Е М И С Т О В Д П Л К Р У Г",Сликовници,"Деспина Мукоска, Калиопи Трпчева (илустрации)",Арс Ламина,2023.0,24.0,68 Денари,literatura
Црвеното топче на МИне,"Едно сончево, пролетно утро, Мине си играше со своето топче во дворот. Црвеното гумено топче го фрлаше сè повисоко и го фаќаше пред да падне на земја. Кога нејзината мајка ја викна Мине за да ѝ помогне со алиштата, Мине истрча кон неа пред топчето да падне во гнездото. Така започна авантурата на црвеното топче на Мине… Со него си играа верверичките, страчките сакаа да го земат, а мачката се обиде да го фати. Што се случи со топчето на Мине?",Сликовници,Феридун Орал,Бата Прес,0.0,100.0,300 Денари,literatura
Шерлок Холмс за деца: Студија во скарлетна боја,"""Тело за кое се смета дека е лиcето И. Џ. ДРЕБЕР е откриено сношти во празна куќа во Лондон. Нема оcхигледна приcхина за СМРТТА. Неговата адреса е Кливленд, Охајо. Секоја информаcија е добредојдена. По мистериозното убиство, полиcијата е збунета, па најпознатиот детектив аматер на светот е замолен да помогне во истрагата. Заедно со д-р Вотсон, шерлок Холмс тргнува во потрага за откривање на една одмазда, која оди подлабоко од сите мојни претпоставки.""",Романи за деца,Артур Конан Дојл,Арс Ламина,2022.0,216.0,149 Денари,literatura
Во полската куќичка,"„Во полската куќичка“ е поема напишана врз мотив од народна бајка и е објавена во 1962 година. Шеесет години подоцна, оваа поема добива ликовна креација со современ израз. Главната тема во оваа бајка има универзална и трајна вредност и е податлива за сите деца на сите точки на Земјината топка. Во основата, оваа бајка зборува за моќта на другарството и сплотеноста. Зборува и за љубезноста и пожртвуваноста, општоважечки етички пораки кои децата треба да ги усвојат од најмала возраст.",Сликовници,Ванчо Николески,Арс Ламина,2022.0,24.0,220 Денари,literatura
Северозападниот ветер,"Некогаш ноќта им припаѓала на суштествата на мракот, на јагарите, на кватрите, на мраковите… Некогаш цвеќињата им припаѓале на самовилите. Некогаш луѓето го почитувале она што не го разбираат и не го умеат. А ветерот им раскажувал и на едните и на другите. Но денес се ретки тие што го слушаат. Луѓето се заглушија со вревата што ја создаваат, а суштествата на ноќта избледеа под уличното осветление. За наша среќа, едно момче сè уште го слуша ветерот што зборува. Ветерот од северозапад му ги носи приказните од Медведница и од Самоборските Ридови.",Сликовници,Зденко Башиќ,Артконект,2024.0,88.0,515 Денари,literatura
Мрежа,"Ноќе низ шумата одекнува само шушкање, нешто налик на човечки пискот, и забрзаното срцебиење на Даниел, на Магдалена и на Елија. Во нивните глави безмилосно рие едно исто прашање: како завршија таму - сами? Две очи кришум ги гледаат од зад дрвјата и тие секое утро наоѓаат белешка со задача... Дали ќе се спасат, ако ги извршуваат наредбите?",Романи за деца,Сара Алегрини,Сказнувалка,2022.0,245.0,450 Денари,literatura
Стаклени пламени,"Марјетица Смртник е пријатно девојче во тинејџерски години. Нејзиниот живот никогаш не бил лесен. Татко ѝ ги напушти уште кога беше мала, а мајка ѝ оттогаш почна да пие алкохол. Марјетица тоне сè подлабок поради големите проблеми дома и на училиште. Влегува во друштво кое не ѝ влијание добро и е подготвена да направи сè за да остане дел од него. Цветка Бевц е словенечка писателка, поетеса, сценаристка, музичарка. Пишува за возрасни и за млади и тоа проза, поезија, драмски текстови, сценарија и музика. Во своите романи за млади, таа често обработува теми кои се занимаваат со тешките судбини на различни тинејџери. Сепак, нејзините ликови се доволно силни и цврсти за да ги издржат ударите на судбината.",Романи и раскази за млади,Цветка Бевц,Чудна Шума,2022.0,184.0,450 Денари,literatura
Раскази без патокази,"Оваа книга е наменета за децата и секој расказ или сказна има цел да понуди истовремено учење низ игра и стекнување животни поуки низ благ хумор и забава, да влијае на севкупниот развој на детето, да го развива чувството за правичност и добрина, да развива самодоверба и морални вредности. Исто така, има задача преку слушање или читање на текстот, детето да ги развива говорните и јазичните компетенции, вештини за учење, имагинација, креативност и однесување во различни ситуации. Поделбата на повеќе раскази како засебни целини со заеднички карактеристики е клучот за нивно читање и препрочитување. Расказите се поделени хронолошки по месеци и периоди во текот на една година низ сите годишни времиња, како и периоди на денот: зора, утро, пладне, попладне, ноќ...",Сликовници,Ели Маказлиева,Едука Мак,2022.0,32.0,280 Денари,literatura
Бибиверзум 3,Книга со активности наменета за деца од трето одделение,Книги со активности,Магдалена Петреска,Светот на Биби,2021.0,38.0,220 Денари,literatura
Бој + лепи: Направи ми нокти и фризура!,"Детска сликовница со активности за боење и лепење налепници. Во себе содржи над 100 налепници со светки. Одличен избор за подарок, а помага и за развој на креативните вештини и моќта за фантазија. За деца (девојчиња) од рана возраст (5+ год.)",Книги со стикери,,Арс Ламина,2024.0,52.0,250 Денари,literatura
Пикухенки (тврд повез),"Многу одамна, во една далечна земја, живееше вештерка по име Пикухенки, која беше толку малечка што живееше под зрно песок, покрај прашинка, зад ливче трева. Пикуенки посака да дознае дали е вистинска вештерка. За да го направи тоа, прво слета во главата на едно куче, кое беше деноноќно врзано на дебел синџир. „Скини го синџирот!“ му рече таа и – ѝ успеа. Потоа летна во главата на мечката што требаше да танцува на селскиот плоштад. Таа и неа ја натера да се побуни против својот суров господар – беше речиси сигурна дека е вистинска вештерка. Тогаш дојде на ред нејзиниот последен и најтежок тест за вештерки. Слета во главата на мало момче. Ќе успее ли да го направи доволно храбро за да го фрли на колена царот од кого сите се плашеа?",Сликовници,"Тон Телехен, Марит Торнквист",Сказнувалка,2023.0,48.0,680 Денари,literatura
Богатството на мрачната шума 2,"Џеронимо Стилтон живее во Глувчево, на Островот на Глувците, еден необичен остров во облик на парче сирење, сместен во Јужниот Стаорски Океан. Овде природата е заштитена, а глодачите живеат среќно. Во слободното време, Џеронимо собира стари корки пармезан од осумнаесеттиот век, но, најмногу од сè, обожава да пишува книги во кои што ги раскажува неговите извонредни глувчешки авантури! Дипломирал на Глувчологија на глодарската книжевност и Компаративна археоглувчешка филозофија. Раководи со Глувчеви Вести, најпознатиот весник на Островот на Глувците. Има добиено многу признанија, меѓу кои и наградата Глувцингер за делото „Тајната на исчезнатото богатство“.",Романи за деца,Џеронимо Стилтон,Култура,2022.0,100.0,290 Денари,literatura
Атолото,"Атолото живее само во топлите краишта. Некои тврдат дека го виделе и на Северниот пол, но тоа се лажги со опашки. Илустрирана збирка од осум приказни, од кои секоја носи наслов во вид на погрешно изговорен збор од дете кое сѐ уште не научило правилно да зборува. Овие зборови (атолото, чоче, бица, бумбички...) функционираат како своевеидни магиски формули, но во обратна насока. Обично детето е она кое останува зачудено пред таинствените и неразбирливи зборови, но во „Атолото“ таа привилегија ја имаат возрасните. П.С. Сите измислени зборови во книгава се вистински!",Сликовници,"Сања Михајловиќ Костадиновска, Андреј Марјановиќ",Сказнувалка,2023.0,48.0,450 Денари,literatura
Книга со активности - Овошје и зеленчук,,Книги со активности,Уредник: Билјана Стојоска Златков,Арс Ламина,2024.0,24.0,118 Денари,literatura
Учиме музика со Софија: Моите први ноти - вежбанка по солфеж 1,,Книги со активности,Даниела Станоевска,Арс Ламина,2021.0,24.0,198 Денари,literatura
Роденденската забава на верверицата и други прослави,,Сликовници,"Тон Телехен, Џесика Алберг",Сказнувалка,2022.0,149.0,700 Денари,literatura
Размислувај како Шерлок Холмс,"На половина пат помеѓу прираcхник и разиграна лабораториска вејбанка, Размислувај како шерлок Холмс е патување низ раскајување, активности и игри со кои ќе откриеш како да го вејбаш твојот ум за набљудување, логика, конcентраcија и селективна меморија, следејќи ги трагите на најгенијалниот детектив на сите времиња.",Книги со активности,"Карло Калцан, Соња Скалко",Арс Ламина,2021.0,96.0,360 Денари,literatura
Fingerprint Art: Nature,"This collection includes 8 amazing ready-made images to paint on, so you and your kid can create art with your own fingertips! You can also cut them out and use them as a decoration on your wall.",Боенки и цртанки,Бранка Бугариска,Арс Ламина,2022.0,20.0,118 Денари,literatura
Волшебната елка - Новогодишна приказна,,Сликовници,Ана Лука,Арс Ламина,2023.0,16.0,129 Денари,literatura
Бучна фарма,"Разнобојни илустрации, 6 звуци и нашите омилени пријатели од фармата во една книга. Димензии: 230 x 190 mm, 12 стр.",Музички книги,,Топер,2023.0,,399 Денари,literatura
Шапката на господинот Зингер,"„Епа Лео, се прашувам зошто мојата шапка одлета туку-така. Можеби има нешто внатре.“ Господинот Зингер ѕирна во шапката. „Што е? Што има во шапката?“ праша Лео. Ѕирна и тој, ама не виде ништо. „Аха, сега гледа“, рече господинот Зингер. „Има приказна. Приказна што сака да излезе надвор.“ Шармантната приказна на Кери Феган, проследена со имагинативните илустрации на уметникот Душан Петричиќ, ќе ги израдува младите читатели кои уживаат да плетата свои приказни",Сликовници,"Кери Феган, Душан Петричиќ",Темплум,2022.0,34.0,370 Денари,literatura
Боенка со налепници - Диносауруси,"Боенки со налепници • За развој на моторичките вештини кај децата • За јакнење на концентрацијата • За поттикнување на детската љубопитност, фантазија и креативност",Боенки и цртанки,,Арс Ламина,2022.0,10.0,48 Денари,literatura
Мојата прва библиотека - ЖОЛТА,"Книга 21 „ЖОЛТА“ е дваесет и прва книга во комплетот, а единаесетта од „Жолто ниво”. Изучени букви: А Н Е М И С Т О В Д П Л К Р У Г Б Ј З Ш Ж",Сликовници,"Деспина Мукоска, Калиопи Трпчева (илустрации)",Арс Ламина,2023.0,24.0,68 Денари,literatura
Мали диви детективи,"„Мали диви детективи“ е книга наменета за млади читатели кои се во потрага по авантура и мистерии во својот литературен свет. Оваа приказна е напишана со цел не само да забавува, туку и да ги едуцира младите умови, преку истражување интересни случаи и решавање на големи мистерии. Главните ликови во оваа приказна се Миа и Томи, двајца контрастни пријатели и нивното верно куче другар Ралф, предан и верен, важен дел од детективската екипа. Миа е брза, возбудлива и понекогаш лута по природа, но со нејзината живост и решителност таа ги води читателите низ забавни авантури. Наспроти нејзината брзина и енергија, го имаме Томи, чија смиреност и мудрост често се потребни за смирување на ситуацијата и наоѓање на решение. Нивните различни карактери им овозможуваат на младите читатели да се идентификуваат со нив и да учат важни животни способности како тимска работа и решавање на проблеми.",Сликовници,Сања Арсова,Светулка Нова,2024.0,24.0,400 Денари,literatura
Невидливата куќа,"Малечката Кала е принудена набрзина да го напушти својот дом. Таа заминува со родителите на долго, истоштувачко и застрашувачко патување без крај. Кала не разбира што се случува, освен што ги наслушува неубавите зборови што ги шепотат возрасните. Но, она што го знае е дека ѝ недостига нејзината куќа, заедно со баба, дедо и омилената играчка – зајачето.",Сликовници,"Билјана С. Црвенковска, Ване Костуранов",Чудна Шума,2021.0,44.0,600 Денари,literatura
Тото и суперзвездената катастрофа,"""Добре дојдовте а МАЧКОНБЕРИ! Најнаверојатниот животински музички фестивал... Вообичаено... Но, годинава еден зол криминалец има пакосен план. Дали Тото ќе го открие пред да биде предоцна?""",Романи за деца,Дермот О'Лири,Арс Ламина,2021.0,177.0,350 Денари,literatura
Бувот Оли,"Веројатно не постои дете кое некогаш не се плашело од темнината. Темнината во детството е симбол на страшни појави, на чудовишта и натприродни суштества. Па, оттаму и стравот дека ноќта ги носи сите нив во детската соба. Затоа децата сакаат да спијат со вклучени светилки или, пак, не заспиваат без присуство на родителите. Каква неправда трпи ноќта, која е дом на многу совршени животни, како што е бувот. Инаку, тој воопшто не е опасен за луѓето, туку е многу корисен. И бездруго, ноќта не е страшна. Напротив, таа е тивка и спокојна и носи мир.",Сликовници,Маја Мишевска,Арс Ламина,2022.0,24.0,220 Денари,literatura
Волшебните прегратки,"Кога жителите на Гушкоград се среќни, Ведран е уште посреќен. Но, кога се тажни, тогаш Ведран веднаш вади од ранецот една од своите најтопли прегратки и го прегрнува секој што е тажен.",Романи за деца,Марија Костадиновска,Арс Ламина,2021.0,58.0,200 Денари,literatura
Сликички „Светот на Биби“,,Книги со стикери,/,Светот на Биби,,,30 Денари,literatura
Новогодишни раскажувалки,,Сликовници,Група автори,Едука Мак,,20.0,250 Денари,literatura
Едукативен интерактивен сет - Еден ден со Биби,"Во овој сет има голема кружна сложувалка, едукативна сликовница и пиши-бриши картичка со активности, создадени за да му го направат поинтересно секојдневието на Вашето дете. Поминете еден ден со Биби - од будење, миење, облекување до собирање играчки и бањање. Сетот им помага на децата да ги научат и да ги практикуваат основните навики и вештини. Секој ден нека биде забавен заедно со Биби.",Едукативни игри и квизови,,Светот на Биби,2024.0,,590 Денари,literatura
С.О.С. Ѓубре насекаде,"Џеронимо Стилтон живее во Глувчево, на Островот на Глувците, еден необичен остров во облик на парче сирење, сместен во Јужниот Стаорски Океан. Овде природата е заштитена, а глодачите живеат среќно. Во слободното време, Џеронимо собира стари корки пармезан од осумнаесеттиот век, но, најмногу од сè, обожава да пишува книги во кои што ги раскажува неговите извонредни глувчешки авантури! Дипломирал на Глувчологија на глодарската книжевност и Компаративна археоглувчешка филозофија. Раководи со Глувчеви Вести, најпознатиот весник на Островот на Глувците. Има добиено многу признанија, меѓу кои и наградата Глувцингер за делото „Тајната на исчезнатото богатство“.",Романи за деца,Џеронимо Стилтон,Култура,2023.0,111.0,290 Денари,literatura
Која игра ја играш?,"""Која игра ја играш: Силеџија - жртва - сеирџија или другар?"" е психолошки и бихевиорален прирачник што го третира насилништвото меѓу децата во училишната средина. Настанувањето на прирачникот е директно поврзано со сликовницата ""Која игра ја играш?"" од младата авторка Олга Ѓоргиева и заедно, прирачникот и сликовницата, формираат неодвоива целина. Во него авторката прави преглед на неколку типови врсничко насилство и споделува ефикасни активности и постапки за спречување и справување со насилството во училиштата и во интеракцијата меѓу децата на училишна возраст.",Сликовници,Олга Мурџева Шкариќ,Арс Ламина,0.0,100.0,290 Денари,literatura
Насоката на срцето,"Рипката се наоѓа во нова средина. Дали е во морето, на местото на слободата, за кое ѝ раскажувале рибите во аквариумот? Набрзо сфаќа дека нејзината слобода е поголема… Нејзиниот скапоцен соговорник, девојчето од работ на фонтаната, ѝ нуди утеха и нови сознанија, а рипката храбро гледа во иднината по нови искушенија. Како да ја пронајде вистинската насока во животот? Како да стигне таму, каде што посакува, иако патиштата до таму се затворени? Лела Б. Њатин во своите книги за деца создава приказни, во кои се сретнуваат имагинарни суштества и реални животни со човечки карактеристики. Нив ги мачат различни проблеми што им ги носи животот, иако самите го наоѓаат начинот да ги надминат проблемите. Писателката и визуелен уметник Лела Б. Њатин живее во Љубљана, а многу време поминува на Кочевје, во градот каде што пораснала. За возраст 7 +",Сликовници,"Лела Б. Њатин, Тина Добрајц",Прозарт Медиа,,38.0,400 Денари,literatura
Празнична боенка,Забавна боенка со празнични цртежи.,Боенки и цртанки,,Светот на Биби,2024.0,16.0,100 Денари,literatura
Месечина,"Значи, другарчиња, Боби си читал сликовница во собата, но кога снемало струја, наеднаш станал и погледнал пред себе. На подот си ја видел сенката и многу се зачудил! Па како може ноќе да има сенка?!. си рекол, нели само Сонцето и светилките прават сенки? Се свртил и ја видел Месечината на небото. Но, како може Месечината толку да свети, се запрашал.",Сликовници,Билјана С. Црвенковска,Светот на Биби,2023.0,31.0,390 Денари,literatura
Размислувај како гениј,"На половина пат помеѓу прирачник и разиграна лабораториска вежбанка, Размилсувај како гениј помага да се подобри меморијата и концентрацијата, да се активираат логичките процеси на учење, да се развива имагинацијата и креативноста.",Книги со активности,"Карло Калцан, Соња Скалко",Арс Ламина,2021.0,93.0,360 Денари,literatura
Зад вратата,"Али ги крие своите стравови зад вратата што ја создал во својата соба. Секоја ноќ, најпрвин се уверува дека вратата е заклучена, па оди на спиење. Но, една ноќ забележува дека вратата е отворена. За Али, сега тоа е време за одлука – да собере храброст и да помине низ вратата или да ја затвори и да ја игнорира засекогаш? „Зад вратата“, напишана во форма на бајка од Езги Берк, квалитетно и игриво илустрирана од Ознур Сонмез, порачува дека можеме да чувствуваме непријатност или страв во иста мера колку што би можеле да чувствуваме и среќа и радост, но тоа што е важно е да прифатиме дека таквите чувства постојат.",Сликовници,Езги Берк и Ознур Сонмез,Чудна Шума,2022.0,52.0,500 Денари,literatura
Албум за сликички „Светот на Биби“,Албум за самолепливи сликички „Светот на Биби“. 48 страници - за 190 сликички,Книги со стикери,/,Светот на Биби,,48.0,139 Денари,literatura
Воините на загубената плима (Чувари на бурата #2),"Опис Дополнителни информации Коментари #2 Чуварот на бурата Фион Бојл е Чувар на бурата на Аранмор помалку од шест месеци кога илјадници застрашувачки Ловци на души пристигнуваат на островот. Следбениците на лошата волшебничка Мориган се дојдени за да ја воскреснат нивната водачка, а Фион нема моќ да ги запре. Магијата на Чуварот на бурата го има напуштено, а бидејќи сеќавањето на дедо му се намалува, Фион мора да се потпре на своите пријатели Шелби и Сем во повикувањето на војската од сирени. Но, никој друг не верува дека страшните морски суштества воопшто постојат. А како тој може да докаже дека е во право кога ја нема сопствената магија? Додека Фион ја почнува потрагата по загубената војска, другите островјани се подготвуваат за инвазијата на Ловците на души. Борбата за спас на Аранмор тукушто почна.",Научна фантастика и Фантазија за млади,Кетрин Дојл,Антолог,2024.0,224.0,400 Денари,literatura
Итар Пејо,Ретроспективна збирка на најубави шеговити приказни за Итар Пејо . Избор од МАкедонското народно творештво . Приказни за деcа и младинcи . Ислустраcии и cртеЖи инспирирани Македонскиот народен вез .,Сликовници,"Гоце Дртковски , уредник",Љубовта е петтиот елемент,2022.0,193.0,1.250 Денари,literatura
Прозорецот на господин Ѓун,"Господин Ѓун е првиот доселен станар во новата зграда. Деновите му беа исполнети со приказните на чевлите што поминуваа пред неговиот прозорец што гледаше кон камените плочи на тротоарот. Едно утро прозорецот го најде затрупан во снег. Насмевките и топките снег што доаѓаа однадвор, зад прозорецот, пред него отвораа поглед кон еден нов живот. На тоа место каде што се среќаваа снегот и насмевките се појави нешто чудесно. Но, ќе може ли тоа да го види господин Ѓун? Инспиративна приказна за прифаќањето на животот со храброст и решителност, напишана од Ѓокнил Озќок, позната по биографиите и расказите што ги објавува. Со исклучителните илустрации создадени од Џејхун Шен, ова е книга која ќе остави силни впечатоци кај читателите од секоја возраст.",Сликовници,"Ѓокнил Озќок, Џејхун Шен (илустрации)",Чудна Шума,2023.0,44.0,500 Денари,literatura
Многу работи за правење сето време,"Да. Има многу работи што можеме да ги правиме. Да размислуваме, на пример. Или да трчаме. И да вревиме, се разбира.",Сликовници,Ева Линдстрем,Арс Ламина,2022.0,24.0,180 Денари,literatura
Роботчето Р1 - картонска сликовница,Запознај го роботчето Р1! Едиција од картонски книги наменети за нашите најмали обожаватели.,Сликовници,,Светот на Биби,,,250 Денари,literatura
Мистериозните случаи на Енола Холмс: Необичното розово ладало,"Сега и филм на „Нетфликс“ со Мили Боби Браун, Хенри Кавеил и Хелена Бонам Картер! Енола е во шок откако добива очајна, но скриена порака од својата познајничка леди Сесили: мора да ù помогне, ама не знае како. Овој комплициран случај – во чијшто центар се наоѓа едно необично, розово ладало – ја принудува Енола да истражува низ целиот Лондон, за да сфати конечно: леди Сесили е заробеничка! За случајот, исто така, заинтересиран е и нејзиниот постар брат, Шерлок. Дали Енола може да му верува? И дали може да ја спаси Сесили навреме? „Необичното розово ладало“ е четвртата книга од серијалот „Мистериозните случаи на Енола Холмс“ од веќе признаената авторка Ненси Спрингер – совршена приказна за вљубениците во Шерлок Холмс, детективската фикција и мистеријата.",Романи за деца,Ненси Спрингер,Арс Ламина,2022.0,140.0,280 Денари,literatura
Самовилата од Виленија,"„САМОВИЛАТА ОД ВИЛЕНИЈА“ е книга за деца од младата авторка Марија Ралповска, своевиден мини роман, бајка која на сликовит начин го води читателот на едно мистично патување кое го најавуваат езерските бранови и мистериозниот глас од школката. Дојдете во волшебниот свет на самовилите и вилениците, свет во кој Харли открива дека е многу повеќе од едно обично девојче во мигот кога на нејзиниот грб ќе се развиорат сребреникави крилја. Дојдете на новото патување во светот на бајките, заедно со Харли - девојчето што сонува за авантури и верува во чуда, а чудата се возможни само кога веруваме во сонот, во магијата, во волшепството... Раширете ги крилјата и вивнете се во авантурите на Виленија! Виленија, митската земја на необични суштества, животни што зборуваат, дрвја што блескаат во боите на виножитото. Но Виленија е во опасност. Злото се доближува и сака да ја обвие со својата темнина... Пророштвото вели дека Харли е одбраното девојче што може да ја спаси Виленија од канџите на злото. Ќе успее ли?! Читајте и откривајте!",Сликовници,Марија Ралковска,Едука Мак,0.0,100.0,190 Денари,literatura
Гатанки мали одговор им фали 1,"Во книшкава ќе најдеш петнаесет гатанки и, се разбира, петнаесет одговори претставени со весели цртежи. За да го дознаеш одговорот на секоја гатанка, само треба да завртиш на следната страница.",Сликовници,Ванчо Полазаревски,Чудна Шума,2022.0,34.0,150 Денари,literatura
Вистинскиот живот,"Книгата ги истражува мрачните вистини за растењето во дом исполнет со насилство и страв, како и последиците од живот без љубов од страна на оние што би требало да ги заштитат сопствените деца. Главен лик е млада девојка што живее со родителите и со помалиот брат Жил, единствената светла точка во нејзиниот живот. Нивниот дом е непријатно место исполнето со постојана закана од избувнувањата на насилниот татко, кој, освен телевизијата и алкохолот, го сака и мирисот на свежиот улов. Мајката пак е целосно потчинета на барањата на својот насилен сопруг. Затоа, девојката е рамнодушна кон неа, затоа што прифатила таков живот и не ги штити неа и нејзиниот брат. Кога трагичната несреќа ќе ги раздели, а нејзиниот брат ќе стане нем „робот“ што полека се претвора во садистичко момче што ги тероризира другите, девојката се чувствува како да загубила сè на овој свет и е опседната со желбата да се врати во минатото и да го спаси братот од мрачната судбина.",Романи и раскази за млади,Аделин Дједоне,Антолог,2021.0,176.0,300 Денари,literatura
Шерлок Холмс за деца: Поморската спогодба,"""Вотсон, би мојел ли да го доведеш твојот пријател шерлок Холмс да се види со мене? Моето работно место во МИНИСТЕРСТВОТО ЗА НАДВОРЕшНИ РАБОТИ се cхинеше безбедно додека не се слуcхи оваа ујасна катастрофа. Се плашам дека мојата кариера е УНИшТЕНА! Војната станува вистинска закана откако ќе биде украден таен документ од Министерството за надворешни работи. Но, зошто крадеcот cхекал десет недели за да го продаде? Холмс и Вотсон се втурнати во светот на меѓународната дипломатија само за да откријат дека опасноста моје да дојде од неоcхекувана страна.""",Романи за деца,Артур Конан Дојл,Арс Ламина,2022.0,152.0,129 Денари,literatura
Мачешки исповеди или што значи да се биде маче,"Сите среќни маcхиња си прилегаат едно на друго, секое несреќно маcхе е несреќно на свој наcхин. Но, понекогаш тагата ги обединува сите живи нешта и понекогаш cхитателот може да си претстави што знаcхи да се биде маcхе.",Романи за деца,Катерина Трајановска,Арс Ламина,2022.0,68.0,250 Денари,literatura
Биби и Боби во Снешковград,"Каква новогодишна авантура! Неверојатна, возбудлива и како и секогаш - непредвидлива! Биби и Боби патуваат со снешкото Гого кон Снешковград за таму да ја пречекаат Новата година. Но, Снешковград е пуст и тивок. Каде се сите снешковци? Зошто никој не ја прославува Новата година? Прочитајте ја оваа возбудлива новогодишна сказна за да дознаете.",Сликовници,"Билјана С. Црвенковска, Тхе Мичо",Светот на Биби,2022.0,37.0,360 Денари,literatura
Фармерот Борис,"""Фармерот Борис има фарма, а таму има многу животни! Погледни, прочитај и изброј! """,Сликовници,"Тед Ван Лишаут, Филип Хопман",Бата Прес,2020.0,32.0,300 Денари,literatura
Шерлок Холмс за деца: Вампирот од Сасекс,"""Господине – нашиот клиент, господинот Роберт Фергусон, ни се обрати во врска со ВАМПИРИ. Со оглед на тоа што сме ињенерска фирма, за јал темата не е некоја на којашто мојеме да дадеме струcхно мислење. Мојеби вие ќе мојете да бидете од поголема ПОМОш. Холмс и Вотсон се сооcхуваат со најcхудниот слуcхај дотогаш. Еден вознемирен сопруг доаѓа кај нив да побара помош, оcхајно сакајќи да го разбере cхудното однесување на неговата јена. Таа е фатена на дело како ја cиcа крвта на сопственото бебе! А сепак, вампирите се измислени, тие не постојат... нели?""",Романи за деца,Артур Конан Дојл,Арс Ламина,2022.0,112.0,129 Денари,literatura
"Аврам, Богдан, вода газат","НАЧИН НА УПОТРЕБА: Прво малку да се ѕирне во книгата, а потоа да се чита полека, по АзБучен ред, со насмевка, може и повеќепати (без разлика на годините)… СОСТОЈКИ: Една љубопитна Меланија и нејзините авантури од буквата А, кога еден поп, пред да почне оваа книга, сркна малку супа, а дури потоа, на почетокот на книгата, значајно изјави: „Аааа, па вие, Меланија, сега ќе учите да читате и да пишувате?“ ВРЕДНОСТ: Голема, со додаток – уживање… ПРОИЗВЕДЕНО: Не е произведено, туку напишано на рака и нацртано на рака… РОК НА ТРАЕЊЕ: Неограничен, почнувајќи од овој миг: „Сега!“ Награди и признанија: Награда „Раде Обреновиќ“ за најдобар роман за деца и млади во 2016 година, која ја доделуваат Змајевите детски игри Награда на „Политикин забавник“ за најдобро дело наменето за млади во 2016 година Награда за најдобар роман во продукцијата за деца во 2016 година според одлука на жирито на порталот „Детињарије“",Романи за деца,Владислава Војновиќ,Чудна Шума,2021.0,182.0,400 Денари,literatura
Лола ја сака ѕвездата,Мали срцевидни книги за најмалите девојчиња!,Сликовници со тврди страници,,Топер,2014.0,8.0,130 Денари,literatura
Детски водич за добро однесување,Сетот вклучува: Книга за доброто однесување Табела за следење на напредокот Налепници за мотивација Диплома за успех Претворете го учењето во забава и охрабрете ги децата да станат најдобрата верзија од себе!,Сликовници,,Топер,,,299 Денари,literatura
Големи зборови за мали уши: ГРАДОНАЧАЛНИК,"Понекогаш малите уши на децата не ги собираат големите зборови на возрасните. Всушност, тие не ги разбираат. Учиме големи зборови со мали приказни од секојдневието! Ги подготвуваме децата за светот што ги чека!",Сликовници,Илина Мангова,Арс Ламина,2024.0,23.0,220 Денари,literatura
Мојата прва книга: Сет од 12 сликовници,Дванаесет мини - изданија за почетно изучување на основни поими Птици Цвеќиња Овошје Зеленчук Животни Диви животни Бои Превозни средства Бројки Азбука Форми Зборови за дејство,Сликовници со тврди страници,,Арс Ламина,2024.0,,869 Денари,literatura
Волшебната шума - 3D сет,"Влезете во Волшебната шума и чувствувајте се како самовила! Во овој сет ќе најдете волшебна боенка, волшебни лепенки и волшебни макети.",Книги со активности,Група автори,Топер,,,180 Денари,literatura
Јарињата Брусе одат на училиште,"Си беа еднаш три јариња кои се викаа јарињата Брусе. Еден ден им дојде писмо дека мора да тргнат на училиште. -Зошто мора да одиме? - праша најмалото. -За да научиме да читаме и да пишуваме - рече средното. Но, училиштето има нов директор. Кој ли би можело да биде тоа?",Сликовници,"Bjorn F. Rorvik, Gri Moursund",Артконект,2024.0,46.0,490 Денари,literatura
Бибиверзум 2,Книга со активности наменета за деца од второ одделение.,Книги со активности,Мартин Поповски,Светот на Биби,2021.0,38.0,220 Денари,literatura
Само уште пет минути,,Сликовници,"Патриша Першоља, Полона Ловшин",Сказнувалка,2022.0,30.0,600 Денари,literatura
Боенка со налепници - Роденден,"Боенки со налепници • За развој на моторичките вештини кај децата • За јакнење на концентрацијата • За поттикнување на детската љубопитност, фантазија и креативност",Боенки и цртанки,,Арс Ламина,2022.0,10.0,48 Денари,literatura
Водич на модерните девојки за возбудливи состаноци,Како да ја играш и да победиш во играта на љубовта,Самопомош и совети,Сара Ајвенс,Икона,2009.0,240.0,499 Денари,literatura
Мирко Немирко,"Мирко, како и сите деца, постојано сака да си игра. Патува по небото во потрага по забава. Сакајќи да се шегува со луѓето, наидува на нивното негодување коешто го збунува. Со дождовните капки со кои се обидува да ги развесели и да ги насмее луѓето, всушност, ги брка од себе и ги затвора во домовите. Се обидува еднаш, уште еднаш,.. и потоа, тажен, исчезнува. Зад себе остава еден збор кој продолжува да патува низ светот, без престан. Тоа е зборот Немирко, симпатичниот прекар на палавото облаче Мирко.Slikovnica za deca , prevod od Hrvatski jazik . Ilistracii , crtezi Vane Kosturanov",Сликовници,"Ана Ѓокиќ, Ване Костуранов (илустрации)",Арс Ламина,2021.0,32.0,200 Денари,literatura
Снешко - Дневникот на едно кутре,"Јас сум Снешко Беличковски. Мајчин јазик ми е кучешкиот. Течно го лаам и беспрекорно го разбирам. Кога дојдов кај Мила почнав да го учам и да го разбирам јазикот на човеците... Само, тежок ми е за лаење, уште не знам да лаам како човец. Не, не, како...Како човек! Ми текна!",Романи за деца,Снешка Трајковска,Арс Ламина,2021.0,60.0,200 Денари,literatura
Буба,"На едно убаво место си живееше малата Буба. Знаете, еден ден таа ќе порасне во прекрасна пеперутка! А патот до тој ден е раскажан во оваа сликовница. На патување кое е возбудливо, а понекогаш и опасно таа открива нови работи и чувства. Љубопитноста ја поттикнува, но мора и да ги надмине стравот и сомнежот. Дали навистина сè ќе биде во ред на крајот? Патувањето на Буба е и приказна за растењето На секое живо суштество. за возраст 3 + Превод: Драгана Евтимова",Сликовници,Андреја Пеклар,Прозарт Медиа,,34.0,400 Денари,literatura
Маѓепсана училница,"Во сосема вообичаено училиште, во едно сосема вообичаено одделение, доаѓаат три необични ученици. Наставата одеднаш стана интересна, а часовите и лекциите се толку забавни што можат да се совладаат со леснотија – и тоа низ игра. Од сè што ова одделение ќе научи, најважната лекција е дека низ пријателството и запознавањето со различните луѓе, нашиот свет станува богат и волшебен. „Маѓепсана училница“ е најпознатото дело на славната чешка писателка за деца Ивона Бжезинова. Оваа книга ги доби наградите „Магнезија литера“ во 2002 година и „IBBY“ во 2004. Овој роман е дел од европската програма Barfie (Книги за интеркултурна едукација), чија цел е да промовираат книги што развиваат толеранција и интеркултурен дијалог. Во Маѓепсана училнициа се зборува за три ромски деца што често менуваат училишта, следејќи ги своите родители, кои се магионичари што патуваат. Затоа нивното образование не е на завидно ниво – не може да се каже дека течно читаат и пишуваат, а ниту математиката не им оди од рака. Децата наидуваат на безброј предрасуди и поради тоа паѓаат во неволји. Меѓутоа, благодарејќи на магичните моќи, успеваат да докажат дека тоа што не се добри ученици, не значи дека не се добри другари и паметни, чесни луѓе.",Романи за деца,Ивона Бжезинова,Бата Прес,2023.0,77.0,300 Денари,literatura
"Бои, мои и твои",slikovnica tvrd povez za deca od predskolska vozrast na Makedonski jazik,Сликовници со тврди страници,Томе Силјановски,Арс Ламина,2022.0,18.0,199 Денари,literatura
Професии - книга со активности,Книга за деца со активности во боја Оваа книга содржи забавни и едукативни активности за запознавање со некои професии: • графомоторички активности • лавиринти и загатки • боење и други активности,Книги со активности,Билјана Стојоска Златков (уредник),Арс Ламина,2024.0,24.0,118 Денари,literatura
Фати го крадецот во Мадрид,"Џеронимо Стилтон живее во Глувчево, на Островот на Глувците, еден необичен остров во облик на парче сирење, сместен во Јужниот Стаорски Океан. Овде природата е заштитена, а глодачите живеат среќно. Во слободното време, Џеронимо собира стари корки пармезан од осумнаесеттиот век, но, најмногу од сè, обожава да пишува книги во кои што ги раскажува неговите извонредни глувчешки авантури! Дипломирал на Глувчологија на глодарската книжевност и Компаративна археоглувчешка филозофија. Раководи со Глувчеви Вести, најпознатиот весник на Островот на Глувците. Има добиено многу признанија, меѓу кои и наградата Глувцингер за делото „Тајната на исчезнатото богатство“.",Романи за деца,Џеронимо Стилтон,Култура,2024.0,128.0,290 Денари,literatura
Мравката Тони,"Има дечиња вредни и дружељубиви како мравки, но едноставно не се толку вешти во спортување или во друг тип натпреварување. Оваа приказна е вистинска „показна вежба“ на најпознатата максима на основоположникот на модерните Олимписки игри – Пјер де Кубертен: „Не е важно да се победи, важно е да се учествува!“ Никој не треба да се разочарува ако во нешто не е вешт како другите, зашто, пак, во нешто друго – сигурно е вистински махер!",Сликовници,Маја Мишевска,Арс Ламина,2022.0,24.0,220 Денари,literatura
Скокотливата куќа,"Дали знаеш, дете, што излегува од јајцата од молив, стоплени во едно гнездо-чкртка? Излегува приказна. Приказна за една куќа со виткани линии, нацртана од едно дете што силно го стискаше моливот. Оваа куќичка со име Скокотливка живее во земјата на детските цртежи што се вика Точкалинија. Толку е налутена од исмејувањето на другите куќички, што тргнува со брод кон Северниот Пол, за да смрзне и да се чувствува силна како сите други куќи. И како што се знае, секоја пречка е авантура… од која извлекуваме поука која никогаш нема да ја заборавиме.",Сликовници,Рудина Чупи,Чудна Шума,2024.0,35.0,300 Денари,literatura
Приказна за малиот Уг,"„Приказна за малиот Уг“ е нежна, емотивна и прекрасно илустрирана приказна за различностите. Малото Угче, главниот протагонист во приказната – се раѓа поинакво од другите угчиња на Зелената Планета. Осамено и отфрлено, угчето трага по пријател кој нема да се плаши од него… Сликовницата е дел од едицијата „Различни и прекрасни“, едиција во која се наоѓаат изданија за најмалечките кои отворено зборуваат за прифаќањето на различностите, за инклузијата, миграцијата, справувањето со врсничкото насилство, самодовербата итн.",Сликовници,Ирина Атанаскова,Чудна Шума,2022.0,44.0,625 Денари,literatura
Мојата џиновска книга за диносауруси,Оваа разнобојна и впечатливо илустрирана џиновска книга ќе ги запознае децата со најголемите и најстрашните диносауруси кои некогаш постоеле.,Сликовници,Џони Ферланд-Глобенски,Арс Ламина,2024.0,43.0,1.090 Денари,literatura
Пишувачите на писма,"На поштарот Федерико му се заканува отказ од работа. Неговата внука Ирија прави инстант план како да го спаси. Но планот не му се допаѓа на Дон Исидро градоначалникот, кој ја мрази реката што тече во село Ноабери и го мрази Федерико. За да ја скрие својата намера, сепак му дава на Дон Исидро рок од 15 дена. Пишувањето писма полека изумира, но сите тие писма кријат една тајна... Можеш да погодиш каква?",Романи за деца,Беатрис Осес,Сказнувалка,2022.0,152.0,450 Денари,literatura
Бушава азбука (тврд повез),"Поминаа повеќе од 35 години откако беше создадена култната ТВ-серија за деца, а по неа и сликовницата ""Бушава азбука"" на Горан Стефановски, со илустрации на Душан Петричиќ. Со ""бушавите букви"" растеа генерации и генерации, учејќи го македонскиот јазик и скапоцените подзаборавени, архаични зборчиња кои се одраз на неповторливата македонска книжевност, култура и традиција. Конечно, во 2022 година, го доживуваме резиданието на оваа вредна книга, од која сега можат да читаат денешните мали ""бушави глави"" и растат денешните, нови генерации, негувајќи го македонското културно наследство.",Сликовници,"Горан Стефановски, Душан Петричиќ",Чудна Шума,2022.0,64.0,720 Денари,literatura
Куќа без огледала,"Куќата на старата тетка на Тумасина, Хенриета, како да е создадена за играње криенка. Полна е со спирални скали, со скриени катчиња и празни простории, но нема ниту едно единствено огледало. Хенриета е стара и болна, па во куќата се собрани сите нејзини роднини кои очекуваат дека ќе се најдат во нејзиниот тестамент. Додека возрасните се препираат околу наследството, Тумасина ги минува деновите со малечката и молчалива Сигне, со немирниот Ерланд и повлечената Вилма. Еден ден Сигне пронаоѓа таинствена осмоаголна просторија преполна со огледала, а во неа – скриен свет. Зошто Хенриета ги тргнала сите огледала од куќата? Како да се објаснат промените кај сите што ќе влезат во скриената просторија? И кое е мистериозното девојче кое е заслужно за тие промени? Романот „Куќа без огледала“ на Мортен Санден е трогателна приказна за љубовта, болката, растењето и созревањето, проткаена со загадочна атмосфера од која одвреме-навреме ќе ве полазуваат морници.",Романи и раскази за млади,"Мортен Санден, Иштван Лакатош (илустрации)",Чудна Шума,2024.0,160.0,400 Денари,literatura
Новогодишна бајка,"novogodishna prikazna za deca , so ilustracii , Makdonski avtor",Романи за деца,Ели Маказлиева,Едука Мак,2022.0,15.0,100 Денари,literatura
Последната светулка,"Биби и Боби се запознаа со ново другарче - Луми, кој мисли дека е последната светулка на светот! Ќе можат ли Биби, Боби и нивниот пријател облакот Бени да направат нешто за Луми да затрепка во сиот свој сјај?",Сликовници,Билјана С. Црвенковска,Светот на Биби,2023.0,32.0,200 Денари,literatura
Чудесниот свет на буквите,"Вирхилио не сакаше да чита. Не, не – Вирхилио мразеше да чита. Арно ама, еден ден немаше друг избор. Се разбира, го принудија. Се разбира, учителката го принуди. Немаше каде. И, згора на тоа, мораше да се сретне со писателот. Но, не знаеше дека овој ден ќе биде почеток на неговиот нов живот. Некои книги се портал што води во фантастичниот свет. Само треба да ги најдете.",Романи за деца,"Жорди Сиера и Фабра, Иван Кастро (илустрации)",Сказнувалка,2023.0,233.0,450 Денари,literatura
Нескршлив ум: Навики и однесување на ментално силните индивидуи,"Оваа книга навлегува во повеќе аспекти на менталната сила, истражувајќи не само што избегнуваат ментално силните луѓе туку и проактивните, позитивни навики што ги негуваат за да водат исполнет и издржлив живот.",Самопомош и совети,Филип Петровски,Мартина,,150.0,300 Денари,literatura
Милиони мачки,"Си беа еднаш еден старец и една старица. Живееја во убава и чиста куќа со цвеќе насекаде околу неа. Но, не беа среќни, туку премногу осамени.",Сликовници,Ванда Гаг,Арс Ламина,2024.0,31.0,220 Денари,literatura
"Ха, ха, ха... Да паднеш од смеење! 2 : најсмешни вицови за деца","Добриот виц има моќ да ги смири подивените, занесените да ги натера да слушаат, а влечковците да побрзаат за да не испуштат здраво смеење. Вицовите можете да ги употребувате за да ги извлечете наутро спанковците да не задоцнат во училиште или за да промените несакана тема, да подобрите нечие расположение, па и да го заокружите денот насмеани. Такво е и ова книже – предизвикува искрена смеа и одлично расположение.",Романи за деца,Бранка Бугариска,Арс Ламина,2022.0,79.0,120 Денари,literatura
Деветтиот живот на принцот на мачките,"ЗНАЕШ ЛИ дека стариот чинар во Градскиот парк, всушност, се вика г-ѓа Завоцка и дека е вдовица? Можно е дури и да почне да раскажува за љубовта на Камениот принц и Водната самовила, љубовта што го запрела времето во Будимпешта и сета ја исполнила со среќа. Но, не само дрвјата во Градскиот парк туку и оние на брегот од Тиса знаат да раскажуваат за многу нешта: за Пролетната самовила и Принцот на мачките, за чесната и ветрогонот кои, и покрај сите неволи, сепак ги поврзува некој невидлив конец што ни смртта не може да го скине. Како што се спојуваат љубовниците, така во бајките на Дора Гимеши и во илустрациите на Каталин Сегеди се спојуваат хуморот и емоциите, светот на секојдневието и светот на лирската имагинација. Препорачано за сите од седум години, па нагоре, за тинејџери и тинејџерки, дури и за возрасни кои си дозволуваат да бидат понесени од силата на бајките и многуте лица на љубовта.",Сликовници,Дора Гимеши,Чудна Шума,2024.0,49.0,700 Денари,literatura
Делфинот Дуле,"Натпреварите не се секогаш показател за тоа кој е најдобар во нешто. Туку и кој е најчовечен. Такви примери има многу во историјата. Иако кај дечињата е најизразен натпреварувачкиот дух, понекогаш победник може да биде тој што му помогнал некому во неволја, а не тој што прв стигнал на целта. Да се биде пожртвуван и љубезен е најголемата победа на светот.",Сликовници,Маја Мишевска,Арс Ламина,2023.0,21.0,220 Денари,literatura
Шила,"Како што растеше Шила, така растеше и бројот на куклите што таа ги шиеше... „Шила“ е топла сликовница за патот до среќата на едно срамежливо девојче, „сошиена“ од лирската приказна на Јана Мишо и колоритните илустрации на Калиопи Трпчева. Играта со ткаенините, со машината за шиење, со копчињата и со конците е впечатлив, личен начин за изразување, но и за справување со емоциите кај децата, различни и поинакви во однос на другите околу нив. Волшебниот свет на Шила преку шиењето на сите попатни емоции низ растењето, нè води до зрелост и целосна исполнетост. Правејќи кукли, Шила го крои и го шие светот по мерка на среќата кон која сите се стремиме. Кругот на животот се свртува со безименото девојче на кое веќе возрасната Шила му помага побрзо и полесно да стане тоа што сака. „Шила“ е книжевно-ликовен свет, напишан, нацртан и сошиен како поддршка за истрајноста, стрпливоста и самодовербата кај децата. Истовремено го реактуелизира чудесниот подзаборавен свет на рачната работа.",Сликовници,"Јана Мишо, Калиопи Трпчева",Арс Ламина,2022.0,40.0,180 Денари,literatura
Зготви ми приказна,"Што му готвите на дете кое е многу пребирливо? Приказна, се разбира! Земате розово тенџере со зелени дамки и мешате со најголемата лажица! Кога ќе се свари приказната, ја сервирате во чинија. Што ако на детето не му се допаѓа приказната? Обидете се повторно. Во зелено тенџере со сини точки! Но, пробајте ја оваа приказна прво. Сигурно ќе ви се допадне. Наздравје јадење… и читање! за возраст 5+ Превод: Драгана Евтимова",Сликовници,Мајда Корен,Прозарт Медиа,,32.0,400 Денари,literatura
Кула од бројки,"„Кула од бројки“ е весела сликовница во рима од едицијата „Сезнајковци“. Со неа децата игриво влегуваат во светот на бројките. На забавен, шаренолик начин, преку стихови, гатанки, досетки и патокази, спонтано се совладуваат учењето и пишувањето на броевите од 1 до 10. Сликовницата може да се персонализира со испишување на името на детето на почетокот, но и со вежбање на правилното пишување на бројките во малиот, подзаборавен потсетник на краснописот на дното од секоја страница.",Сликовници,Христина Шеќероска,Арс Ламина,2023.0,23.0,220 Денари,literatura
Сообраќај: книга со активности,Книга за деца со активности во боја Оваа книга содржи едукативни и забавни активности со кои децата ќе се запознаат со сообраќајните средства и правила: • графомоторички активности • лавиринти и загатки • боење и други активности,Книги со активности,,Арс Ламина,2024.0,20.0,118 Денари,literatura
Тајните на македонските пештери,"Книгата „Пештерите во Македонија“ е прва книга на македонски јазик што ги објаснува одликите на пештерите на ниво адаптирано за младите читатели. Во првиот дел е дадено објаснување како се формираат пештери и пештерски украси, како и потребната опрема за нивно истражување. Во вториот дел се опфатени седум позначајни македонски пештери. За секоја пештера се изнесени спелеолошки информации, факти за пештерската фауна и легенда поврзана за пештерата. Третиот дел од книгата е забавен дел во кој преку интересни активности читателот стекнува трајни знаења за подземните карстни форми.",Детски енциклопедии и атласи,Билјана Гичевски,Арс Ламина,2022.0,36.0,295 Денари,literatura
Беззборовната Ела,"Приказна за лековитата и разорната моќ на зборовите, како и за леснотијата со која им ставаме етикети на луѓето околу нас. Ела е мало девојче кое не зборува, но ги штити и ги чува зборовите како богатство, длабоко скриени во своето срце. Ела не зборува, но таа има прекрасни пријатели во нејзиниот богат имагинарен свет, како мачката без едно уво, чија опашка е едно рипче, едно глувче и еден тивок сив слон… Но, какво чудо ќе се случи кога момчето со црвено капче ќе стане дел од нејзиниот свет? Книгата е дел од каталогот „The White Ravens“ на 200 најдобри книги за деца и млади за 2016 година.",Сликовници,"Викторија Патришку, Кристијана Раду",Чудна Шума,2024.0,28.0,490 Денари,literatura
Магични еднорози Боенка,Запознај се со еднорозите - ти требаат само боички и насмевка!,Боенки и цртанки,Арс Ламина,Арс Ламина,2024.0,15.0,68 Денари,literatura
Мојата прва библиотека - СЕ СМЕЕ,Книга 7 „СЕ СМЕЕ“ е седмата книга во “Црвеното ниво”. Изучени букви: А Н Е М И С,Сликовници,"Деспина Мукоска, Калиопи Трпчева (илустрации)",Арс Ламина,2023.0,24.0,68 Денари,literatura
Кој каде живее? : Поларни животни,"Едукативни налепници: ­Кој каде живее? ПОЛАРНИ ЖИВОТНИ Исечи, залепи научи! Поларните региони се најладните места на Земјата. Лете имаат по 24 часа дневна светлина, а зиме – постојана темнина. Копно покриено со постојан мраз, делумно замрзнат океан и силни ветрови. Тешко може да се замисли дека некој би преживеал на такво место, но... Оживувајте ги сцените со животни - налепница по налепница! Налепниците се лесни за сечење и за одлепување и се совршени за малите вредни детски прстиња! Со овие едукативни налепници децата ќе останат долго ангажирани, додека се забавуваат и истовремено учат за живеалиштата на животните.",Книги со стикери,Бранка Бугариска,Арс Ламина,2022.0,5.0,98 Денари,literatura
Мисија: Обнови го градот,НЕВЕРОЈАТНА АВАНТУРА ВО КОЈА ЗАЕДНО СО ЏЕРОНИМО СТИЛТОН ЌЕ СМИСЛУВАТЕ ИДЕИ И ЌЕ ПРОНАОЃАТЕ НАЈРАЗЛИЧНИ РЕШЕНИЈА КАКО ПОЛЕСНО ДА ФУНКЦИОНИРА ГРАДОТ ВО КОЈШТО ЖИВЕЕТЕ!,Романи за деца,Џеронимо Стилтон,Култура,,111.0,290 Денари,literatura
Тајната на пештерата,"Биби и Боби го поминуваат зимскиот распуст на планина: се скијаат, се санкаат и играат во снегот. Но, откако ќе откријат пештера скриена во снегот, почнува нивната неверојатна авантура - во скриениот град Мразилово каде што ги чекаат необичните жители, но и некои стари пријатели...",Сликовници,Билјана С. Црвенковска,Светот на Биби,2022.0,36.0,200 Денари,literatura
Научи да црташ: Чекор по чекор 1,,Боенки и цртанки,,Арс Ламина,2023.0,,118 Денари,literatura
Нашите бабички секоја посебна на свој начин,"„На нашите баби им се обраќаме со различни имиња: бабе, бабуш, бапче, мајче, бабуле... Затоа што сите баби се различни. Сите се грижат за нас, нè галат и нè учат на различен начин.“ Приказна што им оддава почит на бабите, нашите први пријателки, нашите втори мајки и омилени хероини, и на посебниот однос што го градиме со нив.",Сликовници,Беа Табоада,КСЦ Полица,2023.0,40.0,300 Денари,literatura
Мирабела прави палавости,"Семејството на Мирабела е посебно, а сите љубители на Исидора Мун веројатно веќе ја познаваат, затоа што Мирабела е братучетка на Исидора Мун! Исидора и Мирабела имаа авантури и претходно, но овде првпат таа ќе биде главен лик во новите приказни. Мирабела е половина вештерка, половина самовила, целосно палава. Мирабела живее со мајка ѝ, која е вештерка, татко ѝ, кој е виленик, и брат ѝ Вилбур. Нејзино милениче е малото виолетово змејче – Виолета. Обожава да прави вештерски магии под месечевата светлина, исто колку што ги обожава и природата и самовилската магија. Во „Мирабела прави палавости“ на Мирабела ѝ е забрането да ги понесе своето вештерско волшебно стапче и котелот на традиционалниот самовилски собир… но таа не прави секогаш како што ѝ е кажано… всушност, Мирабела баш ужива да прави палавости каде и да оди. Освен тоа, што би можело да тргне наопаку ако направи малкуцка вештерска магија?!",Романи за деца,Хариет Мункастер,Арс Ламина,2023.0,101.0,350 Денари,literatura
Хари Потер и Пламениот пехар,"Летниот распуст на Хари е незаборавен, за промена! Заедно со Визлиеви и Хермиона тој присуствува на Светското првенство во квидич – невообичаен настан дури и за волшебничкиот свет. Во Хогвортс, пак, првпат по неколку векови се одржува Триволшебничкиот турнир, меѓуучилиштен волшебнички натпревар во кој се соочуваат првенците на трите познати волшебнички училишта, Хогвортс, Бобатонс и Дурмстранг. Но, во заднината на сите овие настани се чувствува темнината и злото: дали конечно ќе се случи долгоочекуваното враќање на Лордот Волдеморт? „Хари Потер и Пламениот пехар“ е четвртиот дел од серијалот за младиот волшебник Хари Потер и неговите авантури во светот на волшебниците и магијата.",Научна фантастика и Фантазија за млади,Џ. К. Роулинг,Арс Ламина,0.0,568.0,750 Денари,literatura
ABC nga ananasi deri te zhapiu,Mësoje alfabetin bashkë me vogëlushen Sofi. Mëso të lexosh dhe të shkruash shkronja dhe lehtë t’i dallosh fjalët me ndihmë të vizatimeve argëtuese. Ky libër do t’u ndihmojë fëmijëve gjatë: • Të mësuarit e shkronjave të alfabetit • Të shkruarit e shkronjave • Njohjes së fjalëve • Zhvillimit të shkathtësive motorike • Ndërtimit të vetëbesimit,Книги со активности,Refail Sulejmani,Арс Ламина,2022.0,20.0,148 Денари,literatura
Мојата прва библиотека - НЕМА,Книга 3 „НЕМА“ е третата книга во “Црвеното ниво”. Изучени букви: А Н Е М И,Сликовници,"Деспина Мукоска, Калиопи Трпчева (илустрации)",Арс Ламина,2023.0,24.0,68 Денари,literatura
"Сет боенки, Бојан и Бојана 1-8","Осумте изданија на боенките Бојан и Бојана се дел од оваа едиција. Децата од Македонија добија можност својата ликовна креативност да ја развиваат преку традицијата на македонските народни приказни. Првпат децата можат да ги бојат Итар Пејо, Силјан Штркот, Девојчето со трите волшебни прачки.... и да се вратат преку ликовните претстави во нашиот свет на бајки. Илустратор Натали Николовска 8- изданија во боја",Боенки и цртанки,Натали Николоска (илустратор),Љубовта е петтиот елемент,,16.0,300 Денари,literatura
Мојата прва библиотека - ЃЕРДАН,"Книга 25 „ЃЕРДАН“ е дваесет и петта книга во комплетот, а петнаесетта од „Жолто ниво”. Изучени букви: А Н Е М И С Т О В Д П Л К Р У Г Б Ј З Ш Ж Ч Ц Ќ Ѓ",Сликовници,"Деспина Мукоска, Калиопи Трпчева (илустрации)",Арс Ламина,2023.0,24.0,68 Денари,literatura
Дина и Додо 3: Во циркус,"Решавај и забавувај се со Дина и Додо! Низ вежбанките ќе најдеш многу забавни активности и загатки за решавање – од лавиринти и пронаоѓање разлнични или исти предмети, цртање од точка до точка, боење, до откривање скриени предмети и зборови, активности со броење и собирање и судоку загатки! • За развој на логичките капацитети и способности кај децата • За јакнење на концентрацијата • За поттикнување на детската љубопитност, фантазија и креативност.""",Книги со активности,,Арс Ламина,,24.0,138 Денари,literatura
Осаменото Дрво,"На карпите, во подножјето на планината, се наоѓа село недопрено од новото време. Во далечината се гледа морето. По долги години во селото се враќа Виолета, сега веќе старица. Во исто време исчезнуваат амајлиите од црквата и токму на неа паѓа сомнежот. Минатото на оваа жена е темно, а сегашноста неизвесна. Ја викаат „Вештерката“. Симос, момче израснато со локалните легенди, е единственото што верува во нејзината невиност. Но, дали ќе се осмели да им се спротивстави на другарите, кои организираат заговор за да го разоткријат „вистинското“ лице на вештерката? Минатото на селото и на селаните се расплетува низ сеќавањата на постарите и откровенијата на помладите. Место што е темно и светло во исто време, место што ја бара својата вистина преку верувања, предрасуди, соништа и визии, предавства, страсти и сенки.",Романи за деца,Марија Папајани,Сказнувалка,2024.0,226.0,450 Денари,literatura
Дашењка или животот на едно кученце,"Дашењка или животот на едно кученце е книга за деца која раскажува за раѓањето и растењето на едно кученце. Во форма на дневник, книгата е проследена со бајките што му ги раскажувал Чапек на своето кученце додека се обидувал да го натера да седи мирно за да го фотографира. Ова е топла книга, полна со љубов кон кучињата. Одлична, духовита, забавна и едукативна, и за децата и за возрасните. Моралната и едукативната мисија на оваа книга е јасна – има своја улога во едукација на децата за љубовта кон животните.А тие ги сакаат животните, па затоа сме сигурни дека ова ќе биде нивната омилена книга.",Романи за деца,Карел Чапек,Ѓурѓа,2023.0,102.0,300 Денари,literatura
Со големо Д,"Познато ѝ е на македонската читателска публика, зашто тоа веќе со години, па би рекле и со децении веќе се повторува во нашиве книжевни кругови, и не само во книжевните: „недостасуваат прозни дела, романи и раскази наменети за тинејџерската возраст“. Појавувањето на овој роман од перото на изразито продуктивниот и сестраниот писател Александар Кујунџиски доаѓа во вистинско време; не само за да ја пополни таа празнина туку и за да донесе една нова димензија во тематска и содржинска смисла. Имено, иновантноста на ова дело е поттикната од сознанието дека најголем дел од сите досега публикувани романи за нашите тинејџери од нашите автори се на тема љубов. Овде, за разлика од сите тие посочени дела, основата на романескниот тек од првите до последните страници на романот е она што во тие години, на таа возраст секако треба да биде далеку понагласено и подоминантно. Тоа е дружењето, другарството. Да, да, другарството – таа особина, доблест и однесување кое распослано и сплетено по сите можни релации ја негуваат и ги красат не само главните ликови Ведран и неговите соученици, туку и возрасните ликови во романот. Овде другарството е тоа што е главен сопатник и содружник на децата кои се „во залет“ да минат од еден животен период во друг. Од еден брег на друг. Од брегот на детството на брегот на почетокот на зрелоста; таму каде што треба веќе многу повеќе и многу појасно да го имаат осознаено светот што ги опкружува.",Романи и раскази за млади,Александар Кујунџиски,Антолог,2024.0,95.0,250 Денари,literatura
Панда во дрон,"Панда и Анаконда живеат заедно, на хациенда, во Уганда. Веднаш до нив живеат сестрите близначки, Линда и Белинда, кои слават роденден, заедно со своите братучетки: Аманда, Миранда, Јоланда и Росанда. Една драматична случка, во која ќе се појави дрон, ќе ги спои сосетките. Во оваа луда книга, меѓу многуте необични работи, се појавуваат Дрвото на светот Игдрасил, кралот на птиците Симург, птицата Рох, голема колку облак, крилестиот пес Симаргл, кучето Лајка... Главни се, сепак една Панда и една Анаконда.",Романи за деца,"Пандалф Вулкански, Ристо Аврамовски",Темплум,2022.0,74.0,525 Денари,literatura
Мојата прва библиотека - сет,"Сет од 6 картонски сликовници - Мојата прва библиотека – Забавен начин за градење вокабулар и истражување на светот, збор по збор! Зошто ќе ги обожавате: -Картонски книги создадени за мали рачиња. -Сместени во цврста кутија за лесно складирање и носење. -Совршени за поттикнување на фантазијата и развојот на умот! Овие сетови се идеален подарок за родендени, празници или за секојдневна радост.",Сликовници,,Топер,,,450 Денари,literatura
Ешко Тешко,"Непознат посетител остава нешто пред влезната порта од куќата на фамилијата Ешковcи и тивко си заминува. Таткото излегува надвор и наоѓа писменcе и кошниcхка, а во неа - еже. Мало, најмало што може да биде. Новороденcхе. Потоа набрзина го cхита напишаното. Мајката на ежето со тешко срcе го остава своето еже на згрижување во прекрасната и угледна фамилија. Каде шест, таму и седум устиња за прехранување, вели таа. Но дали ќе биде така? Дали се потоа ќе се одвива онака како што посакува мајката на ежето посвојcхе? Како ќе го прифатат братcхињата и сестриcхките? И дали името што ќе го добие ќе го води Ешко Тешко со лесно или со тешко низ жживотот?",Сликовници,Александар Кујунџиски,Антолог,2022.0,16.0,180 Денари,literatura
Световид и виделина,Словенска митологија за деца . Текст и илустрации. Препев на Македонски јазик .,Детски класици,Нина Анастасова Шкрињариќ,Датапонс,2021.0,15.0,180 Денари,literatura
Време е повторно да ги запалиме ѕвездите,"Има ѕвезди и на друго место освен на небото. Притеснета од долговите и тинејџерските проблеми на своите ќерки, 37-годишната Ана носи брза и луда одлука – да заминат на патување во Скандинавија за да ја видат поларната светлина. По несреќниот развод, затворена во кругот на рутината, Ана сфаќа дека животот ѝ одминува исто толку брзо колку и на нејзините ќерки. 17-годишната Клое живее во соништа за иднината и постојано е во потрага по љубовта на својот живот. 12-годишната Лили, пак, е девојче кое повеќе сака да се дружи со својот глушец. Сите три се совршена комбинација. Читајќи ги нивните записи, влегуваме во внатрешниот свет на три жени, три различни гласови. Ќе успее ли тоа патување да им го промени животот и да ја стопи далечината меѓу нив? Зашто дури и на растојание од 17.000 километри, може да се биде заедно. Само треба да се знае како. Моментално најпознатата француска романсиерка блеснува со забавен и длабоко искрен роман за тоа како да се сакаш себеси, другите и целиот с",Романи и раскази за млади,Вирџини Грималди,Издавачки центар ТРИ,2021.0,283.0,450 Денари,literatura
Здраво бебе! Првите години од твојот живот Сива боја,"Ви го претставуваме нашиот ексклузивен споменар „Здраво, бебе (Првите години од твојот живот)“ – совршен чувар на сите ваши скапоцени спомени, почнувајќи од бременоста па сѐ до петтата година од животот на вашето дете. Зачувајте го најубавото патување во вашиот живот на прекрасните колоритни страници, полни со емоции и љубов; првите фотографии од вашето бебе безбедно вгнездени помеѓу елегантно дизајнираните тврди корици со премиум лен платно, кое дава безвременска убавина каква што ѝ прилега на најбезвременската и најбескрајната љубов која постои: љубовта кон вашето дете. Достапна со корици со три различни дизајни за сечиј вкус, Радосницата Здраво, бебе! е најубавиот подарок што можете да си го подарите себеси или пак на саканите кои очекуваат бебе – подарок кој останува за цел живот и за идни генерации. Подарок во кој секоја страница раскажува една прекрасна животна приказна и со години ќе ве навраќа на едно од најубавите времиња во вашиот живот!",Радосници,,Сакам Книги,2024.0,65.0,1.400 Денари,literatura
Лили,"Лили e растение кое живее во прекрасна цветна градина. Како доаѓа времето за цут на одредено растение, така тоа си добива цвет. Едно по друго, сите растенија во градината расцутуваат… Сите освен Лили. И така, таа трпеливо чека да расцути… додека градината секоја година блеснува во најразлични бои. Дали Лили ќе добие цвет или ќе остане само едно обично зелено ливче?",Сликовници,"Теона Ценовска, Ирина Атанаскова (илустрации)",Чудна Шума,2023.0,48.0,700 Денари,literatura
Стела и Сани - боенка Диносауруси,"Нашите забавни опашести пријатели – диносаурусите Какви се овие чудни стапалки? Да, тоа се траги од диносауруси! Стела и Сани се заедно со нив. Но не можат да се одлучат каква боја сакаат да бидат. Патувај во времето и врати се многу, многу години наназад. Обој ги опашестите пријатели и играј со нив!",Боенки и цртанки,Ана Андроска,Издавачки центар ТРИ,0.0,,200 Денари,literatura
Чадот во градот,"Екоприказна низ фасцинантни илустрации и римувани стихови со наслов „ЧАДОТ ВО ГРАДОТ“ - сликовница во која за прв пат е застапен брендираниот и препознатлив лик на Супер Смешка. Креативен и едукативен проект – книга наменета за децата од предучилишна и рана училишна возраст, која според својата концепција, физиономија и структура има задача да влијае на градење свест кај децата за зачувување на животната средина, со тенденција за добивање сознанија и навики кои се стекнуваат во раната возраст.",Сликовници,Ели Маказлиева,Едука Мак,0.0,40.0,180 Денари,literatura
Исидора Мун има волшебни сипаници,"Исидора Мун е посебна бидејќи е поинаква. Мајка ù е самовила, татко ù е вампир, а таа е по малку од двете. Исидора има тест по математика в понеделник и многу е исплашена дека нема да помине добро. Ах, кога би можела само да се разболи за да се извлече од тестот... Волшебните сипаници ù се чинат како одличен изговор да остане дома, но кога нештата ќе излезат од контрола, ќе сфати дека тоа не било добра идеја. Може ли Исидора да ги поправи работите ?",Романи за деца,Хариет Мункастер,Арс Ламина,2025.0,105.0,350 Денари,literatura
Волшебна шума Сликовница со налепници,Залепи ги налепниците на означените места и разубави го магичниот свет на еднорозите! Биди дел од него! Наслови во серијата: МОЈОТ ЕДНОРОГ (книга со активности) ВОЛШЕБНА ШУМА (сликовница со налепници) ЕДНОРОЗИ ПОД ВИНОЖИТОТО (пиши-бриши вежбанка) МАГИЧНИ ЕДНОРОЗИ (боенка),Книги со стикери,,Арс Ламина,2024.0,,198 Денари,literatura
Какво е времето таму горе?,"Кога единаесетгодишно девојче ќе смисли приказна со интересни ликови, преку која ќе им го приближи и ќе им го направи забавно учењето на германскиот јазик на нејзините врсници (а и помали другарчиња), резултатот е „Какво е времето таму горе? / Wie ist das Wetter da oben?“. Малата авторка на оваа книга се вика Леона Стојковска, а илустрациите се на илустраторката и уметница Јулијана Росоклија. Сликовницата е полна со интересни, хумористични ситуации во кои главните ликови – едно глувче и една жирафа, разговараат со кратки дијалози (прашање – одговор, на германски и на македонски) – кои децата лесно ќе ги запомнат и со тоа ќе ги научат не само германските зборови, туку и цели фрази и реченици.",Сликовници,Леона Стојковска,Чудна Шума,2021.0,44.0,220 Денари,literatura
Учиме зборови: тематски илустриран речник за деца,,Книги со активности,Ели Маказлиева,Едука Мак,2024.0,25.0,250 Денари,literatura
Лунарко Мена,"Лунарко Мена живее на Месеcхината, но таму му е досадно, па решава да ја посети Земјата, по која одамна копнее. Сликовниcава првпат се појави 1967 година, во екот на вселенската трка, кој прв ќе пристигне до Месеcхината.",Романи за деца,Томи Унгерер,Темплум,2022.0,40.0,210 Денари,literatura
Мирабела има лош ден,"Мирабела е посебна бидејќи е поинаква. Мајка ù е вештерка, татко ù е виленик, а таа е по малку од двете! Мирабела има лош ден! Нејзината најдобра другарка Карлота, која секогаш ù помага да ја види убавата страна на нештата, не е на училиште, па Мирабела е многу лошо расположена. Кога Мирабела си доаѓа дома и гледа дека брат ù ги изел СИТЕ чоколадни колачиња и си игра со НЕЈЗИНОТО милениче змеј, Мирабела го губи трпението, што ќе доведе до драматичен исход! Може ли Мирабела да го промени овој лош ден, пред да дојде време за спиење?",Романи за деца,Хариет Мункастер,Арс Ламина,2024.0,,350 Денари,literatura
Лавот што не сакаше да биде крал,Животните во шумата се во потрага по некого: „Каде е неговото величество? Сте го виделе ли некаде?“ - мрморат додека талкаат по шумата. „Кого ли го бараат?“ - се прашуваат Биби и Боби и се придружуваат во потрагата по најнеобичниот крал на животните што постои. Зошто и како - ќе откриете во оваа сказна.,Сликовници,Билјана С. Црвенковска,Светот на Биби,2021.0,36.0,200 Денари,literatura
Боенка со налепници - Градина,"Боенки со налепници • За развој на моторичките вештини кај децата • За јакнење на концентрацијата • За поттикнување на детската љубопитност, фантазија и креативност",Боенки и цртанки,,Арс Ламина,2022.0,10.0,48 Денари,literatura
Оџачарот: приказна за едно девојче и нејзиното чудовиште,"Поминати се пет години од исчезнувањето на Оџачарот. Напуштена и сама, Нена Врабец е приморана да работи за безмилосен оџачар по име Вилки Круд. Деновите ги поминува во чистење оџаци. Работата е опасна и неблагодарна, но благодарение на своите памет и волја, Нена постојано успева да ги надмине опасностите. Кога Нена се заглавува во еден запален оџак, стравува дека ѝ дошол крајот. Но подоцна се буди неповредена на напуштен таван. И не е сама. Стуткано во аголот е мистериозно суштество – голем – направен од саѓи и пепел. Оџачарот е приказната за едно девојче и нејзиното чудовиште. Заедно, овие двајца отпадници градат нов живот, притоа спасувајќи се еден со друг. Лирично раскажана од еден од најмоќните раскажувачи на денешницата, Оџачарот е срцепарателна авантура за бескрајните дарови на пријателството и чудата.",Романи за деца,Џонатан Оксие,Чудна Шума,2024.0,296.0,500 Денари,literatura
Исидора Мун оди на свадба,"Исидора Мун е посебна бидејќи е поинаква. Мајка ù е самовила, татко ù е вампир, а таа е по малку од двете. Исидора ќе биде деверица на свадбата на тетка ù и мнооогу е возбудена! Но, откако нејзината палава братучетка ќе замеша прсти со малку волшебни палавштини, денот што треба да биде посебен, нема да тече баш како подмачкано. Може ли Исидора да се погрижи да има среќен крај?...",Романи за деца,Хариет Мункастер,Арс Ламина,2021.0,128.0,290 Денари,literatura
Libri për ngjyrosje e Bibit,,Боенки и цртанки,Билјана С. Црвенковска,Светот на Биби,2021.0,32.0,180 Денари,literatura
Научи да црташ: Чекор по чекор 2,,Боенки и цртанки,,Арс Ламина,2023.0,,118 Денари,literatura
Мојата прва библиотека - СЕЕ,Книга 6 „СЕЕ“ е шестата книга во “Црвеното ниво”. Изучени букви: А Н Е М И С,Сликовници,"Деспина Мукоска, Калиопи Трпчева (илустрации)",Арс Ламина,2023.0,24.0,68 Денари,literatura
Мојот еднорог Книга со активности,Создај свој еднорог! Потоа другарувајте и забавувајте се заедно!,Книги со активности,Арс Ламина,Арс Ламина,2024.0,23.0,148 Денари,literatura
Концертот на животните,"Знаете ли дека и животните од шумата сакаат да се забавуваат!? Затоа животните од оваа приказна одлучуваат да одржат концерт! Но, кој ли ќе им диригира? Каде да најдат диригент… Ако треба, тие ќе прошетаат насекаде низ светот за да си најдат диригент! Најпосле тие ќе успеат да ја вкусат радоста на музиката, другарството и меѓусебното помагање и да откријат колку било здодевно да се има предрасуди. Оваа сликовница со тврди корици е наменета за сите љубопитни дечиња коишто сакаат да научат а пријателството!",Сликовници,Фатих Ердоган,Прозарт Медиа,2021.0,27.0,300 Денари,literatura
Решавај со Дина и Додо 6: Пронајди ги разликите,"За развој на логичките капацитети и способности. За јакнење на концентрацијата. За поттикнување на детската љубопитност, фантазија и креативност. Учење низ забава.",Едукативни игри и квизови,,Арс Ламина,2023.0,24.0,78 Денари,literatura
Писма до некого и до никој друг,"Во „Писма до некого и до никој друг“, Тон Телехен смислува свет во кој земните суштества може да испратат писмо до Сонцето (и да им биде одговорено), свет во кој може да се испрати писмо до друго писмо и каде што доволно е нешто да се напише за тоа да стане стварност. Непредвидливите приказни, дополнети со префинетите илустрации на Џесика Алберг, ги освојуваат читателите од сите возрасти.",Романи за деца,Тон Телехен,Сказнувалка,2022.0,327.0,800 Денари,literatura
Моите патувања - Животни,"Влези во царството на животните низ едно несекојдневно патување! Запознај се со разни суштества, големи и мали, од целиот свет. Научи за рбетниците и за безрбетниците, за тоа како пајаците не се инсекти, за неверојатниот животен циклус на водоземците и многу, многу повеќе. Отвори ги прозорчињата и преклопените страници за да дознаеш и многу забавни факти. А згора на сето тоа, откриј ја и огромната скокачка страница на најголемото копнено животно!",Сликовници,Ања де Ломберт,Арс Ламина,2024.0,,850 Денари,literatura
Бој со Дина и Додо 8: Летување на море,"Бој со Дина и Додо! Низ страниците на овие изданија ќе најдеш најразлични илустрации со Дина и Додо, кои можеш да ги обоиш по твоја желба! • Развивање на фините моторни вештини на мускулите на рацете и прстите (графомоторни вештини) • За јакнење на концентрацијата • За поттикнување на детската љубопитност, фантазија и креативност",Боенки и цртанки,/,Арс Ламина,2022.0,16.0,48 Денари,literatura
Фати ми го синото мече,"Детето Вселенко за роденден го доби најубавото кадифено мече на цел свет. Но мечето мораше да остане завиткано во проѕирен целофан. Да не собира прашина, рече мама. Вселенко можеше само да го гледа, да го допира и да го слуша шушкањето на целофанот. Синото мече е нежна приказна за растењето што ја разбираат децата. Силвија Шесто во малку зборови ја уловила суштината на меѓучовечките односи, а илустрациите на Ванда Чижмек ја надополниле и ја заокружиле оваа убава приказна.",Сликовници,Силвија Шесто,Чудна Шума,2024.0,44.0,600 Денари,literatura
Животните од Австралија - Пиши-бриши,"Кенгурчињата си ги бараат своите детски соби, динго-кученцата си ги бараат своите семејства, а коалата си ги бара мирисливите листови евкалиптус... Помогни им да ги пронајдат! Со овие едноставни и забавни активности, подредени по тежина, вежбанката ќе им помогне на децата од предучилишна возраст да ја вежбаат раката, да се навикнат на приборот за пишување и да стекнат самодоверба во првите чекори во цртањето и пишувањето, преку: • Почетно пишување разни видови линии (прави, коси, заоблени, брановидни и цикцак); • Слободно пишување линии; • Развивање на фините моторни вештини на мускулите на рацете и прстите (графомоторни вештини); • Можност вежбата да се повтори повеќепати и детето да се коригира самостојно. Оваа вежбанка е реупотреблива. На нејзините страници може да се пишува со овој или со друг маркер за бела табла (пиши-бриши), а се брише со марамче, обична ткаенина или сунѓер.",Пиши-Бриши книги,Оливера Ќорвезироска,Арс Ламина,2021.0,24.0,299 Денари,literatura
Возбудливи активности - Светот на Диносаурусите ( со лепенки),,Книги со активности,,,,,99 Денари,literatura
Меѓупланетарна брканица,"""Биби, Боби. зазулчињата и Р1 летаа низ порталот. Каде ли ќе стигнат? Оооооо....Уууууу....Зззззз... Би-бип-бип-бип! И одеднаш... Тие се на една голема пустинска планета со црвен песок... - Хммм, каде ли дојдовме? Во некоја чудна пустина...- се прашуваше Биби. ...""",Сликовници,Билјана С. Црвенковска,Светот на Биби,2021.0,36.0,200 Денари,literatura
Моите патувања - Моето тело,"Истражи го чудесното човечко тело низ едно несекојдневно патување! Запознај се со коските, мускулите и внатрешните органи. Откриј го светот на сетилата и како тие помагаат да го запознаеш светот околу тебе и како да бидеш секогаш во форма, како да бидеш здрав и многу, многу повеќе. Отвори ги прозорчињата и преклопените страници за да дознаеш и многу забавни факти. А згора на сето тоа, откриј ја и огромната скокачка страница и фантастичниот мозок!",Сликовници,Ања де Ломберт,Арс Ламина,2024.0,,850 Денари,literatura
Мојата прва библиотека - КИТ,"Книга 13 „КИТ“ е тринаесетта книга во комплетот, а трета од „Жолто ниво”. Изучени букви: А Н Е М И С Т О В Д П Л К",Сликовници,"Деспина Мукоска, Калиопи Трпчева (илустрации)",Арс Ламина,2023.0,24.0,68 Денари,literatura
Мирабела во двојна беља,"Мајка и е вештерка, татко и е виленик, а таа обожава да прави волшебни палавости! Мирабела и нејзиното семејство одат на одмор, а таа им ветува дека ќе биде најпослушна на светот. И навистина го мисли тоа... Одморот е фантастичен, но кога Мирабела запознава нова другарка по име Беатрикс, открива и нешто страшно – Беатрикс е уште попалава од неа! Со волшебни напивки што не завршуваат баш како што треба, со змејови без контрола и тепачки со храна, ќе поверува ли нејзиното семејство дека овој пат Мирабела (главно) е невина или во прашање е само двојна беља?",Романи за деца,Хариет Мункастер,Арс Ламина,2025.0,120.0,350 Денари,literatura
Книга за нередот,"Дали и кај вас дома понекогаш има неред? Во оваа книга, нередот е насекаде! Дома, во собите, во кујната, во дворот, во градинката – насекаде! Семејствата Куче, Мечка, Жирафа и Јазовец не можат да ги пронајдат работите кои им требаат за да се дотераат, да готват, да си играат, да составуваат сложувалки. Дали ќе им помогнете да ги најдат нештата кои ги бараат во нередот?",Сликовници,Јорген Стамп,Сакам Книги,2024.0,32.0,320 Денари,literatura
Новогодишна боенка на Биби,,Боенки и цртанки,,Светот на Биби,,,99 Денари,literatura
Бумбарчето Карл чека дожд,"Прекрасна книга за доброто бумбарче Карл кое што се воодушевува на природата и сака да им помага на растенијата. Сликовницата е напишана на разбирлив начин за децата, и го поттикнува нивниот интерес за грижа кон природата. „Светот на инсектите и растенијата е фасцинантен, но за сето тоа богатство да остане на земјата, потребно е да научиме да ја забележуваме и сакаме прекрасната природа околу нас“ – Тиа Нави.",Сликовници,Тиа Нави,Прозарт Медиа,2022.0,26.0,400 Денари,literatura
Мачорот и Ѓаволот,,Сликовници,Џејмс Џојс,Темплум,2021.0,46.0,160 Денари,literatura
Јас и Ти: Како Јас стана супер херој,"Дали си подготвен да станеш суперхерој? Ти веќе имаш супермоќи – на пример, ја имаш моќта да бидеш среќен! ЈАС ќе ти помогне да ја откриеш онака како што нему му помогна ТИ. Запознај ги овие двајца суперхерои и придружи им се во нивната авантура. Тие не патуваат низ светот, но одат на едно многу потајно и поневеројатно место. Во срцето на едно дете. Сосем исто како твоето!",Сликовници,Коста Петров,Издавачки центар ТРИ,2023.0,40.0,300 Денари,literatura
Рудникот на Џемаил,"Биби, Боби наоѓаат пештера на волшебната планина. Веќе ја знаете оваа приказна? Но, еве едно изненадување: пештерата не е пештера, туку рудник, а во него живее осамено, ископувајќи скапоцени камења, џуџето Џемаил. Што ќе се случи понатаму, ќе прочитате во оваа сказна.",Сликовници,Билјана С. Црвенковска,Светот на Биби,2022.0,28.0,200 Денари,literatura
Мојата прва библиотека - ЏУЏЕ,"Книга 30 „ЏУЏЕ“ е триесетта книга во комплетот, а петта од „Зелено ниво”. Изучени букви: А Н Е М И С Т О В Д П Л К Р У Г Б Ј З Ш Ж Ч Ц Ќ Ѓ Њ Љ Ф Х Џ",Сликовници,"Деспина Мукоска, Калиопи Трпчева (илустрации)",Арс Ламина,2023.0,24.0,68 Денари,literatura
Поклони се и почни,"Поклони се и почни е ведра, игрива сликовница за заедништвото, забавно поттикнување на децата (и животните!) да учествуваат во најразлични собирања и прослави по секакви поводи – „раѓањето на десетмилијардитото ливче во шумата“, во конкретниов случај. И кога знаат и кога не знаат да пеат, да играат, да пишуваат песни и да римуваат, децата треба да се собираат како и животните од сликовницата (штурчето Свирче, богомолката Богдана, бумбарот Јакоб, дабарот Дрварко и црвеношиестиот валаби), бидејќи шансите да го научат она што го сакаат се многу поголеми кога околу нив има повеќемина што можат да помогнат. Или барем само да слушаат.",Сликовници,Владимир Лукаш,Арс Ламина,2022.0,37.0,250 Денари,literatura
Каде се крие Ведран,"Во топлата приказна „Каде се крие Ведран“ авторката Ива Безиновиќ-Хејдон ја отвора темата за која е напати тешко да се разговара, а тоа е загубата на некоја блиска личност и продолжувањето на животот по соочувањето со таквиот настан. Приказната им е наменета на децата и е напишана на јазик разбирлив за нив, а носи топла поука за начинот на кој можеме за навек да ги задржиме саканите личности во нашите срца. Каде се крие Ведран? И кога се чини дека никаде го нема, тој е насекаде и во сѐ околу нас. Не мора да го видиме, може да го сетиме. Можеби е во дождот, можеби е во музиката, можеби плови по морето со наши блиски луѓе кои веќе не се тука, но нив за навек ги носиме во себе.",Сликовници,"Ива Безиновиќ–Хејдон, Хана Тинтор",Чудна Шума,2024.0,40.0,600 Денари,literatura
Стела и Сани - боенка Еднорози,"По еден шарен рог за секој еднорог Сигурно и ти ги сакаш еднорозите – а и кој не би ги сакал кога се толку волшебни! Во нивниот магичен свет на самовили, виножита и ѕвезди, што го држиш в раце, им недостига боја. Шарените еднорози исполнуваат желби – па, боејќи ја земјата од соништата на Стела и Сани, замисли си желба! Обој ја земјата од соништата на Стела и Сани! Сигурно и ти ги сакаш еднорозите – а и кој не би ги сакал кога се толку волшебни! Направи го разнобоен овој магичен свет и замисли си желба!",Боенки и цртанки,Ана Андроска,Издавачки центар ТРИ,0.0,,200 Денари,literatura
Адна,"Адна сум. Ми ве убија. Младата девојка е соочена со сеќавањето на своето бегалско минато, се прашува за смислата на животот по смртта на најблиските и е парализирана од неможноста да го сподели своето искуство. Молкот ја потиснува во осаменост, а осаменоста се обидува да ја разбие со површни љубовни средби. Тогаш во нејзината рутина влегува неочекувано искуство и ја обземаат скриените емоции. Ќе успее ли да се извие од својата самотна лушпа?",Романи и раскази за млади,Самира Кентриќ,Чудна Шума,2024.0,131.0,800 Денари,literatura
Каде го најде?,"Неверојатна сликовница за едно девојче, Ани, која постојано наоѓа изгубени предмети! Но, нашата Ани не си ги задржува за неа! Таа оди во потрага по нивните сопственици и им ги враќа најдените работи! Прочитајте како Ани доживува нови средби на својот пат и како ќе ги врати најдените клучеви!",Сликовници,"Урмас Реинма, Ула Сар",Прозарт Медиа,2024.0,32.0,400 Денари,literatura
Компјутерџии,"Опис Дополнителни информации Коментари Впечатлив наслов со уште повпечатлива и актуелна содржина. Почнувајќи од првозастапениот расказ „Било…“, кој со пораката потсетува на времињата во кои на еден друг, поинаков начин, учеле и се забавувале бабите и дедовците, па и татковците и мајките на денешните деца, преку „Компјутерџии“ (текст според кој авторот ја нарекол и целава збирка), а во кој веќе се навестуваат и темите, игрите и однесувањата на децата во ова ново, модерно, интернетско и „фејсбуковско“ време, на натамошните страници од книгава следува цел наниз на прозни минијатури инспирирани од денешнината. На тој начин и во тој и таков современ стил на раскажување, однесување, комуницирање и едуцирање, читателите имаат задоволство да проследат педесетина невообичаени, оригинални, инвентивни и досега – барем не на ваков начин – воопшто нетретирани теми за книжевна „обработка“. Сето тоа, овде и сега, може да се согледа и од „Бренд-ови“, и од „Фанови на идоли“, и од „Модерен роденден",Романи за деца,Александар Кујунџиски,Антолог,2021.0,74.0,200 Денари,literatura
Мојата бебешка книга - бројки,Симпатично картонско издание за вашите најмали. Големи илустрации и едноставен принцип за првата средба со основните зборови i едноставен принцип за првата средба со бројките.,Сликовници со тврди страници,Група автори,,,,120 Денари,literatura
Баба Рога вежба јога,"Што е ова, мода нова, никој веќе од децата наши, од Баба Рога не се плаши. Како да се плашат кога ептен се смени светот, на децата не им се закануваат со Баба Рога, туку со исклучување на интернетот!",Сликовници,"Ванчо Полазаревски, Алексеј Костовски",Чудна Шума,2021.0,64.0,440 Денари,literatura
Вонземјанинот Лу-Ру-Су,"Поема за деcа, која се развива околу две испреплетени приказни: мозностите за зживот во вселжената и од што зависат тие, како и темата на врсничка нетолеранcија кон едно девојче што отскокнува од средината.",Романи за деца,Калина Малеска,Или-Или,2021.0,51.0,250 Денари,literatura
Светот има осум страни ; Стихотека,,Поезија за деца,Велко Неделковски,Арс Ламина,2023.0,,250 Денари,literatura
Стела и Сани: 1 облак бел и 12..,"На небото има еден облак бел. Колку капки дод може да паднат од него? Колку чадори се доволни за да не наврнат зградите? Колку капи носат кртовите кои спијат? А колку очиња се будни? Отвори ја сликовницата и започни необично броење со Сани и Стела. За три, два, еден...сега!",Сликовници,Бистра Георгиева,Издавачки центар ТРИ,2021.0,26.0,200 Денари,literatura
Детето и китот,Си беше едно дете што сакаше времето да го минува само… …а тогаш се случи нешто неочекувано. Прекрасната сликовница на Линде Фас ве тера да ја читате одново и одново… и да си најдете свој кит за пријател.,Сликовници,Линде Фас,Антолог,2021.0,40.0,600 Денари,literatura
Бакнежот на пролетта,"Во една земја, на крајот од последната улица на едно гратче, во една малечка куќичка под еден рид, живееше едно девојче со баба си. Откако знаеше за себе, девојчето секое утро седеше покрај прозорецот и гледаше надвор. Во дворот пред куќичката се беше бело, а голите гранки на дрвјата на ридот беа клапнати под тежината на снегот, зашто надвор секогаш беше зима.",Сликовници,Елизабета Баковска,Арс Ламина,2022.0,31.0,120 Денари,literatura
Боенката на Даро,Боенка со 16 страници преку кои децата може да ја изразат својата креативност и да ги бојат своите омилени карактери од „Светот на Биби“.,Боенки и цртанки,,Светот на Биби,,16.0,62 Денари,literatura
Мојата прва библиотека - БЕБЕ,"Книга 17 „БЕБЕ“ е седумнаесетта книга во комплетот, а седма од „Жолто ниво”. Изучени букви: А Н Е М И С Т О В Д П Л К Р У Г Б",Сликовници,"Деспина Мукоска, Калиопи Трпчева (илустрации)",Арс Ламина,2023.0,24.0,68 Денари,literatura
Црната птица,"""– Каква е таа птиcа, тато? Тато се насмевна. – Малата cрна птиcа сакаше да го допре небото. Но, никој не веруваше дека тоа е возмојно. Другите птиcи ù се смееја, бидејќи ниедна птиcа не леташе толку високо. Но, малата птиcа не ги послуша. – И? Успеа ли? – А што мислиш ти, Јелбо? Ја зеде виолината и засвири.""",Романи за деца,Александра Јовеновиќ,Арс Ламина,2021.0,116.0,200 Денари,literatura
Азбукварка боенка,Весела боенка за боење на буквите од азбуката и нивно учење придружувано со графомоторички вежби. Одличен комплет со ХИТ книгата „Азбукварка“!,Боенки и цртанки,Наташа Костовска,Чудна Шума,2022.0,32.0,180 Денари,literatura
Звуците на Новата година + карти „Меморија“,"""Овој сет содржи: сликовница „Звуците на Новата година “ и дополнително карти „Меморија“ со главните ликови, Ох, што се случува со звуците на Новата година? Зошто ниедна мелодија не е како што треба и зошто се испревртени зборовите во сите песни на светот. На светот? Подобро речете – во целата бесконечна вселена. Но, ако мислевте дека нема кој да го реши проблемот – погрешивте. Биби, Боби, снешкото Гого, Дедо Мраз од Заз, роботчето Р1, но и мистериозните чувари на Заз се обединуваат да ја спасат ЦЕЛАТА МУЗИКА ВО УНИВЕРЗУМОТ. Прочитајте во сликовницата „Звуците на Новата година“.""",Сликовници,,Светот на Биби,,,350 Денари,literatura
Девојчето и куклата што патува,"Станува збор за сликовница-омаж на најпознатата анегдота поврзана со Кафка и девојчето кое тагува по изгубената кукла. И покрај тоа што никогаш не е потврдена вистинитоста на случката, и покрај тоа што постојат различни толкувања поврзани со околностите во кои се случила, со постојаното навраќање кон неа, таа стана неодминлив дел од биографијата на Кафка. Приказната во новата сликовница е дело на Александар Русјаков, за кого ова претставува свечено претставување во светот на литературата за деца на македонски јазик. Русјаков се држи до контурите на општоприфатената приказна, но со својот автентичен писателски израз, полн со лиричност и нежност, создава уникатно авторско дело, кое веруваме дека ќе стане ново омилено семејно четиво.",Сликовници,Александар Русјаков,Арс Ламина,2025.0,28.0,250 Денари,literatura
Девет преобразби во шумата,"Иако Девет преобразби… можеби првенствено е книга за деца, по читањето и возрасниот читател е зачуден пред светот во кој се наоѓа. Но, добрите книги, како оваа, отвораат работа: она што сте мислеле дека го знаете ќе треба да го тргнете настрана, и одново да тргнете во приспитување на постојното.",Романи за деца,Пандолф Вулкански,Темплум,2021.0,100.0,390 Денари,literatura
Кралот што имаше од се по многу,"Си беше еднаш еден крал кој имаше од се по многу. Живееше среќен - и тој и сите во кралството - се додека не сони дека изгубил се. Тогаш во него се всади страв. И веќе ништо не беше како порано. Кралот со никото не зборуваше за кошмарите. Не знаеше будалата дека и болките и радостите се споделуваат со другите. И дека така болките се намалуваат, а радостите растат.",Сликовници,Марија Папајани и Ефи Лада,Сказнувалка,2023.0,37.0,500 Денари,literatura
Шерлок Холмс за деца: Знакот на четворката,"""Биди до третиот столб одлево пред театарот Лиcеум ВЕчЕРВА во деветнаесет cхасот. Ти си јена на која ѝ имаат згрешено и ќе ја добиеш ПРАВДАТА. Немој да повикуваш полиcија. Ако повикаш, сè ќе биде залудно. Кога го замолија Холмс да ја погледне мистериозната порака што ѝ пристигна на Мери Морстен, ниту тој, ниту, пак, Вотсон оcхекуваа дека ќе бидат вовлеcхени во предавниcхка пајајина стара неколку деcении. Набрзо ќе поcхнат и опасни експедиcии под сјајот на месеcхевата светлина за да го разоткријат знаcхењето на знакот на cхетворката и да го решат одамна закопаниот криминал.""",Романи за деца,Артур Конан Дојл,Арс Ламина,2022.0,256.0,169 Денари,literatura
Малиот Мудар Волк,"Малиот Мудар Волк по цели денови чита дебели книги, ги проучува ѕвездите, учи – и знае сè! Толку е зафатен што нема време да се дружи со другите животни. Но, еден ден Малиот Мудар Волк ќе тргне на долг и тежок пат и ќе научи нешто ново – само со помош на љубезноста, знаењето ја достигнува својата највисока вредност. Прекрасно раскажана и вешто илустрирана, оваа приказна нè потсетува дека секој е единствен и добар во нешто, но само заедно можеме да оствариме сè.",Сликовници,Гијс ван дер Хамен и Ханке Сименсма,Артконект,2022.0,32.0,590 Денари,literatura
Можам да читам! Здраво... и добра ноќ,"„Можам да читам!“ е серијал на книги за деца кои почнуваат да читаат. Има 4 различни нивоа на читање и без разлика на кое ниво е вашето дете, во овој серијал ќе пронајде совршена книга за себе.",Сликовници,Билјана С. Црвенковска,Светот на Биби,2023.0,19.0,49 Денари,literatura
Волшебната санка,slikovnica za deca so crtezhi,Сликовници,Ели Маказлиева,Едука Мак,2021.0,30.0,100 Денари,literatura
Автобусот Барни оди на патување,"диме на патување заедно со Барни и неговите пријатели. Автобусот има тркалца и звуци кои ќе ги забавуваат вашите најмалечки! Димензии: 215×235 mm, 8 стр, модул со звук и пластини тркалца.",Музички книги,,Топер,2023.0,8.0,430 Денари,literatura
Fingerprint Art: Christmas,"This collection includes 8 amazing ready-made images to paint on, so you and your kid can create art with your own fingertips! You can also cut them out and use them as a decoration on your wall.",Боенки и цртанки,Бранка Бугариска,Арс Ламина,2022.0,20.0,118 Денари,literatura
Илустрираната мајка,"Dzvezda ja sakashe Nevena, me sakashe mene, go sakashe nashiot zaednichki zhivot. Nie trite bevme raznobojni, kako sjajnite sliki nacrtani nasekade po Nevena... Od glavata do petite prekriena so raznobojni tetovazhi, Nevena e najbleskavata, najubavata majka na svetot. Taka misli Delfina (taa samo saka nejzinata prekrasna majka da ne ostanuva na zabavi po cela nokj, i na momenti da ne stanuva chudna.) Nejzinata postara sestra Dzvezda, vekje voopshto ne e sigurna deka toa e taka. Taa isto taka ja saka Nevena, no sѐ shto ponekogash saka e taa da bide malku ponormalna... Mokjna i nezaboravna prikazna.",Романи и раскази за млади,Џеклин Вилсон,Икона,2015.0,252.0,559 Денари,literatura
Три нови македонски бајки,"Авторката Соња Димитрова и илустраторката Маријета Сидовски создадоа бајковита книга за читање во секое време од денот. Меѓу страниците на нашата нова сликовница прошетајте низ волшебните предели населени со откачените принцезички А, Е, И, О и У, Волшебникот Надеж, пчелките Зузујка и Зузујко, речните сирени Белкица, Праскица и Росица... Таму некаде низ бајките се кријат и алчните тролови архитекти и троловите Зузе 1 и Зузе 2, кои се вистински пакосници и не ги сакаат баш убавите и добри работи. Со секоја прочитана бајка, уживајте во новите магии кои го разбиваат злото и овозможуваат во светот повторно да завладеат љубовта, искреноста, правичноста и добрината.",Сликовници,Соња Димитрова,КСЦ Полица,2021.0,24.0,120 Денари,literatura
Одлепи-залепи: Спорт/Животни,"Овој наслов содржи 25 повеќекратни налепници за поттикнување на креативноста и бескрајна забава. Залепете, одлепете, играјте и создавајте одново и одново! Идеално за игра, учење и активирање на детската имагинација! Цената се однесува на 1 сликовница. Во забелешка во нарачката можете да ни посочите дали сакате да ја нарачате Спорт или Животни.",Книги со стикери,,Топер,,,150 Денари,literatura
Македонски календар,"Од необиcхниот македонски писател Владимир шопов (1948-2000) пренесуваме дванаесет досега необјавени песни, мошне необиcхни, духовити и игриви, по една за секој месеc од годината. Книгава се вика Горикола (тоа е старото народно име за првиот месеc од годината, јануари) или Македонски Календар. Поетиcхно, нежно, и преcизно, книгава ја илустираше Инес Ефремова",Сликовници,"Владимир Шопов, Инес Ефремова",Темплум,2021.0,30.0,370 Денари,literatura
Шепотено,"Што сè би направилe за да одите и да го гледате финалето на Лигата на шампионите? Веќе неколку месеци на Филип и неговите другари им е познато дека финалето треба да се одигра во нивниот главен град, во Варшава. Им фали само едно нешто за во живо да ги гледаат Меси, Роналдо, Левандовски или Саудио Мане. Само билет! Но, најефтиниот билет за натпреварот чини сто и шеесет евра. Одлично! Само што тие се средношколци. За да можат да присуствуваат на натпреварот тие би се согласиле на разни понуди за работа. Дури и да делат летоци за сомнителни производи рано изутрина, пред да одат на училиште. Но, некои работни обврски поттикнуваат морални и етички прашања што ќе ги стави овие момци пред една дилема: дали вреди сето тоа да се работи за да се присуствува на ова финале?! Напнат и неизвесен роман за проблемите на тинејџери што се нашле во мрежа полна со лажни вести, тролови и… нешто шепотено.",Романи за деца,Павел Беренсевиќ,Бата Прес,2023.0,222.0,430 Денари,literatura
"Дете, тоа гордо звучи","„Останува само да се каже дека оваа идеја Конески да се осознае, да се чита и како поет за деца, е за една ГОЛЕМА ПЕТКА! А требаше ли да поминат години и години за да го спознаеме Конески и како поет за деца?! Очигледно ДА! Но најбитно е што, кога-тогаш, еве ни го! Еве им го и на децата! Децата што го носат потенцијалот на човековата иднина, онаа иднина што ја посакуваме, на која се на­деваме, но која исто така не можеме докрај да ја предвидиме или да ја насочиме, а уште помалку и да ја контролираме.“",Поезија за деца,Блаже Конески,Антолог,2019.0,84.0,350 Денари,literatura
Капчо и китот,"Едно утро погледнав низ прозорецот и видов кит што плови по небото. Китот беше сино-сив, крупен и несмасен, а сепак си пловеше и си лебдеше со неочекувана грациозност на топлото сончево ветре…",Сликовници,Катерина Бабкина,Артконект,2024.0,60.0,550 Денари,literatura
Рокчето,"На еден неограден имот, пред многу години, живеело едно семејство кое се будело пред утринската роса и петлите во селото. Таткото бил ковач и ги правел најубавите клучеви и потковици, а мајката била ткајачка на разбој.Таа можела да ја вткае најубавата ливада врз килимот за само една ноќ. Но, една тешка зима...",Сликовници,"Никола Mаџиров, Анета Илиевска (илустрации)",Арс Ламина,2023.0,40.0,250 Денари,literatura
Време е за активности - животни,Се дружиме со животните преку многубројните активности. Разнобојни илустрации проследени со интересни активности. Наменета за дечиња над 4 години.,Книги со активности,,Топер,2023.0,96.0,150 Денари,literatura
Кутија,"„… Кога дојде Рашид во училиштето, животот ми се смени на подобро. Конечно добив другар, едно дете на моја возраст, кое во клупата седи до мене и ги споделува своите мисли и чувства со мене. Подоцна ме научи како да играм подобра одбрана во кошарката и илјада и една друга работа. Но, најважно беше оти сфатив дека, доколку имаш барем еден добар другар, животот на училиште ќе ти биде супер. Па ако уште ти зборува Марија, што многу често се случува во последно време, станува сон од кој не сакаш да се разбудиш…“ Ова е само еден цитат од прекрасната илустрирана сторија на Константинос Пацарос, што сведочи за тоа како грчкото училиште ги зближува децата од различна раса и поднебје. Авторот живее во Атина и работи како воспитувач. „Кутија“ е негова прва книга. За ова дело во 2014 година ја има добиено државната награда за литература за деца. Книгата на грчки ја објави во соработка со познатиот илустратор Василис Гривас.",Романи за деца,Константинос Пацарос,Бата Прес,2021.0,95.0,200 Денари,literatura
Олгица и операцијата „Јагуар“,"Авантурите на Олгица продолжуваат во втората книга, но сега со нови ликови и нови предизвици. Иако иднината изгледа ветувачка, на Олгица во еден момент ѝ се појавуваат огромни проблеми. Таа треба да ја реши мистеријата, бидејќи нејзиниот дедо-милионер е исчезнат, а тоа пак е поврзано со животот на нејзината мајка која што треба да прави операција колку што е можно побргу. Таа треба исклучително брзо да најде огромна сума пари, а киднаперот што ја направи целата збрка, не е човек со кого може лесно да се преговара. Но, Олгица е исклучително паметна и има неверојатни идеи. А има и верни пријатели, подготвени во секое време да ѝ помогнат и на пример да ја преземат контролата на надзорните камери на градското собрание, да се соочат со лути кучиња или да му се спротивстават на мафијаш од кого има страв секој во градот.",Романи за деца,Алекс Молдован,Бата Прес,2023.0,292.0,430 Денари,literatura
Самовилската ливада,"Луна ги кани Биби и Боби да ѝ се придружат на интересен излет - во самовилската ливада. Биби и Боби се љубопитни да дознаат повеќе за ливадата и по што е таа посебна, а што ќе откријат и со кого ќе се сретнат таму - ќе дознаете кога ќе ја прочитате оваа сказна.",Сликовници,Билјана С. Црвенковска,Светот на Биби,2021.0,36.0,200 Денари,literatura
Дуќан за еден ден во годината,"Дуќанот за еден ден во годината е отворен секој ден.Можете да појдете и да разгледувате, да пробате, да поставувате прашања. Меѓутоа, доколку сакате да купите нешто, треба да причекате. Бидејќи во овој дуќан може да пазарите само еден ден во годината. Огнен и неговото семејство купуваат само од овој дуќан. Затоа како очите во главата ги чуваат малкуте нешта што ги поседуваат. Но, еден ден, Огнен ќе посака да има повеќе играчки. Тогаш сè почнува да се менува.",Сликовници,Озге Бахар Сунар,Антолог,2023.0,32.0,450 Денари,literatura
Мојата неверојатна книга за вселената,"Картонски книги со многу изненадувања. Прозорчиња, 3д елементи, допри и почувствувај…",Сликовници со тврди страници,,Топер,2024.0,5.0,199 Денари,literatura
Читанката на Биби,"„Читанката на Биби” е наменета за различни возрасти. За најмалечките - на кои би им читале родителите, бабите или дедовците, како и за оние од училишна возраст кои ќе ги научат буквите и ќе ги совладаат текстовите од „Букварот на Биби”. Тие ќе бидат подготвени да продолжат со текстовите и задачите што ќе ги најдат низ страниците на оваа читанка.",Книги со активности,Билјана С. Црвенковска,Светот на Биби,2021.0,24.0,200 Денари,literatura
Дресираните го возвраќаат ударот,"„Дресираните го возвраќаат ударот“ е втор дел од успешната приказна наречена „Како ги дресираме мама и тато“ – одлична духовита книга на Владимир Петрушевски (во коавторство со илустраторката Наташа Костовска), наменета за… родители (но и за деца). Книгата е продолжение на „Како ги дресираме мама и тато“, која веднаш по објавувањето доживеа значаен успех и кај критиката и кај читателите. Станува збор за кратки цртички кои се случки или дијалози со седумгодишните ќерки близначки на авторот. Иако текстот наликува на дневнички записи, со точни датуми кога што се случило, книгата ниту оддалеку не е дневник на таткото, ниту пак лирски излив (кој лесно може да премине во патетика). Напротив. Иако во книгата, од секој збор, јасна е љубовта кон децата, одбирот на темите, стилот на пишувањето, начинот на разговор на родителите со децата, конечно, односот родители-деца, јасно ни покажува дека авторот своите потомци ги смета за еднакви, и, пред сè, интелигентни членови на семејството. Претераниот и напразен патернализам, како и познатото „ајде, дете е“ нема да го најдете во книгава. Но, затоа ќе најдете мудар, сериозен и обмислен пристап кон детските палавштини, кон нивната љубопитност и кон ставот за тоа како треба да се гради свеста на детето и да се воспитува. И се разбира, како треба да се почитува демократичноста. Затоа книгава слободно може да се нарече своевиден прирачник, не само за воспитување, туку за градење на цврсти и јаки личности од нашите деца.",Романи за деца,Владимир Петрушевски Фили,Чудна Шума,2021.0,84.0,440 Денари,literatura
Господинот Кнедла и едрилицата,"Господин Кнедла. Тоа е интересно име, нели!? Тој господин, прво многу сакал да собира секакви предмети во својот дом. Сè додека големи води не го однеле заедно со неговата едрилица на прекрасно патување. Ова е приказна за дивите плажи за госпоѓа Малгошка и за тоа како заедно го чистат светот! За возраст 5 +",Сликовници,"Ана Оњихимовска,Наталиа Јаблоњска",Прозарт Медиа,,40.0,400 Денари,literatura
Земјата на заборавените сказни,"„Земјата на заборавените сказни“ е хибрид помеѓу драмски текст и (графички) роман, помеѓу бајка и модерна фантастична приказна. Помалку потсетува на „Хрониките на Нарнија“, „Алиса во Земјата а чудата“ или, пак, „Волшебникот од ОЗ“, со една голема разлика – што се случува тука, во Македонија, во селото од каде што потекнуваат многу волшебни приказни – Бабино. Што се случува откако Илина, Мартина и Мирон ќе отидат кај баба Јагода во Бабино, каде што нема интернет ниту пак мобилни телефони? Како тие ќе отпатуваат во Земјата на заборавените сказни и каква врска со сето тоа има Баба Јага? И како во оваа приказна се најдоа и самовилата Мирнанеседи и змејот Русе и Супер Марко и… Ех… нема потреба од повеќе прашања! Сето тоа ќе го откриете во оваа книга. „Нит е јаве, нит е сон, меѓу нив има патишта разни, во Земјата на заборавените сказни!“",Романи за деца,Билјана С. Црвенковска,Чудна Шума,,120.0,600 Денари,literatura
"Прастари сказни за херои, чуда, чудесии и чудовишта разни","Дванаесет антички митови, дванаесет мошне познати приказни: митот за Сизиф, маките на Тантал, Пандорината кутија, Одисеј и неговите патувања, Орфеј и Евридика, Дедал и Икар, Персеј и Медуза, подвизите на Херкул… и уште неколку други, прераскажани и приспособени за училишна возраст од писателот за деца Ванчо Полазаревски, надополнети со одличните илустрации на Наташа Костовска.",Романи за деца,"Ванчо Полазаревски, Наташа Костовска (илустрации)",Чудна Шума,2023.0,52.0,500 Денари,literatura
Кога Мешко се лути,"Ако сте се прашувале што треба да направите за да не бидете тажни или како да му помогнете некому да не се чувствува тажно, тогаш оваа книга ќе ви биде ваш мал водич. А, пак, тажното славејче Летко – јунакот на овие приказни – едвај чека да го научите како да се справи со емоцијата тага.",Сликовници,Христина Стефановска,Арс Ламина,2021.0,44.0,360 Денари,literatura
Снежни активности,"Книга со активности исполнета со забавни и снежни лавиринти, боенки, загатки и други креативни вежби.",Книги со активности,,Светот на Биби,2024.0,,100 Денари,literatura
Мојата прва библиотека - ХУЛАХОП,"Книга 29 „ХУЛАХОП“ е дваесет и деветта книга во комплетот, а четврта од „Зелено ниво”. Изучени букви: А Н Е М И С Т О В Д П Л К Р У Г Б Ј З Ш Ж Ч Ц Ќ Ѓ Њ Љ Ф Х",Сликовници,"Деспина Мукоска, Калиопи Трпчева (илустрации)",Арс Ламина,2023.0,24.0,68 Денари,literatura
Кога цутат имињата ; Децата се прва лига,,Поезија за деца,Велко Неделковски,Арс Ламина,2023.0,,250 Денари,literatura
Fingerprint Art: Summer,"This collection includes 8 amazing ready-made images to paint on, so you and your kid can create art with your own fingertips! You can also cut them out and use them as a decoration on your wall.",Боенки и цртанки,Бранка Бугариска,Арс Ламина,2022.0,20.0,118 Денари,literatura
Кој каде живее? : Диви животни,Сликовница со активности за предшколска возраст,Книги со стикери,Бранка Бугариска,Арс Ламина,2022.0,5.0,98 Денари,literatura
Обој ги месеците,Забавна боенка во која сите месеци се претставени со различно зазулче. Оваа боенка содржи цртежи кои на детски начин го претставуваат концептот за месеци и годишни времиња.,Боенки и цртанки,,Светот на Биби,2024.0,16.0,100 Денари,literatura
Бркотница со жирафата Жижи,"Другарчиња, сте чуле ли за новата жителка на волшебната шума? Не? Значи не знаете за хаосот што го направи таа... Дури и во сликовницава! Многу е мала, а многу е немирна, трча наоколу и се губи. Ќе ни помогнете ли да ја најдеме? Да? Јееј!",Сликовници,Билјана С. Црвенковска,Светот на Биби,2022.0,28.0,200 Денари,literatura
Најнеобичен ден - на Биби роденден,"Тој ден беше сe` само не обичен... ќе прашате зошто? Или можеби веќе знаете? Хе-хе, така е, денот беше најнеобичен затоа што на Биби ѝ беше роденден! А кога на Биби ѝ е роденден, се случуваат најнеобични нешта...",Сликовници,Најнеобичен ден - на Биби роденден,Светот на Биби,2022.0,33.0,200 Денари,literatura
Еднорози под виножитото: пиши-бриши вежбанка,,Пиши-Бриши книги,,Арс Ламина,2024.0,19.0,298 Денари,literatura
Мојата прва библиотека - АНА,Книга 1 „АНА“ е првата книга од сетот книги во “Црвеното ниво”. Изучени букви: А Н Е,Сликовници,"Деспина Мукоска, Калиопи Трпчева (илустрации)",Арс Ламина,2023.0,24.0,68 Денари,literatura
Снежната кралица,"Беше ноќ пред Нова година. Надвор вееше снег. Биби и Боби внимателно ја слушаа мама Ана додека им читаше една сказна. Сказната за Снежната кралица. – Се зборува дека далеку на север, онаму каде што нема ништо освен пусти снежни пространства, во град направен од снег и мраз – живее Снежната кралица. Таа е многу убава, но нејзиното срце е направено од коцка мраз. Затоа таа не сака никого и не се грижи за ништо на овој свет. Но, понекогаш се чувствува осаменa во големиот леден град. Тогаш таа знае да маѓепса понекој човек, или дете, и да го земе со себе...",Сликовници,Билјана Црвенковска,Светот на Биби,2024.0,20.0,360 Денари,literatura
"mek povez, 2022","Boenka za 3+ god, Good night",Боенки и цртанки,/,,,,100 Денари,literatura
Пријатели од фармата,Картонска сликовница со изненадување на секоја страница. Комбинираните материјали во оваа книгичка нудат навистина возбудливо искуство за вашите најмалечки.,Сликовници со тврди страници,,Топер,2023.0,10.0,99 Денари,literatura
Ежето Боцко,"Еден сончев ден Биби, Боби и жителите на Волшебната шума играа фудбал. Малку шутираа, малку се караа и во еден момент играта застана - топката летна толку далеку што никој не можеше да ја види, па сите заедно тргнаа да ја бараат. Каде падна топката и кое е новото другарче што го запознаа, кое знае се` за фудбалот, но не може да игра, ќе дознаете во оваа сказна.",Сликовници,"Марта Куковска, Владимир Здравески (илустратор)",Светот на Биби,2024.0,28.0,200 Денари,literatura
Осаменото дрво,"Еднаш, многу, многу одамна, пред милиони, милиони години, кога се создавал светот, кога се појавиле првата светлина и првиот зрак, кога се создале сите планети, комети, големи и мали ѕвезди и соѕвездија, на една малечка планета никнало едно дрво. Тоа дрво било толку големо што ја зафаќало целата планета.",Сликовници,Нина Максимова,Арс Ламина,2022.0,31.0,120 Денари,literatura
Гладното пиле,"„Гладното пиле“ е симпатичен авторски проект на една мајка и нејзиното синче. Прво настанале цртежите на малиот Марко, а потоа мајката Мирјана го напишала текстот, и така се создала една весела, хумористична и забавна приказна за опасното пиле што шетало гладно низ шумата и ги плашело шумските животни, па дури и тигарот Тара.",Сликовници со тврди страници,Мирјана Трајчева Иванова,Арс Ламина,2023.0,15.0,249 Денари,literatura
Во џунглата,"Сликовница за животните од џунглата со живописни бои и интересни факти. Необичниот формат на оваа сликовница со „прозорчиња“ нуди интересн поглед во средината каде што живеат овие животни, а е наменета за деца од рана возраст (3+ год.)",Сликовници со тврди страници,,Арс Ламина,2024.0,10.0,250 Денари,literatura
Антон и баба на дното на морето,"Антон и баба патуваат до дното на морето за на дното на морето да го најдат прстенот на баба. Тие сретнуваат опасни чудовишта, гладни китови и чудесни сирени, а Антон мора да биде многу вешт ако сака да управува со подморницата и да го врати прстенот. Ги чека уникатно авантуристичко патување, бидејќи кога баба е со вас, никогаш нема здодевен момент.",Сликовници,"Томас Брунстром, Торбјорн Кристоферсен",Сакам Книги,2024.0,32.0,280 Денари,literatura
Бушава пишуванка,„Бушава пишуванка“ е вежбанка наменета за пишување на печатните букви и развивање на графомоториката. Пишуванката е креирана според култната книга „Бушава азбука“ од Горан Стефановски и Душан Петричиќ.,Книги со активности,,Чудна Шума,2024.0,,250 Денари,literatura
Боенка Летен Одмор,,Боенки и цртанки,,Едука Мак,2024.0,20.0,130 Денари,literatura
Марта пред огледалото,"Марта има околу седумнаесет години. Барем ги имаше кога премина на другата страна, на страната на празната, безболна, неповратна вечност. Огледалото пред кое се сеќава на последните моменти од животот, не ја отсликува нејзината слика, туку само нејзините сеќавања и чувства. Какво олеснување што не мора да го слуша плачот на мајка си или немиот очај на татка си. Чувството на слобода, затоа што веќе не мора да се преправа дека јаде или, уште полошо, навистина да јаде за да му угоди на семејството... Во драматичен дијалог што се чита како приказна, Марта искрено и директно зборува за својата состојба, за анорексијата. Притоа, со иронија ги измазнува рабовите на спомените, кои ја водат до копнеж по девојката што некогаш била. Марта со својата тинејџерска бунтовност е немилосрдна и овој нејзин став текстот го посипува со огледала што таа ги прикачува на себе и ги насочува кон општеството. Кога ќе ја разоткрие сложеноста на причините зад својата болест и зад смртта, таа конечно успева да излезе од фаталноста на маѓепсаниот круг. Во страшната завршница на животот, каде што веќе нема простор за блефирање, соочена со реалноста и со вистината, таа успева да ја види конечноста на својата состојба.",Романи за деца,Тереса Кало Фонтан,Сказнувалка,2024.0,68.0,400 Денари,literatura
The mysterious city under the Kale fortress,"""Дали си подготвен за една суперавантура, стотиcи години наназад низ историјата во нашиот главен град, Скопје? Да истрајуваш, да се бориш и да се криеш, да бидеш вистински јунак? Оваа книга нема да ја cхиташ по вообиcхаен редослед. Низ страниcите ќе се сооcхиш со многу предизвиcи. Ќе се запознаеш со Скопје и со јунаcите од неговото минато кои се споменуваат и до ден-денес, бидејќи со своите дела, храброста и јунаштвото оставиле пеcхат зад себе. А сега, ти си на ред да станеш јунак. Додека се двијиш низ страниcите на оваа книга, мораш да бидеш многу храбар и мудар. Ако се слуcхи да се изгубиш, не предавај се, обиди се повторно. Книгата секогаш ќе те врати на вистинскиот пат! Со помош на оваа авантура ќе науcхиш еден дел од историјата што е знаcхаен за нашиот главен град. Тоа е периодот кога градот Скопје бил под османлиска власт.",Книги со активности,Александра Тодоровиќ,Арс Ламина,2021.0,48.0,590 Денари,literatura
Волшебната елка - Новогодишна боенка,,Боенки и цртанки,,Арс Ламина,,16.0,99 Денари,literatura
Нела Смела и Бушавата Бура,"Што да прави? Нела размислуваше и си ја потчукнуваше главата со показалецот. Таа беше мошне досетливо девојче. А и не се плашеше од ништо, особено не од бушави бури. Инаку не би била Нела Смела, нели?",Сликовници,Билјана С. Црвенковска,Чудна Шума,2022.0,32.0,325 Денари,literatura
Нови бајки од Македонија,"„Нови бајки од Македонија“ е збирка од 24 современи, авторски бајки, кои го збогатуваат омилениот жанр на децата. Некои од нив се случуваат и во наше време, на наши предели и со препознатливи ликови од нашето опкружување, со што уште повеќе им се приближуваат на малите големи читатели. „Нови бајки од Македонија“ го вдомуваат светот на бајките со коишто сме пораснати во македонскиот јазик. Тие истовремено и го развиваат авторскиот глас произлезен од најубавата традиција на раскажувањето. Станува збор за новата, голема книга со 24 бајки, од 23 автори, кои беа селектирани за најдобри или влегоа во потесниот избор на конкурсот „Нови бајки од Македонија“ од 2020 година и кои беа објавени изминатите години како посебни сликовници или беа дел од книгата „Детелинки-белинки“. Новото издание е збогатено со нови, раскошни илустрации, кои ги нацрта Орце Нинески. „Нови бајки од Македонија“ ги обединува сликовниците „Перуника“ од Сибо, „Бакнежот на пролетта“ од Елизабета Баковска, „Сончевото момче Ил“ од Катерина Данаилова, „Осаменото дрво“ од Нина Максимова, „Океанија“ од Мартин Миљев, „Луѓето и змејовите“ од Владо Јаневски, „Детето на месечината“ од Јана Глигороска и „Зелда и Фе и болниот змеј“ од Катерина Трајановска, како и бајките од читанката „Детелинки белинки“: „Авантурите на едно мракче“ од Билјана Станковска, „Во земјата на белите облачиња“ од Владо Димовски, „Приказната за Вин“ од Анета Ристеска, „Часовникот на Симон“ од Клементина Петрушевска, „Детелинки-белинки“ од Мартина Дукоска, „Бајка за Нова година“ од Светлана Дарудова, „Зелената кралица“ од Анита Димовска, „Змејот од Пелистер“ од Биљана Стојановска, „Горделивата жирафа“ од Ана Ѓорѓевиќ, „Волкот Пук“ од Марија Ралповска, „Волшебен лет“ од Мимоза Тодоровска, „Папагалот и кучето“ од Владо Јаневски, „Mагијата на другарството“ од Алма Растодер, „Не е добро да се лаже“ од Ана Гаштарова, „Јагулата и рибарот Климе“ од Анастасија Илиевска и „Авантурите на Tрепколетка“ од Весна Кираџиева. Во книгата е вклучен и речник на помалку познати зборови.",Сликовници,Група автори,Арс Ламина,2024.0,159.0,990 Денари,literatura
Мојата прва библиотека - ПРОЛЕТ,"Книга 15 „ПРОЛЕТ“ е петнаесетта книга во комплетот, а петта од „Жолто ниво”. Изучени букви: А Н Е М И С Т О В Д П Л К Р У",Сликовници,"Деспина Мукоска, Калиопи Трпчева (илустрации)",Арс Ламина,2023.0,24.0,68 Денари,literatura
Сликовница за принцези со штосни налепници - тетоважи,Блесни како принцеза! Влези во бајка со овие 24 забавни активности со налепници! Оваа книга содржи: 4 страници со налепници 24 страници со забавни активности 1 страница со трансфер - тетоважи (со детални инструкции за нанесување и состојки),Книги со активности,,Арс Ламина,2024.0,,299 Денари,literatura
Festa e Vitit të Ri në pull,,Сликовници,Ели Маказлиева,Едука Мак,0.0,20.0,90 Денари,literatura
Магла,"Лондон, 1880 г. Тринаесетгодишниот Клеј е блатар: едно од многуте момчиња што копаат во калливите брегови на Темза во потрага по предмети што ќе може да ги продадат за да преживеат. Еден ден Клеј тргнува да ѝ продаде тарот-карти на претскажувачката од Чудесниот циркус Смит и Спероу и го преминува прагот на циркусот. А, таму, во еден од кафезите, затворен е „последниот жив волк во Обединетото Кралство“. Застанат пред тоа суштество со сребрено крзно и килибарен поглед, не може да им поверува на своите очи. За него, навикнат да ги минува деновите на отворено, без какви било ограничувања, ваквата глетка на тоа величествено животно во малиот кафез, жртва на ѕверските насилија на дресерот Парсон, е неподнослива. Оттогаш Клеј нема да се смири додека Магла не биде повторно на слобода.",Романи за деца,Марта Палацези,Сказнувалка,2022.0,151.0,550 Денари,literatura
Народното творештво во традицијата,"НАРОДНОТО ТВОРЕШТВО И ТРАДИЦИЈАТА“е книга за деца од авторката Васка Јовановска, во која главниот и препознатлив лик за децата СУПЕР СМЕШКА на многу сликовит и оригинален начин го води детето низ текст и оригинални илустрации кон стекнување основни сознанија и знаења за народното творештво и традицијата на македонскиот народ. Со помош на оваа книга се пренесуваат и негуваат: културата, фолклорот, обичаите и традиционалните вредности во сите облици коишто се пренесуваат како наследство од претците од колено на колено.",Сликовници,Васка Јовановска,Едука Мак,0.0,,200 Денари,literatura
Ремек - дело,"Една обична боичка се вљуби во портокалов фломастер. Но, на фломастерот воопшто не му беше гајле за таа љубов...",Сликовници,Дејан Алексиќ,Арс Ламина,2023.0,23.0,180 Денари,literatura
Кити и самрачната неволја,"Кити со нетпение ја очекува посетата на панаѓурот со своето семејство и нејзиниот мачји екипаж. Но, Пикси се спријателува со друга мачка и веќе не си игра со Кити. Таа повеќе сака да игра со суперхерои со Нела, новата пријателка. Но, проблемот е дека тие две повеќе се однесуваат како суперзлосторниcи отколку суперхерои! За кусо време и двете ќе се најдат во неволја на врвот на рингишпилот, но само вистински суперхерој може да ја спаси ситуаcијата....",Романи за деца,Пола Харисон,Арс Ламина,2021.0,128.0,290 Денари,literatura
"Човекот каков е, секој гледа","Има долхи краци со кои постојано мавта, тесна муцка од која излегуваат меурчиња и големи, опасни пипала. Во темница свети како светулка и знае да лета како птица. Кое е тоа чудно суштество? Не знаете? А, сте слушнале ли некогаш за... човек?",Сликовници,Мажена Матушак,Сказнувалка,2023.0,64.0,500 Денари,literatura
Украденото сонче на Стела,"Една вечер, малечката Стела не можеше да заспие! Таткото веќе ѝ прочита девет книгички, а сончето никаде го нема! Дали некој ѝ го украл сончето на Стела? Сите играчки на Стела стануваат детективи и на крајот откриваат што се случило со сончето! Доколку сакате да откриете што се случило со сончето, прочитајте ја оваа прекрасна, семејна приказна, која ќе им го донесе сончето на малечките дечиња.",Сликовници,Анет Мелес,Прозарт Медиа,2024.0,40.0,450 Денари,literatura
Риба во(н) мрежа,"„Риба во(н) мрежа“ е тинејџерски роман што третира една современа тема што ги засега најмногу помладите генерации − прекумерната зависност од технологија и предизвикот да се живее без „помошта“ од паметните телефони. Раскажувачкиот стил е непретенциозен, забавен, со внимателно дозиран хумор во приказната. Авторката, освен со јазикот, си поигрува и со формата, вметнувајќи графички содржини што треба да симулираат мобилни апликации, икони од интерфејс на мобилни уреди, рачно напишан телефонски именик, цртежи-патокази итн., кои и визуелно го разигруваат текстот и го оживуваат во рацете на читателите. Одредницата „роман за млади“ треба да се сфати само условно, како и дидактичкиот увод дека Ника, главниот лик, се обидува „да го разбие митот дали може да се преживее еден ден без мобилен, за доброто на тинејџерите“.",Романи и раскази за млади,Јована Матевска Атанасова,Арс Ламина,2024.0,160.0,330 Денари,literatura
Откриј повеќе: Човечкото тело,"Книга со најосновните информации и факти за човековото дело, надополнета со разнобојни илустрации.",Детски енциклопедии и атласи,/,Топер,,32.0,75 Денари,literatura
Храброто срце Хермит: Ни насон без свој дом,"Тоа е едно храбро срце. Големо и храбро срце што не го собира ни во неговата куќарка. Едно наше мало пријателче, кое е принудено да се преселува, да си бара нова куќарка: Храброто срце Хермит. Можеш ли да го чуеш и ти гласот што доаѓа од океаните? Начули ги ушите, да видиме… Сега е мигот кога треба да застанеме заедно со сите храбри срца на нашата планета. Нашиот бескрајно син и бескрајно зелен свет е нашиот прв дом, за сите нас.",Сликовници,"Асије Јилдирим, Хусеин Сонмезај",Чудна Шума,2024.0,34.0,650 Денари,literatura
Товилиште за пеперутки,"Што да прави Маја кога со денови и месеци врне снег? Варшава е прекриена со снег речиси до првиот кат на зградите. Во нејзиното училиште нема настава. Таа може да седи дома со родителите и со малата Алис да зјапа во телевизорот. Но, таа оди на село и го истражува мистериозното исчезнување на Нина! Во оваа книга пак ќе се сретнете со добрите пријатели од првата книга „Волшебницата од долниот кат“: Маја, Бабуле, Монтерова, Марек и Мачорот што зборува. Но, нема да откриеме сè! Само ќе кажеме дека Маја ќе падне во центарот на стогодишната војна на пеперутките, ќе ги запознае царицата, царот…. и ќе ја води револуцијата. Ќе биде страшно, забавно и интересно…",Романи за деца,Марчин Счигелски,Бата Прес,2022.0,326.0,450 Денари,literatura
Шумски пожар,"""Убав, летен ден во волшебната шума. Птиците црцореа, пеперутките летаа, зајачињата играа криенка... Но, каков е тој звук? Дали доаѓа од она големо дрво? - Хе хеу! Успеавмееее! - од крошната на дрвото се слушна гласот на Боби. - Јееј! Куќичката на дрво е готова! - веднаш по него допре и гласот на Биби""",Сликовници,Билјана С. Црвенковска,Светот на Биби,2021.0,36.0,200 Денари,literatura
Вселенска авантура - 3D сет,"Овој возбудлив сет за идните астронаури содржи стикери, 3д макети и боенка. Одиме во авантура!",Книги со активности,Група автори,Топер,,28.0,180 Денари,literatura
Најмалиот џин Џуџо и најголемото џуџе Џино,"„Најмалиот џин Џуџо и најголемото џуџе Џино“ е духовита поема со вешто исткаена игра на зборови (и игра со рими), којашто ја раскажува приказната за вечното ривалство меѓу Џуџо и Џино и нивната расправија – кој е поголем! – како и сите перипетии низ кои поминуваат само да му докажат на противникот кој има право, односно – да победат. Она што е одлика на оваа поема, како и на целата „добра“ книжевност за деца, е што таа не им се обраќа само на децата (за кои ќе биде пред сѐ забавна, но и поучна), туку и на возрасните. Внимателниот „читач меѓу редови“ ќе ги открие алузиите на авторката на други вечни расправии без крај, а ќе нѐ наведе и на препознавање, па дури и на идентификација. Билјана Црвенковска",Сликовници,Николина Андова Шопова,Бегемот,2024.0,40.0,500 Денари,literatura
Мојата радосница мала,адосница во која ќе ги соберете спомените од првата година на вашето бебенце. Радосницата е универзална и може да се користи и за машко и за женско дете.,Радосници,,Топер,,30.0,200 Денари,literatura
Заспаниот град,"Еден ден, двете братчиња, петнаесетгодишниот Кристо- фер и малиот Самуел и сестричките-близначки, Ема и Крис- тина, се будат во свет во кој што сите родители се длабоко заспани. Целиот свет страда од мистериозен феномен, со кој ниту децата ниту возрасните не можат да се справат. Нема електричната енергија, нема вода, а уличните банди прават пустош во градот, обидувајќи се да ја искористат ситуацијата. Што е уште полошо, малиот Самуел е киднапиран од непо- знат маж! Браќата и сестрите, навикнати на сите удобности и родителска љубов, мора да се помират со тоа и да се обидат да преживеат. Со надеж дека нивните родители ќе се разбудат наскоро, тие брзо созреваат во светот што полека се распаѓа и станува див… Во Заспаниот град (Spící město, 2019) првиот дел од три- логијата, авторот Мартин Вопенка, прикажува опасен свет во кој децата мораат сами да се борат за својот опстанок. Ова е прв дел од трилогијата, но целосно е самостоен. Во исто вре- ме, овие дела нѐ учат колку е в",Романи за деца,Мартин Валенка,Бата Прес,2022.0,500.0,430 Денари,literatura
Кралот што имаше од се по многу (тврд повез),"Си беше еднаш еден крал кој имаше од се по многу. Живееше среќен - и тој и сите во кралството - се додека не сони дека изгубил се. Тогаш во него се всади страв. И веќе ништо не беше како порано. Кралот со никото не зборуваше за кошмарите. Не знаеше будалата дека и болките и радостите се споделуваат со другите. И дека така болките се намалуваат, а радостите растат.",Сликовници,Марија Папајани и Ефи Лада,Сказнувалка,2023.0,37.0,600 Денари,literatura
Боенка - Весела броенка,"Za razvoj na motori^kite ve{tini kaj decata Za jaknewe na koncentracijata Za pottiknuvawe na detskata qubopitnost, fantazija i kreativnost",Боенки и цртанки,/,Арс Ламина,2023.0,10.0,68 Денари,literatura
Размислувај како Алберт Ајнштајн,"На половина пат помеѓу прираcхник и разиграна лабораториска вејбанка, Размислувај како Алберт Ајнштајн е патување низ раскајување, активности и игри со коишто ќе откриеш како да го вејбаш твојот ум за истрајување, логика, науcхен метод, страст и мотиваcија, следејќи ги трагите на најголемиот науcхник на сите времиња.",Книги со активности,"Карло Калцан, Соња Скалко",Арс Ламина,2021.0,94.0,360 Денари,literatura
Мистеријата на историјата,"Соња, Педро и нивните соученици се збунети. Мистериозни пораки постојано се појавуваат на нивните компјутери, на нивните мобилни телефони, на веб-страниците што ги посетуваат, дури и на радио програма што ја слушаат. Тоа е глас од минатото – но кој се обидува да ги контактира и зошто? Следете ги знаците од нивното училиште во денешен Бразил низ вековите до древниот Египет, до лабораторијата на замокот на средновековниот волшебник и до бродовите што пловеле од Европа за да го откријат Новиот свет. Можете ли да ја решите мистеријата на историјата?",Научна фантастика и Фантазија за млади,Ана Марија Мачадо,Прозарт Медиа,2022.0,173.0,400 Денари,literatura
Фламански народни приказни и бајки,"Наградена лјубов, Волшебните ножиcи, Златната птиcа, златниот коњ и принcезата, Куќиcхка од слатки, Трите желби, Таткото и тројcата синови, Распеаниот cвет",Романи за деца,П. Ј. Корнелисен и Ј. Б. Ферфлит,Икона,2013.0,286.0,599 Денари,literatura
Кити и грабнатото милениче,"Еден викенд , Кити требаше да го причува миленичето на нејзината другарка, ќрчкото Марвин, но се случи катастрофа - тој беше киднапиран! кити мора да ја следи трагата на киднаперот и го врати Марвин во неговиот дом жив и здрав, пред да си замине ноќта. Време е за нашата суперхеројка Кити да ја спаси ситуаcијата!",Романи за деца,Пола Харисон,Арс Ламина,2021.0,128.0,290 Денари,literatura
Драга зоолошка градино,"„Драга зоолошка градино“ е книгичка со прозорчиња која не застарува од годината кога е прв пат објавена, 1982. Децата со радост ги отвораат прозорчињата на книгата за да погодуваат и да откријат какви сè животни испратиле од зоолошката градина. Но, дали ќе биде испратено вистинското милениче? Книгата има крупни, јасни и впечатливи илустрации од сите омилени животни на децата и рефрен кој брзо се учи!",Сликовници,Род Кембел,Елоквента,2021.0,14.0,350 Денари,literatura
Смена,"Сликарството е поважно од сѐ во нејзиниот живот, кој е поделен меѓу монотоната работа на касата во супермаркетот и чувството на премореност во малиот изнајмен стан. Петра дипломира на ликовната академија и мечтае да продолжи да се занимава со сликарство. Сепак, никако не успева да се пробие на уметничката сцена и затоа мора привремено да работи во супермаркет, каде што прередува продукти и продава на каса. Ана Беата Хаблова во романот „Смена“ дава прекрасен уметнички израз на проблемите со кои се соочуваат младите што мечтаат да го следат патот по кој ги повикува поривот за уметноста во едно потрошувачко општество. Каде е границата меѓу реалноста и мечтата?",Романи и раскази за млади,Ана Беата Хаблова,Муза,2024.0,221.0,380 Денари,literatura
"Јовано, Јованке","""Музичка фолк сликовница за деца, уникатна со својот концепт, новина во детското издаваштво кај нас. Спој на македонското народно музичко творештво и македонската ликовна уметност. Инспирација од познатата и популарна, македонска народна песна, „ЈОВАНО,ЈОВАНКЕ“, која на страниците на сликовницата е мелографирана и обработена од долгогодишен музички педагог Славејко Гиразов, исполнувајќи ги целите, да биде прифатлива и со текст и тема за децата. Целта е да се даде придонес кон зачувување на македонското музичко народно културно наследство и фолклорното творештво и тоа да им се понуди на децата во една форма, која ќе биде прифатлива за нив, за да го засакаат и продолжат да го негуваат, како наше национално богатство. Но, децата да спознаваат и нови естетски содржини, преку ликовните дела, со што ќе се воспитуваат и градат култура на вредности. Сликовницата на своите страници го содржи текстот на песната и нотни записи за истата, распоредени според строфите на страниците.",Сликовници,Душко Георгиевски,Фолконика,2023.0,16.0,300 Денари,literatura
Се во една книга - Учиме и се забавуваме,"Картонска книга со сите основни поими кои им се потребни на дечињата. Азбука, бројки, форми, животни и многу други теми собрани во една книга.",Сликовници со тврди страници,,Топер,2024.0,30.0,320 Денари,literatura
Перуника,"Пред многу време, уште пред да постојат луѓето и животните, со земјата владееле само растенија и цвеќиња, сите во посебни кралства. Едно од нив било на кралот Златен Крин. Се простирало на полуостров веднаш до Средоземното Море. Во изобилство имало бистра, пивка вода, што течела од околните извори и поточиња, голема и силна војска од јорговани, зимите биле благи, а летата свежи и тоа и давало плодност на земјата. Можело да се види до каде се границите, поради нијансите на виолетовата боја.",Сликовници,Сибо,Арс Ламина,2022.0,23.0,120 Денари,literatura
Гасеницата Кики,"Понекогаш децата, а и возрасните потешко склучуваат пријателства. Иако се чини дека не прават ништо погрешно кога ќе ù пристапат на некоја личност со намера да другаруваат. Но, колку и да изгледа обесхрабрувачки кога некој ќе одбие другарство, не постои простор за откажување. Затоа што секој ќе си го најде својот сроден другар во животот.",Сликовници,Маја Мишевска,Арс Ламина,2022.0,24.0,220 Денари,literatura
Кика и г. Несоница,"„КИКА И Г. НЕСОНИЦА“ е приказна за имагинативна, активна петгодишна девојка Кика, која заедно со својот измислен пријател господин Несоница со нетрпение го чека Божиќ за да научи да лизга на мраз. Уште една убава работа е што во семејството чекаат да се роди бебенце. Но, бебето ги крши плановите на Кика! Тато нема време да лизга со неа, баба не знае да чита приказни како мама… Прочитајте како приказната ќе стигне до среќен крај и како љубовта секогаш победува!",Сликовници,Едмундс Јансонс,Прозарт Медиа,2021.0,31.0,300 Денари,literatura
Лисицата и грозјето: Басна за добра ноќ,Сликовница со тврди страници и додаток на меко опавче Содржината на сликовницата е според добро познатата басна на Езоп за лисицата и грозјето. На секоја втора страница книгата содржи активност за препознавње поими.,Сликовници со тврди страници,,Арс Ламина,2024.0,10.0,220 Денари,literatura
Бој со Дина и Додо 7: Зоовантура,"Бој со Дина и Додо! Низ страниците на овие изданија ќе најдеш најразлични илустрации со Дина и Додо, кои можеш да ги обоиш по твоја желба! • Развивање на фините моторни вештини на мускулите на рацете и прстите (графомоторни вештини) • За јакнење на концентрацијата • За поттикнување на детската љубопитност, фантазија и креативност",Боенки и цртанки,,Арс Ламина,2022.0,10.0,48 Денари,literatura
За копчето и за среќата,"Книгата што ги инспирира авторите на филмот „Ловци на вештерки“ Јован беше многу осамен сѐ додека не се појави едно сосема обично копче и – му се насмевна среќата! Ја запозна Милица и тоа пријателство му го смени животот. Засекогаш. Книга за осаменоста, за наоѓањето храброст, пријатели, самодоверба и – среќа. Книга за инклузија на децата со попреченост и за прифаќањето на различнстите. Награди и признанија: Награда „Доситејево перо“ за 2019 година",Романи за деца,Јасминка Петровиќ,Чудна Шума,2022.0,77.0,375 Денари,literatura
"Човекот каков е, секој гледа (тврд повез)","Има долхи краци со кои постојано мавта, тесна муцка од која излегуваат меурчиња и големи, опасни пипала. Во темница свети како светулка и знае да лета како птица. Кое е тоа чудно суштество? Не знаете? А, сте слушнале ли некогаш за... човек?",Сликовници,Мажена Матушак,Сказнувалка,2023.0,64.0,600 Денари,literatura
Ѕуница,"Сите сме различни,малк слични.Но секој си е свој,секој си е со себе.И секој своја боја си носи.Но заедно,здружени,можеме прекрасна ѕуница да создадеме на нашето небо и нашите дни да ги обоиме во секоја боја од виножитото.Несебично секој од својата боја да даде,од срцето љубов да пушти.Креативни како Бојана,распеани како Птичка,силни како Мендо,досетливи како Зајче.Сите заедно под нашата многубројна ЅУНИЦА.",Сликовници со тврди страници,Бранислав Николов,Светулка Нова,2023.0,28.0,450 Денари,literatura
3Д Бајки,3D илустрирана книга за деца – уникатно патување со 4 волшебни приказни што ги носат малите читатели во свет на фантазија и авантури. 4 сцени со магични детали кои ја оживуваат приказната пред очите на вашите најмили. Совршен подарок за сите љубители на книгите и имагинацијата!,Сликовници,,Топер,,,299 Денари,literatura
Мечето што не го фаќаше зимски сон,,Сликовници,Александра Велинова,Едука Мак,2024.0,21.0,200 Денари,literatura
Натпреварот за суперготвач,"Мојот братучед Трапола се пријави на Натпреварот за суперготвач. Само еден од многуте пријавени ќе биде награден и прогласен за најдобар готвач на Островот на глувците. А, знаете ли кого Трапола го избра за помошник? Па, мене!!! Жими илјада моцарели, не очекував ваква прекрасна авантура!",Романи за деца,Џеронимо Стилтон,Култура,,128.0,290 Денари,literatura
Стојач на работ,CREATIO EX NIHILO. Creatio ex nihilo ; Principium materiae primae ; Neumoliva pesna ; Bezdnata ; Oseka; OTPADNAT OD MILOST. Kainuvanje na rechta ; Toa ; Dve temnini ; Abdikacija od visochinite ; Neiskupliva ; Uzhasot od svetoto ; Izguben vo rajot ; Prazen krik ; Zbogum; STOJACh NA RABOT. Pladnuvajkji od drugata strana na neshtata ; Vezhbi po metafizichko crtanje ; Prashanje za rabot ; Descedentia ; Chovek na rabot ; Preveduvach ; Koj znae? ; In principio; REVOLUCIJA. Nebotres ; Krazhbata na neboto (Apologia tenebrarum) ; Beznebje ; Vospev ; Bunt ; Revolucija ; Reditus ; Odvedi me; INCOMMENSURABILIA. Ars peregrinandi ; Prozrachni patnici ; Pesna za molivot ; Trpezata na Jahve ; Incommensurabilis ; Chudo,Боенки и цртанки,Филип Клетников,,2018.0,66.0,200 Денари,literatura
Исидора Мун : Под морето,"Мајка и е самовила, татко и е вампир, а таа е по малку од двете. Исидора е поканета на подводно преспивање кај својата другарка сирена и многу е возбудена! Но, кога пристигнува, запознава друга сирена по име Смарагда, која баш и не е многу среќна што е таму. Може ли Исидора да открие што е проблемот? Тоа е почетокот на волшебната подводна авантура!",Романи за деца,Хариет Мункастер,Арс Ламина,2025.0,128.0,350 Денари,literatura
Празно место,"„Празно место“ е книга за загубата, за љубовта, за семејството, за секојдневието, за проблемите, за пандемијата, но и за радоста која произлегува од конекцијата со блиските луѓе. Покрај овие теми, отвора прашања и за минливоста на времето, за материјалното и духовното постоење, како и за самата поезија, како начин да се обезбеди вечност",Боенки и цртанки,Снежана Стојчевска,Современост,2022.0,100.0,250 Денари,literatura
Потрага по храброст,"Малата ластовичка Верка е последна од ластовичките во гнездото што сѐ уште не научила да лета. Откако мајка ѝ ќе ѝ каже дека треба да ја пронајде храброста за да полета, Верка поаѓа во потрага. Потрага по храброст.",Сликовници,Биљана Стојановска,Чудна Шума,,20.0,300 Денари,literatura
Како да исплашиш чудовиште,"Смешна и забавна приказна за Отон Скакулеcот и неговото другарче, кои ќе научат како да бидат храбри и како да го исплашат чудовиштето што се крие под креветот. „Како да исплашиш чудовиште“ е уште една духовита авантура од перото на авторката на книгите за Грозовилата. За деца над петгодишна возраст.",Сликовници,Јана Бауер,Артконект,2022.0,32.0,350 Денари,literatura
Над облаците,"Мајмунка повеќе од сè на светот сака да се качува на највисоките места. Кога ќе ја запознае Снежана и ќе најдат една голема скала, Мајмунка ќе сака да се искачи дури до небото и да види што има таму.",Сликовници,Анемари ван Херинген,Артконект,2024.0,,450 Денари,literatura
Палеонтологија,Дознај: ШТО Е ПАЛЕОНТОЛОГИЈА КОГА СЕ ОТКРИЕНИ ПРВИТЕ ФОСИЛИ КОГА ЖИВЕЕЛЕ ДИНОСАУРУСИТЕ КОЈ ДИНОАУРУС БИЛ НАЈГОЛЕМ ДАЛИ НА БАЛКАНОТ ИМА ДИНОСАУРУСИ ДАЛИ ДИНОСАУРУСИТЕ НАВИСТИНА ИЗУМРЕЛЕ Пробај: ДА ПРЕПОЗНАЕШ РАЗНИ ВИДОВИ ДИНОСАУРУСИ ДА НАПРАВИШ ФОСИЛЕН ОТПЕЧАТОК НА СТАПАЛО ДА НАПРАВИШ КОСКА ОД ДИНОСАУРУС ДА ОДИШ КАКО ДИНОСАУРУС ДА НАПРАВИШ ГЕОЛОШКА ВРЕМЕНСКА СКАЛА ДА НАПРАВИШ ПЕРДУВИ ЗА ЛЕТАЊЕ,Детски енциклопедии и атласи,Крис Макгауан,КСЦ Полица,2022.0,32.0,250 Денари,literatura
Мила Стела доста лаеш,"Еден татко се обидува да го заспие своето дете, но во тоа го спречува нивното куче Стела, кое постојано лае. Секогаш се случува нешто неочекувано во вистинскиот и во имагинарниот свет на Стела. Дали е тоа баба која доаѓа да и даде мисиркино месо или, пак, се верверици кои си прават легло во тостерот? Најдобро е да се залае, за секој случај. Секој што се обидел да заспие дете, знае колку е кревка таа ситуација. „Мила Стела, доста лаеш!“ е поинаква приказна за заспивање, полна со топли чувства и забавна мешавина од познато секојдневие и фантастични лудории.",Сликовници,"Тед Форстром, Оса Лукандер",Арс Ламина,2024.0,36.0,250 Денари,literatura
Книга торбичка - Моќни машини (книга со лепенки и активности),"Книга со лепенки и активности за деца над 3 години. Многу лепенки и активности се кријат во оваа светкава книга-торбичка. Учиме, лепиме, се забавуваме и се дружиме со волшебните еднорози!",Книги со активности,Група автори,Топер,,,120 Денари,literatura
Животните од Антарктик - Пиши-бриши,"Повлечи линија на небото по која летаат албатросите, заокружи ги трите срца на најголемата лигна на светот и научи дека и најголемите суштества имаат свои мали тајни. Со овие едноставни и забавни активности, подредени по тежина, вежбанката ќе им помогне на децата од предучилишна возраст да ја вежбаат раката, да се навикнат на приборот за пишување и да стекнат самодоверба во првите чекори во цртањето и пишувањето, преку: • Почетно пишување разни видови линии (прави, коси, заоблени, брановидни и цикцак); • Слободно пишување линии; • Развивање на фините моторни вештини на мускулите на рацете и прстите (графомоторни вештини); • Можност вежбата да се повтори повеќепати и детето да се коригира самостојно.",Пиши-Бриши книги,Оливера Ќорвезироска,Арс Ламина,2023.0,23.0,299 Денари,literatura
Новогодишна боенка со стихови,Boenka so stihovi za deca preduchilishna vozrast,Боенки и цртанки,Ели Маказлиева,Едука Мак,2022.0,20.0,100 Денари,literatura
Сказнобус ; Песноград,,Поезија за деца,Велко Неделковски,Арс Ламина,2023.0,,250 Денари,literatura
Размислувај како гениј (Јуниор),"Малиот Алберт не може да ја најде пријавата за СУПЕРГОЛЕМАТА ИГРА, која ја организира неговото училиште. Покрај него се група неврони, кои му помагаат да ја најде исчезнатата пријава: МЕМО, невронот за меморија, НУЛА, невронот на броевите, АМЕРИГО, невронот на истражувањето, и ДАНТЕ, невронот на зборовите. Низ различни активности и многу игри, тимот од неврони ќе му помогне на Алберт, а со него и на малиот читател, да го вежбаат умот за да ги решаваат загатките - препреки на кои ќе наидат во нивната авантура.",Книги со активности,"Карло Карцан, Соња Скалко",Арс Ламина,2024.0,64.0,300 Денари,literatura
Магичниот тапан,Биби и Боби заедно со Фи и Бу тргнаа во магична пролетна авантура. Тие се тим што има многу важна мисија. Ќе успеат ли да ја победат лошата вештерка и да ја вратат пролетта во преубавиот Галичник.,Сликовници,Бојан Трифуновски,Светот на Биби,2023.0,32.0,200 Денари,literatura
Ти носам пустински песок,"Таа е неговата најнај другарка, тој нејзиниот најнај другар. Се викаат Стела и Сани, а меЌу себе Јасти и Тијас. Родени се на ист ден, во иста година, во ист час. Исти им се и имињата. Свездени.ѓивеат во исто маало, учат во исто одделение, исти нешта ги интересираат. Изгледа дека ништо не би моело да ги раздели, па сепак... Кога ќе се најдат илјадниcи километри далеку еден од друг, продолуват да се друат преку мејлови. Но колку моат тие да им ги надоместат ивите средби, гушкањата, заедничката смеа, солзите, воздишките?... ""е се смени ли нешто меЌу нив? Дали ќе успеат да ја одрат блискоста? На прагот се од тинејxерската доба со неброени прашања без одговори. И премногу си недостигаат. Ех, само кога повторно би се виделе!",Романи за деца,Винка Саздова,Издавачки центар ТРИ,2021.0,176.0,300 Денари,literatura
Возбудливи активности - Светот на еднорозите,,Книги со активности,,,,,99 Денари,literatura
Гатанки мали одговор им фали 2,"Во книшкава ќе најдеш петнаесет гатанки и, се разбира, петнаесет одговори претставени со весели цртежи. За да го дознаеш одговорот на секоја гатанка, само треба да завртиш на следната страница.",Сликовници,Ванчо Полазаревски,Чудна Шума,2023.0,32.0,150 Денари,literatura
Сончевото момче Ил,"Долгобрадиот старец Арно, секое утро низ прозорецот на својата мала колиба ги набљудуваше неговите бескрајни полиња насадени со сончогледи. Им се восхитуваше на убавината и секогаш помислуваше дека тие се златен килим кој природата го ткаеше со семките што тој секоја пролет како сончева прашина ги расфрлаше со помош на ветерот.",Сликовници,Катерина Данаилова,Арс Ламина,2022.0,29.0,120 Денари,literatura
Волшебниот скејтборд,"""Ова е првата книга од Волшебната серија. Булент сака да уcхествува во натпреварот со скејтборди, но, за јал, тој нема скејтборд. А и кога би имал, тоа не би сменило нешто, бидејќи Булент не умее да вози скејтборд… Возбудлива авантура на детето Булент, cхијшто јживот се менува кога ќе пронајде волшебен скејтборд!""",Романи за деца,Фатих Ердоган,Прозарт Медиа,2021.0,20.0,300 Денари,literatura
Бунтот на бројките,,Сликовници,Јована Матевска Атанасова,Арс Ламина,2023.0,37.0,250 Денари,literatura
Коњчето од рингишпилот,"„Коњчето од рингишпилот“ е сликовница за авантурата на едно дрвено коњче од рингишпилот на крајот од градот. Оживувајќи го коњчето со класична постапка на персонификација, стиховите на Јован Стрезовски од него прават лирски херој со кој децата лесно ќе се идентификуваат и сигурно ќе го засакаат. Илустрациите на Орце Нинески ù даваат впечатлив визуелен лик на оваа ноќна авантура кога коњчето бега од рингишпилот, се прошетува низ градот и наутро се враќа на рингишпилот да ги чека децата. „Тајниот“ соновен живот на омилените детски нешта, меѓу кои е и дрвеното коњче, придонесува за емоционалниот развој на малите големи читатели. „Коњчето од рингишпилот“ е навраќање на старите мајстори на литературата за деца и нивно претставување пред најмладите во целосно нов и свеж лик.",Сликовници,Јован Стрезовски,Арс Ламина,2022.0,24.0,220 Денари,literatura
Сет книгички од текстил 1/6,"Сет со 6 книгички од текстил. Наменети за најмалите, за полесно совладување на основите од темите: форми, овошје, зеленчук, животни, возила и бројки. Димензии: 185×150 mm, 6 текстилни книгички во картонска кутија.",Сликовници,,Топер,2023.0,,350 Денари,literatura
Но и јас,"Лу Бертињак има 13 години, коефициент на интелигенција 160 и способност внимателно да ги набљудува луѓето. Но нејзината семејна ситуација е многу тешка. Мајка ѝ со години страда од депресија и не ја напушта куќата, а татко ѝ поминува денови плачејќи во бањата. Светот на Лу ќе се промени кога на училиште ќе добие задача да напише есеј за бездомни тинејџери. Запознавајќи ги бездомниците во Париз, ќе ја сретне Но. Меѓу двете девојки се раѓа искрено пријателство. Не можејќи да го поднесе фактот дека Но нема дом и семејство, Лу ги убедува своите безволни родители да дозволат нејзината пријателка да остане со нив. Дури, ќе се обиде да најде дом за Но, меѓутоа нејзините желби сè повеќе ќе се судираат со суровата реалност. Според оваа книга е снимен и истоимениот филм од 2010 година.",Романи за деца,Делфин Де Виган,Антолог,2021.0,300.0,300 Денари,literatura
Фудбалски сон,"Ова е книга за фудбалот во која при читањето ќе уживаат дури и оние што не сакаат спорт. Се чини невозможно, но не е. Фудбалерите Рахман, Тигани и Хенри имаат талент, што значи некаква шанса да избегаат од големата сиромаштија во нивното село во Африка. Нивниот тренер има контакти во фудбалски клуб во градот и ќе ангажира скаут да дојде и да види колку вешто тие можат да ја шутираат и водат рачно изработената топка по прашината. Конечно, кога тие тројца ќе имаат шанса да заиграат на вистински фудбалски терен во градот, забавата завршува. Тренинзите се исцрпувачки, игрите напорни, а забранетите задоволства на градот примамливи. Наскоро Хенри и Тигани ќе мораат да се вратат дома, а само Рахман ќе ја има потребната сила на карактерот за да се пробие. По трансферот во Холандија, кога Рахман ќе се врати во селото, носејќи кул патики и нови алишта, ќе сфати дека никој повеќе не го гледа како Рахман туку се фокусираат на неговите пари и неговиот успех.",Романи и раскази за млади,Линеке Дајкзул,Бата Прес,2023.0,301.0,450 Денари,literatura
Превез,Makedonski avtor .,Романи и раскази за млади,Иван Стојановски,Современост,2022.0,223.0,300 Денари,literatura
Исидора Мун ја запознава забовилата,"""Исидора Мун е посебна бидејќи е поинаква. Мајка ù е самовила, татко ù е вампир, а таа е по малку од двете. На Исидора ù се ниша запcхе! Вампирите ги врамуваат своите први вампирски запcхиња, но самовилите ги оставаат под перниcа за забовилата. Исидора не моје да одлуcхи што ќе прави со своето запcхе, до моментот кога една веcхер запознава волшебна глувcхиcа по име Милиcхка. Со помош на Милиcхка, Исидора ќе создаде нова традиcија. Традиcија што ќе биде cелосно уникатна, исто како неа!""",Романи за деца,Хариет Мункастер,Арс Ламина,0.0,128.0,245 Денари,literatura
Бушава азбука (мек повез),"Поминаа повеќе од 35 години откако беше создадена култната ТВ-серија за деца, а по неа и сликовницата „Бушава азбука“ на Горан Стефановски, со илустрации на Душан Петричиќ. Со „бушавите букви“ растеа генерации и генерации, учејќи го македонскиот јазик и скапоцените подзаборавени, архаични зборчиња кои се одраз на неповторливата македонска книжевност, култура и традиција. Конечно, во 2022 година, го доживуваме резиданието на оваа вредна книга, од која сега можат да читаат денешните мали „бушави глави“ и растат денешните, нови генерации, негувајќи го македонското културно наследство.",Сликовници,"Горан Стефановски, Душан Петричиќ",Чудна Шума,2023.0,64.0,485 Денари,literatura
Зелда и Фе и Болниот змеј,"Во едно малечко кралство на Северното Море си живееше една принцеза по име Агнес, но сите во кралството ја викаа Фе. Тоа беше така бидејќи кога била сосема мала, можеби и помала, Фе скришно го зела биберот од кујната и се скрила под масата каде што почнала да го јаде.",Сликовници,Катерина Трајановска,Арс Ламина,2023.0,23.0,168 Денари,literatura
Двојниците од темнината,"По навидум случајна средба со една чудна старица, Борис од неа добива клуч и мошне мала куќичка за кукли. Заедно со своите другари и другарки ја отвораат куќичката и пред нив се прикажува нешто неверојатно: внатре се наоѓаат фигури што личат на нив. Некоја мрачна сила намислила да ги замени нашите јунаци со свои послушни двојници! Борис и друштвото почнуваат борба со злите суштества, а притоа добиваат помош и од една сенка. Ова е возбудлива и морничава авантура на тринаесетгодишни тинејџери кои ќе западнат во средиштето на чудни случувања, на границата помеѓу овој свет и некоја друга димензија. Приказна за силата на пријателството, за важноста на заедништвото и за незаменливоста на искреното другарување.",Романи за деца,Мореа Баниќевиќ,Антолог,2022.0,224.0,300 Денари,literatura
Ута од планините,"Ова е приказната на едно храбро девојче со големи соништа да се искачи на највисоките врвови на светот. Приказната на Фљутура, која со своите волшебни очи како две ѕвездички го осветлуваше светот околу неа. Со промената на годишните времиња, таа облекуваше фустанче во боите на тоа годишно време и секогаш со насмевка ги поздравуваше бескрајните убавини на природата. Нејзиното име значеше „пеперутка“, но нејзиниот сакан дедо ја викаше Ута и таа го задржа тоа име до денес. Со него стана позната низ целиот свет. Во мај 2017 г. Ута стана првата жена од албанска националност што се искачи на Монт Еверест, на 8.848 метри. До 2020 година таа искачи пет врва над 8.000 метри и нејзината цел е да продолжи да се искачува на преостанатите 14 врва над 8.000 метри и да шири позитивна енергија на луѓето од целиот свет.",Сликовници,Тефта Кељменди,Чудна Шума,2021.0,44.0,400 Денари,literatura
Медо Чедо помага за Божик,"Медо Чедо дојде да му помогне на Дедо Мраз да се подготви за еден многу посебен ден! Празнична забава со дебели лизгачи што се влечат и туркаат. Интерактивни сликовници од серијалот „За вешти прстиња“ од Бенџи Дејвис, со механизми за развој на моториката кај децата. Прозорчиња што излегуваат со помош на тркалца и други елементи што се извлекуваат и вовлекуваат и се вистинска забава за целото семејство. Книгата има и едноставен римуван текст со впечатливи, прекрасни цртежи. Исклучително популарни книги во светот и еден од најпродаваните серијали, во кои најмногу ќе се пронајдат малечките од 1 до 3 години, но се разбира ги охрабруваме и помалите дечиња да почнат да си играат со оваа одлична сликовница и да ја развијат моториката. Изработени се од високо квалитетен цврст картон со повеќе слоеви и дебелина на страниците од 4 милиметри. Има 10 вакви страници со вградени подвижни механизми и страниците се со големина 18 х 18 сантиметри. Во секоја сликовница од серијалот, Медо Чедо има некаква задача. Во оваа сликовница, Медо Чедо ќе се подготвува за Божик и ќе му помага на Дедо Мраз. Ќе ја полни санката со подароци, ќе носи подароци и ќе летаат заедно за подароците навреме да пристигнат кај сите.",Сликовници со тврди страници,Бенџи Дејвис,Бата Прес,2024.0,10.0,499 Денари,literatura
"Стела, Сани и јас","Ти се слуcхило ли некогаш да бараш нешто што не знаеш како изгледа? ЗАМИСЛИ СИ ДЕКА ТИ, Стела и Сани треба да го барате изгубеното суштештво.Тоа е заталкано некаде во оваа сликовниcа.Еве ти мала помош:се плаши од светлината.Знаcхи,тргнувај накај се што свети!",Сликовници,"Бистра Георгиева, Наталија Лукомска",Издавачки центар ТРИ,2021.0,28.0,250 Денари,literatura
Дина и Додо 5: Летување на море,"Решавај и забавувај се со Дина и Додо! Низ вежбанките ќе најдеш многу забавни активности и загатки за решавање – од лавиринти и пронаоѓање разлнични или исти предмети, цртање од точка до точка, боење, до откривање скриени предмети и зборови, активности со броење и собирање и судоку загатки! • За развој на логичките капацитети и способности кај децата • За јакнење на концентрацијата • За поттикнување на детската љубопитност, фантазија и креативност""",Книги со активности,Група автори,Арс Ламина,,24.0,138 Денари,literatura
Боенка Диносауруси,,Боенки и цртанки,,Едука Мак,2024.0,20.0,130 Денари,literatura
Зимски активности,Оваа весела книга со активности ќе го исполни времето на децата со радост и магија,Книги со активности,,Светот на Биби,2023.0,,200 Денари,literatura
Мојата прва библиотека - НА МАСА,Книга 8 „НА МАСА“ е шестата книга во “Црвеното ниво”. Изучени букви: А Н Е М И С Т,Сликовници,"Деспина Мукоска, Калиопи Трпчева (илустрации)",Арс Ламина,2023.0,24.0,68 Денари,literatura
Боенка со активности - Велигден со Биби и Боби,Велигденски активности со Биби и Боби на 16 страници.,Боенки и цртанки,,Светот на Биби,,,99 Денари,literatura
Кога Ушко се плаши,"Да се плашиш поради нешто е многу непријатно чувство. Но, тоа не значи дека за него нема лек. Ова книже може да послужи во справувањето со стравот, и тоа преку примерот со зајачето Ушко кое многу се плаши. Ајде да му покажете на Ушко дека вие знаете како да го совладате непосакуваниот страв. Да се плашиш поради нешто е многу непријатно чувство. Но, тоа не значи дека за него нема лек. Ова книже може да послужи во справувањето со стравот, и тоа преку примерот со зајачето Ушко кое многу се плаши. Ајде да му покажете на Ушко дека вие знаете како да го совладате непосакуваниот страв. Да се плашиш поради нешто е многу непријатно чувство. Но, тоа не значи дека за него нема лек. Ова книже може да послужи во справувањето со стравот, и тоа преку примерот со зајачето Ушко кое многу се плаши. Ајде да му покажете на Ушко дека вие знаете како да го совладате непосакуваниот страв. Да се плашиш поради нешто е многу непријатно чувство. Но, тоа не значи дека за него нема лек. Ова книже може да",Сликовници,Христина Стефановска,Арс Ламина,2021.0,44.0,360 Денари,literatura
Сет сликовници - Моите први животни,"Покрај тоа што со овие сликовници подобро ќе ги запознаеме животните, исто така може и да се забавуваме со часови играјќи игри за меморија, правејќи конструкции и сложувајќи ја илустрацијата од фармата. Сет полн со забава, наменет за најмалечките! Димензии: 210×240 mm, 12 картонски сликовници по 10 страници.",Сликовници со тврди страници,Ирена Станојевич,Топер,2023.0,120.0,570 Денари,literatura
Libri për ngjyrosje e Zazit,,Боенки и цртанки,Билјана С. Црвенковска,Светот на Биби,2021.0,32.0,180 Денари,literatura
Numrat deri në 10 : мbledhja dhe zbritja deri në 10 : mësojmë matematikë me Sofi,"Mësoji numrat deri në 10 dhe operacionet mbledhje dhe zbritje me ta Me këtë libër do të mësosh: • të numërosh deri në 10 • të shkruash numra deri në 10 • të mbledhësh dhe të zbresësh deri në 10 • të përcaktosh më shumë ose më pak • të ngjyrosësh, të lidhësh dhe të zgjidhësh enigma",Книги со активности,Biljana Stojoska Zlatkov,Арс Ламина,,30.0,148 Денари,literatura
Bibi dhe gjigantët,,Сликовници,Билјана С. Црвенковска,Светот на Биби,2021.0,36.0,180 Денари,literatura
Новите авантури на Тино од мојот влез,"Новите авантури на Тино од мојот влез е книга што брзо ќе ги освои децата: забавна, имагинативна, игрива… Но таа мошне ненаметливо и природно се занимава со некои навистина значајни теми – како и секоја добра книга за деца, впрочем.“",Сликовници,"Жарко Кујунџиски, Тхе Мичо",Антолог,2021.0,20.0,400 Денари,literatura
OOЗ,"Љубопитната птичка Срчорче и татко ѝ еден ден ќе појдат во ООЗ да ги видат луѓето. Срцорче има безброј прашања. Дали и луѓето знаат да свиркаат? Дали и луѓето се слободни, како птиците? Каде ги градат своите гнезда? Дали и тие заминуваат на југ зиме? Таткото е тука да одговори на сите прашања. Луѓето се многу забавни, ќе заклучи Срцорче, и ќе посака да добие еден човек за својот роденден. Дали е тоа дозволено?",Сликовници,Милја Прагман,Артконект,2024.0,34.0,350 Денари,literatura
Мојата прва библиотека - ВОДОПАД,"Книга 11 „ВОДОПАД“ е единаесетта книга во комплетот, а прва од „Жолто ниво”. Изучени букви: А Н Е М И С Т О В Д П",Сликовници,"Деспина Мукоска, Калиопи Трпчева (илустрации)",Арс Ламина,2023.0,24.0,68 Денари,literatura
Патувајте со приказните - Самовили,"Време е да го почнете патувањето во еден од најволшебните светови… СВЕТОТ НА САМОВИЛИТЕ! Преку овие приказни ќе посетите неверојатни места, а вашата имагинација ќе ви биде најдобар придружник. Дали сте подготвени?",Сликовници со тврди страници,Анета Пауновска,Топер,2023.0,100.0,350 Денари,literatura
ТКЦП и загатките на Ајнштајн,"Хеј, време е за ЗАГАТКИ! Да, токму така, загатки! Ноќ е. Лео и пријателите од ТКЦП се во Пештерата. Надвор паѓа дожд – лее! На вакво време ни најголемите никаквеци не сакаат да излегуваат и да прават ујдурми, па ТКЦП можат малку да одморат од авантури. Но, тоа не значи дека ќе остават нивните мозочиња да седат без работа. Како? Така што ќе решаваат логички загатки познати под името Загатки на Ајнштајн! Што значи, пенкало или молив в рака и подготви се за решавање!",Книги со активности,Билјана С.Црвенковска,Арс Ламина,2021.0,80.0,250 Денари,literatura
Тоби оди на прошетка: Приказна за добра ноќ,"Сликовница со тврди страници и додаток на меко опавче Приказна за едно кученце што се изгубило додека одело на прошетка, а пријателите му помагаат да се врати дома. На секоја втора страница книгата содржи активност за препознавње поими.",Сликовници со тврди страници,,Арс Ламина,2024.0,10.0,220 Денари,literatura
Океанија,,Сликовници,Мартин Миљев,Арс Ламина,2023.0,23.0,168 Денари,literatura
Бакнеж,"Семејните тајни имаат начин да се откријат, а понекогаш, тие можат да променат сè"" „Во прегратката на простувањето, наоѓаме сила да ги излечиме нашите скршени врски“. „Љубовта е основата која го издржува тестот на времето, дури и во услови на уништени врски“. „Бакнеж“ од Џеклин Вилсон навлегува во сложената тема на семејството, прикажувајќи го емоционалното влијание на заладените односи, загубата и помирувањето. Приказната истражува релевантни теми кои предизвикуваат размислување, како што се последиците од нашите постапки, важноста на простувањето и трајната љубов во семејствата. Читателите ќе резонираат со пораките за раст и развој, бидејќи привлечните патувања на карактерот ја прикажуваат моќта на личната трансформација и вторите шанси. Овој трогателен роман нуди трајна вредност со тоа што нè учи на лекции за простување и потенцијалот за личен раст. Читателите ќе ја научат важноста на емпатијата и разбирањето наспроти неволјите. „Бакнеж“ е трогателна приказна која не потсетува на трансформативната моќ на љубовта и простувањето, што го прави вреден додаток на вашата листа за читање. Џеклин Вилсон претставува разновидни ликови. Нејзините ликови резонираат кај читателите од сите потекла. Инклузивните претстави во „Бакнеж“ поттикнуваат емпатија и идентификација, осигурувајќи дека читателите можат да се поврзат со ликовите на лично ниво. Овој роман е доказ за универзалните искуства на љубовта, загубата и сложеноста на семејната динамика. „Бакнеж“ е роман на познатата британска авторка Џеклин Вилсон. Приказната првенствено се фокусира на животот на нејзината протагонистка Силви, 14-годишно девојче кое никогаш не било бакнато. Романот се занимава со сложеноста на љубовта, пријателството и бурните емоции на адолесценцијата. Силви е интровертна тинејџерка која нема блиски пријатели на училиште. Соучениците често ја исмеваат поради недостаток на романтични искуства, што дополнително ја зголемува нејзината несигурност. Нејзиниот свет добива пресврт кога ново момче, Карл, пристигнува во училиштето. Силви станува пријателка со Карл, а нивната врска станува посилна со текот на времето. Ова пријателство на крајот се претвора во романтична врска. Најдобриот пријател на Силви, Таш, првично ја поддржува нејзината новооткриена врска со Карл. Меѓутоа, како што се продлабочува врската на Силви и Карл, во нивното пријателство настануваат тензии. Таш почнува да се чувствува изоставено и огорчено, што предизвикува затегнување во нејзиниот однос со Силви. Овој конфликт ја нагласува сложената динамика на тинејџерските пријателства и влијанието на првата љубов врз постоечките врски. Романот ја истражува темата на самооткривање додека Силви ја искусува својата прва романтична врска и се бори со сопствените несигурности. Нејзините искуства со Карл, и борби да го одржи пријателството со Таш и емотивните подеми и падови на адолесценцијата се живописно прикажани. Низ приказната се истакнува важноста на отворената комуникација во односите. Недоразбирањата и тајните се закануваат да ги растурат пријателствата и романтичните врски на ликовите. Таа служи како лекција за младите читатели за значењето на искрената и транспарентна комуникација во одржувањето здрави врски со другите. „Бакнеж“ на крајот служи како наратив за полнолетство, прикажувајќи ги предизвиците и радостите на адолесценцијата. На читателите им дава увид во сложеноста на тинејџерската љубов и пријателство, истакнувајќи го растот и личниот развој што може да се појават во оваа фаза...",Романи и раскази за млади,Џеклин Вилсон,Икона,2010.0,280.0,499 Денари,literatura
Шумска револуција,"Цела шума е на нозе! Револуција и одбрана на најстариот чинар, каде што се прави највкусното кремче! Ќе го спасиме ли древното дрво од лошиот ловец и неговиот багер?",Сликовници,Бојан Трифуновски,Светот на Биби,2023.0,28.0,200 Денари,literatura
Мачката Мара шубара,Некогаш во инуитските земји живееше прекрасно семејство во белината која никогаш не завршува.,Сликовници,Оливија Георгиевска,Арс Ламина,2023.0,23.0,220 Денари,literatura
Сакам фудбал - книга со активности,Дали си љубител на фудбалот? Пред тебе е книга што ти нуди многу часови забава и играње преку многубројните активности!,Книги со активности,,Топер,,48.0,120 Денари,literatura
Мојата прва библиотека - ОВЕС,Книга 10 „ОВЕС“ е десеттата книга во “Црвеното ниво”. Изучени букви: А Н Е М И С Т О В,Сликовници,"Деспина Мукоска, Калиопи Трпчева (илустрации)",Арс Ламина,2023.0,24.0,68 Денари,literatura
Приказни за принцези - сет,"Приказни за принцези – Уживајте во магични приказни за храброст, добрина и среќни завршетоци. Зошто ќе ги обожавате: -Картонски книги создадени за мали рачиња. -Сместени во цврста кутија за лесно складирање и носење. -Совршени за поттикнување на фантазијата и развојот на умот! Овие сетови се идеален подарок за родендени, празници или за секојдневна радост.",Сликовници,,Топер,,,450 Денари,literatura
Илина и шумските тролови,"Наместо здодевен ден на село, Илина е вовлечена во една голема авантура: шумскиот трол Папрат ја бара нејзината помош за да ги спаси скаменетите пријатели од една лоша вештерка. Но ништо не е баш така како што изгледа во свет каде што гатачките не ја знаат иднината, враните никако да се најадат, на мачорите навидум сѐ им е јасно, а бои и мириси се собираат во теглички.",Романи за деца,Хана Корнети,Или-Или,2023.0,266.0,420 Денари,literatura
Шумската дружина: кога сите сме заедно,"Развивање на емоционалната интелигенција кај децата, стекнување вештини за подобрување на социјалната интелигенција кај децата, поттикнување на детската имагинација и креативното размислување во решавање ситуации што предизвикале одредена емоција, како и развивање вештини, техники и здрави уверувања за ослободување и самоконтрола на емоциите лутина, страв, тага и среќа. 40 картички во кутија - 15 х 9 цм",Едукативни игри и квизови,Христина Стефановска,Арс Ламина,2023.0,,260 Денари,literatura
Крилче,"Крилче е птица. Тој има клун, две нозе и две крилја. Па, сепак, Крилче не е како другите птици… Крилче има страв од летање. Така, кога неговите пријатели наесен ќе заминат во топлите јужни краишта, Крилче останува сам. Сепак, Крилче можеби е плашлив, но тој има златно срце! Кога е студено и на животните во шумата им е потребна помош, Крилче е секогаш во близина да им помогне. И така, тој станува херој!",Сликовници,Клаудија Лагерман,Артконект,2024.0,48.0,460 Денари,literatura
Шапката,"„Шапката“, сликовницата на францускиот уметник и писател Томи Унгерер, првично се појавила во 1970 година. Тоа е приказна за сиромашниот воен ветеран Бенито Бадољо кој ненадејно станува богат откако случајно ќе добие волшебна шапка. Книгава содржи низа живописни и духовити слики и случки и претставува вистински класик во книжевноста за деца.",Сликовници,Томи Унгерер,Темплум,2021.0,50.0,220 Денари,literatura
Веселата фарма,Книга-хармоника со многу весели животни и многу скриени прозорчиња Димензии: 155 x 210 мм,Сликовници со тврди страници,Група автори,Топер,,5.0,120 Денари,literatura
Алфеј - картонска сликовница,Запознај го Алфеј! Едиција од картонски книги наменети за нашите најмали обожаватели.,Сликовници со тврди страници,,Светот на Биби,,,250 Денари,literatura
Мојата прва библиотека ИМЕ,Книга 4 „ИМЕ“ е четвртата книга во “Црвеното ниво”. Изучени букви: А Н Е М И,Сликовници,"Деспина Мукоска, Калиопи Трпчева (илустрации)",Арс Ламина,2023.0,24.0,68 Денари,literatura
Размислувај како Леонардо Да Винчи,"На половина пат помеѓу прирачник и разиграна лабораториска вежбанка, Размислувај како Леонардо да Винчи е патување низ раскажување, активности и игри со кои ќе откриеш како да го вежбаш твојот ум за љубопитност, креативност, техника и перфекција, следејќи ги трагите на најсложениот и полиедричниот генијалец на сите времиња.",Книги со активности,"Карло Калцан, Соња Скалко",Арс Ламина,2021.0,96.0,360 Денари,literatura
Букви и бројки: АБВ книга со активности,Книга за деца со активности во боја Оваа книга содржи забавни и едукативни активности за учење на буквите: • графомоторички активности • пишување букви • боење и други активности,Книги со активности,,Арс Ламина,,,118 Денари,literatura
Чекајќи го ветрот,"Винга сонува за морето. Таа ќе биде морнар кога ќе порасне, ќе плови до далечни пристаништа и можеби ќе спаси морнари од бродолом. Дома во градот, мама е тажна, а тато си заминува засекогаш. Но, конечно, лето е и таа го поминува со дедото на островот и се друго е далечно. Дедото ѝ подарува на Винга старо бротче што таа ќе го направи пловно. На островот се е како и обично, но истовремено и не навистина. Топлината вибрира преку ден и наеднаш се појавува девојка со црна капа додека Винга работи на своето бротче. Нејзиното име е Рут. Се чини дека единственото нешто што им е заедничко е нивната возраст и тоа што се на островот. Но, се покажува дека има многу повеќе. ""Чекајќи го ветрот"" е длабока приказна за едно необично лето кога детството завршува. Со многу емпатија и љубов, Оскар Крун пишува за тоа како Винга учи да го одржи својот курс за време на бурата од збогувања, новооткриеното пријателство и насуканиот кит.",Романи за деца,Оскар Крун,Бегемот,2021.0,222.0,350 Денари,literatura
Глувчето што сакаше да чита,,Сликовници,"Христина Стефановска, Тања Тас (илустрации)",Светулка Нова,2024.0,24.0,400 Денари,literatura
"Сетила, емоции и чувства - книга со активности","Книга за деца со активности во боја Оваа книга содржи забавни и едукативни активности за запознавање со сетилата, емоциите и чувствата: • графомоторички активности • лавиринти и загатки • боење и други активности",Книги со активности,Билјана Стојоска Златков (уредник),Арс Ламина,2024.0,24.0,118 Денари,literatura
Тото и мистериозниот крадец на накит,"""Тото и нејзините пријатели се во неволја! Најспектакуларниот жживотински накит во светот е сместен и заклучен во Лондонската кула. Но, кога Тото оди во посета на кулата, некој го украл накитот, а за тоа го обвинуваат нејзиниот шеф - Лери! Дали Тото и нејзините пријатели ќе можат да ја разрешат мистеријата и да влезат во трагата на вистинскиот крадец?""",Романи за деца,Дермот О'Лири,Арс Ламина,2021.0,192.0,350 Денари,literatura
Боенката на Боби,Боенка со 16 страници преку кои децата може да ја изразат својата креативност и да ги бојат своите омилени карактери од „Светот на Биби“.,Боенки и цртанки,,Светот на Биби,,16.0,62 Денари,literatura
Мојата прва и најдобра збирка со активности,"Голема збирка која ќе го држи интересот на вашето дете со часови. Илустрации во боја, проследени со интересни задачи кои ќе ја развијат логиката на вашето дете.",Книги со активности,,Топер,2023.0,192.0,250 Денари,literatura
Кога Летко е тажен,"Ако сте се прашувале што треба да направите за да не бидете тажни или како да му помогнете некому да не се чувствува тажно, тогаш оваа книга ќе ви биде ваш мал водич. А, пак, тажното славејче Летко – јунакот на овие приказни – едвај чека да го научите како да се справи со емоцијата тага.",Сликовници,Христина Стефановска,Арс Ламина,2021.0,44.0,360 Денари,literatura
Игра со придавки,"Со оваа шарена сликовниcа во рима, ќе влезете во игривиот свет на придавките. Преку прекрасните слики и зборовите во боја, ќе науcхите како да ги препознаете и како да ги употребите. Придавките навистина лесно се уcхат и лесно се помнат!",Книги со активности,Оливија Георгиевска,Арс Ламина,2022.0,20.0,180 Денари,literatura
Бој со Дина и Додо 6: Животот на фарма,"Бој со Дина и Додо! Низ страниците на овие изданија ќе најдеш најразлични илустрации со Дина и Додо, кои можеш да ги обоиш по твоја желба! • Развивање на фините моторни вештини на мускулите на рацете и прстите (графомоторни вештини) • За јакнење на концентрацијата • За поттикнување на детската љубопитност, фантазија и креативност",Боенки и цртанки,,Арс Ламина,2022.0,10.0,48 Денари,literatura
Љубопитното зајаче,"Храброста и љубопитноста го движат светот, му даваат крила на сонот, ја раѓаат желбата за нови cхекори. Секоја остварена замисла, секое ново откритие не води кон вистинскиот пат на раст и развој надвор, меѓу другите и внатре, во себе. Затоа, да бидеме храбри и љубопитни како љубопитното зајаcхе, да го надминеме стравот, да го прифатиме предизвикот на секој нов ден! Да го откриваме жживотот на свој наcхин и по своја патека.",Сликовници,Роза Костеска,Едука Мак,2022.0,15.0,250 Денари,literatura
Талкачот Тим - детективската агенција Агата,"Додека научниците расудуваат за тоа што е сонот: измислица или реалност, — Оксана Силаева, автор на фантастичниот серијал „Талкачот Тим“, ве поканува во зачудувачкиот свет на Амалгам, каде логиката на разбудениот се разбива од семоќноста на заспаниот. Тим се најде таму скоро случајно, пред да дознае за талкачите. Тој поверува: секоја иднина може да се промени. Секоја ноќ Тим се појавува во семејната детективска агенција на алејата на Сребренестите костени, скоро бесстрашно го истражува фантастичниот свет, неговите жители и решава заплеткани случаи, достојни за Шерлок Холмс. Среќа е што го има неговиот одличен учител — придружникот меѓу световите, семеен пријател во текот на четири генерации, огромниот рис по име Перек. Како и да е, не поминува ниту една ноќ без нов случај и нова авантура, само треба да се најде време за заспивање и за будење. Книга за сите кои мечтаат за патувања во други светови. Продолжението следи!",Романи и раскази за млади,Оксана Силаева,Прозарт Медиа,2023.0,325.0,500 Денари,literatura
Тајнописец,"Уводните стихови извонредно децидно ја наметнуваат атмосферата како стожер во автохтоноста на поетиката на Мукоска во која се бараат и пронаоѓаат одговори на тајните, дилемите и недоумиците во посакуваната ноќ која пламти во несоница.",Поезија за деца,Верица Мукоска,Современост,2022.0,100.0,250 Денари,literatura
Лео,Запознај го Лео! Едиција од картонски книги наменети за нашите најмали обожаватели.,Сликовници со тврди страници,Билјана Црвенковска,Светот на Биби,2023.0,8.0,250 Денари,literatura
Учиме математика со Софија: Форми и мерки,"Броевите и операcиите со нив се дел од твоите секојдневни активности. Па, така, и оваа вежбанка е полна со лавиринти, боенки и решаванки со кои деcата ќе уcхат и ќе се забавуваат. ќе науcхат: • за правоаголникот, квадратот, триаголникот и кругот • што е потешко, а што е полесно • што е подолго, а што е пократко • што е помало, ашто е поголемо • за cхасовникот • за монетите",Книги со активности,Билјана Стојоска - Златков,Арс Ламина,2021.0,32.0,148 Денари,literatura
Распарчени,"Книга што ќе ве насмее и расплаче во исто време. За Миа и за нејзините школски другари започнува летниот распуст. Долго време ќе бидат слободни. Но, наскоро ќе треба да почнат во средно училиште и секој по својот пат: ќе бидат разделени во различни насоки. Сепак тие го имаа ова лето за да бидат заедно, овде и сега. За време на распустот, Миа и Аре се зближуваат на некој нов, чуден начин и тешко е да се каже дали е тоа другарство или љубов. Штом пристигна есента, Миа се пресели во интернат. Таа блеска во нејзината нова средина на музички план и се впушта во нов средношколски живот исполнет со концерти, забави, животот во интернатот и нови пријатели. Потоа Аре се разболува. И тој е многу болен. Распарчени е живописен роман за пријателството, за тоа како е можно истовремено да се биде среќен и тажен кога нешто навистина чудесно и нешто навистина ужасно ќе се случат истовремено. Авторката Хилде Миклебуст напиша интимна приказна исполнета со силни емоции. Вклучена е во каталогот на зн",Романи и раскази за млади,Хилде Миклебуст,Бата Прес,2024.0,228.0,430 Денари,literatura
Ведра,"„Ведра“ е приказна што си игра со архетипите, влегува длабоко и таму буричка, менува, поправа, разместува, отклучува. Го има оддалечувањето од домот, ги има опозициите добро – зло, светло – темно, блиску – далеку, но има и изненадувања, што самите ќе ги откриете кога ќе ја прочитате. „Ведра“ ги има главните карактеристики на литературата за деца: директно му се обраќа на детето, ненаметливо го подучува, нежно влегува во неговиот несвесен свет и таму менува колективни знаења што не се нужно точни; покрај тоа, духовита е, и приказната и илустрациите. Децата ќе ја обожаваат. И, како и секоја добра приказна за деца, ова не е само приказна за деца, туку е приказна за секого - Ѓоко Здравески. „Ведра“ е како микро и макро патување низ сите сплетени приказни од народното творештво со најбрз кабриолет и со најфраерски очила за сонце! Ова е сликовница омаж на пријателството, слатководна, брзоречита, лесночитлива во изразот.",Сликовници,Јулијана Величковска,ПНВ Публикации,2022.0,32.0,300 Денари,literatura
Животните од Азија - Пиши-бриши,"Помогни ù на палавата панда да си го најде креветот од бамбус, доцртај му реси на слабините и на опашката на јакот и придружувај ја двогрбата камила на патот кон оазата. Со овие едноставни и забавни активности, подредени по тежина, вежбанката ќе им помогне на децата од предучилишна возраст да ја вежбаат раката, да се навикнат на приборот за пишување и да стекнат самодоверба во првите чекори во цртањето и пишувањето, преку: • Почетно пишување разни видови линии (прави, коси, заоблени, брановидни и цикцак); • Слободно пишување линии; • Развивање на фините моторни вештини на мускулите на рацете и прстите (графомоторни вештини); • Можност вежбата да се повтори повеќепати и детето да се коригира самостојно. Оваа вежбанка е реупотреблива. На нејзините страници може да се пишува со овој или со друг маркер за бела табла (пиши-бриши), а се брише со марамче, обична ткаенина или сунѓер.",Пиши-Бриши книги,Оливера Ќорвезироска,Арс Ламина,2023.0,23.0,299 Денари,literatura
Момчето од зборови/Девојчето од ноти,"„Момчето од зборови“ / „Девојчето од ноти“ е прекрасна сликовница со две приказни (и две корици) – текстот и илустрациите се на Катерина Николовска, која како докажана илустраторка сега првпат се јавува со свое целосно авторско дело. „Момчето од зборови“ / „Девојчето од ноти“ се две приказни кои се занимаваат со темите на самодовербата, врсничкото насилство, прифаќањето на различностите и пријателството – две нежни, но истовремено и силни приказни за едно момче и за едно девојче кои во средината се соединуваат во ист крај.",Сликовници,Катерина Николовска,Чудна Шума,2023.0,56.0,700 Денари,literatura
"Елено ќерко, Елено","Музичка фолк сликовница за деца, новина во детското издаваштво, со уникатност по својот концепт. Спој на македонското народно музичко творештво и македонската ликовна уметност. Инспирација од познатата и популарна, македонска народна песна, „ЕЛЕНО ЌЕРКО,ЕЛЕНО“, која на страниците на сликовницата е мелографирана и обработена од долгогодишен музички педагог Славејко Гиразов, исполнувајќи ги целите, да биде прифатлива и со текст и тема за децата. Целта е да се даде придонес кон зачувување на македонското музичко културно наследство и фолклорното творештво и тоа да им се понуди на децата во една форма, која ќе биде прифатлива за нив, за да го засакаат и продолжат да го негуваат, како наше национално богатство. Но, децата да спознаваат и нови естетски содржини, преку ликовните дела, со што ќе се воспитуваат и ќе градат култура на вредности. Сликовницата на своите страници го содржи текстот на песната и нотни записи за истата, распоредени според строфите на страниците. Авторот, Душко Георгиевски, преку оваа сликовница, ја исполнува својата мисија, народната македонска песна, да стигне до што поголем број на деца, да ја учат и да стане дел од нивниот културен идентитет.Сликовницата е уникатна по својот колорит од илустрации.Од уметничките авторски дела на академскиот сликар Горан Боев, за убавата мома Елена, до останатите, кои го пресликуваат текстот на истоимената народна песна, со цел да овозможат таа да се доживее подобро кај децата.На страниците на сликовницата има и едукативен дел, боенка за учење на народните инструменти и дел за учење да се свири песната. Со тоа, оваа сликовница добива уште поголема вредност, од едукативен,образовен и естетско-уметнички карактер.",Сликовници,"Душко Георгиевски, Горан Боев, Славејко Гиразов",Фолконика,2025.0,17.0,300 Денари,literatura
Мојата прва библиотека - ЅУНИЦА,"Книга 31 „ЅУНИЦА“ е триесет и прва книга во комплетот, а шеста од „Зелено ниво”. Изучени букви: А Н Е М И С Т О В Д П Л К Р У Г Б Ј З Ш Ж Ч Ц Ќ Ѓ Њ Љ Ф Х Џ Ѕ",Сликовници,"Деспина Мукоска, Калиопи Трпчева (илустрации)",Арс Ламина,2023.0,24.0,68 Денари,literatura
The black cat Mara - the hat shubara,"Once upon a time in the inuit lands, lived a beautiful family in the whiteness that never ever ends.",Сликовници,Оливија Георгиевска,Арс Ламина,2022.0,,220 Денари,literatura
Затвори ја чешмата Стилтон,Неверојатна авантура во која заедно со Џеронимо Стилтон ќе откриете зошто водата е најскапоценото нешто за нас и природата што не опкружува.,Романи за деца,Џеронимо Стилтон,Култура,2024.0,111.0,290 Денари,literatura
Мојата прва библиотека - ЦВЕТ,"Книга 23 „ЦВЕТ“ е дваесет и трета книга во комплетот, а тринаесетта од „Жолто ниво”. Изучени букви: А Н Е М И С Т О В Д П Л К Р У Г Б Ј З Ш Ж Ч Ц",Сликовници,"Деспина Мукоска, Калиопи Трпчева (илустрации)",Арс Ламина,2023.0,24.0,68 Денари,literatura
Светулка,"Светулка живеела во паркот спроти куќата на мајка ѝ. Таму било побезбедно. Но откако се случува лошата ноќ и ја одведуваат мајка ѝ која ја напаѓа полицијата со бејзбол палка, социјалните служби ја праќаат Светулка да живее со тетка ѝ Гејл. Речиси и не ја познава Гејл, но дознава дека има продавница за костими. Да, Светулка можеби страда од ПТСН, но би можела да се навикне на капење во када, повторно спиење на кревет и носење што е можно повеќе костими на училиште. Но каде е „дома“? Што е „семејство“? Кога сме кај тоа, која е Светулка… и кој костим е вистинскиот? Филипа Даудинг е наградувана авторка на книги за деца, поетеса, музичарка и копирајтерка од Торонто. Има завршено магистерски студии на катедрата за Англиски јазик и книжевност при Универзитетот во Торонто, а исто така е и успешна гитаристка и композиторка со повеќе снимени композиции.",Романи и раскази за млади,"Филипа Даудинг, Елена Стојкова (илустрации)",Чудна Шума,2022.0,176.0,400 Денари,literatura
